customer_id,name,city,state,country,registration_date,is_active
CUST-000001,Daniel Virtanen,London,England,United Kingdom,2025-07-15,true
CUST-000002,Omar Lopez,Sydney,New South Wales,Australia,2023-10-18,true
CUST-000003,Mateo Andersson,Sydney,New South Wales,Australia,2022-10-24,true
CUST-000004,Zara Rossi,Rome,Lazio,Italy,2026-05-29,true
CUST-000005,Samuel Johnson,Lisbon,Lisbon,Portugal,2021-10-18,true
CUST-000006,Daniel Taylor,Dublin,Leinster,Ireland,2023-05-06,true
CUST-000007,Benjamin Korhonen,Milan,Lombardy,Italy,2024-10-26,true
CUST-000008,Mateo Schmidt,Berlin,Berlin,Germany,2023-11-04,true
CUST-000009,Emma Clark,Vancouver,British Columbia,Canada,2023-05-06,true
CUST-000010,Maya Wilson,Barcelona,Catalonia,Spain,2026-03-25,true
CUST-000011,Omar Petrov,Brussels,Brussels-Capital,Belgium,2026-04-25,true
CUST-000012,Grace Brown,London,England,United Kingdom,2020-01-26,false
CUST-000013,Henry Andersson,Vancouver,British Columbia,Canada,2022-11-21,true
CUST-000014,Samuel Wilson,Milan,Lombardy,Italy,2023-02-13,true
CUST-000015,Henry Williams,Amsterdam,North Holland,Netherlands,2023-05-20,true
CUST-000016,Eva Brown,Amsterdam,North Holland,Netherlands,2023-05-06,false
CUST-000017,Arthur Clark,Gothenburg,Vastra Gotaland,Sweden,2023-07-02,true
CUST-000018,Fatima Taylor,Rome,Lazio,Italy,2023-12-31,true
CUST-000019,Chloe Taylor,Brussels,Brussels-Capital,Belgium,2025-11-05,true
CUST-000020,Grace Clark,Tokyo,Tokyo,Japan,2020-12-29,true
CUST-000021,Henry Smith,Milan,Lombardy,Italy,2024-08-07,true
CUST-000022,Maya Taylor,Vienna,Vienna,Austria,2021-04-21,true
CUST-000023,Zara Dubois,Barcelona,Catalonia,Spain,2022-08-15,true
CUST-000024,Chloe Brown,Vancouver,British Columbia,Canada,2021-11-05,true
CUST-000025,Maya Ali,Toronto,Ontario,Canada,2021-02-07,true
CUST-000026,Jonas Moore,Lisbon,Lisbon,Portugal,2021-02-04,true
CUST-000027,Noah Virtanen,Prague,Prague,Czechia,2021-08-29,true
CUST-000028,Chloe Andersson,Madrid,Community of Madrid,Spain,2020-10-28,true
CUST-000029,Omar Khan,Vienna,Vienna,Austria,2025-06-01,true
CUST-000030,Isla Taylor,Berlin,Berlin,Germany,2022-12-08,true
CUST-000031,David Brown,Munich,Bavaria,Germany,2024-09-20,true
CUST-000032,Zara Virtanen,Amsterdam,North Holland,Netherlands,2021-02-10,true
CUST-000033,Yusuf Ali,Stockholm,Stockholm County,Sweden,2023-06-28,true
CUST-000034,Zara Berg,Lisbon,Lisbon,Portugal,2024-08-15,true
CUST-000035,Ada Berg,Vancouver,British Columbia,Canada,2025-12-25,false
CUST-000036,Jonas Davis,Milan,Lombardy,Italy,2023-09-27,true
CUST-000037,Lina Berg,Amsterdam,North Holland,Netherlands,2024-11-29,true
CUST-000038,Isla Schmidt,Amsterdam,North Holland,Netherlands,2022-08-04,true
CUST-000039,Amina Johnson,Tokyo,Tokyo,Japan,2025-01-14,true
CUST-000040,Emma Williams,Helsinki,Uusimaa,Finland,2023-03-11,true
CUST-000041,Noah Ali,Paris,Ile-de-France,France,2021-05-19,false
CUST-000042,Samuel Garcia,Tokyo,Tokyo,Japan,2020-09-05,true
CUST-000043,Zara Silva,Vienna,Vienna,Austria,2026-05-09,true
CUST-000044,Isla Taylor,Turku,Southwest Finland,Finland,2022-06-14,true
CUST-000045,Lucas Wilson,Dublin,Leinster,Ireland,2023-07-12,true
CUST-000046,Yusuf Ahmed,Dublin,Leinster,Ireland,2021-05-30,true
CUST-000047,Zara Davis,Amsterdam,North Holland,Netherlands,2025-09-28,true
CUST-000048,Samuel Moore,Stockholm,Stockholm County,Sweden,2022-06-29,true
CUST-000049,Mila Taylor,Stockholm,Stockholm County,Sweden,2020-07-29,true
CUST-000050,Zara Ahmed,Copenhagen,Capital Region,Denmark,2022-07-02,false
CUST-000051,Grace Smith,Austin,Texas,United States,2026-02-28,true
CUST-000052,Ada Nielsen,Brussels,Brussels-Capital,Belgium,2023-02-01,true
CUST-000053,Ada Davis,Toronto,Ontario,Canada,2022-09-16,true
CUST-000054,Grace Virtanen,Helsinki,Uusimaa,Finland,2022-10-31,true
CUST-000055,Arthur Wilson,Stockholm,Stockholm County,Sweden,2026-06-20,true
CUST-000056,Elias Nielsen,Madrid,Community of Madrid,Spain,2026-09-02,true
CUST-000057,Noah Garcia,Tokyo,Tokyo,Japan,2020-08-16,false
CUST-000058,Noah Berg,London,England,United Kingdom,2023-10-24,false
CUST-000059,Chloe Brown,Oslo,Oslo,Norway,2022-03-13,true
CUST-000060,Sofia Ahmed,Sydney,New South Wales,Australia,2025-05-04,true
CUST-000061,Henry Santos,Copenhagen,Capital Region,Denmark,2025-07-10,true
CUST-000062,Mateo Davis,Oslo,Oslo,Norway,2020-05-24,true
CUST-000063,Noah Wilson,Stockholm,Stockholm County,Sweden,2025-06-10,true
CUST-000064,Daniel Ali,Prague,Prague,Czechia,2026-03-02,true
CUST-000065,Benjamin Davis,Vienna,Vienna,Austria,2020-08-20,true
CUST-000066,Mateo Novak,Dublin,Leinster,Ireland,2024-06-01,true
CUST-000067,Yusuf Taylor,Austin,Texas,United States,2025-12-24,true
CUST-000068,Arthur Williams,Rome,Lazio,Italy,2024-10-18,true
CUST-000069,Maya Moore,Toronto,Ontario,Canada,2024-04-15,true
CUST-000070,Fatima Smith,Vancouver,British Columbia,Canada,2024-05-13,false
CUST-000071,Nora Andersson,London,England,United Kingdom,2024-05-02,true
CUST-000072,Arthur Rossi,Toronto,Ontario,Canada,2025-12-10,true
CUST-000073,Ada Clark,Vancouver,British Columbia,Canada,2025-06-25,true
CUST-000074,Leo Petrov,Amsterdam,North Holland,Netherlands,2021-02-12,true
CUST-000075,Mila Dubois,Brussels,Brussels-Capital,Belgium,2022-02-07,true
CUST-000076,Chloe Lopez,Vienna,Vienna,Austria,2024-01-07,true
CUST-000077,Leila Lopez,Milan,Lombardy,Italy,2022-01-11,true
CUST-000078,Ada Berg,London,England,United Kingdom,2020-04-26,true
CUST-000079,Jonas Santos,Oslo,Oslo,Norway,2023-07-16,true
CUST-000080,Omar Clark,New York,New York,United States,2025-11-20,false
CUST-000081,Yusuf Ali,Milan,Lombardy,Italy,2025-09-29,true
CUST-000082,Noah Williams,Paris,Ile-de-France,France,2024-02-19,true
CUST-000083,Zara Brown,Lyon,Auvergne-Rhone-Alpes,France,2023-10-19,true
CUST-000084,Arthur Rossi,Manchester,England,United Kingdom,2025-08-21,false
CUST-000085,Leila Ahmed,Milan,Lombardy,Italy,2020-12-23,true
CUST-000086,Noah Wilson,Toronto,Ontario,Canada,2026-08-24,true
CUST-000087,Jonas Khan,Lyon,Auvergne-Rhone-Alpes,France,2021-03-07,false
CUST-000088,Grace Novak,Prague,Prague,Czechia,2023-04-25,true
CUST-000089,Lina Silva,Barcelona,Catalonia,Spain,2024-10-19,false
CUST-000090,Daniel Taylor,Austin,Texas,United States,2025-06-23,true
CUST-000091,Isla Martin,Manchester,England,United Kingdom,2025-06-04,true
CUST-000092,Henry Brown,Amsterdam,North Holland,Netherlands,2020-12-04,true
CUST-000093,Sofia Moore,Munich,Bavaria,Germany,2024-10-21,true
CUST-000094,Maya Ibrahim,Berlin,Berlin,Germany,2023-12-06,true
CUST-000095,Samuel Garcia,Manchester,England,United Kingdom,2022-08-01,true
CUST-000096,Omar Johnson,New York,New York,United States,2024-04-04,true
CUST-000097,Ada Ali,Brussels,Brussels-Capital,Belgium,2026-04-02,true
CUST-000098,Nora Ahmed,Vancouver,British Columbia,Canada,2026-03-16,true
CUST-000099,Jonas Schmidt,Warsaw,Masovian,Poland,2025-06-28,false
CUST-000100,Yusuf Wilson,Tampere,Pirkanmaa,Finland,2020-06-20,true
CUST-000101,Lucas Taylor,London,England,United Kingdom,2021-04-12,true
CUST-000102,Yusuf Williams,Copenhagen,Capital Region,Denmark,2023-04-23,true
CUST-000103,Noah Moore,Gothenburg,Vastra Gotaland,Sweden,2020-01-30,true
CUST-000104,Lucas Brown,Prague,Prague,Czechia,2023-06-17,true
CUST-000105,Arthur Dubois,Milan,Lombardy,Italy,2021-10-15,true
CUST-000106,Daniel Lopez,Vancouver,British Columbia,Canada,2022-05-10,true
CUST-000107,Amina Andersson,Barcelona,Catalonia,Spain,2020-01-15,true
CUST-000108,David Novak,Oslo,Oslo,Norway,2020-02-27,false
CUST-000109,Oliver Khan,Amsterdam,North Holland,Netherlands,2025-06-03,true
CUST-000110,Leo Andersson,Lyon,Auvergne-Rhone-Alpes,France,2020-01-14,false
CUST-000111,Elias Smith,Paris,Ile-de-France,France,2023-05-09,false
CUST-000112,Isla Ali,Barcelona,Catalonia,Spain,2026-06-24,true
CUST-000113,Noah Silva,Austin,Texas,United States,2026-03-22,true
CUST-000114,Lina Khan,Prague,Prague,Czechia,2023-01-01,true
CUST-000115,Henry Martin,Milan,Lombardy,Italy,2026-07-03,true
CUST-000116,Nora Ahmed,Manchester,England,United Kingdom,2022-09-16,true
CUST-000117,Leo Novak,Barcelona,Catalonia,Spain,2022-11-26,true
CUST-000118,Benjamin Muller,Rome,Lazio,Italy,2025-12-22,true
CUST-000119,Oliver Lopez,Tokyo,Tokyo,Japan,2020-01-17,true
CUST-000120,Leo Davis,Turku,Southwest Finland,Finland,2020-07-04,true
CUST-000121,Amina Virtanen,Manchester,England,United Kingdom,2026-01-30,true
CUST-000122,Grace Johnson,Prague,Prague,Czechia,2020-04-27,false
CUST-000123,Lucas Lopez,Milan,Lombardy,Italy,2024-07-04,true
CUST-000124,Emma Jensen,Munich,Bavaria,Germany,2021-03-10,true
CUST-000125,Leo Garcia,Berlin,Berlin,Germany,2020-09-24,true
CUST-000126,Mateo Dubois,Dublin,Leinster,Ireland,2020-08-22,true
CUST-000127,David Petrov,Brussels,Brussels-Capital,Belgium,2020-04-10,true
CUST-000128,Mila Brown,London,England,United Kingdom,2020-09-16,true
CUST-000129,Leo Novak,Turku,Southwest Finland,Finland,2022-03-04,true
CUST-000130,Nora Jensen,Prague,Prague,Czechia,2025-03-10,true
CUST-000131,Nora Jensen,Rome,Lazio,Italy,2020-08-15,false
CUST-000132,Mateo Schmidt,Tampere,Pirkanmaa,Finland,2024-09-06,true
CUST-000133,Emma Williams,Warsaw,Masovian,Poland,2024-11-13,true
CUST-000134,Eva Silva,Amsterdam,North Holland,Netherlands,2021-04-03,true
CUST-000135,Lucas Moore,Toronto,Ontario,Canada,2024-10-12,true
CUST-000136,Grace Dubois,Vancouver,British Columbia,Canada,2025-02-24,true
CUST-000137,Zara Johnson,Helsinki,Uusimaa,Finland,2025-10-06,false
CUST-000138,Elias Novak,Copenhagen,Capital Region,Denmark,2021-05-23,true
CUST-000139,Omar Davis,Vancouver,British Columbia,Canada,2023-05-22,true
CUST-000140,Nora Garcia,Toronto,Ontario,Canada,2025-12-25,true
CUST-000141,Nora Ahmed,Brussels,Brussels-Capital,Belgium,2024-12-18,true
CUST-000142,Noah Wilson,Helsinki,Uusimaa,Finland,2024-08-16,true
CUST-000143,Ada Jensen,Brussels,Brussels-Capital,Belgium,2023-07-13,true
CUST-000144,Oliver Rossi,Tokyo,Tokyo,Japan,2025-04-02,true
CUST-000145,Jonas Muller,Sydney,New South Wales,Australia,2021-11-01,true
CUST-000146,Leo Novak,London,England,United Kingdom,2025-06-01,true
CUST-000147,Yusuf Silva,Prague,Prague,Czechia,2022-02-03,true
CUST-000148,Daniel Martin,Rome,Lazio,Italy,2024-09-29,true
CUST-000149,Elias Korhonen,Manchester,England,United Kingdom,2026-04-01,true
CUST-000150,Eva Nielsen,Munich,Bavaria,Germany,2021-04-02,false
CUST-000151,Mateo Khan,Turku,Southwest Finland,Finland,2024-10-06,true
CUST-000152,Leo Nielsen,Manchester,England,United Kingdom,2025-01-01,true
CUST-000153,Omar Johnson,Austin,Texas,United States,2026-03-16,true
CUST-000154,Arthur Brown,Paris,Ile-de-France,France,2024-10-21,false
CUST-000155,Grace Taylor,Gothenburg,Vastra Gotaland,Sweden,2022-09-24,true
CUST-000156,Henry Khan,Lisbon,Lisbon,Portugal,2026-01-19,true
CUST-000157,Ada Garcia,Madrid,Community of Madrid,Spain,2021-09-25,true
CUST-000158,Oliver Clark,Barcelona,Catalonia,Spain,2021-07-10,true
CUST-000159,Maya Dubois,Brussels,Brussels-Capital,Belgium,2021-01-30,true
CUST-000160,Amina Davis,Tampere,Pirkanmaa,Finland,2022-03-09,true
CUST-000161,Amina Dubois,Helsinki,Uusimaa,Finland,2022-11-22,true
CUST-000162,Grace Muller,London,England,United Kingdom,2022-02-06,false
CUST-000163,Mateo Andersson,Lyon,Auvergne-Rhone-Alpes,France,2020-12-13,true
CUST-000164,Fatima Martin,Lisbon,Lisbon,Portugal,2021-01-07,false
CUST-000165,Arthur Schmidt,Tampere,Pirkanmaa,Finland,2024-12-07,true
CUST-000166,Arthur Korhonen,Lyon,Auvergne-Rhone-Alpes,France,2020-07-27,true
CUST-000167,Leo Jensen,Lisbon,Lisbon,Portugal,2026-01-03,true
CUST-000168,Samuel Muller,Lyon,Auvergne-Rhone-Alpes,France,2025-02-01,true
CUST-000169,Benjamin Muller,Gothenburg,Vastra Gotaland,Sweden,2022-01-31,true
CUST-000170,Nora Rossi,Barcelona,Catalonia,Spain,2024-02-05,true
CUST-000171,Grace Silva,Prague,Prague,Czechia,2025-06-21,true
CUST-000172,Samuel Brown,Stockholm,Stockholm County,Sweden,2022-11-26,true
CUST-000173,Daniel Ahmed,Manchester,England,United Kingdom,2022-11-18,true
CUST-000174,Henry Virtanen,Lisbon,Lisbon,Portugal,2021-12-19,true
CUST-000175,Lina Khan,Paris,Ile-de-France,France,2020-11-03,true
CUST-000176,Benjamin Taylor,Turku,Southwest Finland,Finland,2024-07-21,true
CUST-000177,Isla Williams,Stockholm,Stockholm County,Sweden,2025-01-18,true
CUST-000178,Ada Dubois,Barcelona,Catalonia,Spain,2023-03-11,false
CUST-000179,Leila Jensen,Berlin,Berlin,Germany,2025-03-12,true
CUST-000180,Grace Garcia,New York,New York,United States,2025-03-05,true
CUST-000181,Ada Williams,Vienna,Vienna,Austria,2023-01-14,true
CUST-000182,Daniel Williams,Stockholm,Stockholm County,Sweden,2020-02-09,true
CUST-000183,Henry Wilson,Tampere,Pirkanmaa,Finland,2025-06-19,true
CUST-000184,Grace Wilson,Oslo,Oslo,Norway,2021-07-15,true
CUST-000185,Leo Nielsen,New York,New York,United States,2022-11-05,true
CUST-000186,Daniel Lopez,Warsaw,Masovian,Poland,2024-03-13,true
CUST-000187,Eva Novak,Barcelona,Catalonia,Spain,2020-02-22,true
CUST-000188,Isla Korhonen,Stockholm,Stockholm County,Sweden,2021-10-11,false
CUST-000189,Benjamin Virtanen,Dublin,Leinster,Ireland,2020-06-26,true
CUST-000190,Yusuf Berg,New York,New York,United States,2021-05-26,true
CUST-000191,Noah Johnson,Lisbon,Lisbon,Portugal,2026-01-05,false
CUST-000192,Lina Moore,Manchester,England,United Kingdom,2023-05-14,true
CUST-000193,Nora Williams,Lyon,Auvergne-Rhone-Alpes,France,2022-02-21,true
CUST-000194,Isla Davis,Lyon,Auvergne-Rhone-Alpes,France,2023-03-15,true
CUST-000195,Noah Jensen,Manchester,England,United Kingdom,2022-10-16,true
CUST-000196,Noah Smith,Munich,Bavaria,Germany,2022-10-13,true
CUST-000197,Lucas Wilson,Milan,Lombardy,Italy,2025-08-27,true
CUST-000198,Ada Korhonen,Manchester,England,United Kingdom,2024-02-19,true
CUST-000199,David Santos,Prague,Prague,Czechia,2026-06-16,true
CUST-000200,Daniel Moore,Barcelona,Catalonia,Spain,2022-01-16,true
CUST-000201,Mila Wilson,Dublin,Leinster,Ireland,2024-09-29,true
CUST-000202,Samuel Berg,Copenhagen,Capital Region,Denmark,2025-03-06,true
CUST-000203,Mateo Rossi,Copenhagen,Capital Region,Denmark,2023-01-19,true
CUST-000204,Omar Nielsen,Tokyo,Tokyo,Japan,2025-05-26,true
CUST-000205,Noah Muller,Tokyo,Tokyo,Japan,2025-09-02,true
CUST-000206,Ada Smith,Rome,Lazio,Italy,2023-11-04,true
CUST-000207,Elias Khan,Munich,Bavaria,Germany,2023-11-09,true
CUST-000208,Lucas Taylor,Warsaw,Masovian,Poland,2021-05-26,true
CUST-000209,Eva Johnson,Gothenburg,Vastra Gotaland,Sweden,2020-11-18,true
CUST-000210,Emma Nielsen,Paris,Ile-de-France,France,2020-05-03,true
CUST-000211,Jonas Clark,Dublin,Leinster,Ireland,2023-11-01,true
CUST-000212,Ada Ibrahim,Milan,Lombardy,Italy,2020-06-18,true
CUST-000213,Grace Nielsen,Rome,Lazio,Italy,2026-04-05,true
CUST-000214,Samuel Johnson,Berlin,Berlin,Germany,2024-01-07,true
CUST-000215,Fatima Dubois,Dublin,Leinster,Ireland,2020-09-22,true
CUST-000216,Oliver Korhonen,Berlin,Berlin,Germany,2026-03-31,true
CUST-000217,Grace Andersson,Copenhagen,Capital Region,Denmark,2022-12-15,true
CUST-000218,Leila Clark,Madrid,Community of Madrid,Spain,2025-12-25,true
CUST-000219,David Moore,Munich,Bavaria,Germany,2020-03-28,true
CUST-000220,Isla Berg,Toronto,Ontario,Canada,2021-01-09,true
CUST-000221,Fatima Ibrahim,Barcelona,Catalonia,Spain,2020-08-13,true
CUST-000222,Lina Rossi,Amsterdam,North Holland,Netherlands,2025-08-18,false
CUST-000223,Mila Petrov,Rome,Lazio,Italy,2021-02-21,true
CUST-000224,Samuel Ahmed,Tampere,Pirkanmaa,Finland,2020-04-09,true
CUST-000225,Chloe Dubois,Lyon,Auvergne-Rhone-Alpes,France,2026-04-12,true
CUST-000226,Maya Johnson,Copenhagen,Capital Region,Denmark,2020-03-31,false
CUST-000227,Elias Jensen,Sydney,New South Wales,Australia,2022-07-26,true
CUST-000228,Ada Lopez,Lisbon,Lisbon,Portugal,2026-04-12,true
CUST-000229,Eva Santos,New York,New York,United States,2025-06-21,true
CUST-000230,Mateo Khan,Toronto,Ontario,Canada,2022-01-01,true
CUST-000231,Omar Moore,Brussels,Brussels-Capital,Belgium,2023-12-03,true
CUST-000232,Arthur Wilson,Oslo,Oslo,Norway,2026-02-25,true
CUST-000233,Oliver Jensen,Stockholm,Stockholm County,Sweden,2023-08-26,true
CUST-000234,Lina Moore,Lisbon,Lisbon,Portugal,2021-07-12,true
CUST-000235,Fatima Clark,Oslo,Oslo,Norway,2023-01-05,true
CUST-000236,Daniel Silva,Berlin,Berlin,Germany,2020-12-08,true
CUST-000237,Elias Petrov,Oslo,Oslo,Norway,2024-01-29,true
CUST-000238,Elias Lopez,Prague,Prague,Czechia,2025-11-07,true
CUST-000239,Chloe Lopez,Helsinki,Uusimaa,Finland,2026-03-22,true
CUST-000240,Ada Wilson,Lisbon,Lisbon,Portugal,2020-11-05,false
CUST-000241,Sofia Wilson,Berlin,Berlin,Germany,2020-05-01,true
CUST-000242,Chloe Ahmed,Berlin,Berlin,Germany,2026-05-30,true
CUST-000243,David Williams,Lyon,Auvergne-Rhone-Alpes,France,2026-03-05,true
CUST-000244,Lina Davis,London,England,United Kingdom,2023-06-13,true
CUST-000245,Sofia Petrov,Amsterdam,North Holland,Netherlands,2023-02-21,true
CUST-000246,Henry Brown,Lyon,Auvergne-Rhone-Alpes,France,2021-08-15,true
CUST-000247,Mateo Khan,Toronto,Ontario,Canada,2024-04-01,true
CUST-000248,Mateo Dubois,Tampere,Pirkanmaa,Finland,2026-08-01,true
CUST-000249,Arthur Jensen,Sydney,New South Wales,Australia,2022-09-28,false
CUST-000250,Ada Garcia,Austin,Texas,United States,2026-06-25,true
CUST-000251,Amina Garcia,Tokyo,Tokyo,Japan,2023-04-10,true
CUST-000252,Lina Brown,Vancouver,British Columbia,Canada,2022-10-14,false
CUST-000253,Elias Schmidt,Oslo,Oslo,Norway,2023-05-11,false
CUST-000254,Elias Ahmed,Milan,Lombardy,Italy,2023-05-29,true
CUST-000255,Eva Santos,London,England,United Kingdom,2024-05-18,true
CUST-000256,Benjamin Berg,Lisbon,Lisbon,Portugal,2023-08-27,true
CUST-000257,Arthur Ibrahim,Prague,Prague,Czechia,2020-11-22,true
CUST-000258,Jonas Taylor,Prague,Prague,Czechia,2023-11-18,true
CUST-000259,Mateo Virtanen,Berlin,Berlin,Germany,2023-06-28,false
CUST-000260,Isla Novak,Prague,Prague,Czechia,2024-02-29,true
CUST-000261,Arthur Martin,Munich,Bavaria,Germany,2023-10-05,true
CUST-000262,Henry Wilson,Manchester,England,United Kingdom,2024-10-09,false
CUST-000263,Noah Berg,New York,New York,United States,2024-08-23,false
CUST-000264,Oliver Korhonen,Vancouver,British Columbia,Canada,2025-07-19,false
CUST-000265,Yusuf Muller,Munich,Bavaria,Germany,2024-08-26,true
CUST-000266,Ada Petrov,Amsterdam,North Holland,Netherlands,2025-08-05,true
CUST-000267,Amina Novak,Turku,Southwest Finland,Finland,2022-04-29,true
CUST-000268,Jonas Dubois,Amsterdam,North Holland,Netherlands,2023-05-16,true
CUST-000269,Noah Smith,Toronto,Ontario,Canada,2026-06-24,true
CUST-000270,Leo Ibrahim,Copenhagen,Capital Region,Denmark,2020-10-14,true
CUST-000271,Zara Virtanen,Lisbon,Lisbon,Portugal,2020-01-06,false
CUST-000272,Eva Moore,Austin,Texas,United States,2022-08-18,true
CUST-000273,Maya Lopez,Stockholm,Stockholm County,Sweden,2020-04-23,true
CUST-000274,Omar Clark,Toronto,Ontario,Canada,2023-02-05,true
CUST-000275,Lucas Schmidt,Turku,Southwest Finland,Finland,2020-06-14,true
CUST-000276,Nora Schmidt,Turku,Southwest Finland,Finland,2023-04-14,true
CUST-000277,Amina Novak,Madrid,Community of Madrid,Spain,2021-11-15,true
CUST-000278,Emma Davis,London,England,United Kingdom,2022-02-12,true
CUST-000279,Omar Ahmed,Copenhagen,Capital Region,Denmark,2024-10-20,true
CUST-000280,Arthur Muller,Amsterdam,North Holland,Netherlands,2021-05-12,true
CUST-000281,Isla Garcia,Vancouver,British Columbia,Canada,2021-01-10,true
CUST-000282,Isla Silva,New York,New York,United States,2024-03-17,true
CUST-000283,Grace Martin,Rome,Lazio,Italy,2026-04-10,true
CUST-000284,David Rossi,Sydney,New South Wales,Australia,2025-09-24,true
CUST-000285,Arthur Korhonen,Toronto,Ontario,Canada,2020-11-10,true
CUST-000286,Henry Silva,Manchester,England,United Kingdom,2021-02-18,true
CUST-000287,Emma Andersson,Helsinki,Uusimaa,Finland,2025-05-08,true
CUST-000288,Benjamin Johnson,New York,New York,United States,2025-07-26,true
CUST-000289,Elias Berg,Amsterdam,North Holland,Netherlands,2024-03-27,true
CUST-000290,Mateo Ahmed,Vienna,Vienna,Austria,2023-07-27,true
CUST-000291,Lina Berg,Brussels,Brussels-Capital,Belgium,2022-03-09,false
CUST-000292,Amina Virtanen,Warsaw,Masovian,Poland,2025-06-17,true
CUST-000293,Omar Johnson,Helsinki,Uusimaa,Finland,2020-11-03,true
CUST-000294,Emma Novak,Sydney,New South Wales,Australia,2023-07-17,true
CUST-000295,Omar Taylor,Stockholm,Stockholm County,Sweden,2023-04-16,true
CUST-000296,Leo Jensen,Warsaw,Masovian,Poland,2026-05-27,true
CUST-000297,Samuel Rossi,Prague,Prague,Czechia,2022-11-14,true
CUST-000298,Henry Korhonen,Milan,Lombardy,Italy,2025-04-19,true
CUST-000299,Emma Nielsen,Austin,Texas,United States,2021-05-28,true
CUST-000300,Lucas Clark,Berlin,Berlin,Germany,2026-03-19,true
CUST-000301,Elias Davis,Oslo,Oslo,Norway,2025-06-30,true
CUST-000302,Benjamin Nielsen,Sydney,New South Wales,Australia,2025-04-30,true
CUST-000303,Chloe Novak,Gothenburg,Vastra Gotaland,Sweden,2022-06-19,true
CUST-000304,Elias Moore,Copenhagen,Capital Region,Denmark,2021-02-26,true
CUST-000305,Leila Moore,Vancouver,British Columbia,Canada,2023-09-05,true
CUST-000306,Nora Petrov,Vancouver,British Columbia,Canada,2024-04-28,true
CUST-000307,Elias Dubois,Rome,Lazio,Italy,2021-09-16,true
CUST-000308,Nora Johnson,New York,New York,United States,2025-07-06,true
CUST-000309,Daniel Davis,Munich,Bavaria,Germany,2024-11-30,true
CUST-000310,Chloe Novak,Austin,Texas,United States,2021-11-11,true
CUST-000311,Mateo Silva,Lyon,Auvergne-Rhone-Alpes,France,2026-04-14,false
CUST-000312,Lucas Khan,Berlin,Berlin,Germany,2020-10-12,true
CUST-000313,Yusuf Jensen,Toronto,Ontario,Canada,2025-11-28,false
CUST-000314,Jonas Williams,Toronto,Ontario,Canada,2026-07-19,false
CUST-000315,Yusuf Petrov,Manchester,England,United Kingdom,2023-01-10,true
CUST-000316,Leila Santos,Manchester,England,United Kingdom,2021-07-21,true
CUST-000317,Yusuf Nielsen,Turku,Southwest Finland,Finland,2022-11-29,true
CUST-000318,Mateo Brown,Vienna,Vienna,Austria,2022-05-25,true
CUST-000319,Emma Nielsen,Helsinki,Uusimaa,Finland,2025-06-23,false
CUST-000320,Henry Ibrahim,Oslo,Oslo,Norway,2026-02-12,true
CUST-000321,Noah Taylor,Dublin,Leinster,Ireland,2020-06-09,true
CUST-000322,David Santos,Paris,Ile-de-France,France,2020-12-23,true
CUST-000323,Oliver Martin,Helsinki,Uusimaa,Finland,2022-01-26,true
CUST-000324,Maya Brown,Turku,Southwest Finland,Finland,2022-03-15,true
CUST-000325,Henry Taylor,Toronto,Ontario,Canada,2024-08-23,true
CUST-000326,Sofia Andersson,Austin,Texas,United States,2023-04-12,true
CUST-000327,Zara Taylor,Munich,Bavaria,Germany,2022-12-22,true
CUST-000328,Elias Ibrahim,Vancouver,British Columbia,Canada,2026-03-25,true
CUST-000329,Benjamin Taylor,Vancouver,British Columbia,Canada,2022-09-12,false
CUST-000330,Benjamin Moore,Dublin,Leinster,Ireland,2024-02-10,true
CUST-000331,Eva Ahmed,Turku,Southwest Finland,Finland,2024-02-11,true
CUST-000332,Lina Rossi,Manchester,England,United Kingdom,2022-08-31,true
CUST-000333,Omar Santos,London,England,United Kingdom,2024-09-14,true
CUST-000334,Daniel Novak,Lisbon,Lisbon,Portugal,2026-08-20,true
CUST-000335,Noah Novak,Munich,Bavaria,Germany,2022-07-10,true
CUST-000336,Daniel Williams,Dublin,Leinster,Ireland,2025-07-21,true
CUST-000337,Eva Korhonen,Gothenburg,Vastra Gotaland,Sweden,2025-11-20,true
CUST-000338,Amina Petrov,Oslo,Oslo,Norway,2022-11-05,true
CUST-000339,Leo Clark,London,England,United Kingdom,2025-01-26,true
CUST-000340,Chloe Jensen,Vancouver,British Columbia,Canada,2025-05-03,true
CUST-000341,Grace Khan,Helsinki,Uusimaa,Finland,2022-04-23,false
CUST-000342,Lucas Moore,Barcelona,Catalonia,Spain,2024-06-03,true
CUST-000343,Yusuf Silva,Paris,Ile-de-France,France,2021-01-04,true
CUST-000344,David Ali,Stockholm,Stockholm County,Sweden,2026-05-16,true
CUST-000345,Eva Wilson,Lisbon,Lisbon,Portugal,2021-05-23,true
CUST-000346,Chloe Khan,Berlin,Berlin,Germany,2023-01-14,true
CUST-000347,Oliver Petrov,Brussels,Brussels-Capital,Belgium,2024-02-14,true
CUST-000348,Mila Schmidt,Dublin,Leinster,Ireland,2021-08-28,false
CUST-000349,Maya Jensen,London,England,United Kingdom,2023-07-17,true
CUST-000350,Elias Moore,Turku,Southwest Finland,Finland,2021-04-15,true
CUST-000351,Mila Schmidt,Toronto,Ontario,Canada,2024-08-10,true
CUST-000352,Ada Moore,Barcelona,Catalonia,Spain,2020-01-30,true
CUST-000353,Yusuf Wilson,Austin,Texas,United States,2026-04-17,true
CUST-000354,Ada Williams,Dublin,Leinster,Ireland,2023-04-24,true
CUST-000355,Mateo Garcia,Barcelona,Catalonia,Spain,2026-09-01,false
CUST-000356,Elias Silva,Lisbon,Lisbon,Portugal,2022-10-17,true
CUST-000357,David Brown,Lyon,Auvergne-Rhone-Alpes,France,2024-01-05,true
CUST-000358,Emma Schmidt,Vancouver,British Columbia,Canada,2022-10-18,true
CUST-000359,Omar Petrov,Lyon,Auvergne-Rhone-Alpes,France,2021-11-27,true
CUST-000360,Leila Martin,Dublin,Leinster,Ireland,2020-07-27,true
CUST-000361,Leila Williams,London,England,United Kingdom,2024-06-20,false
CUST-000362,Henry Smith,Amsterdam,North Holland,Netherlands,2021-01-05,false
CUST-000363,Ada Khan,Sydney,New South Wales,Australia,2024-05-22,false
CUST-000364,Daniel Davis,Tokyo,Tokyo,Japan,2025-08-23,false
CUST-000365,Mateo Khan,Tokyo,Tokyo,Japan,2025-04-15,true
CUST-000366,Elias Ali,Helsinki,Uusimaa,Finland,2022-05-24,true
CUST-000367,Eva Williams,Lisbon,Lisbon,Portugal,2020-12-05,true
CUST-000368,Daniel Nielsen,Tampere,Pirkanmaa,Finland,2026-04-08,true
CUST-000369,Yusuf Brown,Sydney,New South Wales,Australia,2021-08-29,true
CUST-000370,Zara Ahmed,Warsaw,Masovian,Poland,2023-08-13,true
CUST-000371,Omar Petrov,Amsterdam,North Holland,Netherlands,2025-10-04,true
CUST-000372,Daniel Novak,Helsinki,Uusimaa,Finland,2020-12-29,true
CUST-000373,David Dubois,Berlin,Berlin,Germany,2025-01-22,false
CUST-000374,Omar Berg,Amsterdam,North Holland,Netherlands,2020-07-09,false
CUST-000375,Fatima Petrov,Rome,Lazio,Italy,2023-02-07,false
CUST-000376,Grace Smith,Dublin,Leinster,Ireland,2024-05-01,true
CUST-000377,Grace Brown,Toronto,Ontario,Canada,2020-10-18,true
CUST-000378,Benjamin Ahmed,Vienna,Vienna,Austria,2025-06-12,true
CUST-000379,Lina Petrov,Munich,Bavaria,Germany,2023-07-22,true
CUST-000380,Fatima Taylor,Rome,Lazio,Italy,2023-10-12,true
CUST-000381,Sofia Petrov,Warsaw,Masovian,Poland,2021-01-21,true
CUST-000382,Omar Korhonen,Prague,Prague,Czechia,2022-06-10,true
CUST-000383,Fatima Virtanen,New York,New York,United States,2021-01-14,false
CUST-000384,Nora Ahmed,London,England,United Kingdom,2023-08-15,true
CUST-000385,Amina Davis,Brussels,Brussels-Capital,Belgium,2024-06-19,true
CUST-000386,Mila Petrov,Sydney,New South Wales,Australia,2023-04-06,true
CUST-000387,Emma Brown,Toronto,Ontario,Canada,2026-03-30,true
CUST-000388,Amina Nielsen,London,England,United Kingdom,2025-04-23,true
CUST-000389,Omar Smith,Lisbon,Lisbon,Portugal,2022-01-28,true
CUST-000390,Mateo Novak,Berlin,Berlin,Germany,2021-06-06,true
CUST-000391,Isla Martin,Amsterdam,North Holland,Netherlands,2020-01-27,true
CUST-000392,Lucas Clark,Munich,Bavaria,Germany,2023-01-01,true
CUST-000393,Zara Moore,Milan,Lombardy,Italy,2024-06-11,true
CUST-000394,Nora Lopez,Austin,Texas,United States,2023-11-11,true
CUST-000395,Noah Jensen,Gothenburg,Vastra Gotaland,Sweden,2026-04-22,false
CUST-000396,Arthur Lopez,Milan,Lombardy,Italy,2021-01-18,true
CUST-000397,Lucas Virtanen,Warsaw,Masovian,Poland,2026-01-08,true
CUST-000398,Leo Garcia,Amsterdam,North Holland,Netherlands,2020-11-01,false
CUST-000399,Omar Andersson,Warsaw,Masovian,Poland,2023-07-15,true
CUST-000400,Lucas Dubois,Manchester,England,United Kingdom,2021-10-13,true
CUST-000401,Omar Martin,Vienna,Vienna,Austria,2025-01-08,false
CUST-000402,Emma Ibrahim,Rome,Lazio,Italy,2023-10-07,true
CUST-000403,Elias Williams,Tampere,Pirkanmaa,Finland,2025-10-11,true
CUST-000404,Yusuf Virtanen,Tampere,Pirkanmaa,Finland,2020-06-03,false
CUST-000405,Leo Williams,Munich,Bavaria,Germany,2025-02-02,true
CUST-000406,Leo Nielsen,Warsaw,Masovian,Poland,2021-06-12,true
CUST-000407,Lina Andersson,Lisbon,Lisbon,Portugal,2021-09-30,true
CUST-000408,Mateo Silva,New York,New York,United States,2025-07-31,true
CUST-000409,Mateo Taylor,Paris,Ile-de-France,France,2020-01-07,true
CUST-000410,Omar Virtanen,Austin,Texas,United States,2021-01-07,true
CUST-000411,Arthur Rossi,Copenhagen,Capital Region,Denmark,2025-06-13,true
CUST-000412,Mateo Williams,Sydney,New South Wales,Australia,2025-05-06,true
CUST-000413,Chloe Korhonen,Tokyo,Tokyo,Japan,2024-09-22,true
CUST-000414,Amina Virtanen,Sydney,New South Wales,Australia,2020-12-26,false
CUST-000415,Lucas Petrov,Tokyo,Tokyo,Japan,2024-11-04,true
CUST-000416,Mateo Brown,Milan,Lombardy,Italy,2020-11-16,false
CUST-000417,Lucas Nielsen,Manchester,England,United Kingdom,2023-08-12,true
CUST-000418,Sofia Schmidt,Vienna,Vienna,Austria,2025-09-26,false
CUST-000419,Daniel Martin,Toronto,Ontario,Canada,2024-07-09,true
CUST-000420,Leo Silva,Amsterdam,North Holland,Netherlands,2024-03-06,false
CUST-000421,Chloe Taylor,Warsaw,Masovian,Poland,2022-11-29,true
CUST-000422,Zara Santos,Madrid,Community of Madrid,Spain,2025-09-19,false
CUST-000423,Sofia Jensen,Amsterdam,North Holland,Netherlands,2025-11-27,false
CUST-000424,Leo Johnson,Sydney,New South Wales,Australia,2025-02-04,false
CUST-000425,Fatima Santos,Austin,Texas,United States,2021-06-29,true
CUST-000426,Amina Dubois,Madrid,Community of Madrid,Spain,2022-08-30,false
CUST-000427,Oliver Wilson,Tokyo,Tokyo,Japan,2024-01-06,true
CUST-000428,Jonas Santos,Amsterdam,North Holland,Netherlands,2021-03-02,true
CUST-000429,Samuel Williams,London,England,United Kingdom,2023-04-13,true
CUST-000430,Henry Khan,Austin,Texas,United States,2020-09-12,true
CUST-000431,Emma Andersson,Warsaw,Masovian,Poland,2021-04-12,true
CUST-000432,Omar Jensen,Prague,Prague,Czechia,2025-04-15,true
CUST-000433,Nora Lopez,Milan,Lombardy,Italy,2022-07-23,true
CUST-000434,Isla Williams,Tokyo,Tokyo,Japan,2025-12-16,true
CUST-000435,David Silva,Vienna,Vienna,Austria,2020-07-24,false
CUST-000436,Oliver Ahmed,Gothenburg,Vastra Gotaland,Sweden,2021-03-23,false
CUST-000437,Isla Korhonen,Oslo,Oslo,Norway,2021-12-07,true
CUST-000438,Samuel Davis,Brussels,Brussels-Capital,Belgium,2025-08-23,true
CUST-000439,Emma Nielsen,Vienna,Vienna,Austria,2021-04-04,true
CUST-000440,Sofia Virtanen,Oslo,Oslo,Norway,2025-09-16,true
CUST-000441,Yusuf Korhonen,Rome,Lazio,Italy,2024-03-27,true
CUST-000442,Mila Novak,Prague,Prague,Czechia,2025-11-25,true
CUST-000443,Arthur Taylor,Manchester,England,United Kingdom,2024-01-03,true
CUST-000444,Nora Nielsen,Madrid,Community of Madrid,Spain,2023-06-20,true
CUST-000445,Lucas Nielsen,Amsterdam,North Holland,Netherlands,2021-05-18,true
CUST-000446,Arthur Rossi,Vancouver,British Columbia,Canada,2022-08-09,false
CUST-000447,Isla Martin,Munich,Bavaria,Germany,2024-07-04,false
CUST-000448,Amina Wilson,Brussels,Brussels-Capital,Belgium,2024-01-17,true
CUST-000449,Zara Williams,Gothenburg,Vastra Gotaland,Sweden,2024-12-21,true
CUST-000450,David Korhonen,Amsterdam,North Holland,Netherlands,2021-02-20,true
CUST-000451,Lucas Petrov,Munich,Bavaria,Germany,2025-05-04,true
CUST-000452,Lucas Khan,New York,New York,United States,2023-07-12,true
CUST-000453,Samuel Petrov,Turku,Southwest Finland,Finland,2024-11-08,false
CUST-000454,Zara Petrov,Manchester,England,United Kingdom,2022-09-05,true
CUST-000455,Omar Ibrahim,Lyon,Auvergne-Rhone-Alpes,France,2022-11-29,true
CUST-000456,Maya Johnson,Gothenburg,Vastra Gotaland,Sweden,2023-02-12,true
CUST-000457,Benjamin Dubois,Amsterdam,North Holland,Netherlands,2023-10-09,true
CUST-000458,Fatima Khan,Tampere,Pirkanmaa,Finland,2022-12-23,false
CUST-000459,Omar Berg,Lyon,Auvergne-Rhone-Alpes,France,2021-10-17,true
CUST-000460,David Clark,Copenhagen,Capital Region,Denmark,2024-08-18,true
CUST-000461,Mateo Virtanen,Copenhagen,Capital Region,Denmark,2024-05-27,true
CUST-000462,Jonas Brown,Gothenburg,Vastra Gotaland,Sweden,2024-07-30,true
CUST-000463,Lina Khan,Warsaw,Masovian,Poland,2023-07-23,true
CUST-000464,Sofia Smith,Vancouver,British Columbia,Canada,2024-08-16,false
CUST-000465,Leila Nielsen,Warsaw,Masovian,Poland,2020-02-25,true
CUST-000466,Eva Martin,Barcelona,Catalonia,Spain,2025-01-11,true
CUST-000467,Oliver Jensen,New York,New York,United States,2025-09-06,true
CUST-000468,Lucas Virtanen,Brussels,Brussels-Capital,Belgium,2024-01-14,false
CUST-000469,Elias Khan,Lisbon,Lisbon,Portugal,2022-09-28,true
CUST-000470,Fatima Taylor,Munich,Bavaria,Germany,2025-05-28,true
CUST-000471,Zara Davis,Oslo,Oslo,Norway,2021-01-16,true
CUST-000472,Zara Ibrahim,New York,New York,United States,2024-12-29,false
CUST-000473,Amina Schmidt,Stockholm,Stockholm County,Sweden,2021-03-18,true
CUST-000474,Zara Martin,Helsinki,Uusimaa,Finland,2025-01-16,true
CUST-000475,Oliver Ali,Munich,Bavaria,Germany,2023-07-23,true
CUST-000476,Noah Clark,Lyon,Auvergne-Rhone-Alpes,France,2021-08-14,false
CUST-000477,Sofia Ali,Vancouver,British Columbia,Canada,2022-02-25,false
CUST-000478,Chloe Martin,Lisbon,Lisbon,Portugal,2023-06-22,false
CUST-000479,Grace Moore,Barcelona,Catalonia,Spain,2020-04-19,true
CUST-000480,Henry Johnson,Brussels,Brussels-Capital,Belgium,2026-08-28,true
CUST-000481,Lucas Ahmed,Toronto,Ontario,Canada,2022-05-20,true
CUST-000482,Zara Dubois,Copenhagen,Capital Region,Denmark,2025-06-06,true
CUST-000483,Sofia Dubois,Tokyo,Tokyo,Japan,2025-12-13,true
CUST-000484,Samuel Taylor,Toronto,Ontario,Canada,2023-10-31,true
CUST-000485,Emma Davis,Oslo,Oslo,Norway,2020-06-30,true
CUST-000486,Elias Brown,Madrid,Community of Madrid,Spain,2026-07-28,true
CUST-000487,Leila Ali,Turku,Southwest Finland,Finland,2023-01-24,true
CUST-000488,Lucas Ali,Sydney,New South Wales,Australia,2024-09-13,true
CUST-000489,Lucas Ali,Stockholm,Stockholm County,Sweden,2022-01-03,true
CUST-000490,Amina Garcia,Helsinki,Uusimaa,Finland,2025-11-14,true
CUST-000491,Eva Smith,Prague,Prague,Czechia,2020-09-05,true
CUST-000492,Amina Williams,Madrid,Community of Madrid,Spain,2023-01-25,true
CUST-000493,Samuel Clark,Madrid,Community of Madrid,Spain,2020-12-19,false
CUST-000494,Nora Ali,Lisbon,Lisbon,Portugal,2025-07-29,true
CUST-000495,Ada Brown,Warsaw,Masovian,Poland,2024-11-07,false
CUST-000496,Emma Johnson,Tokyo,Tokyo,Japan,2022-05-06,true
CUST-000497,Leila Berg,Tampere,Pirkanmaa,Finland,2022-12-16,true
CUST-000498,Arthur Ibrahim,Milan,Lombardy,Italy,2021-05-06,true
CUST-000499,Maya Muller,London,England,United Kingdom,2023-06-04,true
CUST-000500,Nora Williams,Lisbon,Lisbon,Portugal,2025-11-03,true
CUST-000501,Emma Ibrahim,Turku,Southwest Finland,Finland,2022-04-01,true
CUST-000502,Emma Ibrahim,Vancouver,British Columbia,Canada,2020-03-22,false
CUST-000503,Arthur Lopez,Dublin,Leinster,Ireland,2022-04-17,true
CUST-000504,Leila Taylor,Munich,Bavaria,Germany,2021-09-26,true
CUST-000505,Omar Wilson,Amsterdam,North Holland,Netherlands,2021-05-04,true
CUST-000506,Zara Andersson,Copenhagen,Capital Region,Denmark,2025-08-14,true
CUST-000507,Isla Lopez,New York,New York,United States,2025-03-13,false
CUST-000508,Zara Khan,Warsaw,Masovian,Poland,2022-12-20,true
CUST-000509,Chloe Khan,Lisbon,Lisbon,Portugal,2022-06-11,true
CUST-000510,Eva Taylor,Turku,Southwest Finland,Finland,2023-08-19,true
CUST-000511,Oliver Garcia,Gothenburg,Vastra Gotaland,Sweden,2024-04-12,true
CUST-000512,Omar Wilson,Munich,Bavaria,Germany,2023-08-04,false
CUST-000513,Fatima Williams,Vancouver,British Columbia,Canada,2022-04-21,false
CUST-000514,Eva Novak,Barcelona,Catalonia,Spain,2020-01-16,true
CUST-000515,Eva Andersson,Sydney,New South Wales,Australia,2023-09-21,true
CUST-000516,Samuel Muller,Austin,Texas,United States,2021-12-02,false
CUST-000517,Isla Khan,Tokyo,Tokyo,Japan,2023-05-31,true
CUST-000518,Mila Williams,Munich,Bavaria,Germany,2025-06-19,true
CUST-000519,David Muller,Madrid,Community of Madrid,Spain,2020-02-04,false
CUST-000520,Omar Brown,Vancouver,British Columbia,Canada,2022-02-24,false
CUST-000521,Zara Lopez,Dublin,Leinster,Ireland,2022-11-24,true
CUST-000522,Emma Muller,Munich,Bavaria,Germany,2021-04-02,true
CUST-000523,Sofia Andersson,Tampere,Pirkanmaa,Finland,2025-02-27,true
CUST-000524,Emma Rossi,Sydney,New South Wales,Australia,2021-02-26,true
CUST-000525,Daniel Petrov,Lisbon,Lisbon,Portugal,2022-03-08,true
CUST-000526,Sofia Silva,Milan,Lombardy,Italy,2020-08-26,true
CUST-000527,Grace Virtanen,London,England,United Kingdom,2024-10-03,true
CUST-000528,Emma Moore,Sydney,New South Wales,Australia,2022-05-08,false
CUST-000529,David Davis,Vancouver,British Columbia,Canada,2022-01-18,true
CUST-000530,Oliver Smith,Toronto,Ontario,Canada,2020-10-19,true
CUST-000531,Lucas Taylor,Prague,Prague,Czechia,2022-11-20,true
CUST-000532,Arthur Korhonen,Prague,Prague,Czechia,2026-08-23,true
CUST-000533,Arthur Andersson,Lisbon,Lisbon,Portugal,2022-10-21,true
CUST-000534,Eva Rossi,Austin,Texas,United States,2023-06-20,true
CUST-000535,Fatima Garcia,Stockholm,Stockholm County,Sweden,2021-04-14,true
CUST-000536,Omar Jensen,Dublin,Leinster,Ireland,2025-08-11,true
CUST-000537,Yusuf Jensen,Manchester,England,United Kingdom,2024-04-10,true
CUST-000538,Elias Khan,Munich,Bavaria,Germany,2023-08-23,true
CUST-000539,Noah Santos,Dublin,Leinster,Ireland,2020-02-07,true
CUST-000540,Henry Ali,Paris,Ile-de-France,France,2023-09-09,true
CUST-000541,Grace Schmidt,Warsaw,Masovian,Poland,2021-11-27,true
CUST-000542,Noah Nielsen,Tampere,Pirkanmaa,Finland,2020-04-20,true
CUST-000543,Emma Ahmed,Vienna,Vienna,Austria,2020-03-28,true
CUST-000544,Omar Brown,Turku,Southwest Finland,Finland,2024-06-09,true
CUST-000545,Arthur Novak,Tampere,Pirkanmaa,Finland,2023-10-14,true
CUST-000546,David Virtanen,Manchester,England,United Kingdom,2025-04-27,true
CUST-000547,Eva Martin,Copenhagen,Capital Region,Denmark,2022-10-19,false
CUST-000548,Henry Lopez,Stockholm,Stockholm County,Sweden,2024-04-26,true
CUST-000549,Grace Williams,Berlin,Berlin,Germany,2021-05-23,true
CUST-000550,Lina Silva,Tampere,Pirkanmaa,Finland,2021-04-20,true
CUST-000551,Isla Jensen,London,England,United Kingdom,2022-11-08,true
CUST-000552,Ada Jensen,Stockholm,Stockholm County,Sweden,2025-10-24,false
CUST-000553,Jonas Lopez,London,England,United Kingdom,2022-05-23,true
CUST-000554,Benjamin Rossi,Madrid,Community of Madrid,Spain,2021-04-03,true
CUST-000555,Maya Wilson,Tampere,Pirkanmaa,Finland,2023-02-16,true
CUST-000556,Daniel Ahmed,Copenhagen,Capital Region,Denmark,2023-04-06,true
CUST-000557,Grace Smith,Barcelona,Catalonia,Spain,2021-07-05,true
CUST-000558,Jonas Khan,Austin,Texas,United States,2023-12-26,true
CUST-000559,Leila Moore,Lyon,Auvergne-Rhone-Alpes,France,2021-04-19,true
CUST-000560,Yusuf Dubois,Austin,Texas,United States,2023-03-26,false
CUST-000561,Elias Korhonen,Turku,Southwest Finland,Finland,2021-02-12,true
CUST-000562,Leo Novak,Paris,Ile-de-France,France,2021-06-19,true
CUST-000563,Lucas Martin,Stockholm,Stockholm County,Sweden,2026-08-07,true
CUST-000564,Grace Jensen,Oslo,Oslo,Norway,2022-10-20,true
CUST-000565,Daniel Schmidt,Oslo,Oslo,Norway,2021-01-10,true
CUST-000566,Leila Andersson,Lisbon,Lisbon,Portugal,2022-04-27,true
CUST-000567,Emma Taylor,Tokyo,Tokyo,Japan,2022-09-30,true
CUST-000568,Isla Petrov,Madrid,Community of Madrid,Spain,2024-04-07,true
CUST-000569,Isla Davis,Turku,Southwest Finland,Finland,2025-08-06,true
CUST-000570,Samuel Williams,Tokyo,Tokyo,Japan,2023-12-26,true
CUST-000571,Jonas Moore,New York,New York,United States,2022-12-06,true
CUST-000572,Lucas Smith,Austin,Texas,United States,2026-04-25,false
CUST-000573,Benjamin Novak,Tampere,Pirkanmaa,Finland,2024-06-28,true
CUST-000574,Mila Lopez,Berlin,Berlin,Germany,2021-03-30,true
CUST-000575,Chloe Schmidt,Madrid,Community of Madrid,Spain,2023-10-14,true
CUST-000576,Fatima Jensen,Vancouver,British Columbia,Canada,2020-02-13,true
CUST-000577,Samuel Petrov,Milan,Lombardy,Italy,2025-02-23,false
CUST-000578,Noah Ali,Gothenburg,Vastra Gotaland,Sweden,2020-05-24,false
CUST-000579,Benjamin Korhonen,Austin,Texas,United States,2020-09-30,true
CUST-000580,Fatima Khan,Munich,Bavaria,Germany,2020-07-18,true
CUST-000581,Zara Garcia,Lyon,Auvergne-Rhone-Alpes,France,2023-03-17,true
CUST-000582,Zara Khan,Copenhagen,Capital Region,Denmark,2023-03-24,true
CUST-000583,Jonas Davis,Stockholm,Stockholm County,Sweden,2021-12-08,true
CUST-000584,Nora Schmidt,Oslo,Oslo,Norway,2024-01-09,true
CUST-000585,Chloe Ibrahim,Rome,Lazio,Italy,2025-09-20,true
CUST-000586,Leila Johnson,New York,New York,United States,2020-02-28,true
CUST-000587,Arthur Johnson,Toronto,Ontario,Canada,2025-12-14,true
CUST-000588,Henry Johnson,Barcelona,Catalonia,Spain,2020-01-29,true
CUST-000589,Samuel Novak,Toronto,Ontario,Canada,2023-05-11,true
CUST-000590,Noah Martin,Manchester,England,United Kingdom,2020-03-24,true
CUST-000591,Omar Smith,Helsinki,Uusimaa,Finland,2024-04-18,true
CUST-000592,Maya Martin,Prague,Prague,Czechia,2024-12-05,false
CUST-000593,Omar Khan,Vienna,Vienna,Austria,2023-02-18,true
CUST-000594,Chloe Nielsen,Brussels,Brussels-Capital,Belgium,2020-04-06,false
CUST-000595,Eva Ibrahim,Helsinki,Uusimaa,Finland,2023-11-04,true
CUST-000596,Nora Novak,Amsterdam,North Holland,Netherlands,2020-05-15,true
CUST-000597,Leo Jensen,Oslo,Oslo,Norway,2021-02-21,true
CUST-000598,Maya Santos,Berlin,Berlin,Germany,2024-07-06,true
CUST-000599,Mila Petrov,Sydney,New South Wales,Australia,2026-07-07,true
CUST-000600,Fatima Schmidt,Toronto,Ontario,Canada,2023-06-01,true
CUST-000601,Ada Muller,Sydney,New South Wales,Australia,2023-07-03,true
CUST-000602,Henry Jensen,Milan,Lombardy,Italy,2020-05-13,true
CUST-000603,Isla Martin,Oslo,Oslo,Norway,2025-01-27,false
CUST-000604,Yusuf Andersson,Warsaw,Masovian,Poland,2026-05-24,false
CUST-000605,Eva Jensen,Helsinki,Uusimaa,Finland,2025-01-23,true
CUST-000606,David Santos,Berlin,Berlin,Germany,2024-09-23,true
CUST-000607,Zara Davis,Lyon,Auvergne-Rhone-Alpes,France,2022-04-01,true
CUST-000608,Grace Jensen,Warsaw,Masovian,Poland,2022-12-10,true
CUST-000609,Lina Novak,Helsinki,Uusimaa,Finland,2023-12-28,true
CUST-000610,Jonas Khan,Tokyo,Tokyo,Japan,2023-04-28,true
CUST-000611,Henry Dubois,Turku,Southwest Finland,Finland,2021-12-05,true
CUST-000612,Leila Santos,Copenhagen,Capital Region,Denmark,2023-03-10,true
CUST-000613,Arthur Clark,Rome,Lazio,Italy,2025-03-17,true
CUST-000614,Mateo Ibrahim,Warsaw,Masovian,Poland,2020-11-12,true
CUST-000615,Chloe Clark,Berlin,Berlin,Germany,2023-01-24,true
CUST-000616,Samuel Rossi,Copenhagen,Capital Region,Denmark,2023-03-02,true
CUST-000617,Leila Ibrahim,Gothenburg,Vastra Gotaland,Sweden,2020-09-10,true
CUST-000618,Chloe Muller,Copenhagen,Capital Region,Denmark,2021-02-16,false
CUST-000619,Sofia Andersson,Munich,Bavaria,Germany,2021-09-27,true
CUST-000620,Lina Silva,Vienna,Vienna,Austria,2022-01-07,true
CUST-000621,Daniel Santos,Helsinki,Uusimaa,Finland,2023-01-23,true
CUST-000622,Isla Andersson,Turku,Southwest Finland,Finland,2024-08-06,true
CUST-000623,Yusuf Novak,Dublin,Leinster,Ireland,2021-12-21,false
CUST-000624,Lucas Garcia,Dublin,Leinster,Ireland,2022-01-23,true
CUST-000625,Maya Wilson,Amsterdam,North Holland,Netherlands,2023-08-25,true
CUST-000626,David Silva,Manchester,England,United Kingdom,2026-04-30,false
CUST-000627,Noah Garcia,Toronto,Ontario,Canada,2024-01-09,true
CUST-000628,Nora Martin,Lisbon,Lisbon,Portugal,2021-10-05,true
CUST-000629,Henry Berg,Toronto,Ontario,Canada,2021-08-22,true
CUST-000630,Zara Moore,Sydney,New South Wales,Australia,2024-12-12,false
CUST-000631,Lina Davis,Sydney,New South Wales,Australia,2020-10-29,true
CUST-000632,Mateo Davis,Rome,Lazio,Italy,2020-02-08,true
CUST-000633,David Ali,Paris,Ile-de-France,France,2025-06-19,true
CUST-000634,Noah Lopez,Tokyo,Tokyo,Japan,2022-01-16,true
CUST-000635,Fatima Clark,Tokyo,Tokyo,Japan,2021-05-13,true
CUST-000636,Leila Ibrahim,Sydney,New South Wales,Australia,2025-11-01,true
CUST-000637,Omar Novak,Turku,Southwest Finland,Finland,2022-10-05,true
CUST-000638,Leo Moore,Amsterdam,North Holland,Netherlands,2026-03-14,true
CUST-000639,Elias Novak,London,England,United Kingdom,2021-06-07,true
CUST-000640,Elias Santos,Turku,Southwest Finland,Finland,2026-07-13,true
CUST-000641,Omar Rossi,Warsaw,Masovian,Poland,2023-11-04,false
CUST-000642,Nora Smith,Lyon,Auvergne-Rhone-Alpes,France,2024-04-17,true
CUST-000643,Elias Khan,Oslo,Oslo,Norway,2024-02-13,true
CUST-000644,Nora Berg,Tampere,Pirkanmaa,Finland,2021-02-19,true
CUST-000645,Samuel Silva,Barcelona,Catalonia,Spain,2024-09-09,true
CUST-000646,Yusuf Santos,Warsaw,Masovian,Poland,2024-05-31,true
CUST-000647,Samuel Ibrahim,Prague,Prague,Czechia,2020-05-19,true
CUST-000648,David Davis,Austin,Texas,United States,2020-12-18,true
CUST-000649,Omar Nielsen,Paris,Ile-de-France,France,2024-06-11,true
CUST-000650,Mila Novak,Oslo,Oslo,Norway,2022-10-31,true
CUST-000651,Sofia Williams,Lisbon,Lisbon,Portugal,2022-01-25,true
CUST-000652,Noah Muller,New York,New York,United States,2025-10-31,true
CUST-000653,Henry Smith,Oslo,Oslo,Norway,2020-03-27,false
CUST-000654,Henry Williams,Rome,Lazio,Italy,2022-10-16,true
CUST-000655,Leo Khan,Copenhagen,Capital Region,Denmark,2021-01-04,true
CUST-000656,Zara Moore,Dublin,Leinster,Ireland,2023-12-20,true
CUST-000657,Grace Korhonen,Warsaw,Masovian,Poland,2024-03-02,true
CUST-000658,Arthur Wilson,Barcelona,Catalonia,Spain,2020-12-04,true
CUST-000659,Mila Ahmed,Berlin,Berlin,Germany,2023-04-23,true
CUST-000660,Oliver Martin,Madrid,Community of Madrid,Spain,2025-09-22,false
CUST-000661,Leila Ahmed,Berlin,Berlin,Germany,2021-12-15,false
CUST-000662,Samuel Clark,Rome,Lazio,Italy,2025-09-23,true
CUST-000663,Lina Nielsen,London,England,United Kingdom,2022-06-02,true
CUST-000664,Sofia Muller,Barcelona,Catalonia,Spain,2022-10-01,true
CUST-000665,Ada Khan,Milan,Lombardy,Italy,2021-07-15,false
CUST-000666,Mila Rossi,Toronto,Ontario,Canada,2020-06-09,true
CUST-000667,Benjamin Korhonen,Stockholm,Stockholm County,Sweden,2023-06-08,true
CUST-000668,Oliver Dubois,Milan,Lombardy,Italy,2026-03-30,true
CUST-000669,Isla Lopez,Sydney,New South Wales,Australia,2021-01-04,false
CUST-000670,Nora Brown,Dublin,Leinster,Ireland,2024-12-20,true
CUST-000671,Eva Wilson,Berlin,Berlin,Germany,2025-07-29,true
CUST-000672,Nora Nielsen,Tampere,Pirkanmaa,Finland,2025-11-15,true
CUST-000673,Mila Khan,Turku,Southwest Finland,Finland,2020-11-02,true
CUST-000674,Lina Clark,New York,New York,United States,2025-09-15,true
CUST-000675,Lina Smith,Madrid,Community of Madrid,Spain,2025-03-15,true
CUST-000676,Mateo Dubois,Copenhagen,Capital Region,Denmark,2026-05-07,true
CUST-000677,Omar Moore,Toronto,Ontario,Canada,2026-07-23,false
CUST-000678,Daniel Davis,Sydney,New South Wales,Australia,2024-07-17,true
CUST-000679,Fatima Moore,Prague,Prague,Czechia,2023-02-26,true
CUST-000680,Nora Johnson,Copenhagen,Capital Region,Denmark,2026-07-09,true
CUST-000681,Henry Schmidt,Stockholm,Stockholm County,Sweden,2023-04-26,true
CUST-000682,Daniel Silva,Vancouver,British Columbia,Canada,2026-02-17,true
CUST-000683,Fatima Jensen,Vancouver,British Columbia,Canada,2021-12-04,true
CUST-000684,Leila Brown,Copenhagen,Capital Region,Denmark,2021-04-10,true
CUST-000685,Leo Andersson,Toronto,Ontario,Canada,2025-06-13,true
CUST-000686,Mila Johnson,Munich,Bavaria,Germany,2024-05-22,true
CUST-000687,Maya Muller,Warsaw,Masovian,Poland,2026-07-16,true
CUST-000688,Benjamin Johnson,New York,New York,United States,2021-04-18,true
CUST-000689,Lina Wilson,Lisbon,Lisbon,Portugal,2025-06-19,true
CUST-000690,Grace Jensen,London,England,United Kingdom,2024-04-02,true
CUST-000691,Lina Muller,Brussels,Brussels-Capital,Belgium,2024-08-23,true
CUST-000692,Lucas Clark,Berlin,Berlin,Germany,2020-09-10,true
CUST-000693,Ada Korhonen,Vancouver,British Columbia,Canada,2022-06-16,true
CUST-000694,Maya Garcia,Tampere,Pirkanmaa,Finland,2022-10-18,true
CUST-000695,Leo Silva,Austin,Texas,United States,2023-02-01,true
CUST-000696,Lucas Ahmed,Rome,Lazio,Italy,2024-06-09,true
CUST-000697,Arthur Rossi,Austin,Texas,United States,2024-05-31,true
CUST-000698,Chloe Novak,Barcelona,Catalonia,Spain,2022-07-08,false
CUST-000699,Lucas Williams,Tampere,Pirkanmaa,Finland,2026-04-27,true
CUST-000700,Daniel Silva,Oslo,Oslo,Norway,2022-03-22,true
CUST-000701,Ada Ahmed,Manchester,England,United Kingdom,2020-10-30,true
CUST-000702,Lucas Ali,Dublin,Leinster,Ireland,2024-03-17,true
CUST-000703,Benjamin Nielsen,Barcelona,Catalonia,Spain,2023-12-27,false
CUST-000704,Arthur Muller,Lyon,Auvergne-Rhone-Alpes,France,2023-12-29,false
CUST-000705,Oliver Dubois,Paris,Ile-de-France,France,2023-09-26,false
CUST-000706,Mateo Korhonen,Turku,Southwest Finland,Finland,2022-02-20,false
CUST-000707,Emma Jensen,Lyon,Auvergne-Rhone-Alpes,France,2023-03-03,true
CUST-000708,Daniel Muller,London,England,United Kingdom,2020-05-30,true
CUST-000709,Mila Berg,Toronto,Ontario,Canada,2023-04-21,true
CUST-000710,Arthur Ibrahim,Barcelona,Catalonia,Spain,2025-10-21,true
CUST-000711,Lucas Wilson,Toronto,Ontario,Canada,2022-05-26,true
CUST-000712,Benjamin Taylor,Tokyo,Tokyo,Japan,2020-03-27,true
CUST-000713,Yusuf Williams,Madrid,Community of Madrid,Spain,2026-04-21,true
CUST-000714,Zara Silva,Oslo,Oslo,Norway,2020-09-20,true
CUST-000715,Samuel Virtanen,Rome,Lazio,Italy,2026-06-03,true
CUST-000716,Nora Muller,Munich,Bavaria,Germany,2024-07-01,true
CUST-000717,Eva Lopez,Toronto,Ontario,Canada,2020-02-27,true
CUST-000718,Amina Petrov,Toronto,Ontario,Canada,2022-10-25,true
CUST-000719,David Dubois,Brussels,Brussels-Capital,Belgium,2022-01-30,true
CUST-000720,Emma Korhonen,Paris,Ile-de-France,France,2026-02-05,true
CUST-000721,Oliver Santos,Barcelona,Catalonia,Spain,2020-11-27,true
CUST-000722,Omar Taylor,Amsterdam,North Holland,Netherlands,2021-12-16,true
CUST-000723,Benjamin Wilson,Gothenburg,Vastra Gotaland,Sweden,2024-05-26,true
CUST-000724,Yusuf Petrov,Dublin,Leinster,Ireland,2024-10-27,true
CUST-000725,Eva Moore,Berlin,Berlin,Germany,2024-06-12,true
CUST-000726,Daniel Ali,Tampere,Pirkanmaa,Finland,2025-12-22,true
CUST-000727,Fatima Johnson,London,England,United Kingdom,2023-01-26,true
CUST-000728,Omar Petrov,Warsaw,Masovian,Poland,2022-12-10,true
CUST-000729,Jonas Ibrahim,Madrid,Community of Madrid,Spain,2022-09-08,true
CUST-000730,Lina Jensen,Lisbon,Lisbon,Portugal,2024-01-29,true
CUST-000731,Amina Garcia,Austin,Texas,United States,2021-11-01,true
CUST-000732,Noah Lopez,Berlin,Berlin,Germany,2021-06-03,true
CUST-000733,Maya Khan,Lisbon,Lisbon,Portugal,2020-11-03,false
CUST-000734,Zara Ibrahim,Vienna,Vienna,Austria,2024-04-08,false
CUST-000735,Chloe Novak,Rome,Lazio,Italy,2024-06-16,true
CUST-000736,Leila Novak,Toronto,Ontario,Canada,2025-04-06,true
CUST-000737,Lucas Silva,Austin,Texas,United States,2020-07-09,true
CUST-000738,Mila Rossi,Helsinki,Uusimaa,Finland,2020-05-17,true
CUST-000739,Henry Silva,London,England,United Kingdom,2022-10-16,false
CUST-000740,Fatima Andersson,Barcelona,Catalonia,Spain,2021-05-02,true
CUST-000741,Samuel Davis,Rome,Lazio,Italy,2021-09-17,false
CUST-000742,Lucas Novak,Vienna,Vienna,Austria,2026-08-06,true
CUST-000743,Arthur Taylor,Turku,Southwest Finland,Finland,2024-04-03,true
CUST-000744,Chloe Dubois,Lyon,Auvergne-Rhone-Alpes,France,2020-08-06,true
CUST-000745,Daniel Ibrahim,Munich,Bavaria,Germany,2024-12-19,false
CUST-000746,Oliver Wilson,Madrid,Community of Madrid,Spain,2025-03-16,true
CUST-000747,Samuel Dubois,Dublin,Leinster,Ireland,2024-01-29,true
CUST-000748,Zara Santos,Helsinki,Uusimaa,Finland,2024-08-21,true
CUST-000749,Lucas Silva,Gothenburg,Vastra Gotaland,Sweden,2023-06-27,false
CUST-000750,Arthur Santos,Warsaw,Masovian,Poland,2022-01-06,true
CUST-000751,Omar Muller,Tokyo,Tokyo,Japan,2022-12-25,true
CUST-000752,Fatima Garcia,Copenhagen,Capital Region,Denmark,2025-01-22,true
CUST-000753,Lina Wilson,Lisbon,Lisbon,Portugal,2023-02-27,true
CUST-000754,Ada Khan,New York,New York,United States,2025-04-06,false
CUST-000755,Leila Khan,Oslo,Oslo,Norway,2025-09-25,true
CUST-000756,Mila Santos,London,England,United Kingdom,2025-12-01,true
CUST-000757,Fatima Martin,Munich,Bavaria,Germany,2023-07-03,true
CUST-000758,Chloe Korhonen,Manchester,England,United Kingdom,2025-07-28,false
CUST-000759,Yusuf Martin,Munich,Bavaria,Germany,2024-05-22,true
CUST-000760,Emma Schmidt,Vienna,Vienna,Austria,2020-09-26,false
CUST-000761,Mila Berg,Madrid,Community of Madrid,Spain,2020-11-30,true
CUST-000762,Emma Taylor,Vancouver,British Columbia,Canada,2023-02-12,true
CUST-000763,Arthur Virtanen,Stockholm,Stockholm County,Sweden,2025-04-05,true
CUST-000764,Emma Santos,Tokyo,Tokyo,Japan,2024-07-01,true
CUST-000765,Leila Taylor,Vancouver,British Columbia,Canada,2023-12-12,true
CUST-000766,Eva Smith,Tampere,Pirkanmaa,Finland,2022-09-08,true
CUST-000767,Yusuf Berg,Rome,Lazio,Italy,2026-07-12,true
CUST-000768,Noah Moore,Milan,Lombardy,Italy,2022-01-22,true
CUST-000769,Samuel Ali,Dublin,Leinster,Ireland,2025-03-04,true
CUST-000770,Sofia Petrov,Dublin,Leinster,Ireland,2026-01-18,true
CUST-000771,Leo Santos,Stockholm,Stockholm County,Sweden,2022-04-07,true
CUST-000772,Lucas Ahmed,Vienna,Vienna,Austria,2023-06-08,true
CUST-000773,Grace Smith,Lyon,Auvergne-Rhone-Alpes,France,2022-11-01,false
CUST-000774,Mateo Rossi,Dublin,Leinster,Ireland,2025-11-02,true
CUST-000775,Fatima Brown,Amsterdam,North Holland,Netherlands,2023-04-12,true
CUST-000776,David Moore,Helsinki,Uusimaa,Finland,2024-01-31,true
CUST-000777,Omar Berg,Barcelona,Catalonia,Spain,2020-03-01,true
CUST-000778,Daniel Smith,Austin,Texas,United States,2020-04-20,true
CUST-000779,Nora Ali,Austin,Texas,United States,2020-03-18,true
CUST-000780,Mila Jensen,Paris,Ile-de-France,France,2023-11-11,false
CUST-000781,Omar Muller,Vienna,Vienna,Austria,2025-06-12,true
CUST-000782,Chloe Virtanen,Toronto,Ontario,Canada,2023-02-17,false
CUST-000783,Ada Rossi,Vienna,Vienna,Austria,2022-12-31,true
CUST-000784,Noah Andersson,Warsaw,Masovian,Poland,2026-04-08,true
CUST-000785,Leila Jensen,Stockholm,Stockholm County,Sweden,2024-02-16,true
CUST-000786,Sofia Nielsen,Toronto,Ontario,Canada,2024-03-14,false
CUST-000787,Oliver Khan,Vienna,Vienna,Austria,2025-03-21,true
CUST-000788,Chloe Korhonen,Dublin,Leinster,Ireland,2021-06-23,true
CUST-000789,Arthur Petrov,Vienna,Vienna,Austria,2022-10-21,true
CUST-000790,Sofia Ahmed,Manchester,England,United Kingdom,2025-10-11,true
CUST-000791,Benjamin Johnson,Copenhagen,Capital Region,Denmark,2024-03-01,true
CUST-000792,Leo Ali,Vancouver,British Columbia,Canada,2024-12-26,true
CUST-000793,Isla Martin,Helsinki,Uusimaa,Finland,2026-04-04,true
CUST-000794,David Korhonen,Madrid,Community of Madrid,Spain,2026-06-28,true
CUST-000795,Maya Novak,Tampere,Pirkanmaa,Finland,2021-12-06,true
CUST-000796,Grace Novak,Paris,Ile-de-France,France,2025-02-16,true
CUST-000797,Oliver Silva,Warsaw,Masovian,Poland,2023-12-19,true
CUST-000798,Emma Khan,Rome,Lazio,Italy,2020-11-09,true
CUST-000799,Nora Ibrahim,Rome,Lazio,Italy,2021-06-28,true
CUST-000800,Nora Johnson,Copenhagen,Capital Region,Denmark,2021-06-23,true
CUST-000801,Samuel Dubois,Turku,Southwest Finland,Finland,2024-03-21,false
CUST-000802,Jonas Schmidt,Tokyo,Tokyo,Japan,2023-08-12,true
CUST-000803,David Ali,Copenhagen,Capital Region,Denmark,2026-07-28,true
CUST-000804,Benjamin Ahmed,Lisbon,Lisbon,Portugal,2024-01-24,true
CUST-000805,Henry Brown,Brussels,Brussels-Capital,Belgium,2021-12-22,true
CUST-000806,Benjamin Korhonen,Berlin,Berlin,Germany,2022-12-20,true
CUST-000807,Daniel Smith,Toronto,Ontario,Canada,2022-06-25,true
CUST-000808,Leo Smith,Oslo,Oslo,Norway,2025-03-07,false
CUST-000809,Yusuf Johnson,Toronto,Ontario,Canada,2022-01-11,true
CUST-000810,Sofia Khan,Tampere,Pirkanmaa,Finland,2022-04-28,true
CUST-000811,Oliver Smith,Manchester,England,United Kingdom,2023-08-03,true
CUST-000812,Lucas Ibrahim,Vienna,Vienna,Austria,2024-01-10,true
CUST-000813,Oliver Ahmed,Turku,Southwest Finland,Finland,2020-05-02,true
CUST-000814,Zara Silva,Lisbon,Lisbon,Portugal,2024-06-21,true
CUST-000815,Zara Davis,Copenhagen,Capital Region,Denmark,2020-12-26,true
CUST-000816,Noah Berg,Austin,Texas,United States,2025-10-18,true
CUST-000817,Nora Muller,Berlin,Berlin,Germany,2021-08-31,true
CUST-000818,Nora Silva,Prague,Prague,Czechia,2021-01-06,true
CUST-000819,Yusuf Davis,Brussels,Brussels-Capital,Belgium,2026-03-24,true
CUST-000820,Mila Johnson,Warsaw,Masovian,Poland,2025-05-21,false
CUST-000821,Leila Jensen,Gothenburg,Vastra Gotaland,Sweden,2026-06-25,true
CUST-000822,Maya Brown,Prague,Prague,Czechia,2024-08-14,true
CUST-000823,Mila Ahmed,Stockholm,Stockholm County,Sweden,2021-04-12,true
CUST-000824,Noah Korhonen,Austin,Texas,United States,2020-11-05,true
CUST-000825,Mila Muller,Oslo,Oslo,Norway,2021-10-11,true
CUST-000826,Sofia Brown,Helsinki,Uusimaa,Finland,2023-03-22,true
CUST-000827,Grace Schmidt,Madrid,Community of Madrid,Spain,2020-08-30,true
CUST-000828,Maya Virtanen,Tampere,Pirkanmaa,Finland,2023-05-06,true
CUST-000829,Leila Andersson,Lisbon,Lisbon,Portugal,2025-09-04,true
CUST-000830,Eva Nielsen,Sydney,New South Wales,Australia,2024-01-14,true
CUST-000831,Emma Williams,Manchester,England,United Kingdom,2025-10-17,true
CUST-000832,Samuel Jensen,Brussels,Brussels-Capital,Belgium,2025-04-13,true
CUST-000833,Leo Khan,Turku,Southwest Finland,Finland,2023-06-30,true
CUST-000834,Amina Rossi,Manchester,England,United Kingdom,2023-02-01,true
CUST-000835,Maya Nielsen,Manchester,England,United Kingdom,2020-10-04,true
CUST-000836,David Clark,Vancouver,British Columbia,Canada,2023-08-04,false
CUST-000837,Yusuf Clark,Toronto,Ontario,Canada,2022-01-24,true
CUST-000838,Lina Schmidt,Lyon,Auvergne-Rhone-Alpes,France,2024-08-16,true
CUST-000839,Fatima Dubois,Vancouver,British Columbia,Canada,2026-08-25,true
CUST-000840,Nora Martin,Milan,Lombardy,Italy,2023-01-28,true
CUST-000841,Fatima Ahmed,Munich,Bavaria,Germany,2023-04-11,true
CUST-000842,Mateo Jensen,Madrid,Community of Madrid,Spain,2023-01-16,true
CUST-000843,Nora Rossi,Copenhagen,Capital Region,Denmark,2026-05-18,true
CUST-000844,Chloe Santos,Prague,Prague,Czechia,2020-01-03,true
CUST-000845,Sofia Ahmed,Lisbon,Lisbon,Portugal,2020-01-27,true
CUST-000846,Omar Muller,Tokyo,Tokyo,Japan,2021-07-18,false
CUST-000847,Mila Andersson,Madrid,Community of Madrid,Spain,2020-12-04,true
CUST-000848,Oliver Nielsen,Toronto,Ontario,Canada,2021-02-02,true
CUST-000849,Zara Brown,Toronto,Ontario,Canada,2026-04-01,true
CUST-000850,Leila Berg,Madrid,Community of Madrid,Spain,2023-06-27,true
CUST-000851,Mateo Ibrahim,Paris,Ile-de-France,France,2025-07-15,true
CUST-000852,Lina Taylor,Berlin,Berlin,Germany,2021-03-03,false
CUST-000853,Noah Novak,Dublin,Leinster,Ireland,2026-03-30,true
CUST-000854,Zara Korhonen,Manchester,England,United Kingdom,2020-08-28,true
CUST-000855,Lina Moore,Munich,Bavaria,Germany,2023-01-29,false
CUST-000856,Maya Jensen,New York,New York,United States,2024-11-16,true
CUST-000857,Jonas Jensen,Sydney,New South Wales,Australia,2026-07-16,true
CUST-000858,Amina Moore,Turku,Southwest Finland,Finland,2024-07-20,true
CUST-000859,Elias Martin,Warsaw,Masovian,Poland,2020-05-11,true
CUST-000860,Emma Brown,Dublin,Leinster,Ireland,2025-07-15,false
CUST-000861,Amina Davis,Vienna,Vienna,Austria,2024-10-11,true
CUST-000862,Eva Schmidt,Tampere,Pirkanmaa,Finland,2021-04-24,true
CUST-000863,Eva Ali,Vancouver,British Columbia,Canada,2020-12-05,true
CUST-000864,Ada Nielsen,Oslo,Oslo,Norway,2023-03-29,true
CUST-000865,Benjamin Ahmed,Vancouver,British Columbia,Canada,2021-06-04,true
CUST-000866,David Dubois,Paris,Ile-de-France,France,2026-08-29,true
CUST-000867,Sofia Silva,Milan,Lombardy,Italy,2023-05-17,true
CUST-000868,Leila Petrov,Amsterdam,North Holland,Netherlands,2025-05-31,false
CUST-000869,David Taylor,London,England,United Kingdom,2020-04-14,true
CUST-000870,Elias Davis,Austin,Texas,United States,2024-08-13,true
CUST-000871,Leila Santos,Toronto,Ontario,Canada,2022-04-21,true
CUST-000872,Yusuf Ibrahim,London,England,United Kingdom,2021-08-25,false
CUST-000873,Eva Garcia,London,England,United Kingdom,2025-11-27,true
CUST-000874,Omar Nielsen,Turku,Southwest Finland,Finland,2023-02-14,true
CUST-000875,Leila Andersson,Milan,Lombardy,Italy,2024-03-12,true
CUST-000876,Samuel Korhonen,Paris,Ile-de-France,France,2026-05-22,true
CUST-000877,Ada Korhonen,Berlin,Berlin,Germany,2020-10-30,true
CUST-000878,Sofia Garcia,Austin,Texas,United States,2020-05-22,true
CUST-000879,Lina Martin,Paris,Ile-de-France,France,2025-03-24,false
CUST-000880,Samuel Moore,Tokyo,Tokyo,Japan,2024-04-18,true
CUST-000881,David Brown,Paris,Ile-de-France,France,2020-11-30,true
CUST-000882,Zara Smith,Munich,Bavaria,Germany,2024-11-16,true
CUST-000883,Chloe Petrov,Barcelona,Catalonia,Spain,2020-01-19,true
CUST-000884,Nora Ahmed,Gothenburg,Vastra Gotaland,Sweden,2022-01-31,true
CUST-000885,Henry Williams,Tokyo,Tokyo,Japan,2021-05-30,true
CUST-000886,Yusuf Rossi,Sydney,New South Wales,Australia,2026-04-26,true
CUST-000887,Lucas Jensen,London,England,United Kingdom,2025-04-25,true
CUST-000888,Arthur Ahmed,Milan,Lombardy,Italy,2024-12-08,true
CUST-000889,Arthur Lopez,Munich,Bavaria,Germany,2022-02-20,true
CUST-000890,Jonas Dubois,Vienna,Vienna,Austria,2023-11-18,true
CUST-000891,Emma Nielsen,Lisbon,Lisbon,Portugal,2023-05-14,true
CUST-000892,Lina Lopez,Lyon,Auvergne-Rhone-Alpes,France,2024-06-09,false
CUST-000893,Jonas Novak,Tampere,Pirkanmaa,Finland,2021-04-01,true
CUST-000894,Isla Johnson,Barcelona,Catalonia,Spain,2025-08-30,true
CUST-000895,Benjamin Khan,Rome,Lazio,Italy,2020-03-17,false
CUST-000896,Grace Davis,London,England,United Kingdom,2026-07-06,false
CUST-000897,Sofia Silva,Lyon,Auvergne-Rhone-Alpes,France,2022-05-20,true
CUST-000898,Chloe Korhonen,Berlin,Berlin,Germany,2022-01-09,true
CUST-000899,Oliver Ali,Madrid,Community of Madrid,Spain,2026-05-09,true
CUST-000900,Samuel Ali,Austin,Texas,United States,2022-08-08,true
CUST-000901,Zara Berg,Brussels,Brussels-Capital,Belgium,2021-06-11,true
CUST-000902,Samuel Martin,Copenhagen,Capital Region,Denmark,2023-12-12,true
CUST-000903,Jonas Andersson,Paris,Ile-de-France,France,2024-06-15,false
CUST-000904,Chloe Smith,Manchester,England,United Kingdom,2022-10-18,true
CUST-000905,Yusuf Lopez,Vancouver,British Columbia,Canada,2021-03-03,true
CUST-000906,Samuel Dubois,Milan,Lombardy,Italy,2025-05-27,true
CUST-000907,Amina Brown,Barcelona,Catalonia,Spain,2022-10-11,true
CUST-000908,Samuel Jensen,Barcelona,Catalonia,Spain,2024-01-22,true
CUST-000909,David Rossi,New York,New York,United States,2023-01-20,false
CUST-000910,Leo Lopez,Tampere,Pirkanmaa,Finland,2024-03-24,true
CUST-000911,Ada Clark,Madrid,Community of Madrid,Spain,2021-05-18,true
CUST-000912,Isla Berg,Lyon,Auvergne-Rhone-Alpes,France,2022-03-17,true
CUST-000913,Noah Berg,Munich,Bavaria,Germany,2021-05-10,true
CUST-000914,Emma Jensen,Amsterdam,North Holland,Netherlands,2023-12-30,false
CUST-000915,Zara Taylor,London,England,United Kingdom,2020-02-12,true
CUST-000916,Daniel Clark,Milan,Lombardy,Italy,2024-05-19,true
CUST-000917,Daniel Muller,Toronto,Ontario,Canada,2025-08-11,true
CUST-000918,Leo Nielsen,Gothenburg,Vastra Gotaland,Sweden,2021-02-28,true
CUST-000919,David Muller,Lyon,Auvergne-Rhone-Alpes,France,2025-07-12,true
CUST-000920,Amina Jensen,Paris,Ile-de-France,France,2020-04-08,true
CUST-000921,Benjamin Lopez,Gothenburg,Vastra Gotaland,Sweden,2026-03-05,true
CUST-000922,Daniel Silva,Prague,Prague,Czechia,2023-06-26,false
CUST-000923,Nora Brown,Toronto,Ontario,Canada,2022-02-11,true
CUST-000924,Fatima Moore,Copenhagen,Capital Region,Denmark,2025-10-29,false
CUST-000925,Omar Smith,Toronto,Ontario,Canada,2026-01-09,false
CUST-000926,Amina Garcia,Prague,Prague,Czechia,2020-07-13,true
CUST-000927,Sofia Silva,Amsterdam,North Holland,Netherlands,2022-01-09,false
CUST-000928,Daniel Lopez,Munich,Bavaria,Germany,2020-11-25,true
CUST-000929,Isla Smith,Dublin,Leinster,Ireland,2023-05-02,true
CUST-000930,Leo Petrov,Vancouver,British Columbia,Canada,2022-06-06,true
CUST-000931,Zara Moore,Gothenburg,Vastra Gotaland,Sweden,2021-09-27,true
CUST-000932,Omar Moore,Lyon,Auvergne-Rhone-Alpes,France,2024-08-10,true
CUST-000933,Benjamin Williams,Oslo,Oslo,Norway,2024-08-08,false
CUST-000934,Leila Williams,Oslo,Oslo,Norway,2024-02-22,true
CUST-000935,Sofia Ahmed,Stockholm,Stockholm County,Sweden,2023-03-07,true
CUST-000936,David Andersson,Tokyo,Tokyo,Japan,2026-06-10,true
CUST-000937,Jonas Rossi,Rome,Lazio,Italy,2022-12-17,true
CUST-000938,Daniel Korhonen,Oslo,Oslo,Norway,2021-07-25,true
CUST-000939,Daniel Schmidt,Rome,Lazio,Italy,2024-08-16,true
CUST-000940,Daniel Nielsen,Toronto,Ontario,Canada,2020-04-20,true
CUST-000941,Ada Korhonen,Barcelona,Catalonia,Spain,2024-10-16,false
CUST-000942,Daniel Berg,Munich,Bavaria,Germany,2020-02-09,true
CUST-000943,Sofia Khan,Madrid,Community of Madrid,Spain,2022-01-06,true
CUST-000944,Zara Moore,Oslo,Oslo,Norway,2023-01-05,true
CUST-000945,Nora Santos,Tokyo,Tokyo,Japan,2022-07-03,true
CUST-000946,Samuel Ahmed,Vancouver,British Columbia,Canada,2025-03-02,true
CUST-000947,Omar Virtanen,Lyon,Auvergne-Rhone-Alpes,France,2022-11-02,true
CUST-000948,David Jensen,Toronto,Ontario,Canada,2020-08-28,true
CUST-000949,Noah Schmidt,Rome,Lazio,Italy,2020-01-05,true
CUST-000950,Amina Lopez,Munich,Bavaria,Germany,2025-05-05,false
CUST-000951,Leila Wilson,Barcelona,Catalonia,Spain,2023-01-07,true
CUST-000952,Elias Korhonen,Vancouver,British Columbia,Canada,2021-06-24,false
CUST-000953,Jonas Santos,Lyon,Auvergne-Rhone-Alpes,France,2025-06-19,true
CUST-000954,Daniel Brown,Lyon,Auvergne-Rhone-Alpes,France,2021-02-20,false
CUST-000955,Elias Novak,Madrid,Community of Madrid,Spain,2025-11-01,true
CUST-000956,Sofia Andersson,Tampere,Pirkanmaa,Finland,2021-10-19,true
CUST-000957,Ada Silva,Prague,Prague,Czechia,2020-12-04,false
CUST-000958,Samuel Lopez,Gothenburg,Vastra Gotaland,Sweden,2026-08-17,true
CUST-000959,Elias Ali,Munich,Bavaria,Germany,2023-03-17,true
CUST-000960,Mila Petrov,Vancouver,British Columbia,Canada,2020-04-13,true
CUST-000961,Samuel Andersson,London,England,United Kingdom,2020-07-07,true
CUST-000962,Arthur Martin,Gothenburg,Vastra Gotaland,Sweden,2026-08-16,true
CUST-000963,Grace Johnson,Warsaw,Masovian,Poland,2021-09-16,true
CUST-000964,Omar Clark,Brussels,Brussels-Capital,Belgium,2023-11-15,true
CUST-000965,Arthur Schmidt,Milan,Lombardy,Italy,2023-02-02,true
CUST-000966,Samuel Davis,Sydney,New South Wales,Australia,2020-07-29,true
CUST-000967,David Schmidt,Madrid,Community of Madrid,Spain,2023-09-03,true
CUST-000968,Lina Moore,New York,New York,United States,2023-10-31,true
CUST-000969,Benjamin Clark,Brussels,Brussels-Capital,Belgium,2021-01-27,true
CUST-000970,Lina Wilson,Vancouver,British Columbia,Canada,2025-07-05,false
CUST-000971,Sofia Andersson,Brussels,Brussels-Capital,Belgium,2022-04-30,true
CUST-000972,Leo Brown,Vancouver,British Columbia,Canada,2022-02-02,false
CUST-000973,Ada Johnson,Dublin,Leinster,Ireland,2021-09-11,true
CUST-000974,Arthur Martin,Stockholm,Stockholm County,Sweden,2025-08-25,true
CUST-000975,Isla Garcia,Amsterdam,North Holland,Netherlands,2024-11-07,true
CUST-000976,Omar Virtanen,Prague,Prague,Czechia,2022-11-24,true
CUST-000977,Emma Smith,Turku,Southwest Finland,Finland,2025-03-27,false
CUST-000978,Elias Nielsen,Vancouver,British Columbia,Canada,2024-11-24,true
CUST-000979,Lucas Clark,Warsaw,Masovian,Poland,2025-06-03,true
CUST-000980,Leila Andersson,Austin,Texas,United States,2026-07-30,false
CUST-000981,Benjamin Moore,Vancouver,British Columbia,Canada,2020-02-09,true
CUST-000982,Mateo Santos,Sydney,New South Wales,Australia,2026-02-22,false
CUST-000983,Mateo Schmidt,London,England,United Kingdom,2025-07-19,false
CUST-000984,Grace Santos,Lisbon,Lisbon,Portugal,2023-11-05,true
CUST-000985,Arthur Smith,Vienna,Vienna,Austria,2022-10-18,true
CUST-000986,Sofia Andersson,Warsaw,Masovian,Poland,2023-07-03,true
CUST-000987,Grace Schmidt,Tampere,Pirkanmaa,Finland,2020-06-29,false
CUST-000988,Eva Petrov,Manchester,England,United Kingdom,2024-03-08,true
CUST-000989,Yusuf Williams,Munich,Bavaria,Germany,2025-06-12,true
CUST-000990,Henry Schmidt,Stockholm,Stockholm County,Sweden,2021-10-03,true
CUST-000991,Zara Rossi,Dublin,Leinster,Ireland,2025-09-11,true
CUST-000992,Omar Clark,Berlin,Berlin,Germany,2026-07-11,true
CUST-000993,Samuel Taylor,Brussels,Brussels-Capital,Belgium,2022-10-13,true
CUST-000994,Daniel Nielsen,Vancouver,British Columbia,Canada,2025-07-13,true
CUST-000995,Emma Santos,Oslo,Oslo,Norway,2025-03-11,true
CUST-000996,Fatima Smith,Paris,Ile-de-France,France,2022-07-17,true
CUST-000997,Nora Berg,Lyon,Auvergne-Rhone-Alpes,France,2024-07-11,true
CUST-000998,Isla Silva,Stockholm,Stockholm County,Sweden,2022-06-29,true
CUST-000999,Emma Smith,Austin,Texas,United States,2026-03-27,true
CUST-001000,Arthur Martin,Copenhagen,Capital Region,Denmark,2024-04-11,false
CUST-001001,Fatima Wilson,Berlin,Berlin,Germany,2021-04-07,false
CUST-001002,Samuel Ali,Paris,Ile-de-France,France,2026-08-16,true
CUST-001003,Isla Johnson,Tokyo,Tokyo,Japan,2025-04-10,true
CUST-001004,Lucas Novak,Brussels,Brussels-Capital,Belgium,2022-09-23,true
CUST-001005,Chloe Petrov,Brussels,Brussels-Capital,Belgium,2020-05-12,true
CUST-001006,Leo Schmidt,Turku,Southwest Finland,Finland,2022-04-10,true
CUST-001007,Jonas Davis,Tampere,Pirkanmaa,Finland,2026-01-16,true
CUST-001008,Grace Wilson,Oslo,Oslo,Norway,2026-01-29,true
CUST-001009,Leila Ibrahim,Lisbon,Lisbon,Portugal,2023-01-08,false
CUST-001010,Sofia Petrov,Lyon,Auvergne-Rhone-Alpes,France,2025-03-24,true
CUST-001011,Sofia Jensen,Austin,Texas,United States,2025-03-06,true
CUST-001012,Oliver Johnson,Lyon,Auvergne-Rhone-Alpes,France,2020-10-01,true
CUST-001013,Emma Dubois,Prague,Prague,Czechia,2022-04-24,true
CUST-001014,Leila Taylor,Copenhagen,Capital Region,Denmark,2024-09-23,false
CUST-001015,Fatima Ali,Tokyo,Tokyo,Japan,2022-08-12,true
CUST-001016,Arthur Virtanen,Paris,Ile-de-France,France,2020-08-27,true
CUST-001017,Leila Muller,Gothenburg,Vastra Gotaland,Sweden,2023-07-22,true
CUST-001018,Leila Martin,Paris,Ile-de-France,France,2026-01-23,true
CUST-001019,Lina Martin,Sydney,New South Wales,Australia,2022-03-17,true
CUST-001020,Arthur Korhonen,Lisbon,Lisbon,Portugal,2024-06-15,true
CUST-001021,Arthur Smith,Barcelona,Catalonia,Spain,2023-04-13,true
CUST-001022,Sofia Silva,Vienna,Vienna,Austria,2020-12-27,true
CUST-001023,Leila Virtanen,Madrid,Community of Madrid,Spain,2023-03-10,true
CUST-001024,Isla Berg,Munich,Bavaria,Germany,2022-10-28,true
CUST-001025,Lina Virtanen,London,England,United Kingdom,2024-11-29,true
CUST-001026,Omar Wilson,Lyon,Auvergne-Rhone-Alpes,France,2022-04-14,true
CUST-001027,Isla Davis,New York,New York,United States,2024-07-17,true
CUST-001028,Lucas Johnson,Copenhagen,Capital Region,Denmark,2025-10-14,true
CUST-001029,Lucas Andersson,Sydney,New South Wales,Australia,2024-02-12,true
CUST-001030,Ada Moore,Lisbon,Lisbon,Portugal,2026-04-22,false
CUST-001031,Isla Brown,Oslo,Oslo,Norway,2026-04-06,true
CUST-001032,Elias Davis,Tampere,Pirkanmaa,Finland,2021-09-30,true
CUST-001033,Fatima Silva,Madrid,Community of Madrid,Spain,2025-03-20,true
CUST-001034,Nora Williams,Amsterdam,North Holland,Netherlands,2023-02-28,true
CUST-001035,Nora Berg,Madrid,Community of Madrid,Spain,2026-04-06,true
CUST-001036,Henry Martin,Barcelona,Catalonia,Spain,2021-11-19,false
CUST-001037,Omar Garcia,Brussels,Brussels-Capital,Belgium,2024-12-31,true
CUST-001038,Arthur Santos,Barcelona,Catalonia,Spain,2021-12-17,false
CUST-001039,Oliver Berg,Toronto,Ontario,Canada,2020-03-02,true
CUST-001040,Amina Williams,Toronto,Ontario,Canada,2024-10-12,true
CUST-001041,Grace Garcia,Berlin,Berlin,Germany,2021-12-15,true
CUST-001042,Noah Andersson,Oslo,Oslo,Norway,2020-05-12,true
CUST-001043,Lucas Jensen,Munich,Bavaria,Germany,2026-03-15,true
CUST-001044,Noah Schmidt,Dublin,Leinster,Ireland,2024-11-22,true
CUST-001045,Emma Virtanen,Munich,Bavaria,Germany,2023-12-17,true
CUST-001046,Leila Jensen,Manchester,England,United Kingdom,2022-10-13,true
CUST-001047,Arthur Nielsen,Amsterdam,North Holland,Netherlands,2025-07-08,true
CUST-001048,Fatima Novak,Copenhagen,Capital Region,Denmark,2023-04-03,true
CUST-001049,Lina Virtanen,Berlin,Berlin,Germany,2022-05-21,false
CUST-001050,Sofia Rossi,Milan,Lombardy,Italy,2026-06-30,true
CUST-001051,Arthur Brown,Vancouver,British Columbia,Canada,2023-10-30,false
CUST-001052,Zara Moore,New York,New York,United States,2020-06-15,true
CUST-001053,Isla Clark,Madrid,Community of Madrid,Spain,2022-06-11,true
CUST-001054,Leo Novak,Stockholm,Stockholm County,Sweden,2023-03-21,true
CUST-001055,Nora Korhonen,Manchester,England,United Kingdom,2021-03-05,false
CUST-001056,Leo Ahmed,Tampere,Pirkanmaa,Finland,2020-06-11,true
CUST-001057,Mila Williams,Copenhagen,Capital Region,Denmark,2020-12-13,true
CUST-001058,Elias Davis,Prague,Prague,Czechia,2025-07-17,true
CUST-001059,Jonas Lopez,Vancouver,British Columbia,Canada,2025-07-29,true
CUST-001060,Jonas Johnson,Turku,Southwest Finland,Finland,2021-10-10,true
CUST-001061,Lina Taylor,Munich,Bavaria,Germany,2024-09-05,true
CUST-001062,Lina Santos,Austin,Texas,United States,2022-04-12,true
CUST-001063,Jonas Ahmed,Lisbon,Lisbon,Portugal,2020-12-01,true
CUST-001064,Arthur Martin,Dublin,Leinster,Ireland,2021-08-01,true
CUST-001065,Yusuf Ahmed,New York,New York,United States,2023-11-15,true
CUST-001066,Daniel Moore,Dublin,Leinster,Ireland,2022-03-29,true
CUST-001067,Omar Brown,Helsinki,Uusimaa,Finland,2021-07-15,false
CUST-001068,Oliver Berg,Prague,Prague,Czechia,2025-08-04,true
CUST-001069,Sofia Andersson,Milan,Lombardy,Italy,2024-01-22,true
CUST-001070,Yusuf Moore,Lisbon,Lisbon,Portugal,2020-07-12,true
CUST-001071,Emma Clark,Austin,Texas,United States,2020-04-13,true
CUST-001072,Yusuf Lopez,Tampere,Pirkanmaa,Finland,2025-12-07,true
CUST-001073,Emma Ibrahim,Vancouver,British Columbia,Canada,2020-09-22,true
CUST-001074,Amina Andersson,Barcelona,Catalonia,Spain,2023-05-26,true
CUST-001075,Isla Wilson,Milan,Lombardy,Italy,2026-01-04,true
CUST-001076,Leo Lopez,Oslo,Oslo,Norway,2023-09-03,true
CUST-001077,Leo Virtanen,Vienna,Vienna,Austria,2023-05-03,true
CUST-001078,Eva Garcia,Manchester,England,United Kingdom,2022-07-04,true
CUST-001079,Lucas Garcia,Vienna,Vienna,Austria,2020-08-18,true
CUST-001080,Yusuf Virtanen,Berlin,Berlin,Germany,2020-12-16,true
CUST-001081,Lucas Williams,Prague,Prague,Czechia,2023-03-20,true
CUST-001082,Sofia Muller,Paris,Ile-de-France,France,2024-09-02,true
CUST-001083,Samuel Wilson,London,England,United Kingdom,2021-08-24,true
CUST-001084,Samuel Brown,New York,New York,United States,2023-01-27,true
CUST-001085,Oliver Williams,Barcelona,Catalonia,Spain,2021-11-14,true
CUST-001086,Amina Rossi,Oslo,Oslo,Norway,2024-07-07,true
CUST-001087,Mateo Williams,Tampere,Pirkanmaa,Finland,2023-07-30,true
CUST-001088,Lina Novak,Milan,Lombardy,Italy,2025-04-29,true
CUST-001089,Leo Muller,Brussels,Brussels-Capital,Belgium,2024-03-28,true
CUST-001090,Lina Williams,London,England,United Kingdom,2022-10-15,true
CUST-001091,Maya Khan,Brussels,Brussels-Capital,Belgium,2020-11-07,true
CUST-001092,Chloe Ahmed,Austin,Texas,United States,2021-09-23,true
CUST-001093,Lina Santos,Helsinki,Uusimaa,Finland,2023-04-21,true
CUST-001094,Isla Korhonen,Rome,Lazio,Italy,2021-03-21,true
CUST-001095,Samuel Ahmed,Vienna,Vienna,Austria,2022-07-02,true
CUST-001096,Omar Santos,Vienna,Vienna,Austria,2020-06-19,true
CUST-001097,Nora Wilson,Brussels,Brussels-Capital,Belgium,2024-02-18,true
CUST-001098,Maya Williams,Toronto,Ontario,Canada,2026-07-02,true
CUST-001099,Amina Jensen,Stockholm,Stockholm County,Sweden,2024-02-17,true
CUST-001100,Mila Taylor,Sydney,New South Wales,Australia,2026-03-19,true
CUST-001101,Mila Dubois,Copenhagen,Capital Region,Denmark,2023-08-13,true
CUST-001102,Omar Ali,Prague,Prague,Czechia,2024-04-30,true
CUST-001103,Omar Clark,Lisbon,Lisbon,Portugal,2024-07-09,true
CUST-001104,Ada Korhonen,Tokyo,Tokyo,Japan,2024-06-22,true
CUST-001105,Mateo Ali,Stockholm,Stockholm County,Sweden,2023-12-19,true
CUST-001106,Oliver Williams,Barcelona,Catalonia,Spain,2026-04-01,true
CUST-001107,Zara Moore,London,England,United Kingdom,2022-03-25,true
CUST-001108,Benjamin Taylor,Prague,Prague,Czechia,2024-10-25,true
CUST-001109,Oliver Brown,Austin,Texas,United States,2026-05-05,true
CUST-001110,Daniel Ibrahim,Lyon,Auvergne-Rhone-Alpes,France,2026-08-18,true
CUST-001111,Samuel Johnson,Madrid,Community of Madrid,Spain,2022-10-23,true
CUST-001112,Mateo Garcia,Prague,Prague,Czechia,2021-02-25,true
CUST-001113,Samuel Korhonen,Copenhagen,Capital Region,Denmark,2025-11-28,true
CUST-001114,Mila Novak,Oslo,Oslo,Norway,2022-08-28,false
CUST-001115,Eva Smith,Lyon,Auvergne-Rhone-Alpes,France,2022-01-29,true
CUST-001116,Leila Ali,Berlin,Berlin,Germany,2022-11-04,true
CUST-001117,Mila Williams,Gothenburg,Vastra Gotaland,Sweden,2024-10-09,true
CUST-001118,Yusuf Santos,New York,New York,United States,2024-10-25,true
CUST-001119,Ada Dubois,Dublin,Leinster,Ireland,2026-01-28,true
CUST-001120,Elias Khan,Austin,Texas,United States,2024-09-25,true
CUST-001121,Lina Moore,Helsinki,Uusimaa,Finland,2020-09-07,true
CUST-001122,Elias Williams,Vancouver,British Columbia,Canada,2020-05-20,true
CUST-001123,Chloe Jensen,Vancouver,British Columbia,Canada,2023-01-29,true
CUST-001124,Chloe Muller,Milan,Lombardy,Italy,2026-07-18,false
CUST-001125,Oliver Clark,Amsterdam,North Holland,Netherlands,2024-09-05,true
CUST-001126,Leila Ali,Vienna,Vienna,Austria,2021-02-08,true
CUST-001127,Isla Novak,Munich,Bavaria,Germany,2025-01-17,false
CUST-001128,Sofia Williams,Toronto,Ontario,Canada,2026-06-14,true
CUST-001129,Sofia Andersson,Warsaw,Masovian,Poland,2022-02-26,true
CUST-001130,Elias Taylor,Barcelona,Catalonia,Spain,2020-09-24,true
CUST-001131,Lina Novak,New York,New York,United States,2023-10-28,true
CUST-001132,David Silva,Rome,Lazio,Italy,2022-06-24,true
CUST-001133,Lucas Silva,Berlin,Berlin,Germany,2020-09-04,true
CUST-001134,Samuel Schmidt,Warsaw,Masovian,Poland,2023-07-18,true
CUST-001135,Mateo Brown,Vienna,Vienna,Austria,2022-10-08,true
CUST-001136,Omar Moore,Helsinki,Uusimaa,Finland,2023-05-15,true
CUST-001137,Jonas Ahmed,Prague,Prague,Czechia,2022-03-23,true
CUST-001138,Mila Petrov,Milan,Lombardy,Italy,2026-05-12,true
CUST-001139,Samuel Schmidt,Manchester,England,United Kingdom,2025-12-09,false
CUST-001140,Arthur Berg,Paris,Ile-de-France,France,2025-09-21,true
CUST-001141,Mila Silva,Stockholm,Stockholm County,Sweden,2026-06-17,false
CUST-001142,Emma Novak,Austin,Texas,United States,2025-01-15,true
CUST-001143,Zara Berg,Toronto,Ontario,Canada,2021-12-18,true
CUST-001144,Ada Novak,Milan,Lombardy,Italy,2022-07-21,true
CUST-001145,Eva Brown,Lyon,Auvergne-Rhone-Alpes,France,2026-04-05,true
CUST-001146,Yusuf Khan,Lyon,Auvergne-Rhone-Alpes,France,2024-09-12,true
CUST-001147,Mila Lopez,London,England,United Kingdom,2021-08-17,false
CUST-001148,Mateo Silva,Rome,Lazio,Italy,2023-05-07,true
CUST-001149,Noah Lopez,Stockholm,Stockholm County,Sweden,2025-04-15,false
CUST-001150,Mila Virtanen,Vienna,Vienna,Austria,2021-03-30,true
CUST-001151,Zara Silva,Munich,Bavaria,Germany,2022-10-16,true
CUST-001152,Benjamin Schmidt,Helsinki,Uusimaa,Finland,2020-08-24,true
CUST-001153,Samuel Rossi,Paris,Ile-de-France,France,2022-03-05,true
CUST-001154,Henry Berg,Sydney,New South Wales,Australia,2023-07-19,true
CUST-001155,Fatima Moore,New York,New York,United States,2025-01-07,true
CUST-001156,Oliver Ali,Lisbon,Lisbon,Portugal,2020-02-08,true
CUST-001157,Mila Schmidt,Tampere,Pirkanmaa,Finland,2021-02-04,true
CUST-001158,Emma Berg,Turku,Southwest Finland,Finland,2020-06-12,true
CUST-001159,Grace Nielsen,Barcelona,Catalonia,Spain,2024-05-14,true
CUST-001160,Benjamin Dubois,Austin,Texas,United States,2025-07-30,true
CUST-001161,Samuel Johnson,Toronto,Ontario,Canada,2023-05-21,true
CUST-001162,Daniel Berg,Munich,Bavaria,Germany,2025-04-24,true
CUST-001163,Henry Ali,Lisbon,Lisbon,Portugal,2020-07-02,true
CUST-001164,Ada Smith,London,England,United Kingdom,2026-02-27,true
CUST-001165,Sofia Novak,Gothenburg,Vastra Gotaland,Sweden,2023-03-16,true
CUST-001166,Leila Martin,Amsterdam,North Holland,Netherlands,2025-07-25,true
CUST-001167,Amina Martin,Barcelona,Catalonia,Spain,2023-05-21,true
CUST-001168,Arthur Ahmed,Madrid,Community of Madrid,Spain,2020-04-06,true
CUST-001169,Emma Ibrahim,Stockholm,Stockholm County,Sweden,2025-05-09,true
CUST-001170,Sofia Korhonen,Gothenburg,Vastra Gotaland,Sweden,2020-01-12,false
CUST-001171,Fatima Santos,Rome,Lazio,Italy,2021-08-15,false
CUST-001172,Amina Moore,Oslo,Oslo,Norway,2020-02-22,false
CUST-001173,Fatima Nielsen,Prague,Prague,Czechia,2024-10-14,true
CUST-001174,Zara Lopez,Toronto,Ontario,Canada,2021-07-07,false
CUST-001175,Omar Ali,Lisbon,Lisbon,Portugal,2023-02-21,true
CUST-001176,Leo Virtanen,Turku,Southwest Finland,Finland,2021-11-21,true
CUST-001177,Daniel Schmidt,Dublin,Leinster,Ireland,2022-08-29,false
CUST-001178,Noah Andersson,Warsaw,Masovian,Poland,2023-11-22,true
CUST-001179,Elias Berg,Amsterdam,North Holland,Netherlands,2020-03-27,true
CUST-001180,Fatima Andersson,Brussels,Brussels-Capital,Belgium,2021-03-04,false
CUST-001181,Arthur Santos,Lyon,Auvergne-Rhone-Alpes,France,2021-10-29,true
CUST-001182,Arthur Muller,Dublin,Leinster,Ireland,2021-06-13,false
CUST-001183,Daniel Silva,Tampere,Pirkanmaa,Finland,2026-04-19,true
CUST-001184,Jonas Ibrahim,Gothenburg,Vastra Gotaland,Sweden,2023-01-27,true
CUST-001185,Noah Rossi,Rome,Lazio,Italy,2026-07-05,true
CUST-001186,Emma Virtanen,London,England,United Kingdom,2022-12-30,false
CUST-001187,Nora Johnson,Turku,Southwest Finland,Finland,2026-03-27,true
CUST-001188,Isla Lopez,Brussels,Brussels-Capital,Belgium,2022-09-18,true
CUST-001189,Noah Ibrahim,Copenhagen,Capital Region,Denmark,2025-10-23,true
CUST-001190,Lucas Brown,Madrid,Community of Madrid,Spain,2024-12-07,true
CUST-001191,Henry Dubois,Brussels,Brussels-Capital,Belgium,2024-09-21,true
CUST-001192,Maya Clark,Tampere,Pirkanmaa,Finland,2021-12-07,true
CUST-001193,Leila Williams,Dublin,Leinster,Ireland,2022-07-08,true
CUST-001194,David Lopez,Dublin,Leinster,Ireland,2022-09-25,false
CUST-001195,Ada Silva,Austin,Texas,United States,2024-03-08,true
CUST-001196,Nora Lopez,Lyon,Auvergne-Rhone-Alpes,France,2022-01-01,false
CUST-001197,Ada Lopez,Prague,Prague,Czechia,2023-05-27,true
CUST-001198,Amina Ibrahim,Gothenburg,Vastra Gotaland,Sweden,2021-08-14,false
CUST-001199,Mateo Muller,Sydney,New South Wales,Australia,2026-06-27,true
CUST-001200,Lucas Rossi,Lisbon,Lisbon,Portugal,2020-11-02,true
CUST-001201,Samuel Garcia,Gothenburg,Vastra Gotaland,Sweden,2022-06-09,true
CUST-001202,Fatima Korhonen,Sydney,New South Wales,Australia,2022-06-10,true
CUST-001203,Mateo Novak,Milan,Lombardy,Italy,2020-07-25,true
CUST-001204,Mila Wilson,Vancouver,British Columbia,Canada,2024-11-17,false
CUST-001205,Grace Taylor,Rome,Lazio,Italy,2023-05-13,true
CUST-001206,David Petrov,Vienna,Vienna,Austria,2020-05-04,true
CUST-001207,David Taylor,Warsaw,Masovian,Poland,2026-06-26,true
CUST-001208,Jonas Ibrahim,Berlin,Berlin,Germany,2020-08-04,true
CUST-001209,Leo Clark,Amsterdam,North Holland,Netherlands,2022-10-20,true
CUST-001210,Elias Petrov,Lisbon,Lisbon,Portugal,2022-03-09,true
CUST-001211,Mila Novak,Warsaw,Masovian,Poland,2021-04-18,false
CUST-001212,Chloe Andersson,Vancouver,British Columbia,Canada,2025-12-16,true
CUST-001213,Lucas Andersson,Tokyo,Tokyo,Japan,2023-10-04,true
CUST-001214,Nora Johnson,Vancouver,British Columbia,Canada,2023-08-07,true
CUST-001215,Ada Santos,Prague,Prague,Czechia,2020-11-28,true
CUST-001216,Samuel Williams,Paris,Ile-de-France,France,2023-05-08,true
CUST-001217,Grace Garcia,Toronto,Ontario,Canada,2024-01-29,true
CUST-001218,Sofia Nielsen,Stockholm,Stockholm County,Sweden,2021-08-25,true
CUST-001219,Lucas Nielsen,Lyon,Auvergne-Rhone-Alpes,France,2026-05-19,true
CUST-001220,Eva Novak,Toronto,Ontario,Canada,2024-04-22,true
CUST-001221,Fatima Martin,Milan,Lombardy,Italy,2026-04-20,true
CUST-001222,Leila Berg,Gothenburg,Vastra Gotaland,Sweden,2020-10-06,true
CUST-001223,Fatima Jensen,Tampere,Pirkanmaa,Finland,2025-06-24,true
CUST-001224,Lina Korhonen,London,England,United Kingdom,2024-04-21,true
CUST-001225,Amina Williams,Stockholm,Stockholm County,Sweden,2023-07-13,true
CUST-001226,Jonas Lopez,Amsterdam,North Holland,Netherlands,2024-05-26,true
CUST-001227,Zara Muller,Gothenburg,Vastra Gotaland,Sweden,2021-08-13,true
CUST-001228,Elias Davis,Sydney,New South Wales,Australia,2021-02-26,true
CUST-001229,Grace Silva,Vancouver,British Columbia,Canada,2024-06-04,true
CUST-001230,Amina Nielsen,Gothenburg,Vastra Gotaland,Sweden,2020-02-22,true
CUST-001231,Mila Taylor,Oslo,Oslo,Norway,2023-12-12,true
CUST-001232,Benjamin Muller,Vancouver,British Columbia,Canada,2025-06-16,true
CUST-001233,Leila Williams,Tampere,Pirkanmaa,Finland,2021-11-13,true
CUST-001234,Samuel Santos,Vienna,Vienna,Austria,2020-11-29,true
CUST-001235,Arthur Khan,Rome,Lazio,Italy,2020-10-23,true
CUST-001236,Ada Dubois,Munich,Bavaria,Germany,2026-05-17,true
CUST-001237,Amina Brown,Oslo,Oslo,Norway,2025-03-02,true
CUST-001238,Yusuf Moore,Munich,Bavaria,Germany,2026-05-02,true
CUST-001239,Zara Taylor,Oslo,Oslo,Norway,2020-07-19,true
CUST-001240,Mila Schmidt,Barcelona,Catalonia,Spain,2024-10-13,true
CUST-001241,Chloe Johnson,Dublin,Leinster,Ireland,2023-08-16,true
CUST-001242,Benjamin Novak,London,England,United Kingdom,2023-09-26,true
CUST-001243,Henry Berg,Tokyo,Tokyo,Japan,2024-12-16,true
CUST-001244,Omar Johnson,Prague,Prague,Czechia,2020-04-23,true
CUST-001245,Zara Ibrahim,Paris,Ile-de-France,France,2024-09-10,true
CUST-001246,Ada Davis,Stockholm,Stockholm County,Sweden,2023-01-12,false
CUST-001247,Grace Silva,Vancouver,British Columbia,Canada,2022-10-03,true
CUST-001248,Zara Jensen,Warsaw,Masovian,Poland,2020-11-04,true
CUST-001249,Grace Muller,Berlin,Berlin,Germany,2024-07-29,false
CUST-001250,Jonas Johnson,Berlin,Berlin,Germany,2021-04-13,true
CUST-001251,Fatima Wilson,Manchester,England,United Kingdom,2025-03-22,false
CUST-001252,Amina Schmidt,Gothenburg,Vastra Gotaland,Sweden,2024-07-14,true
CUST-001253,Nora Martin,Munich,Bavaria,Germany,2024-05-06,false
CUST-001254,Isla Petrov,Toronto,Ontario,Canada,2021-05-09,false
CUST-001255,Henry Jensen,Madrid,Community of Madrid,Spain,2021-01-30,true
CUST-001256,Mila Martin,Lyon,Auvergne-Rhone-Alpes,France,2026-02-19,true
CUST-001257,Maya Rossi,Milan,Lombardy,Italy,2026-05-04,true
CUST-001258,Maya Taylor,Toronto,Ontario,Canada,2023-11-13,false
CUST-001259,Sofia Silva,Toronto,Ontario,Canada,2023-01-07,true
CUST-001260,Oliver Berg,Amsterdam,North Holland,Netherlands,2021-02-04,true
CUST-001261,Mateo Novak,Helsinki,Uusimaa,Finland,2020-05-13,true
CUST-001262,Jonas Ali,Gothenburg,Vastra Gotaland,Sweden,2020-01-31,true
CUST-001263,Lina Martin,Vancouver,British Columbia,Canada,2026-02-06,true
CUST-001264,Mila Clark,Warsaw,Masovian,Poland,2022-06-23,true
CUST-001265,Maya Berg,Amsterdam,North Holland,Netherlands,2024-08-18,true
CUST-001266,David Silva,Manchester,England,United Kingdom,2021-08-28,true
CUST-001267,Benjamin Silva,London,England,United Kingdom,2020-07-04,true
CUST-001268,Isla Smith,London,England,United Kingdom,2020-10-11,true
CUST-001269,Maya Garcia,Sydney,New South Wales,Australia,2020-10-05,true
CUST-001270,Leo Jensen,Amsterdam,North Holland,Netherlands,2024-10-17,true
CUST-001271,David Korhonen,Brussels,Brussels-Capital,Belgium,2022-05-20,true
CUST-001272,Amina Rossi,Prague,Prague,Czechia,2025-04-03,true
CUST-001273,Maya Nielsen,Copenhagen,Capital Region,Denmark,2024-09-01,true
CUST-001274,Yusuf Silva,Warsaw,Masovian,Poland,2021-07-09,true
CUST-001275,Samuel Brown,Lyon,Auvergne-Rhone-Alpes,France,2021-06-20,true
CUST-001276,Chloe Clark,Rome,Lazio,Italy,2026-08-03,true
CUST-001277,Benjamin Ahmed,Vancouver,British Columbia,Canada,2022-07-12,true
CUST-001278,Zara Virtanen,Madrid,Community of Madrid,Spain,2025-08-21,true
CUST-001279,Amina Schmidt,Turku,Southwest Finland,Finland,2026-05-15,true
CUST-001280,Elias Petrov,Paris,Ile-de-France,France,2022-12-15,true
CUST-001281,Henry Schmidt,Prague,Prague,Czechia,2023-08-12,true
CUST-001282,Lucas Petrov,Turku,Southwest Finland,Finland,2022-07-11,true
CUST-001283,Mila Taylor,Turku,Southwest Finland,Finland,2022-08-16,true
CUST-001284,Grace Petrov,Tampere,Pirkanmaa,Finland,2026-01-20,true
CUST-001285,Jonas Davis,Paris,Ile-de-France,France,2022-08-31,true
CUST-001286,Arthur Garcia,Prague,Prague,Czechia,2020-08-11,false
CUST-001287,Samuel Rossi,Manchester,England,United Kingdom,2021-02-12,false
CUST-001288,Noah Santos,New York,New York,United States,2025-07-29,true
CUST-001289,Oliver Andersson,Tampere,Pirkanmaa,Finland,2020-02-10,false
CUST-001290,Benjamin Lopez,Austin,Texas,United States,2023-07-25,true
CUST-001291,Ada Muller,Tokyo,Tokyo,Japan,2022-01-10,true
CUST-001292,Lina Nielsen,Berlin,Berlin,Germany,2025-08-30,true
CUST-001293,Isla Nielsen,Paris,Ile-de-France,France,2022-12-06,false
CUST-001294,Nora Berg,Prague,Prague,Czechia,2024-03-29,false
CUST-001295,Yusuf Garcia,Brussels,Brussels-Capital,Belgium,2021-09-10,true
CUST-001296,Oliver Andersson,Paris,Ile-de-France,France,2021-08-24,true
CUST-001297,Isla Ali,Vancouver,British Columbia,Canada,2024-04-18,true
CUST-001298,Sofia Garcia,Turku,Southwest Finland,Finland,2023-01-21,true
CUST-001299,Oliver Ibrahim,Paris,Ile-de-France,France,2024-07-30,true
CUST-001300,Omar Virtanen,Amsterdam,North Holland,Netherlands,2020-08-13,true
CUST-001301,Grace Taylor,New York,New York,United States,2021-09-04,true
CUST-001302,Chloe Smith,Oslo,Oslo,Norway,2021-07-31,true
CUST-001303,Lina Andersson,Munich,Bavaria,Germany,2024-02-02,true
CUST-001304,Maya Lopez,London,England,United Kingdom,2024-02-28,true
CUST-001305,Lina Dubois,Lisbon,Lisbon,Portugal,2021-06-03,true
CUST-001306,David Korhonen,Vancouver,British Columbia,Canada,2024-01-27,true
CUST-001307,Leo Petrov,Copenhagen,Capital Region,Denmark,2024-07-16,true
CUST-001308,Lina Ibrahim,Dublin,Leinster,Ireland,2020-02-07,true
CUST-001309,Sofia Korhonen,Milan,Lombardy,Italy,2026-02-08,true
CUST-001310,Ada Virtanen,Gothenburg,Vastra Gotaland,Sweden,2021-02-14,false
CUST-001311,Ada Jensen,Rome,Lazio,Italy,2024-09-18,true
CUST-001312,Mila Santos,London,England,United Kingdom,2025-02-02,true
CUST-001313,Omar Garcia,Tampere,Pirkanmaa,Finland,2022-09-28,true
CUST-001314,Benjamin Moore,Sydney,New South Wales,Australia,2024-11-07,false
CUST-001315,Samuel Ali,Munich,Bavaria,Germany,2025-03-26,true
CUST-001316,Daniel Garcia,Berlin,Berlin,Germany,2021-03-18,false
CUST-001317,Mateo Clark,Copenhagen,Capital Region,Denmark,2024-11-29,true
CUST-001318,Arthur Berg,Gothenburg,Vastra Gotaland,Sweden,2026-04-30,false
CUST-001319,Fatima Jensen,Vienna,Vienna,Austria,2023-08-04,true
CUST-001320,Oliver Berg,Berlin,Berlin,Germany,2025-06-15,true
CUST-001321,Mila Santos,Prague,Prague,Czechia,2023-05-01,true
CUST-001322,Omar Ibrahim,Barcelona,Catalonia,Spain,2021-06-05,true
CUST-001323,Yusuf Ahmed,Toronto,Ontario,Canada,2022-05-24,false
CUST-001324,Noah Brown,Toronto,Ontario,Canada,2025-01-11,true
CUST-001325,Ada Davis,Manchester,England,United Kingdom,2021-05-30,true
CUST-001326,Fatima Ibrahim,Oslo,Oslo,Norway,2025-12-06,false
CUST-001327,Henry Petrov,Munich,Bavaria,Germany,2024-08-11,true
CUST-001328,Jonas Brown,Copenhagen,Capital Region,Denmark,2020-09-19,true
CUST-001329,Leila Berg,Warsaw,Masovian,Poland,2020-05-21,true
CUST-001330,Maya Smith,Toronto,Ontario,Canada,2022-05-07,true
CUST-001331,Mateo Jensen,Barcelona,Catalonia,Spain,2024-09-14,true
CUST-001332,Arthur Khan,Manchester,England,United Kingdom,2021-05-30,true
CUST-001333,Zara Martin,Milan,Lombardy,Italy,2020-05-09,true
CUST-001334,Nora Taylor,Tokyo,Tokyo,Japan,2023-01-26,false
CUST-001335,Maya Wilson,Helsinki,Uusimaa,Finland,2026-03-24,true
CUST-001336,Isla Santos,Barcelona,Catalonia,Spain,2021-09-05,true
CUST-001337,Sofia Brown,Berlin,Berlin,Germany,2025-04-26,true
CUST-001338,Leo Taylor,Gothenburg,Vastra Gotaland,Sweden,2022-01-29,true
CUST-001339,Omar Williams,Warsaw,Masovian,Poland,2024-08-17,false
CUST-001340,Chloe Muller,Tokyo,Tokyo,Japan,2022-08-01,true
CUST-001341,Lucas Ali,Stockholm,Stockholm County,Sweden,2021-11-03,true
CUST-001342,Oliver Ahmed,Munich,Bavaria,Germany,2023-02-03,true
CUST-001343,Samuel Martin,Lyon,Auvergne-Rhone-Alpes,France,2022-07-23,true
CUST-001344,Arthur Garcia,Helsinki,Uusimaa,Finland,2024-01-04,true
CUST-001345,Benjamin Ahmed,Berlin,Berlin,Germany,2022-10-17,true
CUST-001346,Arthur Martin,London,England,United Kingdom,2026-08-06,true
CUST-001347,Mateo Ibrahim,Helsinki,Uusimaa,Finland,2026-06-15,true
CUST-001348,Emma Korhonen,New York,New York,United States,2025-05-27,false
CUST-001349,Leo Dubois,Paris,Ile-de-France,France,2022-04-30,true
CUST-001350,Grace Berg,Tampere,Pirkanmaa,Finland,2020-02-06,true
CUST-001351,Grace Dubois,Lisbon,Lisbon,Portugal,2021-08-06,true
CUST-001352,Leo Korhonen,Warsaw,Masovian,Poland,2026-08-19,true
CUST-001353,Mateo Martin,Amsterdam,North Holland,Netherlands,2023-09-13,true
CUST-001354,Elias Ali,Lyon,Auvergne-Rhone-Alpes,France,2024-04-08,true
CUST-001355,Daniel Andersson,Prague,Prague,Czechia,2024-08-22,true
CUST-001356,Samuel Wilson,Helsinki,Uusimaa,Finland,2022-06-01,false
CUST-001357,Noah Smith,Oslo,Oslo,Norway,2022-09-20,true
CUST-001358,Amina Ali,Austin,Texas,United States,2022-04-27,true
CUST-001359,Elias Khan,Lisbon,Lisbon,Portugal,2020-06-20,true
CUST-001360,Amina Clark,Brussels,Brussels-Capital,Belgium,2025-06-24,true
CUST-001361,Nora Garcia,Tokyo,Tokyo,Japan,2025-01-18,true
CUST-001362,Arthur Williams,Copenhagen,Capital Region,Denmark,2022-04-18,true
CUST-001363,Samuel Santos,Copenhagen,Capital Region,Denmark,2026-01-07,false
CUST-001364,Yusuf Petrov,Austin,Texas,United States,2021-09-15,true
CUST-001365,Ada Nielsen,Rome,Lazio,Italy,2023-07-12,true
CUST-001366,Emma Ibrahim,London,England,United Kingdom,2022-10-23,false
CUST-001367,Chloe Davis,Manchester,England,United Kingdom,2024-06-15,true
CUST-001368,Noah Martin,Madrid,Community of Madrid,Spain,2022-09-07,true
CUST-001369,Mila Clark,Paris,Ile-de-France,France,2023-09-15,true
CUST-001370,Grace Santos,Stockholm,Stockholm County,Sweden,2021-10-12,true
CUST-001371,Eva Moore,Munich,Bavaria,Germany,2022-04-20,false
CUST-001372,Amina Wilson,London,England,United Kingdom,2022-01-25,true
CUST-001373,Zara Berg,Vienna,Vienna,Austria,2020-06-17,true
CUST-001374,Noah Williams,Austin,Texas,United States,2022-04-20,true
CUST-001375,Henry Smith,Rome,Lazio,Italy,2023-01-31,true
CUST-001376,Mila Davis,Madrid,Community of Madrid,Spain,2024-07-02,true
CUST-001377,Lucas Martin,Tokyo,Tokyo,Japan,2023-11-11,true
CUST-001378,Yusuf Korhonen,Tampere,Pirkanmaa,Finland,2024-12-10,true
CUST-001379,Ada Davis,Munich,Bavaria,Germany,2026-06-17,true
CUST-001380,Chloe Brown,Sydney,New South Wales,Australia,2023-08-29,true
CUST-001381,Eva Virtanen,Lisbon,Lisbon,Portugal,2020-06-12,false
CUST-001382,Samuel Taylor,Warsaw,Masovian,Poland,2024-02-11,true
CUST-001383,Omar Dubois,Milan,Lombardy,Italy,2023-05-14,true
CUST-001384,Lina Ibrahim,Milan,Lombardy,Italy,2021-04-19,true
CUST-001385,Henry Moore,Dublin,Leinster,Ireland,2024-11-21,true
CUST-001386,Zara Ali,Brussels,Brussels-Capital,Belgium,2021-01-20,true
CUST-001387,Oliver Davis,Stockholm,Stockholm County,Sweden,2026-01-18,false
CUST-001388,Maya Virtanen,Stockholm,Stockholm County,Sweden,2020-09-20,true
CUST-001389,Samuel Smith,Milan,Lombardy,Italy,2024-09-10,true
CUST-001390,Noah Silva,Toronto,Ontario,Canada,2021-02-13,false
CUST-001391,Chloe Petrov,Helsinki,Uusimaa,Finland,2020-01-08,true
CUST-001392,Noah Johnson,Madrid,Community of Madrid,Spain,2023-01-14,true
CUST-001393,Isla Martin,Paris,Ile-de-France,France,2022-12-27,true
CUST-001394,Noah Virtanen,Rome,Lazio,Italy,2024-07-08,false
CUST-001395,Arthur Jensen,New York,New York,United States,2020-05-29,true
CUST-001396,Jonas Clark,Sydney,New South Wales,Australia,2023-01-29,true
CUST-001397,Samuel Rossi,Austin,Texas,United States,2025-07-06,true
CUST-001398,Ada Silva,Helsinki,Uusimaa,Finland,2021-07-16,true
CUST-001399,Jonas Brown,Madrid,Community of Madrid,Spain,2022-11-15,true
CUST-001400,Mateo Jensen,Paris,Ile-de-France,France,2023-05-21,true
CUST-001401,Amina Clark,Tampere,Pirkanmaa,Finland,2026-07-23,true
CUST-001402,Sofia Berg,Turku,Southwest Finland,Finland,2024-12-01,true
CUST-001403,Lina Martin,Copenhagen,Capital Region,Denmark,2021-07-29,true
CUST-001404,Elias Jensen,Munich,Bavaria,Germany,2026-04-23,true
CUST-001405,Mateo Muller,Austin,Texas,United States,2023-08-11,false
CUST-001406,Oliver Clark,Prague,Prague,Czechia,2020-01-14,true
CUST-001407,Jonas Ali,Brussels,Brussels-Capital,Belgium,2021-03-31,true
CUST-001408,Mila Khan,Austin,Texas,United States,2026-01-17,true
CUST-001409,Lina Nielsen,Oslo,Oslo,Norway,2025-04-22,false
CUST-001410,Eva Johnson,Brussels,Brussels-Capital,Belgium,2022-08-09,true
CUST-001411,Leila Ali,Munich,Bavaria,Germany,2025-07-17,true
CUST-001412,Lina Davis,Copenhagen,Capital Region,Denmark,2024-01-29,true
CUST-001413,Oliver Virtanen,Toronto,Ontario,Canada,2025-09-28,false
CUST-001414,Lina Lopez,Warsaw,Masovian,Poland,2021-01-03,true
CUST-001415,Elias Dubois,Berlin,Berlin,Germany,2025-07-17,true
CUST-001416,Daniel Muller,Vancouver,British Columbia,Canada,2026-05-20,false
CUST-001417,Ada Moore,Brussels,Brussels-Capital,Belgium,2026-07-03,true
CUST-001418,Sofia Petrov,Lisbon,Lisbon,Portugal,2022-12-23,true
CUST-001419,Sofia Brown,Munich,Bavaria,Germany,2020-09-01,true
CUST-001420,Henry Dubois,Munich,Bavaria,Germany,2022-07-15,true
CUST-001421,Elias Berg,Prague,Prague,Czechia,2022-10-10,true
CUST-001422,Fatima Davis,Lyon,Auvergne-Rhone-Alpes,France,2020-07-17,true
CUST-001423,Grace Davis,Paris,Ile-de-France,France,2025-10-13,false
CUST-001424,Daniel Petrov,Prague,Prague,Czechia,2021-11-20,true
CUST-001425,Sofia Johnson,Vienna,Vienna,Austria,2024-11-20,true
CUST-001426,Mateo Khan,Barcelona,Catalonia,Spain,2022-10-23,false
CUST-001427,Omar Martin,Prague,Prague,Czechia,2026-07-28,true
CUST-001428,Elias Brown,Gothenburg,Vastra Gotaland,Sweden,2023-06-12,true
CUST-001429,Yusuf Lopez,Lyon,Auvergne-Rhone-Alpes,France,2021-07-26,true
CUST-001430,Omar Dubois,Tokyo,Tokyo,Japan,2020-07-12,true
CUST-001431,Amina Berg,Paris,Ile-de-France,France,2020-09-08,true
CUST-001432,Henry Ali,Dublin,Leinster,Ireland,2024-09-09,true
CUST-001433,Yusuf Andersson,Amsterdam,North Holland,Netherlands,2026-06-09,true
CUST-001434,Samuel Petrov,Tampere,Pirkanmaa,Finland,2022-01-30,true
CUST-001435,Grace Khan,Munich,Bavaria,Germany,2023-03-25,true
CUST-001436,Henry Ibrahim,Helsinki,Uusimaa,Finland,2022-09-19,false
CUST-001437,Maya Clark,Sydney,New South Wales,Australia,2023-11-09,true
CUST-001438,Isla Ahmed,Dublin,Leinster,Ireland,2021-06-16,true
CUST-001439,Zara Clark,Vienna,Vienna,Austria,2023-10-14,true
CUST-001440,Sofia Petrov,Manchester,England,United Kingdom,2022-10-15,true
CUST-001441,Ada Muller,London,England,United Kingdom,2025-10-08,true
CUST-001442,Fatima Ibrahim,Barcelona,Catalonia,Spain,2021-02-23,true
CUST-001443,Benjamin Williams,Copenhagen,Capital Region,Denmark,2024-01-31,false
CUST-001444,Fatima Lopez,London,England,United Kingdom,2024-06-02,true
CUST-001445,David Korhonen,Barcelona,Catalonia,Spain,2025-08-03,true
CUST-001446,Maya Petrov,Turku,Southwest Finland,Finland,2020-08-29,true
CUST-001447,Mateo Ali,Austin,Texas,United States,2026-07-17,true
CUST-001448,Benjamin Johnson,Berlin,Berlin,Germany,2023-06-08,true
CUST-001449,Lucas Lopez,Sydney,New South Wales,Australia,2024-01-25,true
CUST-001450,Daniel Garcia,Barcelona,Catalonia,Spain,2023-05-20,true
CUST-001451,Ada Lopez,Helsinki,Uusimaa,Finland,2026-01-11,true
CUST-001452,Benjamin Berg,Manchester,England,United Kingdom,2023-06-17,true
CUST-001453,Leo Brown,Gothenburg,Vastra Gotaland,Sweden,2023-05-11,true
CUST-001454,Leo Korhonen,Oslo,Oslo,Norway,2022-08-31,true
CUST-001455,Fatima Moore,Paris,Ile-de-France,France,2025-05-07,true
CUST-001456,David Novak,Tokyo,Tokyo,Japan,2025-03-17,true
CUST-001457,Elias Schmidt,Lisbon,Lisbon,Portugal,2020-09-04,true
CUST-001458,Lina Brown,Brussels,Brussels-Capital,Belgium,2023-03-03,true
CUST-001459,Lucas Ahmed,Barcelona,Catalonia,Spain,2023-04-02,true
CUST-001460,Fatima Rossi,Stockholm,Stockholm County,Sweden,2023-10-02,false
CUST-001461,Elias Jensen,Rome,Lazio,Italy,2021-03-30,true
CUST-001462,Henry Muller,Brussels,Brussels-Capital,Belgium,2021-07-26,true
CUST-001463,Maya Silva,Barcelona,Catalonia,Spain,2025-07-20,true
CUST-001464,Leo Rossi,Lyon,Auvergne-Rhone-Alpes,France,2025-07-12,false
CUST-001465,Lina Clark,Turku,Southwest Finland,Finland,2025-03-09,true
CUST-001466,Eva Moore,Lisbon,Lisbon,Portugal,2026-01-28,true
CUST-001467,Henry Khan,Brussels,Brussels-Capital,Belgium,2024-10-22,true
CUST-001468,Nora Taylor,Dublin,Leinster,Ireland,2025-02-05,false
CUST-001469,Jonas Clark,New York,New York,United States,2024-09-23,true
CUST-001470,Yusuf Garcia,Copenhagen,Capital Region,Denmark,2022-03-20,true
CUST-001471,Isla Novak,Toronto,Ontario,Canada,2022-07-10,true
CUST-001472,Zara Garcia,Lyon,Auvergne-Rhone-Alpes,France,2023-08-06,true
CUST-001473,Sofia Santos,Madrid,Community of Madrid,Spain,2023-02-25,true
CUST-001474,Yusuf Taylor,Berlin,Berlin,Germany,2020-12-27,true
CUST-001475,Yusuf Wilson,London,England,United Kingdom,2022-07-31,true
CUST-001476,Daniel Taylor,Madrid,Community of Madrid,Spain,2025-06-23,true
CUST-001477,Yusuf Korhonen,Rome,Lazio,Italy,2021-08-31,false
CUST-001478,Jonas Jensen,Lyon,Auvergne-Rhone-Alpes,France,2020-02-10,false
CUST-001479,Chloe Santos,New York,New York,United States,2026-07-25,true
CUST-001480,Grace Rossi,Amsterdam,North Holland,Netherlands,2025-05-31,true
CUST-001481,Jonas Muller,Helsinki,Uusimaa,Finland,2022-05-26,true
CUST-001482,Sofia Schmidt,Barcelona,Catalonia,Spain,2024-06-27,true
CUST-001483,Elias Moore,Vienna,Vienna,Austria,2023-01-12,true
CUST-001484,Lina Schmidt,Berlin,Berlin,Germany,2025-06-15,true
CUST-001485,Ada Williams,Manchester,England,United Kingdom,2023-10-05,true
CUST-001486,Isla Berg,Berlin,Berlin,Germany,2020-01-25,true
CUST-001487,Henry Ahmed,Dublin,Leinster,Ireland,2024-10-12,false
CUST-001488,David Korhonen,Vienna,Vienna,Austria,2024-03-05,true
CUST-001489,Yusuf Dubois,Sydney,New South Wales,Australia,2026-04-02,true
CUST-001490,Chloe Garcia,Manchester,England,United Kingdom,2023-10-09,true
CUST-001491,Daniel Schmidt,Lisbon,Lisbon,Portugal,2022-09-03,true
CUST-001492,Sofia Korhonen,Vienna,Vienna,Austria,2021-04-19,true
CUST-001493,Leila Korhonen,Dublin,Leinster,Ireland,2021-09-04,true
CUST-001494,Oliver Petrov,Paris,Ile-de-France,France,2020-04-12,true
CUST-001495,Nora Williams,Toronto,Ontario,Canada,2020-03-06,true
CUST-001496,Chloe Brown,Tampere,Pirkanmaa,Finland,2022-11-01,true
CUST-001497,Henry Clark,Dublin,Leinster,Ireland,2020-07-29,true
CUST-001498,Jonas Petrov,Stockholm,Stockholm County,Sweden,2025-03-11,true
CUST-001499,Mateo Novak,Lisbon,Lisbon,Portugal,2020-08-16,true
CUST-001500,Benjamin Santos,Toronto,Ontario,Canada,2020-03-26,true
CUST-001501,Omar Williams,London,England,United Kingdom,2020-09-04,true
CUST-001502,Arthur Petrov,Helsinki,Uusimaa,Finland,2021-11-01,true
CUST-001503,Leila Ali,Manchester,England,United Kingdom,2021-01-23,true
CUST-001504,Fatima Schmidt,Sydney,New South Wales,Australia,2025-05-01,true
CUST-001505,Yusuf Andersson,New York,New York,United States,2021-04-22,true
CUST-001506,Noah Smith,Lyon,Auvergne-Rhone-Alpes,France,2021-05-27,false
CUST-001507,Noah Schmidt,Oslo,Oslo,Norway,2021-08-18,false
CUST-001508,Mateo Virtanen,New York,New York,United States,2024-05-22,false
CUST-001509,Samuel Rossi,Toronto,Ontario,Canada,2023-04-06,true
CUST-001510,Eva Taylor,Paris,Ile-de-France,France,2023-08-06,true
CUST-001511,Leo Lopez,Vancouver,British Columbia,Canada,2020-11-22,true
CUST-001512,Elias Lopez,Rome,Lazio,Italy,2023-04-05,true
CUST-001513,Samuel Ahmed,Prague,Prague,Czechia,2022-03-31,true
CUST-001514,Ada Novak,Barcelona,Catalonia,Spain,2024-01-12,true
CUST-001515,Arthur Nielsen,London,England,United Kingdom,2022-09-26,true
CUST-001516,Noah Ahmed,Oslo,Oslo,Norway,2023-06-30,true
CUST-001517,Lina Moore,Paris,Ile-de-France,France,2025-07-30,false
CUST-001518,Maya Smith,Berlin,Berlin,Germany,2022-07-16,true
CUST-001519,Oliver Johnson,Dublin,Leinster,Ireland,2021-11-25,false
CUST-001520,Chloe Andersson,Milan,Lombardy,Italy,2024-09-07,true
CUST-001521,Leila Andersson,Helsinki,Uusimaa,Finland,2023-05-26,true
CUST-001522,Leila Novak,London,England,United Kingdom,2021-08-23,true
CUST-001523,Lina Petrov,Toronto,Ontario,Canada,2023-10-27,false
CUST-001524,Mateo Novak,Paris,Ile-de-France,France,2023-01-28,true
CUST-001525,Benjamin Virtanen,Milan,Lombardy,Italy,2020-12-09,true
CUST-001526,Lina Berg,New York,New York,United States,2026-03-07,true
CUST-001527,Samuel Novak,Warsaw,Masovian,Poland,2022-06-13,true
CUST-001528,Noah Korhonen,New York,New York,United States,2024-12-05,true
CUST-001529,Leo Rossi,Oslo,Oslo,Norway,2026-05-06,true
CUST-001530,Samuel Garcia,Lyon,Auvergne-Rhone-Alpes,France,2023-04-06,true
CUST-001531,Zara Virtanen,London,England,United Kingdom,2021-10-15,true
CUST-001532,Yusuf Johnson,Manchester,England,United Kingdom,2021-04-21,true
CUST-001533,Samuel Jensen,Austin,Texas,United States,2023-10-12,false
CUST-001534,Chloe Brown,Barcelona,Catalonia,Spain,2023-09-10,true
CUST-001535,Zara Brown,Manchester,England,United Kingdom,2021-06-16,true
CUST-001536,Fatima Smith,Manchester,England,United Kingdom,2026-03-19,true
CUST-001537,Nora Virtanen,Berlin,Berlin,Germany,2023-05-09,true
CUST-001538,Leo Davis,Turku,Southwest Finland,Finland,2020-07-03,true
CUST-001539,Yusuf Wilson,Helsinki,Uusimaa,Finland,2021-12-07,true
CUST-001540,Sofia Ali,Tampere,Pirkanmaa,Finland,2021-04-26,true
CUST-001541,Samuel Khan,Helsinki,Uusimaa,Finland,2020-07-27,true
CUST-001542,Leo Korhonen,Stockholm,Stockholm County,Sweden,2022-07-11,true
CUST-001543,Mateo Johnson,Berlin,Berlin,Germany,2026-08-17,false
CUST-001544,Arthur Johnson,Stockholm,Stockholm County,Sweden,2025-12-20,true
CUST-001545,Arthur Silva,Toronto,Ontario,Canada,2020-04-14,true
CUST-001546,Nora Andersson,Vancouver,British Columbia,Canada,2021-12-06,true
CUST-001547,Mila Korhonen,Madrid,Community of Madrid,Spain,2026-04-15,false
CUST-001548,Isla Nielsen,Barcelona,Catalonia,Spain,2025-08-05,true
CUST-001549,Fatima Moore,Austin,Texas,United States,2021-04-29,true
CUST-001550,Oliver Johnson,Austin,Texas,United States,2023-09-16,true
CUST-001551,Ada Schmidt,Amsterdam,North Holland,Netherlands,2026-04-26,true
CUST-001552,Jonas Smith,Austin,Texas,United States,2020-08-14,true
CUST-001553,Omar Williams,Lisbon,Lisbon,Portugal,2026-07-23,true
CUST-001554,Eva Lopez,Toronto,Ontario,Canada,2026-01-08,true
CUST-001555,Noah Clark,Sydney,New South Wales,Australia,2025-10-10,true
CUST-001556,Leo Silva,Berlin,Berlin,Germany,2025-10-04,true
CUST-001557,Oliver Silva,Vancouver,British Columbia,Canada,2024-09-20,true
CUST-001558,Henry Davis,Tokyo,Tokyo,Japan,2022-08-03,true
CUST-001559,Arthur Jensen,Manchester,England,United Kingdom,2025-04-21,false
CUST-001560,Mila Ibrahim,Copenhagen,Capital Region,Denmark,2024-10-15,true
CUST-001561,Chloe Ahmed,Brussels,Brussels-Capital,Belgium,2025-06-14,true
CUST-001562,Jonas Taylor,Toronto,Ontario,Canada,2026-04-26,true
CUST-001563,Chloe Clark,Turku,Southwest Finland,Finland,2022-10-27,true
CUST-001564,David Schmidt,Rome,Lazio,Italy,2021-02-22,true
CUST-001565,Mila Moore,Milan,Lombardy,Italy,2023-09-08,true
CUST-001566,David Clark,Sydney,New South Wales,Australia,2021-09-01,true
CUST-001567,Grace Silva,Austin,Texas,United States,2024-03-08,true
CUST-001568,Lina Berg,Helsinki,Uusimaa,Finland,2025-10-27,true
CUST-001569,Arthur Dubois,Turku,Southwest Finland,Finland,2025-01-01,true
CUST-001570,Sofia Moore,Helsinki,Uusimaa,Finland,2021-12-15,true
CUST-001571,Henry Ahmed,Barcelona,Catalonia,Spain,2024-04-18,true
CUST-001572,Chloe Schmidt,Sydney,New South Wales,Australia,2026-02-16,true
CUST-001573,Benjamin Taylor,Copenhagen,Capital Region,Denmark,2024-10-05,true
CUST-001574,Lucas Santos,Madrid,Community of Madrid,Spain,2022-03-06,true
CUST-001575,Ada Taylor,Munich,Bavaria,Germany,2022-07-28,false
CUST-001576,Mila Rossi,Sydney,New South Wales,Australia,2020-07-08,true
CUST-001577,Eva Korhonen,Gothenburg,Vastra Gotaland,Sweden,2022-06-27,true
CUST-001578,Nora Smith,Sydney,New South Wales,Australia,2020-04-19,true
CUST-001579,Yusuf Novak,Stockholm,Stockholm County,Sweden,2024-11-30,true
CUST-001580,Elias Muller,Turku,Southwest Finland,Finland,2026-02-07,true
CUST-001581,Amina Andersson,Paris,Ile-de-France,France,2021-02-26,true
CUST-001582,Benjamin Smith,Milan,Lombardy,Italy,2021-01-22,true
CUST-001583,Sofia Nielsen,Amsterdam,North Holland,Netherlands,2026-01-15,false
CUST-001584,Oliver Clark,Oslo,Oslo,Norway,2020-08-02,true
CUST-001585,Emma Wilson,Turku,Southwest Finland,Finland,2022-09-25,true
CUST-001586,Arthur Andersson,Berlin,Berlin,Germany,2024-12-16,true
CUST-001587,Jonas Khan,Lisbon,Lisbon,Portugal,2021-01-20,true
CUST-001588,Zara Ibrahim,Munich,Bavaria,Germany,2022-05-11,true
CUST-001589,Jonas Johnson,Stockholm,Stockholm County,Sweden,2026-04-19,false
CUST-001590,Chloe Virtanen,New York,New York,United States,2020-01-20,true
CUST-001591,Grace Ibrahim,Toronto,Ontario,Canada,2023-06-18,false
CUST-001592,Lucas Khan,Lyon,Auvergne-Rhone-Alpes,France,2020-02-01,true
CUST-001593,Sofia Taylor,London,England,United Kingdom,2023-07-01,true
CUST-001594,Mila Ibrahim,Toronto,Ontario,Canada,2022-07-16,true
CUST-001595,Nora Berg,Lyon,Auvergne-Rhone-Alpes,France,2021-09-05,true
CUST-001596,Daniel Ali,London,England,United Kingdom,2025-08-18,false
CUST-001597,Daniel Nielsen,Tampere,Pirkanmaa,Finland,2020-12-30,true
CUST-001598,Maya Petrov,Amsterdam,North Holland,Netherlands,2020-03-10,false
CUST-001599,Benjamin Garcia,London,England,United Kingdom,2021-06-25,true
CUST-001600,Leo Martin,Tampere,Pirkanmaa,Finland,2025-02-01,true
CUST-001601,Daniel Clark,Tampere,Pirkanmaa,Finland,2021-03-30,true
CUST-001602,Mateo Petrov,Vienna,Vienna,Austria,2021-07-29,true
CUST-001603,Yusuf Korhonen,Gothenburg,Vastra Gotaland,Sweden,2022-12-14,true
CUST-001604,Benjamin Silva,Warsaw,Masovian,Poland,2025-01-02,true
CUST-001605,Mateo Dubois,Lyon,Auvergne-Rhone-Alpes,France,2021-03-26,true
CUST-001606,Nora Jensen,Berlin,Berlin,Germany,2021-09-07,true
CUST-001607,Amina Rossi,Vienna,Vienna,Austria,2022-09-09,true
CUST-001608,Lucas Lopez,Stockholm,Stockholm County,Sweden,2025-04-17,true
CUST-001609,Zara Schmidt,Copenhagen,Capital Region,Denmark,2024-01-23,true
CUST-001610,Elias Schmidt,Berlin,Berlin,Germany,2023-06-12,true
CUST-001611,Noah Korhonen,Tampere,Pirkanmaa,Finland,2026-08-27,true
CUST-001612,Elias Garcia,Prague,Prague,Czechia,2025-09-24,false
CUST-001613,Mila Korhonen,Tampere,Pirkanmaa,Finland,2026-02-22,true
CUST-001614,Chloe Davis,Vienna,Vienna,Austria,2022-08-12,true
CUST-001615,Daniel Moore,Milan,Lombardy,Italy,2020-11-15,true
CUST-001616,Henry Petrov,Stockholm,Stockholm County,Sweden,2021-03-08,true
CUST-001617,Omar Davis,Turku,Southwest Finland,Finland,2024-11-26,false
CUST-001618,Mateo Andersson,Vancouver,British Columbia,Canada,2025-05-24,true
CUST-001619,Samuel Lopez,Vancouver,British Columbia,Canada,2022-04-20,true
CUST-001620,Leo Silva,London,England,United Kingdom,2022-04-12,true
CUST-001621,Ada Johnson,Stockholm,Stockholm County,Sweden,2026-07-24,true
CUST-001622,Mateo Muller,Brussels,Brussels-Capital,Belgium,2022-12-22,true
CUST-001623,Benjamin Garcia,Lyon,Auvergne-Rhone-Alpes,France,2020-01-31,false
CUST-001624,Jonas Ibrahim,Brussels,Brussels-Capital,Belgium,2026-07-18,true
CUST-001625,Ada Schmidt,New York,New York,United States,2022-01-03,true
CUST-001626,Amina Schmidt,Oslo,Oslo,Norway,2022-05-03,true
CUST-001627,Arthur Garcia,Barcelona,Catalonia,Spain,2026-06-15,true
CUST-001628,Mateo Taylor,New York,New York,United States,2020-04-16,true
CUST-001629,Benjamin Dubois,Gothenburg,Vastra Gotaland,Sweden,2020-08-07,true
CUST-001630,Sofia Garcia,Barcelona,Catalonia,Spain,2020-11-09,true
CUST-001631,Jonas Ali,Lisbon,Lisbon,Portugal,2024-01-20,true
CUST-001632,Grace Petrov,Austin,Texas,United States,2026-04-20,true
CUST-001633,Noah Jensen,Munich,Bavaria,Germany,2026-05-11,true
CUST-001634,David Korhonen,Stockholm,Stockholm County,Sweden,2020-09-22,true
CUST-001635,Arthur Ahmed,Prague,Prague,Czechia,2025-08-06,true
CUST-001636,Sofia Ali,Dublin,Leinster,Ireland,2020-07-07,true
CUST-001637,Eva Williams,Gothenburg,Vastra Gotaland,Sweden,2023-01-11,false
CUST-001638,Arthur Muller,Vancouver,British Columbia,Canada,2020-09-09,true
CUST-001639,Zara Clark,Vienna,Vienna,Austria,2022-09-08,true
CUST-001640,Mila Korhonen,Copenhagen,Capital Region,Denmark,2023-04-21,false
CUST-001641,Elias Virtanen,Prague,Prague,Czechia,2022-11-02,false
CUST-001642,Mila Smith,Berlin,Berlin,Germany,2024-07-03,true
CUST-001643,Lucas Moore,Rome,Lazio,Italy,2022-12-11,false
CUST-001644,Lucas Johnson,Sydney,New South Wales,Australia,2024-11-15,true
CUST-001645,Fatima Korhonen,Prague,Prague,Czechia,2021-08-10,true
CUST-001646,Maya Santos,Prague,Prague,Czechia,2020-03-20,true
CUST-001647,Arthur Muller,Oslo,Oslo,Norway,2022-05-29,true
CUST-001648,Chloe Berg,Oslo,Oslo,Norway,2020-05-18,true
CUST-001649,Leila Williams,Vienna,Vienna,Austria,2025-04-16,true
CUST-001650,Mila Smith,Milan,Lombardy,Italy,2026-06-11,true
CUST-001651,Chloe Andersson,Warsaw,Masovian,Poland,2022-03-28,true
CUST-001652,Noah Berg,Toronto,Ontario,Canada,2024-07-31,true
CUST-001653,Jonas Smith,Prague,Prague,Czechia,2020-08-29,false
CUST-001654,Zara Ahmed,Warsaw,Masovian,Poland,2022-11-29,true
CUST-001655,Noah Ali,Copenhagen,Capital Region,Denmark,2020-02-12,true
CUST-001656,Yusuf Jensen,Prague,Prague,Czechia,2024-07-06,true
CUST-001657,Zara Korhonen,Sydney,New South Wales,Australia,2025-02-14,true
CUST-001658,Lucas Garcia,Berlin,Berlin,Germany,2024-12-13,true
CUST-001659,David Ahmed,Berlin,Berlin,Germany,2021-12-15,true
CUST-001660,Leo Ibrahim,Barcelona,Catalonia,Spain,2023-09-25,true
CUST-001661,Henry Martin,New York,New York,United States,2024-12-21,true
CUST-001662,Elias Moore,Warsaw,Masovian,Poland,2022-06-18,false
CUST-001663,Eva Wilson,Helsinki,Uusimaa,Finland,2021-01-02,true
CUST-001664,Arthur Garcia,Warsaw,Masovian,Poland,2026-06-07,false
CUST-001665,Sofia Wilson,Rome,Lazio,Italy,2020-07-05,true
CUST-001666,Nora Rossi,Helsinki,Uusimaa,Finland,2026-04-17,false
CUST-001667,Henry Jensen,Sydney,New South Wales,Australia,2026-08-31,true
CUST-001668,Elias Davis,London,England,United Kingdom,2024-12-02,true
CUST-001669,Nora Silva,Austin,Texas,United States,2024-02-08,true
CUST-001670,Eva Taylor,Berlin,Berlin,Germany,2026-01-18,true
CUST-001671,Daniel Petrov,Warsaw,Masovian,Poland,2020-01-18,true
CUST-001672,Noah Johnson,Manchester,England,United Kingdom,2022-04-18,true
CUST-001673,Noah Petrov,Oslo,Oslo,Norway,2025-12-05,true
CUST-001674,Leo Wilson,Tokyo,Tokyo,Japan,2025-06-28,true
CUST-001675,Mateo Ibrahim,London,England,United Kingdom,2022-01-10,true
CUST-001676,Henry Silva,Helsinki,Uusimaa,Finland,2023-08-16,true
CUST-001677,Fatima Silva,Gothenburg,Vastra Gotaland,Sweden,2023-11-08,false
CUST-001678,Leo Korhonen,Warsaw,Masovian,Poland,2022-12-08,true
CUST-001679,Amina Martin,Tampere,Pirkanmaa,Finland,2020-08-20,false
CUST-001680,David Garcia,Sydney,New South Wales,Australia,2024-02-27,true
CUST-001681,Yusuf Jensen,Prague,Prague,Czechia,2022-01-19,true
CUST-001682,Benjamin Williams,Austin,Texas,United States,2026-01-26,true
CUST-001683,Lina Martin,Tampere,Pirkanmaa,Finland,2020-05-13,true
CUST-001684,Daniel Clark,Berlin,Berlin,Germany,2024-09-08,true
CUST-001685,Yusuf Rossi,Paris,Ile-de-France,France,2024-09-20,true
CUST-001686,Samuel Santos,New York,New York,United States,2025-04-21,true
CUST-001687,Benjamin Garcia,London,England,United Kingdom,2023-08-05,true
CUST-001688,Leila Ahmed,Prague,Prague,Czechia,2025-10-03,false
CUST-001689,Nora Khan,Amsterdam,North Holland,Netherlands,2026-03-28,true
CUST-001690,Jonas Martin,Oslo,Oslo,Norway,2025-02-23,true
CUST-001691,Lucas Taylor,Tampere,Pirkanmaa,Finland,2023-02-28,true
CUST-001692,Jonas Johnson,Brussels,Brussels-Capital,Belgium,2020-11-10,false
CUST-001693,Jonas Andersson,Copenhagen,Capital Region,Denmark,2020-11-05,true
CUST-001694,Lucas Williams,Helsinki,Uusimaa,Finland,2020-12-22,true
CUST-001695,Chloe Khan,Vienna,Vienna,Austria,2026-08-04,true
CUST-001696,Elias Schmidt,Toronto,Ontario,Canada,2023-10-21,false
CUST-001697,Lina Johnson,Vienna,Vienna,Austria,2023-03-17,false
CUST-001698,Noah Korhonen,Milan,Lombardy,Italy,2023-12-25,true
CUST-001699,Amina Schmidt,Warsaw,Masovian,Poland,2020-09-16,true
CUST-001700,Benjamin Jensen,Toronto,Ontario,Canada,2020-02-17,true
CUST-001701,Jonas Lopez,Amsterdam,North Holland,Netherlands,2026-01-11,true
CUST-001702,Lucas Martin,London,England,United Kingdom,2025-02-02,true
CUST-001703,Lucas Martin,Lyon,Auvergne-Rhone-Alpes,France,2020-09-13,true
CUST-001704,Benjamin Jensen,Lyon,Auvergne-Rhone-Alpes,France,2021-05-06,true
CUST-001705,Mila Moore,Stockholm,Stockholm County,Sweden,2023-01-08,true
CUST-001706,Sofia Ibrahim,Stockholm,Stockholm County,Sweden,2023-12-04,true
CUST-001707,Lucas Virtanen,Turku,Southwest Finland,Finland,2022-03-26,true
CUST-001708,Mila Ali,Sydney,New South Wales,Australia,2021-09-30,true
CUST-001709,David Andersson,Lyon,Auvergne-Rhone-Alpes,France,2020-01-28,true
CUST-001710,Leo Schmidt,Prague,Prague,Czechia,2023-09-01,false
CUST-001711,Noah Moore,Amsterdam,North Holland,Netherlands,2024-01-10,true
CUST-001712,Oliver Davis,Helsinki,Uusimaa,Finland,2026-07-09,false
CUST-001713,Maya Garcia,Turku,Southwest Finland,Finland,2025-12-26,true
CUST-001714,Eva Lopez,Vienna,Vienna,Austria,2021-02-03,true
CUST-001715,Nora Williams,Gothenburg,Vastra Gotaland,Sweden,2022-12-19,true
CUST-001716,Yusuf Dubois,Munich,Bavaria,Germany,2021-01-14,true
CUST-001717,Amina Martin,Tampere,Pirkanmaa,Finland,2022-06-03,true
CUST-001718,David Taylor,Prague,Prague,Czechia,2022-10-04,true
CUST-001719,Daniel Garcia,Tokyo,Tokyo,Japan,2025-08-23,false
CUST-001720,Amina Santos,Sydney,New South Wales,Australia,2020-01-05,true
CUST-001721,Samuel Lopez,Madrid,Community of Madrid,Spain,2021-05-07,true
CUST-001722,Jonas Wilson,Warsaw,Masovian,Poland,2026-07-19,true
CUST-001723,Leila Williams,New York,New York,United States,2021-10-06,false
CUST-001724,Omar Virtanen,Toronto,Ontario,Canada,2022-12-22,true
CUST-001725,Nora Muller,Vienna,Vienna,Austria,2025-12-06,true
CUST-001726,Leo Smith,Paris,Ile-de-France,France,2022-11-26,true
CUST-001727,Daniel Petrov,Austin,Texas,United States,2020-02-11,true
CUST-001728,Daniel Jensen,Austin,Texas,United States,2024-10-10,true
CUST-001729,Emma Andersson,Amsterdam,North Holland,Netherlands,2026-07-05,false
CUST-001730,Nora Ahmed,Vancouver,British Columbia,Canada,2025-01-24,true
CUST-001731,Mateo Santos,Toronto,Ontario,Canada,2022-05-29,true
CUST-001732,Eva Williams,Lyon,Auvergne-Rhone-Alpes,France,2024-06-16,true
CUST-001733,Leo Dubois,Helsinki,Uusimaa,Finland,2024-08-18,false
CUST-001734,Yusuf Brown,Vancouver,British Columbia,Canada,2025-09-16,true
CUST-001735,Benjamin Ibrahim,Vienna,Vienna,Austria,2025-09-04,true
CUST-001736,Samuel Lopez,Oslo,Oslo,Norway,2024-03-26,true
CUST-001737,Fatima Davis,Tampere,Pirkanmaa,Finland,2026-06-12,true
CUST-001738,Chloe Virtanen,Sydney,New South Wales,Australia,2026-03-12,false
CUST-001739,Emma Davis,Amsterdam,North Holland,Netherlands,2025-04-30,true
CUST-001740,Leila Santos,Amsterdam,North Holland,Netherlands,2025-05-20,true
CUST-001741,Yusuf Ahmed,Amsterdam,North Holland,Netherlands,2021-10-14,true
CUST-001742,Oliver Novak,Vienna,Vienna,Austria,2025-11-02,true
CUST-001743,Jonas Virtanen,Sydney,New South Wales,Australia,2026-02-10,true
CUST-001744,Lina Ahmed,Helsinki,Uusimaa,Finland,2022-10-25,true
CUST-001745,Amina Martin,London,England,United Kingdom,2020-06-07,true
CUST-001746,Grace Moore,Berlin,Berlin,Germany,2020-07-16,false
CUST-001747,Samuel Korhonen,Gothenburg,Vastra Gotaland,Sweden,2023-01-29,false
CUST-001748,Lina Nielsen,Turku,Southwest Finland,Finland,2021-10-11,false
CUST-001749,Amina Santos,Brussels,Brussels-Capital,Belgium,2025-01-30,true
CUST-001750,Arthur Ali,Manchester,England,United Kingdom,2021-10-04,true
CUST-001751,Benjamin Ahmed,Rome,Lazio,Italy,2023-03-08,false
CUST-001752,Isla Ibrahim,Gothenburg,Vastra Gotaland,Sweden,2021-10-03,true
CUST-001753,Henry Martin,Berlin,Berlin,Germany,2022-06-02,true
CUST-001754,Isla Williams,Gothenburg,Vastra Gotaland,Sweden,2021-08-11,true
CUST-001755,Mila Brown,Gothenburg,Vastra Gotaland,Sweden,2026-04-10,true
CUST-001756,Henry Ali,Vienna,Vienna,Austria,2021-01-12,true
CUST-001757,Isla Ahmed,Helsinki,Uusimaa,Finland,2022-02-27,false
CUST-001758,Isla Khan,Oslo,Oslo,Norway,2025-04-05,true
CUST-001759,Leo Brown,Copenhagen,Capital Region,Denmark,2026-01-18,true
CUST-001760,Noah Taylor,Toronto,Ontario,Canada,2023-09-17,true
CUST-001761,Eva Korhonen,Helsinki,Uusimaa,Finland,2021-09-28,true
CUST-001762,David Davis,Madrid,Community of Madrid,Spain,2026-04-22,true
CUST-001763,Chloe Brown,Rome,Lazio,Italy,2026-07-08,true
CUST-001764,Arthur Jensen,Gothenburg,Vastra Gotaland,Sweden,2025-11-11,true
CUST-001765,Mateo Ali,Lisbon,Lisbon,Portugal,2023-05-10,true
CUST-001766,Maya Smith,Prague,Prague,Czechia,2022-12-18,true
CUST-001767,Mateo Smith,Paris,Ile-de-France,France,2024-06-01,true
CUST-001768,Emma Johnson,Dublin,Leinster,Ireland,2026-01-28,false
CUST-001769,Jonas Davis,London,England,United Kingdom,2024-06-04,true
CUST-001770,Mila Smith,Manchester,England,United Kingdom,2020-11-08,true
CUST-001771,Maya Berg,Barcelona,Catalonia,Spain,2023-03-05,true
CUST-001772,Maya Dubois,Madrid,Community of Madrid,Spain,2020-04-29,true
CUST-001773,Henry Andersson,Munich,Bavaria,Germany,2024-09-24,true
CUST-001774,Noah Brown,Warsaw,Masovian,Poland,2023-05-21,true
CUST-001775,Maya Dubois,Berlin,Berlin,Germany,2025-07-21,true
CUST-001776,Daniel Andersson,Milan,Lombardy,Italy,2023-02-08,true
CUST-001777,Zara Garcia,Milan,Lombardy,Italy,2021-05-29,false
CUST-001778,Chloe Khan,Milan,Lombardy,Italy,2025-08-11,true
CUST-001779,Elias Taylor,London,England,United Kingdom,2020-07-05,true
CUST-001780,Arthur Jensen,Sydney,New South Wales,Australia,2024-09-21,true
CUST-001781,Leila Ibrahim,Tampere,Pirkanmaa,Finland,2024-12-07,true
CUST-001782,Mateo Garcia,Munich,Bavaria,Germany,2022-08-18,true
CUST-001783,Zara Clark,New York,New York,United States,2021-07-24,true
CUST-001784,Zara Rossi,Manchester,England,United Kingdom,2023-06-11,false
CUST-001785,Lina Davis,Warsaw,Masovian,Poland,2023-12-29,true
CUST-001786,Omar Brown,Dublin,Leinster,Ireland,2025-01-11,false
CUST-001787,Oliver Clark,Gothenburg,Vastra Gotaland,Sweden,2021-12-02,true
CUST-001788,Oliver Johnson,Turku,Southwest Finland,Finland,2025-09-17,true
CUST-001789,Samuel Schmidt,Vienna,Vienna,Austria,2022-06-11,true
CUST-001790,Henry Moore,Oslo,Oslo,Norway,2022-03-31,false
CUST-001791,Daniel Williams,Amsterdam,North Holland,Netherlands,2020-07-24,true
CUST-001792,Omar Davis,London,England,United Kingdom,2022-12-30,true
CUST-001793,Mila Taylor,Rome,Lazio,Italy,2026-03-23,false
CUST-001794,Mateo Moore,Warsaw,Masovian,Poland,2023-04-29,true
CUST-001795,Nora Khan,Warsaw,Masovian,Poland,2021-03-21,true
CUST-001796,Leila Taylor,Tampere,Pirkanmaa,Finland,2022-01-02,true
CUST-001797,Lina Moore,Dublin,Leinster,Ireland,2026-08-05,true
CUST-001798,Nora Santos,Copenhagen,Capital Region,Denmark,2025-10-14,true
CUST-001799,Emma Petrov,New York,New York,United States,2021-07-03,true
CUST-001800,Isla Davis,Brussels,Brussels-Capital,Belgium,2020-01-03,true
CUST-001801,Mateo Silva,Barcelona,Catalonia,Spain,2021-02-25,true
CUST-001802,Lucas Berg,Stockholm,Stockholm County,Sweden,2025-05-11,false
CUST-001803,Isla Johnson,Tokyo,Tokyo,Japan,2024-06-06,true
CUST-001804,Chloe Khan,Sydney,New South Wales,Australia,2025-06-09,true
CUST-001805,Fatima Khan,Tampere,Pirkanmaa,Finland,2022-04-09,true
CUST-001806,Lucas Ibrahim,Berlin,Berlin,Germany,2020-10-13,false
CUST-001807,Eva Korhonen,Munich,Bavaria,Germany,2026-02-11,true
CUST-001808,Isla Dubois,Berlin,Berlin,Germany,2025-06-16,true
CUST-001809,Noah Dubois,Tampere,Pirkanmaa,Finland,2024-02-25,true
CUST-001810,Noah Johnson,Vancouver,British Columbia,Canada,2023-01-01,true
CUST-001811,Fatima Brown,Copenhagen,Capital Region,Denmark,2021-11-12,true
CUST-001812,Eva Rossi,Barcelona,Catalonia,Spain,2024-01-16,true
CUST-001813,Grace Martin,Gothenburg,Vastra Gotaland,Sweden,2021-10-29,true
CUST-001814,Elias Clark,Gothenburg,Vastra Gotaland,Sweden,2026-03-23,true
CUST-001815,David Moore,Tokyo,Tokyo,Japan,2021-03-27,true
CUST-001816,Leila Virtanen,Rome,Lazio,Italy,2022-03-21,true
CUST-001817,Mateo Johnson,Munich,Bavaria,Germany,2023-03-19,true
CUST-001818,Sofia Santos,Prague,Prague,Czechia,2020-04-16,true
CUST-001819,Yusuf Smith,Rome,Lazio,Italy,2024-02-02,true
CUST-001820,Leo Ali,Lyon,Auvergne-Rhone-Alpes,France,2020-08-30,true
CUST-001821,Amina Lopez,Tokyo,Tokyo,Japan,2023-12-12,true
CUST-001822,Ada Rossi,Brussels,Brussels-Capital,Belgium,2025-04-09,true
CUST-001823,Benjamin Virtanen,Barcelona,Catalonia,Spain,2025-01-03,true
CUST-001824,Eva Berg,Brussels,Brussels-Capital,Belgium,2026-05-23,false
CUST-001825,Isla Williams,Sydney,New South Wales,Australia,2023-02-22,true
CUST-001826,Maya Silva,Oslo,Oslo,Norway,2023-12-12,true
CUST-001827,Oliver Wilson,Rome,Lazio,Italy,2021-07-06,true
CUST-001828,Benjamin Novak,Helsinki,Uusimaa,Finland,2020-03-31,true
CUST-001829,Henry Virtanen,Brussels,Brussels-Capital,Belgium,2026-04-24,false
CUST-001830,Jonas Novak,Turku,Southwest Finland,Finland,2023-08-09,false
CUST-001831,Sofia Berg,Berlin,Berlin,Germany,2023-04-13,true
CUST-001832,Elias Nielsen,Madrid,Community of Madrid,Spain,2023-11-20,false
CUST-001833,David Moore,Warsaw,Masovian,Poland,2023-06-07,true
CUST-001834,Henry Ali,Paris,Ile-de-France,France,2025-12-14,true
CUST-001835,Noah Novak,Vienna,Vienna,Austria,2021-03-01,true
CUST-001836,Eva Petrov,Stockholm,Stockholm County,Sweden,2025-11-20,true
CUST-001837,Emma Clark,Vienna,Vienna,Austria,2025-05-20,true
CUST-001838,Daniel Santos,Turku,Southwest Finland,Finland,2026-05-14,false
CUST-001839,Zara Williams,New York,New York,United States,2023-04-27,false
CUST-001840,Emma Moore,Vienna,Vienna,Austria,2022-08-12,true
CUST-001841,Zara Jensen,Prague,Prague,Czechia,2023-03-06,true
CUST-001842,Fatima Nielsen,Toronto,Ontario,Canada,2024-12-22,true
CUST-001843,Eva Berg,Turku,Southwest Finland,Finland,2020-06-26,true
CUST-001844,Omar Rossi,Rome,Lazio,Italy,2023-08-07,true
CUST-001845,Yusuf Johnson,Tokyo,Tokyo,Japan,2023-03-24,true
CUST-001846,Daniel Moore,Gothenburg,Vastra Gotaland,Sweden,2020-07-20,true
CUST-001847,Arthur Ibrahim,Rome,Lazio,Italy,2024-06-07,true
CUST-001848,Eva Novak,Lisbon,Lisbon,Portugal,2026-08-12,true
CUST-001849,Noah Ibrahim,Lisbon,Lisbon,Portugal,2026-07-07,true
CUST-001850,Mateo Martin,Brussels,Brussels-Capital,Belgium,2026-06-19,true
CUST-001851,Daniel Dubois,Milan,Lombardy,Italy,2024-11-26,true
CUST-001852,Daniel Wilson,Brussels,Brussels-Capital,Belgium,2022-08-12,true
CUST-001853,Leo Novak,Toronto,Ontario,Canada,2021-06-05,true
CUST-001854,Jonas Andersson,Paris,Ile-de-France,France,2022-11-24,false
CUST-001855,Lucas Davis,Berlin,Berlin,Germany,2025-10-10,true
CUST-001856,Daniel Rossi,Madrid,Community of Madrid,Spain,2025-08-21,true
CUST-001857,Chloe Santos,Warsaw,Masovian,Poland,2021-09-04,true
CUST-001858,Ada Ahmed,Brussels,Brussels-Capital,Belgium,2021-06-30,false
CUST-001859,Mila Khan,Berlin,Berlin,Germany,2022-06-16,true
CUST-001860,Samuel Taylor,Berlin,Berlin,Germany,2024-04-20,true
CUST-001861,Oliver Ibrahim,Warsaw,Masovian,Poland,2022-02-06,true
CUST-001862,Isla Williams,Madrid,Community of Madrid,Spain,2026-05-24,true
CUST-001863,Mateo Ahmed,Tampere,Pirkanmaa,Finland,2024-07-08,true
CUST-001864,Mila Schmidt,Austin,Texas,United States,2020-03-16,false
CUST-001865,Benjamin Schmidt,Paris,Ile-de-France,France,2020-08-17,true
CUST-001866,Amina Virtanen,Austin,Texas,United States,2024-06-11,true
CUST-001867,Chloe Johnson,Oslo,Oslo,Norway,2022-03-29,false
CUST-001868,Yusuf Muller,Toronto,Ontario,Canada,2026-07-22,true
CUST-001869,Maya Novak,Madrid,Community of Madrid,Spain,2022-08-17,true
CUST-001870,Maya Muller,Warsaw,Masovian,Poland,2025-08-15,true
CUST-001871,Benjamin Dubois,London,England,United Kingdom,2024-06-25,true
CUST-001872,Fatima Jensen,Brussels,Brussels-Capital,Belgium,2022-01-09,false
CUST-001873,Noah Novak,Sydney,New South Wales,Australia,2025-08-15,true
CUST-001874,Chloe Martin,Sydney,New South Wales,Australia,2022-08-12,true
CUST-001875,Jonas Lopez,Rome,Lazio,Italy,2023-03-06,true
CUST-001876,Maya Martin,Copenhagen,Capital Region,Denmark,2023-08-10,true
CUST-001877,Maya Johnson,Berlin,Berlin,Germany,2024-03-05,true
CUST-001878,Arthur Petrov,Toronto,Ontario,Canada,2020-11-10,true
CUST-001879,Fatima Taylor,Copenhagen,Capital Region,Denmark,2021-10-20,true
CUST-001880,Lucas Brown,Milan,Lombardy,Italy,2023-02-18,true
CUST-001881,Emma Nielsen,Munich,Bavaria,Germany,2022-11-27,true
CUST-001882,Jonas Lopez,Vienna,Vienna,Austria,2024-09-28,true
CUST-001883,Mateo Williams,Tampere,Pirkanmaa,Finland,2026-08-09,false
CUST-001884,Grace Lopez,Lyon,Auvergne-Rhone-Alpes,France,2021-04-07,true
CUST-001885,David Martin,Toronto,Ontario,Canada,2020-08-08,true
CUST-001886,Ada Novak,Helsinki,Uusimaa,Finland,2020-11-27,true
CUST-001887,Zara Johnson,Stockholm,Stockholm County,Sweden,2021-01-19,true
CUST-001888,Leila Silva,Brussels,Brussels-Capital,Belgium,2020-07-12,true
CUST-001889,Fatima Santos,Milan,Lombardy,Italy,2023-08-02,true
CUST-001890,Ada Clark,London,England,United Kingdom,2021-07-02,false
CUST-001891,Isla Moore,Berlin,Berlin,Germany,2025-11-28,false
CUST-001892,Mateo Brown,Paris,Ile-de-France,France,2020-11-13,true
CUST-001893,Maya Schmidt,Dublin,Leinster,Ireland,2021-02-27,true
CUST-001894,Jonas Korhonen,Austin,Texas,United States,2024-08-14,true
CUST-001895,Omar Martin,Vancouver,British Columbia,Canada,2021-10-03,true
CUST-001896,Oliver Santos,Lisbon,Lisbon,Portugal,2022-11-12,true
CUST-001897,Mateo Schmidt,Milan,Lombardy,Italy,2024-10-06,true
CUST-001898,Fatima Petrov,Copenhagen,Capital Region,Denmark,2024-10-28,true
CUST-001899,Fatima Khan,Stockholm,Stockholm County,Sweden,2026-08-12,true
CUST-001900,Benjamin Wilson,New York,New York,United States,2025-05-04,true
CUST-001901,Samuel Dubois,Lyon,Auvergne-Rhone-Alpes,France,2020-03-09,true
CUST-001902,Eva Ahmed,Milan,Lombardy,Italy,2021-03-31,true
CUST-001903,Mateo Santos,Munich,Bavaria,Germany,2021-12-31,true
CUST-001904,Nora Novak,Sydney,New South Wales,Australia,2025-10-29,true
CUST-001905,Chloe Ahmed,Rome,Lazio,Italy,2024-07-16,true
CUST-001906,Amina Virtanen,Vancouver,British Columbia,Canada,2025-11-16,true
CUST-001907,Ada Smith,Stockholm,Stockholm County,Sweden,2023-06-30,true
CUST-001908,Ada Williams,Vancouver,British Columbia,Canada,2020-08-20,true
CUST-001909,Leila Johnson,Munich,Bavaria,Germany,2020-08-31,true
CUST-001910,Oliver Smith,Berlin,Berlin,Germany,2022-11-21,true
CUST-001911,Omar Virtanen,Copenhagen,Capital Region,Denmark,2025-10-17,false
CUST-001912,Amina Petrov,Barcelona,Catalonia,Spain,2023-01-06,true
CUST-001913,Noah Ali,Lisbon,Lisbon,Portugal,2024-01-16,false
CUST-001914,Ada Smith,Oslo,Oslo,Norway,2025-03-21,true
CUST-001915,Emma Virtanen,Rome,Lazio,Italy,2021-07-09,true
CUST-001916,Yusuf Andersson,Toronto,Ontario,Canada,2026-01-18,false
CUST-001917,Eva Davis,Amsterdam,North Holland,Netherlands,2024-10-17,true
CUST-001918,Grace Khan,Sydney,New South Wales,Australia,2022-04-05,true
CUST-001919,Samuel Santos,Stockholm,Stockholm County,Sweden,2020-10-23,true
CUST-001920,Ada Andersson,Paris,Ile-de-France,France,2025-07-24,true
CUST-001921,Sofia Lopez,New York,New York,United States,2023-03-24,true
CUST-001922,Jonas Garcia,Helsinki,Uusimaa,Finland,2021-09-02,true
CUST-001923,Leo Novak,Austin,Texas,United States,2020-06-18,true
CUST-001924,Zara Santos,Sydney,New South Wales,Australia,2026-05-24,true
CUST-001925,Daniel Johnson,Rome,Lazio,Italy,2024-12-14,true
CUST-001926,Chloe Jensen,Gothenburg,Vastra Gotaland,Sweden,2022-08-18,true
CUST-001927,Lucas Dubois,Toronto,Ontario,Canada,2026-09-01,false
CUST-001928,Lucas Taylor,Copenhagen,Capital Region,Denmark,2023-09-29,true
CUST-001929,Amina Khan,Dublin,Leinster,Ireland,2023-10-02,true
CUST-001930,Emma Davis,Dublin,Leinster,Ireland,2026-08-05,true
CUST-001931,Arthur Taylor,Turku,Southwest Finland,Finland,2023-04-29,true
CUST-001932,Yusuf Ibrahim,London,England,United Kingdom,2026-07-02,true
CUST-001933,Arthur Silva,Tokyo,Tokyo,Japan,2021-11-05,false
CUST-001934,Maya Muller,Vancouver,British Columbia,Canada,2026-06-25,true
CUST-001935,David Wilson,Brussels,Brussels-Capital,Belgium,2020-01-20,true
CUST-001936,Lina Smith,Tokyo,Tokyo,Japan,2024-02-26,true
CUST-001937,Jonas Williams,Lisbon,Lisbon,Portugal,2025-08-10,true
CUST-001938,Sofia Muller,Lisbon,Lisbon,Portugal,2023-07-20,false
CUST-001939,Oliver Garcia,Amsterdam,North Holland,Netherlands,2021-10-10,true
CUST-001940,Jonas Johnson,Paris,Ile-de-France,France,2020-12-13,true
CUST-001941,Isla Petrov,Oslo,Oslo,Norway,2022-12-24,true
CUST-001942,Fatima Garcia,Lisbon,Lisbon,Portugal,2022-11-23,true
CUST-001943,Elias Silva,Sydney,New South Wales,Australia,2023-12-04,true
CUST-001944,Leo Khan,Oslo,Oslo,Norway,2022-02-27,true
CUST-001945,Samuel Williams,Oslo,Oslo,Norway,2024-02-23,true
CUST-001946,Benjamin Korhonen,Lyon,Auvergne-Rhone-Alpes,France,2020-02-25,true
CUST-001947,Noah Khan,Vancouver,British Columbia,Canada,2025-06-15,true
CUST-001948,Grace Petrov,Austin,Texas,United States,2026-01-12,true
CUST-001949,Grace Ibrahim,Vienna,Vienna,Austria,2021-07-23,true
CUST-001950,Emma Schmidt,Gothenburg,Vastra Gotaland,Sweden,2020-06-02,true
CUST-001951,Isla Jensen,Tampere,Pirkanmaa,Finland,2020-02-10,true
CUST-001952,Benjamin Andersson,Manchester,England,United Kingdom,2023-03-13,true
CUST-001953,Yusuf Brown,Copenhagen,Capital Region,Denmark,2020-11-26,true
CUST-001954,Jonas Muller,Vancouver,British Columbia,Canada,2025-03-28,true
CUST-001955,Mila Muller,Milan,Lombardy,Italy,2021-07-15,true
CUST-001956,Isla Virtanen,Oslo,Oslo,Norway,2020-04-10,true
CUST-001957,Daniel Dubois,Tampere,Pirkanmaa,Finland,2022-07-15,false
CUST-001958,Nora Khan,Warsaw,Masovian,Poland,2025-04-14,true
CUST-001959,Lina Muller,Paris,Ile-de-France,France,2025-12-25,true
CUST-001960,Fatima Wilson,Copenhagen,Capital Region,Denmark,2026-02-06,true
CUST-001961,Mateo Santos,Warsaw,Masovian,Poland,2021-06-20,true
CUST-001962,Henry Petrov,New York,New York,United States,2024-10-10,true
CUST-001963,Nora Clark,Tampere,Pirkanmaa,Finland,2024-11-22,true
CUST-001964,Oliver Smith,Prague,Prague,Czechia,2020-08-16,true
CUST-001965,Oliver Lopez,Vancouver,British Columbia,Canada,2022-04-26,true
CUST-001966,David Khan,Tampere,Pirkanmaa,Finland,2025-01-14,true
CUST-001967,Eva Nielsen,New York,New York,United States,2021-04-06,true
CUST-001968,Nora Davis,Dublin,Leinster,Ireland,2021-11-08,true
CUST-001969,Chloe Nielsen,Tampere,Pirkanmaa,Finland,2020-06-01,true
CUST-001970,Jonas Muller,Stockholm,Stockholm County,Sweden,2023-04-22,true
CUST-001971,Leila Muller,Dublin,Leinster,Ireland,2025-02-19,true
CUST-001972,Samuel Novak,Munich,Bavaria,Germany,2020-06-28,true
CUST-001973,Nora Wilson,Warsaw,Masovian,Poland,2022-04-19,false
CUST-001974,Samuel Johnson,New York,New York,United States,2024-05-02,true
CUST-001975,Sofia Muller,Berlin,Berlin,Germany,2025-07-07,true
CUST-001976,Lucas Ahmed,Sydney,New South Wales,Australia,2021-02-27,true
CUST-001977,Omar Khan,Berlin,Berlin,Germany,2020-01-21,false
CUST-001978,Zara Silva,Tampere,Pirkanmaa,Finland,2024-01-06,true
CUST-001979,Noah Smith,Toronto,Ontario,Canada,2024-04-07,true
CUST-001980,Samuel Korhonen,Dublin,Leinster,Ireland,2023-05-06,false
CUST-001981,Nora Santos,London,England,United Kingdom,2022-10-09,true
CUST-001982,Mateo Lopez,Milan,Lombardy,Italy,2026-01-26,true
CUST-001983,Jonas Silva,Lisbon,Lisbon,Portugal,2025-10-15,true
CUST-001984,Noah Santos,Amsterdam,North Holland,Netherlands,2023-12-21,true
CUST-001985,Maya Wilson,Toronto,Ontario,Canada,2022-11-15,true
CUST-001986,Jonas Korhonen,London,England,United Kingdom,2020-12-07,true
CUST-001987,Samuel Dubois,Toronto,Ontario,Canada,2024-08-12,true
CUST-001988,Oliver Taylor,Paris,Ile-de-France,France,2025-01-02,true
CUST-001989,Benjamin Jensen,Amsterdam,North Holland,Netherlands,2023-12-03,true
CUST-001990,Arthur Schmidt,Turku,Southwest Finland,Finland,2024-08-15,true
CUST-001991,Leo Santos,Sydney,New South Wales,Australia,2021-07-25,true
CUST-001992,Ada Johnson,Helsinki,Uusimaa,Finland,2024-07-11,true
CUST-001993,Arthur Novak,Brussels,Brussels-Capital,Belgium,2024-05-26,true
CUST-001994,Mateo Ahmed,Berlin,Berlin,Germany,2023-04-04,false
CUST-001995,Ada Garcia,Vienna,Vienna,Austria,2020-07-27,true
CUST-001996,Amina Khan,Vienna,Vienna,Austria,2024-09-14,true
CUST-001997,Mila Jensen,Tampere,Pirkanmaa,Finland,2020-08-01,true
CUST-001998,Leila Moore,Tokyo,Tokyo,Japan,2024-07-08,true
CUST-001999,Ada Taylor,Munich,Bavaria,Germany,2020-01-02,true
CUST-002000,Nora Lopez,Milan,Lombardy,Italy,2025-02-15,true
CUST-002001,Eva Andersson,Austin,Texas,United States,2026-07-16,true
CUST-002002,Zara Santos,Milan,Lombardy,Italy,2024-12-26,true
CUST-002003,Mila Dubois,Stockholm,Stockholm County,Sweden,2020-10-09,false
CUST-002004,Omar Wilson,Turku,Southwest Finland,Finland,2024-11-23,true
CUST-002005,Eva Davis,Berlin,Berlin,Germany,2024-02-09,true
CUST-002006,Omar Davis,Austin,Texas,United States,2024-07-04,true
CUST-002007,Lucas Korhonen,Oslo,Oslo,Norway,2021-08-19,true
CUST-002008,Grace Silva,Milan,Lombardy,Italy,2025-04-20,true
CUST-002009,Benjamin Smith,Gothenburg,Vastra Gotaland,Sweden,2024-07-25,true
CUST-002010,Zara Muller,New York,New York,United States,2020-02-03,true
CUST-002011,Arthur Clark,Milan,Lombardy,Italy,2020-08-13,true
CUST-002012,Mateo Martin,Oslo,Oslo,Norway,2026-06-19,true
CUST-002013,Leo Silva,Vienna,Vienna,Austria,2024-07-18,true
CUST-002014,Mila Brown,Toronto,Ontario,Canada,2020-05-15,true
CUST-002015,Zara Davis,London,England,United Kingdom,2023-02-06,false
CUST-002016,Samuel Ibrahim,Paris,Ile-de-France,France,2026-05-31,true
CUST-002017,Henry Santos,Barcelona,Catalonia,Spain,2021-04-17,true
CUST-002018,Jonas Ali,Sydney,New South Wales,Australia,2023-01-22,false
CUST-002019,Henry Khan,Rome,Lazio,Italy,2025-04-13,true
CUST-002020,Samuel Silva,Sydney,New South Wales,Australia,2026-01-13,true
CUST-002021,Fatima Rossi,Copenhagen,Capital Region,Denmark,2020-01-15,true
CUST-002022,Isla Garcia,Madrid,Community of Madrid,Spain,2026-07-19,true
CUST-002023,Mila Santos,Vienna,Vienna,Austria,2023-09-24,true
CUST-002024,Grace Smith,London,England,United Kingdom,2024-12-27,true
CUST-002025,Lucas Clark,Tampere,Pirkanmaa,Finland,2021-08-11,true
CUST-002026,Omar Muller,Helsinki,Uusimaa,Finland,2021-06-08,true
CUST-002027,Yusuf Taylor,Paris,Ile-de-France,France,2023-01-31,true
CUST-002028,Benjamin Nielsen,Gothenburg,Vastra Gotaland,Sweden,2022-01-09,true
CUST-002029,Emma Lopez,Madrid,Community of Madrid,Spain,2026-08-05,true
CUST-002030,Leo Santos,Vienna,Vienna,Austria,2023-01-13,true
CUST-002031,Grace Davis,Austin,Texas,United States,2022-06-12,false
CUST-002032,Ada Novak,Milan,Lombardy,Italy,2021-07-01,true
CUST-002033,Elias Garcia,Warsaw,Masovian,Poland,2020-10-01,true
CUST-002034,Maya Schmidt,Copenhagen,Capital Region,Denmark,2020-08-12,false
CUST-002035,Lina Virtanen,Helsinki,Uusimaa,Finland,2022-09-07,false
CUST-002036,Elias Muller,Turku,Southwest Finland,Finland,2022-10-20,false
CUST-002037,Leo Brown,Turku,Southwest Finland,Finland,2021-06-23,false
CUST-002038,Elias Santos,Munich,Bavaria,Germany,2021-03-27,true
CUST-002039,Benjamin Clark,Oslo,Oslo,Norway,2025-02-21,false
CUST-002040,Elias Williams,Lyon,Auvergne-Rhone-Alpes,France,2024-07-17,false
CUST-002041,Amina Nielsen,Copenhagen,Capital Region,Denmark,2026-05-16,false
CUST-002042,Chloe Brown,New York,New York,United States,2020-07-25,true
CUST-002043,Daniel Petrov,Warsaw,Masovian,Poland,2020-08-08,true
CUST-002044,Henry Novak,Manchester,England,United Kingdom,2023-07-15,true
CUST-002045,Leila Ibrahim,Berlin,Berlin,Germany,2020-08-08,false
CUST-002046,Grace Dubois,Austin,Texas,United States,2021-09-19,true
CUST-002047,Benjamin Berg,Amsterdam,North Holland,Netherlands,2022-06-06,false
CUST-002048,David Virtanen,Stockholm,Stockholm County,Sweden,2023-09-28,true
CUST-002049,Emma Korhonen,Tampere,Pirkanmaa,Finland,2020-12-16,true
CUST-002050,Benjamin Petrov,Gothenburg,Vastra Gotaland,Sweden,2024-09-20,true
CUST-002051,Chloe Brown,Turku,Southwest Finland,Finland,2025-11-29,true
CUST-002052,Elias Berg,Toronto,Ontario,Canada,2025-03-14,true
CUST-002053,David Muller,Warsaw,Masovian,Poland,2022-10-16,true
CUST-002054,Daniel Taylor,Munich,Bavaria,Germany,2024-02-20,true
CUST-002055,Ada Dubois,Gothenburg,Vastra Gotaland,Sweden,2024-07-12,true
CUST-002056,Ada Santos,Lisbon,Lisbon,Portugal,2024-10-18,true
CUST-002057,David Garcia,Manchester,England,United Kingdom,2024-10-19,true
CUST-002058,Chloe Nielsen,Brussels,Brussels-Capital,Belgium,2020-11-27,true
CUST-002059,Maya Wilson,Amsterdam,North Holland,Netherlands,2021-11-21,true
CUST-002060,Arthur Andersson,Madrid,Community of Madrid,Spain,2022-04-09,true
CUST-002061,Chloe Clark,London,England,United Kingdom,2021-03-04,true
CUST-002062,Eva Santos,Oslo,Oslo,Norway,2022-07-23,true
CUST-002063,Grace Johnson,Tokyo,Tokyo,Japan,2026-07-05,true
CUST-002064,Nora Lopez,Lyon,Auvergne-Rhone-Alpes,France,2026-07-24,true
CUST-002065,Elias Smith,Dublin,Leinster,Ireland,2025-11-04,true
CUST-002066,Leila Taylor,Rome,Lazio,Italy,2021-02-01,true
CUST-002067,Eva Davis,Copenhagen,Capital Region,Denmark,2024-12-12,true
CUST-002068,Emma Muller,Tampere,Pirkanmaa,Finland,2025-11-25,true
CUST-002069,Lina Brown,Turku,Southwest Finland,Finland,2021-10-04,true
CUST-002070,Chloe Brown,Helsinki,Uusimaa,Finland,2026-03-23,true
CUST-002071,Amina Martin,Turku,Southwest Finland,Finland,2023-12-26,true
CUST-002072,Oliver Rossi,Stockholm,Stockholm County,Sweden,2020-03-15,true
CUST-002073,Fatima Santos,Dublin,Leinster,Ireland,2023-06-18,true
CUST-002074,Oliver Garcia,Brussels,Brussels-Capital,Belgium,2026-06-13,true
CUST-002075,Noah Nielsen,Dublin,Leinster,Ireland,2020-06-02,true
CUST-002076,Elias Nielsen,Toronto,Ontario,Canada,2022-06-01,true
CUST-002077,Fatima Silva,Madrid,Community of Madrid,Spain,2022-04-18,false
CUST-002078,Yusuf Santos,Helsinki,Uusimaa,Finland,2025-09-02,true
CUST-002079,Fatima Schmidt,Barcelona,Catalonia,Spain,2025-12-06,true
CUST-002080,Arthur Moore,Barcelona,Catalonia,Spain,2023-11-17,true
CUST-002081,Grace Korhonen,Gothenburg,Vastra Gotaland,Sweden,2025-12-05,true
CUST-002082,Mila Santos,New York,New York,United States,2024-07-26,true
CUST-002083,Noah Jensen,Madrid,Community of Madrid,Spain,2022-04-21,true
CUST-002084,Noah Nielsen,Copenhagen,Capital Region,Denmark,2020-09-06,true
CUST-002085,Arthur Clark,Rome,Lazio,Italy,2024-12-22,true
CUST-002086,Noah Virtanen,Lyon,Auvergne-Rhone-Alpes,France,2024-05-05,false
CUST-002087,Lina Williams,Brussels,Brussels-Capital,Belgium,2024-06-21,false
CUST-002088,Henry Virtanen,Dublin,Leinster,Ireland,2025-12-15,true
CUST-002089,Yusuf Davis,Toronto,Ontario,Canada,2021-07-28,true
CUST-002090,Jonas Nielsen,Vancouver,British Columbia,Canada,2025-06-14,true
CUST-002091,Grace Wilson,Toronto,Ontario,Canada,2023-04-01,true
CUST-002092,Emma Moore,New York,New York,United States,2021-06-17,true
CUST-002093,Oliver Lopez,Paris,Ile-de-France,France,2022-10-28,true
CUST-002094,Isla Khan,Tampere,Pirkanmaa,Finland,2022-03-28,false
CUST-002095,Sofia Ali,Tampere,Pirkanmaa,Finland,2021-11-15,true
CUST-002096,Sofia Johnson,Brussels,Brussels-Capital,Belgium,2023-11-17,true
CUST-002097,Samuel Virtanen,Stockholm,Stockholm County,Sweden,2023-10-21,true
CUST-002098,Oliver Johnson,Turku,Southwest Finland,Finland,2022-10-24,true
CUST-002099,Chloe Wilson,Toronto,Ontario,Canada,2021-09-29,true
CUST-002100,Omar Berg,Tokyo,Tokyo,Japan,2022-03-15,true
CUST-002101,Samuel Muller,Vienna,Vienna,Austria,2026-07-30,true
CUST-002102,Samuel Garcia,Lyon,Auvergne-Rhone-Alpes,France,2024-12-23,true
CUST-002103,Nora Lopez,Vancouver,British Columbia,Canada,2021-03-21,false
CUST-002104,Oliver Petrov,Berlin,Berlin,Germany,2024-12-26,true
CUST-002105,Oliver Dubois,Amsterdam,North Holland,Netherlands,2023-02-06,true
CUST-002106,Isla Ahmed,Copenhagen,Capital Region,Denmark,2020-12-02,true
CUST-002107,Fatima Davis,Berlin,Berlin,Germany,2026-05-16,true
CUST-002108,Jonas Taylor,Tokyo,Tokyo,Japan,2023-12-20,true
CUST-002109,Yusuf Khan,Copenhagen,Capital Region,Denmark,2025-03-19,true
CUST-002110,Lucas Johnson,Toronto,Ontario,Canada,2024-12-17,true
CUST-002111,Lina Clark,Tokyo,Tokyo,Japan,2020-10-31,true
CUST-002112,Elias Nielsen,Tokyo,Tokyo,Japan,2022-09-29,true
CUST-002113,Mateo Taylor,Vienna,Vienna,Austria,2026-03-07,true
CUST-002114,Ada Dubois,Brussels,Brussels-Capital,Belgium,2020-02-05,true
CUST-002115,Henry Taylor,Manchester,England,United Kingdom,2023-09-18,true
CUST-002116,Lina Ahmed,Lyon,Auvergne-Rhone-Alpes,France,2020-05-12,true
CUST-002117,Amina Berg,Toronto,Ontario,Canada,2020-05-04,false
CUST-002118,Nora Silva,Sydney,New South Wales,Australia,2021-04-14,true
CUST-002119,Henry Korhonen,Lisbon,Lisbon,Portugal,2025-11-02,false
CUST-002120,Oliver Novak,Warsaw,Masovian,Poland,2021-10-21,false
CUST-002121,Mateo Muller,Lyon,Auvergne-Rhone-Alpes,France,2022-03-02,false
CUST-002122,Leo Andersson,Madrid,Community of Madrid,Spain,2021-01-04,true
CUST-002123,Henry Martin,Gothenburg,Vastra Gotaland,Sweden,2023-07-03,true
CUST-002124,Noah Dubois,Munich,Bavaria,Germany,2021-12-20,true
CUST-002125,Maya Martin,Toronto,Ontario,Canada,2020-12-05,true
CUST-002126,Ada Clark,Helsinki,Uusimaa,Finland,2025-02-01,true
CUST-002127,Chloe Taylor,Copenhagen,Capital Region,Denmark,2023-05-16,false
CUST-002128,Maya Nielsen,Amsterdam,North Holland,Netherlands,2025-01-28,false
CUST-002129,Grace Clark,Oslo,Oslo,Norway,2022-08-11,true
CUST-002130,Fatima Berg,Dublin,Leinster,Ireland,2021-01-15,true
CUST-002131,Amina Garcia,Stockholm,Stockholm County,Sweden,2020-09-19,false
CUST-002132,Eva Berg,Turku,Southwest Finland,Finland,2022-10-10,true
CUST-002133,Nora Andersson,Madrid,Community of Madrid,Spain,2025-02-20,true
CUST-002134,Nora Schmidt,Tokyo,Tokyo,Japan,2023-07-26,true
CUST-002135,Henry Johnson,Gothenburg,Vastra Gotaland,Sweden,2021-09-05,true
CUST-002136,Eva Smith,Amsterdam,North Holland,Netherlands,2022-11-21,false
CUST-002137,Nora Virtanen,Berlin,Berlin,Germany,2021-10-23,true
CUST-002138,Daniel Martin,Stockholm,Stockholm County,Sweden,2022-09-27,true
CUST-002139,Yusuf Schmidt,Tampere,Pirkanmaa,Finland,2021-07-03,true
CUST-002140,Elias Ibrahim,Austin,Texas,United States,2022-01-28,true
CUST-002141,Mila Moore,Milan,Lombardy,Italy,2022-07-23,true
CUST-002142,Benjamin Brown,Prague,Prague,Czechia,2022-11-13,false
CUST-002143,Chloe Andersson,Tokyo,Tokyo,Japan,2026-03-10,true
CUST-002144,Chloe Ibrahim,Gothenburg,Vastra Gotaland,Sweden,2024-04-20,true
CUST-002145,Lina Dubois,Paris,Ile-de-France,France,2024-04-22,true
CUST-002146,Maya Silva,Gothenburg,Vastra Gotaland,Sweden,2021-01-04,true
CUST-002147,Henry Virtanen,Sydney,New South Wales,Australia,2026-02-23,true
CUST-002148,Samuel Martin,Toronto,Ontario,Canada,2021-10-19,true
CUST-002149,Noah Khan,Lisbon,Lisbon,Portugal,2023-08-07,true
CUST-002150,Mila Johnson,Vienna,Vienna,Austria,2022-12-16,true
CUST-002151,Ada Schmidt,Stockholm,Stockholm County,Sweden,2026-01-01,true
CUST-002152,Henry Taylor,Prague,Prague,Czechia,2023-09-27,true
CUST-002153,Arthur Ahmed,Warsaw,Masovian,Poland,2026-01-29,false
CUST-002154,Amina Rossi,Helsinki,Uusimaa,Finland,2022-06-06,true
CUST-002155,Yusuf Dubois,Sydney,New South Wales,Australia,2022-06-12,true
CUST-002156,Daniel Wilson,Amsterdam,North Holland,Netherlands,2025-11-15,true
CUST-002157,Elias Ali,Helsinki,Uusimaa,Finland,2022-07-07,true
CUST-002158,Leila Khan,Lisbon,Lisbon,Portugal,2024-08-18,true
CUST-002159,David Jensen,Manchester,England,United Kingdom,2024-03-23,true
CUST-002160,Samuel Smith,Amsterdam,North Holland,Netherlands,2023-02-09,true
CUST-002161,Oliver Schmidt,Oslo,Oslo,Norway,2022-10-29,true
CUST-002162,Nora Virtanen,Sydney,New South Wales,Australia,2023-03-26,true
CUST-002163,Henry Novak,Oslo,Oslo,Norway,2022-12-06,true
CUST-002164,Jonas Petrov,Austin,Texas,United States,2021-09-03,true
CUST-002165,Oliver Nielsen,Gothenburg,Vastra Gotaland,Sweden,2020-12-10,true
CUST-002166,Leila Andersson,Tokyo,Tokyo,Japan,2021-11-23,true
CUST-002167,Mila Novak,Rome,Lazio,Italy,2025-04-19,true
CUST-002168,Ada Andersson,Barcelona,Catalonia,Spain,2022-08-25,true
CUST-002169,Emma Martin,Warsaw,Masovian,Poland,2025-05-26,true
CUST-002170,Arthur Brown,Copenhagen,Capital Region,Denmark,2026-02-20,true
CUST-002171,Arthur Martin,Turku,Southwest Finland,Finland,2025-09-09,true
CUST-002172,Zara Ahmed,Paris,Ile-de-France,France,2023-08-28,true
CUST-002173,Elias Khan,Warsaw,Masovian,Poland,2025-02-26,true
CUST-002174,Amina Korhonen,New York,New York,United States,2026-07-09,true
CUST-002175,Yusuf Virtanen,Turku,Southwest Finland,Finland,2026-02-04,true
CUST-002176,Jonas Ali,Milan,Lombardy,Italy,2020-07-06,true
CUST-002177,Leo Martin,Prague,Prague,Czechia,2022-03-09,false
CUST-002178,Nora Petrov,Turku,Southwest Finland,Finland,2022-07-06,true
CUST-002179,Jonas Brown,Tampere,Pirkanmaa,Finland,2025-09-19,true
CUST-002180,Noah Williams,Prague,Prague,Czechia,2025-07-28,true
CUST-002181,Henry Smith,London,England,United Kingdom,2023-09-12,true
CUST-002182,Henry Novak,Warsaw,Masovian,Poland,2024-07-10,true
CUST-002183,Samuel Garcia,Austin,Texas,United States,2024-02-12,false
CUST-002184,Henry Wilson,Turku,Southwest Finland,Finland,2021-02-18,true
CUST-002185,Daniel Berg,Prague,Prague,Czechia,2022-01-21,true
CUST-002186,Maya Ali,Austin,Texas,United States,2020-01-12,true
CUST-002187,Amina Jensen,London,England,United Kingdom,2023-04-23,true
CUST-002188,Oliver Nielsen,Copenhagen,Capital Region,Denmark,2021-07-26,true
CUST-002189,Maya Korhonen,Vienna,Vienna,Austria,2025-07-09,true
CUST-002190,Eva Wilson,London,England,United Kingdom,2024-12-02,false
CUST-002191,Grace Moore,Barcelona,Catalonia,Spain,2022-10-12,true
CUST-002192,Lucas Davis,Dublin,Leinster,Ireland,2025-08-20,true
CUST-002193,Grace Garcia,Tampere,Pirkanmaa,Finland,2024-04-13,true
CUST-002194,Elias Martin,Stockholm,Stockholm County,Sweden,2022-05-07,true
CUST-002195,Eva Jensen,Paris,Ile-de-France,France,2022-11-17,true
CUST-002196,Grace Moore,Stockholm,Stockholm County,Sweden,2022-09-01,false
CUST-002197,Benjamin Khan,Rome,Lazio,Italy,2025-02-07,false
CUST-002198,David Virtanen,Austin,Texas,United States,2020-05-26,false
CUST-002199,Maya Petrov,Turku,Southwest Finland,Finland,2020-06-06,true
CUST-002200,Benjamin Williams,Austin,Texas,United States,2024-05-03,true
CUST-002201,Jonas Johnson,Vancouver,British Columbia,Canada,2022-04-02,true
CUST-002202,David Jensen,Toronto,Ontario,Canada,2020-11-13,true
CUST-002203,Ada Silva,Helsinki,Uusimaa,Finland,2022-03-08,true
CUST-002204,Grace Lopez,Turku,Southwest Finland,Finland,2021-12-17,true
CUST-002205,Zara Dubois,Tampere,Pirkanmaa,Finland,2021-05-28,true
CUST-002206,Chloe Wilson,Paris,Ile-de-France,France,2020-03-17,true
CUST-002207,David Santos,Vienna,Vienna,Austria,2023-02-13,false
CUST-002208,Eva Santos,Vienna,Vienna,Austria,2024-09-21,true
CUST-002209,David Garcia,Paris,Ile-de-France,France,2020-12-13,true
CUST-002210,Ada Smith,Toronto,Ontario,Canada,2025-05-01,true
CUST-002211,Eva Williams,New York,New York,United States,2025-04-26,true
CUST-002212,Mateo Andersson,Helsinki,Uusimaa,Finland,2021-12-08,false
CUST-002213,Fatima Brown,Madrid,Community of Madrid,Spain,2023-11-16,true
CUST-002214,Grace Lopez,Berlin,Berlin,Germany,2021-08-31,true
CUST-002215,Omar Davis,Austin,Texas,United States,2021-02-05,true
CUST-002216,Leo Virtanen,Lisbon,Lisbon,Portugal,2021-06-02,true
CUST-002217,Daniel Smith,Oslo,Oslo,Norway,2021-06-30,true
CUST-002218,Omar Jensen,Vancouver,British Columbia,Canada,2026-05-11,true
CUST-002219,Noah Smith,Tampere,Pirkanmaa,Finland,2026-01-31,true
CUST-002220,Mila Nielsen,Milan,Lombardy,Italy,2023-11-06,true
CUST-002221,Daniel Schmidt,Lyon,Auvergne-Rhone-Alpes,France,2025-06-28,true
CUST-002222,Isla Nielsen,Barcelona,Catalonia,Spain,2020-07-08,true
CUST-002223,Sofia Virtanen,Turku,Southwest Finland,Finland,2022-06-28,true
CUST-002224,Samuel Petrov,Rome,Lazio,Italy,2021-08-23,true
CUST-002225,Daniel Davis,Tampere,Pirkanmaa,Finland,2026-02-02,true
CUST-002226,Zara Clark,Berlin,Berlin,Germany,2023-07-20,true
CUST-002227,Mila Berg,Tokyo,Tokyo,Japan,2021-11-01,true
CUST-002228,Eva Moore,Vancouver,British Columbia,Canada,2025-11-12,false
CUST-002229,Nora Lopez,Sydney,New South Wales,Australia,2022-12-19,true
CUST-002230,Benjamin Davis,Manchester,England,United Kingdom,2020-01-13,true
CUST-002231,Samuel Davis,Munich,Bavaria,Germany,2023-11-28,true
CUST-002232,Eva Ahmed,Turku,Southwest Finland,Finland,2026-01-16,true
CUST-002233,Noah Davis,Helsinki,Uusimaa,Finland,2023-05-23,true
CUST-002234,Noah Berg,Turku,Southwest Finland,Finland,2025-07-31,true
CUST-002235,Oliver Berg,Helsinki,Uusimaa,Finland,2024-05-21,true
CUST-002236,David Lopez,Milan,Lombardy,Italy,2023-04-15,true
CUST-002237,Amina Wilson,Munich,Bavaria,Germany,2024-01-05,true
CUST-002238,Omar Muller,Copenhagen,Capital Region,Denmark,2025-06-18,true
CUST-002239,Henry Petrov,Lyon,Auvergne-Rhone-Alpes,France,2024-12-09,true
CUST-002240,Samuel Clark,London,England,United Kingdom,2024-12-06,true
CUST-002241,Mateo Korhonen,Toronto,Ontario,Canada,2021-01-04,true
CUST-002242,Isla Novak,Helsinki,Uusimaa,Finland,2022-05-16,true
CUST-002243,Fatima Lopez,Madrid,Community of Madrid,Spain,2021-04-07,true
CUST-002244,David Ali,Copenhagen,Capital Region,Denmark,2024-03-13,true
CUST-002245,Lucas Virtanen,Brussels,Brussels-Capital,Belgium,2021-08-18,false
CUST-002246,Lucas Berg,Berlin,Berlin,Germany,2023-12-12,false
CUST-002247,Maya Clark,Madrid,Community of Madrid,Spain,2026-05-01,true
CUST-002248,Nora Garcia,Toronto,Ontario,Canada,2023-05-13,true
CUST-002249,Jonas Berg,New York,New York,United States,2025-01-12,true
CUST-002250,Amina Santos,Vienna,Vienna,Austria,2022-10-08,true
CUST-002251,Nora Wilson,Paris,Ile-de-France,France,2020-11-11,true
CUST-002252,Leo Berg,Amsterdam,North Holland,Netherlands,2020-06-28,false
CUST-002253,Daniel Schmidt,Lyon,Auvergne-Rhone-Alpes,France,2022-04-01,false
CUST-002254,Amina Schmidt,Berlin,Berlin,Germany,2023-03-17,false
CUST-002255,Leo Johnson,Lisbon,Lisbon,Portugal,2025-03-29,true
CUST-002256,Nora Rossi,Stockholm,Stockholm County,Sweden,2021-07-06,true
CUST-002257,Fatima Johnson,Sydney,New South Wales,Australia,2026-08-14,true
CUST-002258,Mila Martin,Dublin,Leinster,Ireland,2024-03-06,false
CUST-002259,Arthur Muller,Dublin,Leinster,Ireland,2021-03-08,true
CUST-002260,Lina Williams,Rome,Lazio,Italy,2021-01-18,false
CUST-002261,Lina Wilson,Amsterdam,North Holland,Netherlands,2020-11-06,false
CUST-002262,Leo Johnson,Sydney,New South Wales,Australia,2022-04-07,true
CUST-002263,Grace Johnson,Toronto,Ontario,Canada,2020-12-13,true
CUST-002264,Emma Khan,Stockholm,Stockholm County,Sweden,2023-11-16,true
CUST-002265,Emma Ibrahim,Austin,Texas,United States,2022-06-02,true
CUST-002266,Mateo Ibrahim,Madrid,Community of Madrid,Spain,2021-01-18,false
CUST-002267,Chloe Johnson,Vancouver,British Columbia,Canada,2022-06-09,true
CUST-002268,Zara Wilson,Sydney,New South Wales,Australia,2020-04-02,true
CUST-002269,Noah Virtanen,Copenhagen,Capital Region,Denmark,2023-04-02,true
CUST-002270,Omar Virtanen,Madrid,Community of Madrid,Spain,2020-12-08,true
CUST-002271,Zara Santos,Sydney,New South Wales,Australia,2024-04-27,true
CUST-002272,Zara Lopez,Tampere,Pirkanmaa,Finland,2023-11-05,true
CUST-002273,Emma Moore,Prague,Prague,Czechia,2022-01-16,false
CUST-002274,Oliver Ali,Turku,Southwest Finland,Finland,2025-06-06,true
CUST-002275,Zara Petrov,Oslo,Oslo,Norway,2023-05-06,true
CUST-002276,Lina Ahmed,Tokyo,Tokyo,Japan,2021-12-26,true
CUST-002277,Emma Moore,Turku,Southwest Finland,Finland,2022-01-29,true
CUST-002278,Samuel Johnson,New York,New York,United States,2021-05-31,false
CUST-002279,Samuel Garcia,Berlin,Berlin,Germany,2024-03-31,true
CUST-002280,Jonas Taylor,Lisbon,Lisbon,Portugal,2023-10-03,true
CUST-002281,Noah Andersson,Paris,Ile-de-France,France,2022-07-26,false
CUST-002282,Samuel Korhonen,Milan,Lombardy,Italy,2026-03-10,true
CUST-002283,Chloe Williams,Vancouver,British Columbia,Canada,2021-03-17,true
CUST-002284,Yusuf Davis,Gothenburg,Vastra Gotaland,Sweden,2025-09-01,false
CUST-002285,Oliver Ibrahim,Madrid,Community of Madrid,Spain,2026-07-28,true
CUST-002286,David Rossi,Prague,Prague,Czechia,2021-11-28,true
CUST-002287,Jonas Wilson,Rome,Lazio,Italy,2024-09-06,true
CUST-002288,Chloe Lopez,Paris,Ile-de-France,France,2023-08-13,true
CUST-002289,Mateo Jensen,Tampere,Pirkanmaa,Finland,2023-07-06,true
CUST-002290,Daniel Ahmed,Warsaw,Masovian,Poland,2020-06-05,true
CUST-002291,David Wilson,Vienna,Vienna,Austria,2022-05-29,true
CUST-002292,Sofia Johnson,Milan,Lombardy,Italy,2021-01-23,true
CUST-002293,Samuel Rossi,Oslo,Oslo,Norway,2026-01-02,true
CUST-002294,Jonas Khan,Turku,Southwest Finland,Finland,2022-06-02,true
CUST-002295,Emma Jensen,Vancouver,British Columbia,Canada,2025-04-08,true
CUST-002296,Mila Taylor,London,England,United Kingdom,2025-04-25,true
CUST-002297,Chloe Muller,Lyon,Auvergne-Rhone-Alpes,France,2022-03-21,false
CUST-002298,Isla Clark,Berlin,Berlin,Germany,2023-08-20,false
CUST-002299,Eva Lopez,Turku,Southwest Finland,Finland,2023-04-09,true
CUST-002300,Mateo Ali,Oslo,Oslo,Norway,2025-03-17,true
CUST-002301,Lucas Virtanen,Austin,Texas,United States,2020-05-08,true
CUST-002302,Ada Ibrahim,Brussels,Brussels-Capital,Belgium,2022-07-12,true
CUST-002303,Arthur Dubois,Milan,Lombardy,Italy,2025-10-21,false
CUST-002304,Chloe Taylor,Lyon,Auvergne-Rhone-Alpes,France,2025-07-11,true
CUST-002305,Elias Moore,Madrid,Community of Madrid,Spain,2022-12-30,true
CUST-002306,Leo Ali,Austin,Texas,United States,2025-02-10,true
CUST-002307,Lina Jensen,Lyon,Auvergne-Rhone-Alpes,France,2021-05-25,true
CUST-002308,Jonas Ibrahim,Paris,Ile-de-France,France,2021-04-21,true
CUST-002309,Daniel Ahmed,New York,New York,United States,2024-08-07,false
CUST-002310,Henry Williams,Dublin,Leinster,Ireland,2024-09-02,true
CUST-002311,Fatima Petrov,Paris,Ile-de-France,France,2021-02-04,true
CUST-002312,Omar Andersson,Barcelona,Catalonia,Spain,2024-01-26,true
CUST-002313,Daniel Nielsen,Munich,Bavaria,Germany,2026-08-20,true
CUST-002314,David Jensen,Oslo,Oslo,Norway,2022-05-07,true
CUST-002315,Zara Wilson,Paris,Ile-de-France,France,2024-02-01,true
CUST-002316,Leo Wilson,New York,New York,United States,2026-07-11,true
CUST-002317,Jonas Nielsen,Madrid,Community of Madrid,Spain,2020-02-14,true
CUST-002318,Elias Muller,Sydney,New South Wales,Australia,2022-10-09,true
CUST-002319,Samuel Johnson,Vienna,Vienna,Austria,2026-03-31,true
CUST-002320,Ada Rossi,Tokyo,Tokyo,Japan,2021-01-03,true
CUST-002321,Yusuf Lopez,Sydney,New South Wales,Australia,2020-05-11,true
CUST-002322,Chloe Williams,Tokyo,Tokyo,Japan,2020-09-12,false
CUST-002323,Samuel Lopez,Helsinki,Uusimaa,Finland,2020-06-01,true
CUST-002324,Leila Novak,New York,New York,United States,2021-09-26,true
CUST-002325,Mateo Santos,Copenhagen,Capital Region,Denmark,2026-08-07,true
CUST-002326,Daniel Smith,Austin,Texas,United States,2023-01-04,true
CUST-002327,Mila Korhonen,Vienna,Vienna,Austria,2025-08-16,true
CUST-002328,Fatima Andersson,New York,New York,United States,2022-07-03,true
CUST-002329,Emma Davis,Manchester,England,United Kingdom,2021-08-12,true
CUST-002330,Lucas Moore,London,England,United Kingdom,2025-03-02,true
CUST-002331,Henry Smith,Madrid,Community of Madrid,Spain,2023-11-30,false
CUST-002332,Leila Davis,Tokyo,Tokyo,Japan,2023-06-24,true
CUST-002333,Zara Jensen,Barcelona,Catalonia,Spain,2020-10-27,true
CUST-002334,Omar Rossi,Sydney,New South Wales,Australia,2023-04-14,true
CUST-002335,Mila Davis,Vancouver,British Columbia,Canada,2025-09-14,true
CUST-002336,Omar Martin,Sydney,New South Wales,Australia,2022-01-14,true
CUST-002337,Lucas Santos,Munich,Bavaria,Germany,2022-02-02,true
CUST-002338,Jonas Santos,Oslo,Oslo,Norway,2024-03-27,false
CUST-002339,Jonas Korhonen,Lyon,Auvergne-Rhone-Alpes,France,2025-06-02,true
CUST-002340,Lucas Andersson,Manchester,England,United Kingdom,2024-07-04,true
CUST-002341,Omar Taylor,Tokyo,Tokyo,Japan,2022-11-01,true
CUST-002342,Isla Ahmed,Amsterdam,North Holland,Netherlands,2024-10-24,false
CUST-002343,Eva Davis,Austin,Texas,United States,2024-11-21,true
CUST-002344,Sofia Davis,Berlin,Berlin,Germany,2023-10-23,true
CUST-002345,Mateo Moore,Paris,Ile-de-France,France,2025-09-03,true
CUST-002346,Leo Dubois,Turku,Southwest Finland,Finland,2025-11-19,true
CUST-002347,Amina Novak,Rome,Lazio,Italy,2023-03-27,true
CUST-002348,Isla Davis,Tokyo,Tokyo,Japan,2023-04-03,true
CUST-002349,Oliver Jensen,Milan,Lombardy,Italy,2022-03-28,true
CUST-002350,Eva Silva,Brussels,Brussels-Capital,Belgium,2022-06-11,true
CUST-002351,Samuel Brown,Lyon,Auvergne-Rhone-Alpes,France,2020-06-13,false
CUST-002352,Nora Silva,Helsinki,Uusimaa,Finland,2021-06-18,true
CUST-002353,Jonas Clark,Austin,Texas,United States,2020-01-09,true
CUST-002354,Ada Moore,Oslo,Oslo,Norway,2025-07-26,true
CUST-002355,Jonas Khan,Turku,Southwest Finland,Finland,2023-08-02,true
CUST-002356,Leila Ibrahim,Madrid,Community of Madrid,Spain,2021-12-06,false
CUST-002357,Grace Jensen,Tokyo,Tokyo,Japan,2025-01-30,true
CUST-002358,Lucas Williams,Warsaw,Masovian,Poland,2020-05-26,true
CUST-002359,Noah Berg,Gothenburg,Vastra Gotaland,Sweden,2025-11-30,true
CUST-002360,Fatima Ibrahim,Vancouver,British Columbia,Canada,2025-08-20,true
CUST-002361,Zara Moore,New York,New York,United States,2022-01-08,true
CUST-002362,Leo Brown,Manchester,England,United Kingdom,2026-05-11,false
CUST-002363,Yusuf Ali,Milan,Lombardy,Italy,2024-10-30,false
CUST-002364,Emma Lopez,Toronto,Ontario,Canada,2020-02-05,false
CUST-002365,Elias Martin,Milan,Lombardy,Italy,2021-02-03,true
CUST-002366,Daniel Ali,Rome,Lazio,Italy,2020-02-13,true
CUST-002367,Grace Moore,Warsaw,Masovian,Poland,2025-06-08,true
CUST-002368,Emma Taylor,Rome,Lazio,Italy,2020-02-27,true
CUST-002369,Omar Rossi,Austin,Texas,United States,2023-06-26,true
CUST-002370,Emma Moore,Turku,Southwest Finland,Finland,2024-06-22,true
CUST-002371,Fatima Johnson,Warsaw,Masovian,Poland,2025-06-20,false
CUST-002372,Mila Schmidt,Vienna,Vienna,Austria,2023-08-17,true
CUST-002373,Mila Korhonen,Barcelona,Catalonia,Spain,2024-09-18,true
CUST-002374,Omar Taylor,Turku,Southwest Finland,Finland,2020-02-19,true
CUST-002375,Sofia Rossi,Amsterdam,North Holland,Netherlands,2025-05-24,true
CUST-002376,Lina Moore,Barcelona,Catalonia,Spain,2020-06-28,true
CUST-002377,Maya Nielsen,Sydney,New South Wales,Australia,2024-01-30,true
CUST-002378,Noah Ibrahim,Manchester,England,United Kingdom,2020-03-27,true
CUST-002379,Leo Nielsen,Tampere,Pirkanmaa,Finland,2022-07-07,true
CUST-002380,Amina Johnson,Vienna,Vienna,Austria,2022-05-29,true
CUST-002381,Mila Wilson,Sydney,New South Wales,Australia,2023-02-20,true
CUST-002382,Leila Ibrahim,Tampere,Pirkanmaa,Finland,2021-06-06,true
CUST-002383,Leila Johnson,Stockholm,Stockholm County,Sweden,2022-12-16,true
CUST-002384,Amina Johnson,London,England,United Kingdom,2020-09-28,true
CUST-002385,Maya Rossi,Munich,Bavaria,Germany,2024-08-19,false
CUST-002386,Leila Jensen,Oslo,Oslo,Norway,2021-02-05,true
CUST-002387,Isla Taylor,Brussels,Brussels-Capital,Belgium,2020-05-07,true
CUST-002388,Daniel Ibrahim,New York,New York,United States,2023-07-14,true
CUST-002389,Emma Martin,Paris,Ile-de-France,France,2024-11-08,true
CUST-002390,David Martin,Manchester,England,United Kingdom,2024-10-29,true
CUST-002391,Leo Nielsen,Gothenburg,Vastra Gotaland,Sweden,2025-02-19,true
CUST-002392,Fatima Andersson,Lisbon,Lisbon,Portugal,2022-11-20,true
CUST-002393,Lina Smith,Munich,Bavaria,Germany,2020-10-21,true
CUST-002394,Zara Berg,Amsterdam,North Holland,Netherlands,2023-06-04,true
CUST-002395,Mateo Brown,Rome,Lazio,Italy,2023-04-04,true
CUST-002396,Fatima Berg,Turku,Southwest Finland,Finland,2026-06-22,true
CUST-002397,Mila Garcia,Warsaw,Masovian,Poland,2021-11-14,true
CUST-002398,Yusuf Silva,Tokyo,Tokyo,Japan,2020-06-22,true
CUST-002399,Sofia Korhonen,Munich,Bavaria,Germany,2024-11-07,true
CUST-002400,Eva Berg,Warsaw,Masovian,Poland,2021-05-04,true
CUST-002401,Henry Schmidt,Gothenburg,Vastra Gotaland,Sweden,2023-12-09,true
CUST-002402,Nora Wilson,Vienna,Vienna,Austria,2026-05-08,true
CUST-002403,Maya Wilson,Toronto,Ontario,Canada,2025-01-22,true
CUST-002404,Leo Wilson,Stockholm,Stockholm County,Sweden,2020-05-20,true
CUST-002405,Isla Johnson,Brussels,Brussels-Capital,Belgium,2025-10-04,true
CUST-002406,Henry Dubois,Vancouver,British Columbia,Canada,2022-10-20,false
CUST-002407,Lina Davis,Madrid,Community of Madrid,Spain,2020-10-24,false
CUST-002408,Oliver Clark,Oslo,Oslo,Norway,2023-01-01,true
CUST-002409,Benjamin Berg,Warsaw,Masovian,Poland,2022-03-10,true
CUST-002410,Lina Ibrahim,Vancouver,British Columbia,Canada,2024-05-31,true
CUST-002411,Noah Clark,Turku,Southwest Finland,Finland,2022-07-19,true
CUST-002412,Omar Muller,Tokyo,Tokyo,Japan,2023-07-21,true
CUST-002413,Lina Silva,Copenhagen,Capital Region,Denmark,2024-01-01,false
CUST-002414,Leila Lopez,London,England,United Kingdom,2024-02-09,true
CUST-002415,Jonas Smith,Dublin,Leinster,Ireland,2021-02-25,true
CUST-002416,David Ahmed,Sydney,New South Wales,Australia,2022-08-27,true
CUST-002417,Isla Petrov,Lyon,Auvergne-Rhone-Alpes,France,2022-03-26,true
CUST-002418,Samuel Clark,Sydney,New South Wales,Australia,2025-08-11,true
CUST-002419,Benjamin Rossi,Toronto,Ontario,Canada,2025-12-20,true
CUST-002420,Emma Santos,Milan,Lombardy,Italy,2024-10-10,true
CUST-002421,Mateo Petrov,Austin,Texas,United States,2023-07-28,true
CUST-002422,Yusuf Smith,Copenhagen,Capital Region,Denmark,2020-05-07,true
CUST-002423,Omar Dubois,Gothenburg,Vastra Gotaland,Sweden,2024-01-22,true
CUST-002424,Leo Ibrahim,Rome,Lazio,Italy,2020-06-28,true
CUST-002425,Omar Davis,Dublin,Leinster,Ireland,2024-08-09,true
CUST-002426,Maya Williams,Dublin,Leinster,Ireland,2021-06-12,true
CUST-002427,Lina Clark,Helsinki,Uusimaa,Finland,2026-07-17,true
CUST-002428,Grace Ali,Amsterdam,North Holland,Netherlands,2020-04-25,true
CUST-002429,Mila Schmidt,Prague,Prague,Czechia,2021-06-21,true
CUST-002430,Nora Ahmed,Lisbon,Lisbon,Portugal,2022-04-24,true
CUST-002431,Zara Davis,Tokyo,Tokyo,Japan,2022-03-30,true
CUST-002432,Arthur Schmidt,Copenhagen,Capital Region,Denmark,2021-09-20,true
CUST-002433,Lucas Andersson,Brussels,Brussels-Capital,Belgium,2026-02-26,true
CUST-002434,Daniel Virtanen,Barcelona,Catalonia,Spain,2022-07-22,false
CUST-002435,Chloe Virtanen,Dublin,Leinster,Ireland,2021-02-21,true
CUST-002436,Omar Nielsen,Rome,Lazio,Italy,2026-03-20,true
CUST-002437,Ada Ahmed,Stockholm,Stockholm County,Sweden,2022-06-03,true
CUST-002438,Elias Smith,Oslo,Oslo,Norway,2025-06-21,true
CUST-002439,Arthur Santos,Prague,Prague,Czechia,2024-06-29,true
CUST-002440,Mila Taylor,New York,New York,United States,2024-11-23,true
CUST-002441,Fatima Dubois,Tokyo,Tokyo,Japan,2022-12-07,true
CUST-002442,Leo Williams,Tokyo,Tokyo,Japan,2026-03-30,true
CUST-002443,Chloe Dubois,Lyon,Auvergne-Rhone-Alpes,France,2020-09-22,true
CUST-002444,Fatima Ali,Lyon,Auvergne-Rhone-Alpes,France,2025-12-07,false
CUST-002445,Mila Petrov,Helsinki,Uusimaa,Finland,2023-08-10,true
CUST-002446,Amina Martin,Paris,Ile-de-France,France,2025-05-06,true
CUST-002447,Jonas Korhonen,Munich,Bavaria,Germany,2020-11-20,true
CUST-002448,Henry Wilson,Warsaw,Masovian,Poland,2025-09-04,false
CUST-002449,Emma Ahmed,Barcelona,Catalonia,Spain,2020-03-03,true
CUST-002450,Yusuf Ahmed,Dublin,Leinster,Ireland,2022-11-17,true
CUST-002451,Arthur Martin,Manchester,England,United Kingdom,2022-06-02,true
CUST-002452,Jonas Schmidt,Rome,Lazio,Italy,2020-03-28,true
CUST-002453,Omar Johnson,Toronto,Ontario,Canada,2026-07-03,true
CUST-002454,Omar Petrov,Warsaw,Masovian,Poland,2024-11-30,true
CUST-002455,Noah Clark,New York,New York,United States,2025-03-20,true
CUST-002456,Sofia Garcia,Rome,Lazio,Italy,2022-09-08,true
CUST-002457,Elias Nielsen,London,England,United Kingdom,2022-08-22,true
CUST-002458,Noah Andersson,Turku,Southwest Finland,Finland,2021-01-13,false
CUST-002459,Lina Berg,Lyon,Auvergne-Rhone-Alpes,France,2025-06-14,true
CUST-002460,Elias Berg,Berlin,Berlin,Germany,2025-10-04,true
CUST-002461,Mateo Novak,Prague,Prague,Czechia,2022-06-21,true
CUST-002462,Mateo Dubois,Austin,Texas,United States,2020-10-04,true
CUST-002463,Yusuf Smith,Vancouver,British Columbia,Canada,2021-01-05,true
CUST-002464,David Ibrahim,Brussels,Brussels-Capital,Belgium,2025-06-19,false
CUST-002465,Jonas Novak,Lisbon,Lisbon,Portugal,2025-06-06,true
CUST-002466,Oliver Santos,Vienna,Vienna,Austria,2024-09-05,true
CUST-002467,Zara Ali,Dublin,Leinster,Ireland,2024-02-14,true
CUST-002468,Lina Andersson,Berlin,Berlin,Germany,2022-03-11,true
CUST-002469,Sofia Nielsen,Lyon,Auvergne-Rhone-Alpes,France,2025-06-16,true
CUST-002470,Samuel Nielsen,Madrid,Community of Madrid,Spain,2021-04-28,true
CUST-002471,Henry Nielsen,Helsinki,Uusimaa,Finland,2024-11-01,true
CUST-002472,Ada Jensen,Madrid,Community of Madrid,Spain,2024-06-01,true
CUST-002473,Lina Korhonen,Oslo,Oslo,Norway,2025-03-09,true
CUST-002474,Noah Ahmed,Prague,Prague,Czechia,2022-05-30,true
CUST-002475,Jonas Clark,Stockholm,Stockholm County,Sweden,2024-07-21,true
CUST-002476,Nora Williams,Berlin,Berlin,Germany,2021-10-25,true
CUST-002477,Samuel Johnson,Munich,Bavaria,Germany,2025-01-03,true
CUST-002478,Mateo Berg,London,England,United Kingdom,2023-11-19,true
CUST-002479,Isla Taylor,Manchester,England,United Kingdom,2026-06-14,true
CUST-002480,Zara Berg,Milan,Lombardy,Italy,2022-12-20,true
CUST-002481,David Virtanen,Lisbon,Lisbon,Portugal,2025-01-22,true
CUST-002482,Noah Rossi,Manchester,England,United Kingdom,2022-03-28,false
CUST-002483,Maya Ahmed,Paris,Ile-de-France,France,2025-02-28,true
CUST-002484,Arthur Martin,Sydney,New South Wales,Australia,2020-11-20,true
CUST-002485,Amina Johnson,Barcelona,Catalonia,Spain,2026-07-05,true
CUST-002486,David Moore,Austin,Texas,United States,2023-08-17,true
CUST-002487,Arthur Andersson,Berlin,Berlin,Germany,2026-04-01,true
CUST-002488,Ada Santos,Copenhagen,Capital Region,Denmark,2025-01-24,true
CUST-002489,Mateo Ibrahim,Paris,Ile-de-France,France,2020-02-02,true
CUST-002490,Arthur Ahmed,Turku,Southwest Finland,Finland,2024-12-23,true
CUST-002491,Isla Andersson,Munich,Bavaria,Germany,2020-11-14,true
CUST-002492,Fatima Williams,Milan,Lombardy,Italy,2026-07-22,true
CUST-002493,Zara Khan,Tokyo,Tokyo,Japan,2025-01-23,true
CUST-002494,Sofia Rossi,Warsaw,Masovian,Poland,2021-06-30,false
CUST-002495,David Andersson,Helsinki,Uusimaa,Finland,2022-12-29,true
CUST-002496,Daniel Rossi,Turku,Southwest Finland,Finland,2024-09-28,true
CUST-002497,Henry Jensen,Oslo,Oslo,Norway,2023-01-04,true
CUST-002498,Sofia Jensen,Turku,Southwest Finland,Finland,2023-02-13,true
CUST-002499,Daniel Rossi,Warsaw,Masovian,Poland,2024-06-21,true
CUST-002500,Oliver Johnson,Austin,Texas,United States,2025-10-16,true
CUST-002501,Fatima Virtanen,Oslo,Oslo,Norway,2026-07-09,false
CUST-002502,Ada Garcia,Lisbon,Lisbon,Portugal,2024-02-05,true
CUST-002503,Benjamin Khan,Lyon,Auvergne-Rhone-Alpes,France,2025-05-15,true
CUST-002504,Yusuf Clark,Amsterdam,North Holland,Netherlands,2024-07-04,true
CUST-002505,Mila Ibrahim,Lisbon,Lisbon,Portugal,2023-09-30,true
CUST-002506,Henry Virtanen,Prague,Prague,Czechia,2025-02-23,false
CUST-002507,Arthur Nielsen,Paris,Ile-de-France,France,2024-12-15,true
CUST-002508,Emma Moore,Toronto,Ontario,Canada,2023-03-07,true
CUST-002509,Leila Lopez,Turku,Southwest Finland,Finland,2022-03-09,false
CUST-002510,David Khan,Austin,Texas,United States,2022-04-26,true
CUST-002511,Omar Garcia,Stockholm,Stockholm County,Sweden,2020-07-15,true
CUST-002512,Omar Dubois,Milan,Lombardy,Italy,2022-05-28,false
CUST-002513,Lucas Santos,Berlin,Berlin,Germany,2022-10-04,true
CUST-002514,Emma Williams,New York,New York,United States,2025-03-17,true
CUST-002515,David Santos,Warsaw,Masovian,Poland,2023-01-23,true
CUST-002516,Leila Virtanen,Berlin,Berlin,Germany,2020-09-04,true
CUST-002517,Daniel Williams,Lyon,Auvergne-Rhone-Alpes,France,2024-01-24,true
CUST-002518,Yusuf Nielsen,Helsinki,Uusimaa,Finland,2022-02-16,true
CUST-002519,Jonas Jensen,Prague,Prague,Czechia,2026-07-27,true
CUST-002520,Zara Davis,Lisbon,Lisbon,Portugal,2021-03-25,true
CUST-002521,Mila Moore,Toronto,Ontario,Canada,2024-09-29,true
CUST-002522,Sofia Smith,Paris,Ile-de-France,France,2024-11-25,true
CUST-002523,David Muller,Munich,Bavaria,Germany,2023-10-21,false
CUST-002524,Noah Berg,Austin,Texas,United States,2026-03-09,true
CUST-002525,David Nielsen,Toronto,Ontario,Canada,2020-05-10,true
CUST-002526,Leo Virtanen,Oslo,Oslo,Norway,2020-09-12,true
CUST-002527,Grace Ibrahim,Tokyo,Tokyo,Japan,2021-10-13,true
CUST-002528,Samuel Andersson,Toronto,Ontario,Canada,2026-06-09,true
CUST-002529,Arthur Clark,Munich,Bavaria,Germany,2026-01-29,true
CUST-002530,Leo Silva,Copenhagen,Capital Region,Denmark,2020-06-25,true
CUST-002531,David Ibrahim,Lisbon,Lisbon,Portugal,2026-02-17,true
CUST-002532,Grace Ahmed,Stockholm,Stockholm County,Sweden,2024-02-22,true
CUST-002533,Leo Muller,Toronto,Ontario,Canada,2024-11-18,true
CUST-002534,Lina Berg,Stockholm,Stockholm County,Sweden,2021-05-01,true
CUST-002535,Oliver Martin,Vancouver,British Columbia,Canada,2024-09-22,true
CUST-002536,Nora Khan,Munich,Bavaria,Germany,2026-02-16,true
CUST-002537,Oliver Lopez,Prague,Prague,Czechia,2022-09-13,true
CUST-002538,David Davis,London,England,United Kingdom,2022-03-05,true
CUST-002539,Ada Petrov,Lyon,Auvergne-Rhone-Alpes,France,2022-12-22,true
CUST-002540,Nora Clark,Oslo,Oslo,Norway,2021-08-29,true
CUST-002541,Benjamin Andersson,Brussels,Brussels-Capital,Belgium,2020-01-27,true
CUST-002542,Leo Clark,Tokyo,Tokyo,Japan,2020-06-03,true
CUST-002543,Ada Brown,Berlin,Berlin,Germany,2024-05-01,true
CUST-002544,Chloe Jensen,Warsaw,Masovian,Poland,2026-07-15,true
CUST-002545,Benjamin Ibrahim,Gothenburg,Vastra Gotaland,Sweden,2025-02-04,true
CUST-002546,Lucas Williams,Munich,Bavaria,Germany,2025-06-22,false
CUST-002547,Omar Moore,Prague,Prague,Czechia,2025-02-09,true
CUST-002548,Henry Smith,Gothenburg,Vastra Gotaland,Sweden,2023-04-07,true
CUST-002549,Samuel Williams,Toronto,Ontario,Canada,2020-07-30,false
CUST-002550,Noah Martin,Tampere,Pirkanmaa,Finland,2026-08-04,true
CUST-002551,Elias Garcia,Helsinki,Uusimaa,Finland,2020-09-05,true
CUST-002552,Ada Davis,Lyon,Auvergne-Rhone-Alpes,France,2022-11-01,true
CUST-002553,Emma Santos,Prague,Prague,Czechia,2020-04-18,false
CUST-002554,Emma Williams,Copenhagen,Capital Region,Denmark,2021-04-21,true
CUST-002555,David Nielsen,Lyon,Auvergne-Rhone-Alpes,France,2021-12-27,true
CUST-002556,Jonas Novak,Oslo,Oslo,Norway,2021-02-18,true
CUST-002557,Omar Taylor,Oslo,Oslo,Norway,2023-10-08,true
CUST-002558,Isla Davis,Paris,Ile-de-France,France,2025-02-01,true
CUST-002559,Oliver Santos,Madrid,Community of Madrid,Spain,2022-10-06,true
CUST-002560,Maya Lopez,Vancouver,British Columbia,Canada,2025-06-05,true
CUST-002561,Maya Khan,Munich,Bavaria,Germany,2021-01-26,true
CUST-002562,Noah Berg,Turku,Southwest Finland,Finland,2024-11-30,true
CUST-002563,Jonas Johnson,Rome,Lazio,Italy,2026-06-18,true
CUST-002564,Lucas Martin,Oslo,Oslo,Norway,2020-09-29,true
CUST-002565,Emma Johnson,Barcelona,Catalonia,Spain,2020-10-04,true
CUST-002566,Leo Johnson,Milan,Lombardy,Italy,2021-02-16,false
CUST-002567,Noah Petrov,Lyon,Auvergne-Rhone-Alpes,France,2023-04-22,true
CUST-002568,Fatima Andersson,Stockholm,Stockholm County,Sweden,2021-07-29,true
CUST-002569,Oliver Johnson,Amsterdam,North Holland,Netherlands,2022-01-24,true
CUST-002570,Chloe Jensen,Dublin,Leinster,Ireland,2023-06-04,false
CUST-002571,Arthur Khan,Paris,Ile-de-France,France,2023-02-02,true
CUST-002572,Ada Martin,Toronto,Ontario,Canada,2021-12-05,true
CUST-002573,Daniel Berg,Austin,Texas,United States,2021-03-16,true
CUST-002574,Oliver Silva,Vancouver,British Columbia,Canada,2021-11-04,true
CUST-002575,Fatima Santos,Dublin,Leinster,Ireland,2024-01-29,true
CUST-002576,David Jensen,Vancouver,British Columbia,Canada,2025-11-29,true
CUST-002577,Zara Davis,Lisbon,Lisbon,Portugal,2023-02-22,true
CUST-002578,Daniel Taylor,Amsterdam,North Holland,Netherlands,2022-04-03,false
CUST-002579,Omar Ahmed,Lisbon,Lisbon,Portugal,2020-05-18,true
CUST-002580,Mila Jensen,Amsterdam,North Holland,Netherlands,2021-12-25,true
CUST-002581,Amina Ahmed,Copenhagen,Capital Region,Denmark,2025-01-29,true
CUST-002582,Isla Santos,Helsinki,Uusimaa,Finland,2023-09-03,true
CUST-002583,Yusuf Virtanen,Turku,Southwest Finland,Finland,2024-11-24,false
CUST-002584,Yusuf Dubois,Manchester,England,United Kingdom,2026-03-12,true
CUST-002585,Nora Virtanen,Copenhagen,Capital Region,Denmark,2026-06-06,true
CUST-002586,Daniel Davis,New York,New York,United States,2023-07-20,true
CUST-002587,Leila Andersson,Tampere,Pirkanmaa,Finland,2026-08-22,true
CUST-002588,Oliver Schmidt,Madrid,Community of Madrid,Spain,2020-12-05,true
CUST-002589,David Khan,Warsaw,Masovian,Poland,2021-08-11,true
CUST-002590,Lina Petrov,Toronto,Ontario,Canada,2025-03-17,false
CUST-002591,Daniel Davis,Austin,Texas,United States,2023-01-28,false
CUST-002592,Daniel Williams,Sydney,New South Wales,Australia,2024-08-17,true
CUST-002593,Mila Ibrahim,Vancouver,British Columbia,Canada,2020-05-21,true
CUST-002594,Noah Schmidt,Dublin,Leinster,Ireland,2023-05-15,false
CUST-002595,Oliver Muller,Munich,Bavaria,Germany,2022-12-07,true
CUST-002596,Mila Brown,London,England,United Kingdom,2022-02-16,true
CUST-002597,Yusuf Martin,Vienna,Vienna,Austria,2021-12-24,true
CUST-002598,Yusuf Dubois,Tampere,Pirkanmaa,Finland,2025-06-08,true
CUST-002599,Elias Muller,Dublin,Leinster,Ireland,2023-04-14,true
CUST-002600,Maya Muller,Gothenburg,Vastra Gotaland,Sweden,2021-03-15,false
CUST-002601,Jonas Muller,Milan,Lombardy,Italy,2024-06-19,true
CUST-002602,Ada Dubois,Turku,Southwest Finland,Finland,2020-12-30,true
CUST-002603,Grace Silva,Vienna,Vienna,Austria,2026-07-20,true
CUST-002604,Leo Khan,Madrid,Community of Madrid,Spain,2021-09-03,true
CUST-002605,Emma Berg,Helsinki,Uusimaa,Finland,2025-09-18,true
CUST-002606,Lucas Andersson,Lisbon,Lisbon,Portugal,2020-09-21,true
CUST-002607,Samuel Khan,Brussels,Brussels-Capital,Belgium,2024-06-23,true
CUST-002608,Maya Clark,Lyon,Auvergne-Rhone-Alpes,France,2025-10-18,true
CUST-002609,Maya Williams,Barcelona,Catalonia,Spain,2020-08-06,true
CUST-002610,Arthur Khan,Rome,Lazio,Italy,2020-04-18,true
CUST-002611,Elias Silva,Brussels,Brussels-Capital,Belgium,2024-09-30,true
CUST-002612,Leo Andersson,Brussels,Brussels-Capital,Belgium,2026-07-17,true
CUST-002613,Yusuf Dubois,Oslo,Oslo,Norway,2020-10-30,false
CUST-002614,Zara Andersson,Rome,Lazio,Italy,2020-08-02,true
CUST-002615,Benjamin Khan,Paris,Ile-de-France,France,2023-12-02,false
CUST-002616,Grace Nielsen,Madrid,Community of Madrid,Spain,2025-08-22,false
CUST-002617,Mila Novak,Austin,Texas,United States,2025-05-14,true
CUST-002618,Chloe Clark,Brussels,Brussels-Capital,Belgium,2023-02-28,true
CUST-002619,Isla Jensen,Milan,Lombardy,Italy,2025-09-14,true
CUST-002620,Henry Clark,Copenhagen,Capital Region,Denmark,2021-06-06,true
CUST-002621,Lina Martin,Barcelona,Catalonia,Spain,2024-07-02,true
CUST-002622,Grace Jensen,Amsterdam,North Holland,Netherlands,2022-02-20,true
CUST-002623,Omar Jensen,Lyon,Auvergne-Rhone-Alpes,France,2024-12-22,true
CUST-002624,Leo Lopez,New York,New York,United States,2021-08-20,true
CUST-002625,Henry Khan,Barcelona,Catalonia,Spain,2022-05-09,true
CUST-002626,Jonas Davis,Tokyo,Tokyo,Japan,2021-09-10,true
CUST-002627,Mateo Berg,Turku,Southwest Finland,Finland,2026-06-20,false
CUST-002628,Arthur Khan,Paris,Ile-de-France,France,2024-06-28,true
CUST-002629,David Schmidt,Turku,Southwest Finland,Finland,2023-12-17,true
CUST-002630,Lucas Jensen,Stockholm,Stockholm County,Sweden,2023-05-12,true
CUST-002631,Samuel Moore,Sydney,New South Wales,Australia,2021-12-07,true
CUST-002632,Henry Novak,Tampere,Pirkanmaa,Finland,2020-01-08,true
CUST-002633,Henry Korhonen,Warsaw,Masovian,Poland,2021-10-13,false
CUST-002634,Sofia Lopez,Tokyo,Tokyo,Japan,2022-07-15,false
CUST-002635,Leila Davis,Sydney,New South Wales,Australia,2024-09-12,false
CUST-002636,Yusuf Muller,Stockholm,Stockholm County,Sweden,2024-12-12,true
CUST-002637,Mateo Martin,Copenhagen,Capital Region,Denmark,2024-08-29,true
CUST-002638,Lina Virtanen,Turku,Southwest Finland,Finland,2021-09-28,true
CUST-002639,Samuel Davis,Gothenburg,Vastra Gotaland,Sweden,2021-12-29,false
CUST-002640,Elias Muller,Vancouver,British Columbia,Canada,2026-02-18,true
CUST-002641,Jonas Virtanen,Toronto,Ontario,Canada,2020-06-03,true
CUST-002642,Maya Davis,Helsinki,Uusimaa,Finland,2023-03-16,true
CUST-002643,Sofia Jensen,Rome,Lazio,Italy,2020-10-26,true
CUST-002644,Henry Johnson,Berlin,Berlin,Germany,2022-12-19,false
CUST-002645,Benjamin Smith,Lyon,Auvergne-Rhone-Alpes,France,2025-05-31,true
CUST-002646,Amina Nielsen,Barcelona,Catalonia,Spain,2025-01-24,false
CUST-002647,Samuel Berg,Lyon,Auvergne-Rhone-Alpes,France,2024-04-02,true
CUST-002648,Daniel Virtanen,Amsterdam,North Holland,Netherlands,2020-03-17,true
CUST-002649,Sofia Virtanen,Tokyo,Tokyo,Japan,2021-12-24,true
CUST-002650,Samuel Martin,Madrid,Community of Madrid,Spain,2020-07-12,true
CUST-002651,Jonas Smith,Milan,Lombardy,Italy,2023-12-05,true
CUST-002652,Grace Ali,Austin,Texas,United States,2024-11-11,true
CUST-002653,David Berg,New York,New York,United States,2020-08-18,true
CUST-002654,Mateo Ibrahim,Tampere,Pirkanmaa,Finland,2020-10-29,true
CUST-002655,Mateo Andersson,Turku,Southwest Finland,Finland,2022-06-21,true
CUST-002656,Benjamin Korhonen,Munich,Bavaria,Germany,2022-01-28,true
CUST-002657,Lina Moore,Dublin,Leinster,Ireland,2024-07-22,true
CUST-002658,David Schmidt,Rome,Lazio,Italy,2024-07-30,true
CUST-002659,Elias Wilson,Stockholm,Stockholm County,Sweden,2021-05-23,true
CUST-002660,David Smith,Austin,Texas,United States,2020-05-18,true
CUST-002661,Chloe Smith,Dublin,Leinster,Ireland,2023-01-18,true
CUST-002662,Chloe Brown,Lisbon,Lisbon,Portugal,2024-07-26,true
CUST-002663,Jonas Johnson,Vancouver,British Columbia,Canada,2024-12-22,true
CUST-002664,Fatima Andersson,Toronto,Ontario,Canada,2024-05-31,true
CUST-002665,Oliver Williams,Gothenburg,Vastra Gotaland,Sweden,2021-11-10,true
CUST-002666,Emma Ahmed,Berlin,Berlin,Germany,2024-07-09,true
CUST-002667,Fatima Ahmed,Amsterdam,North Holland,Netherlands,2025-09-01,true
CUST-002668,Daniel Johnson,Toronto,Ontario,Canada,2022-02-17,true
CUST-002669,Eva Santos,Milan,Lombardy,Italy,2020-01-21,true
CUST-002670,Ada Johnson,Tokyo,Tokyo,Japan,2020-02-04,true
CUST-002671,Lucas Martin,Sydney,New South Wales,Australia,2024-11-19,true
CUST-002672,Maya Nielsen,Brussels,Brussels-Capital,Belgium,2021-07-17,false
CUST-002673,Leila Brown,Milan,Lombardy,Italy,2024-11-06,true
CUST-002674,Arthur Clark,Berlin,Berlin,Germany,2020-01-26,true
CUST-002675,David Lopez,Lyon,Auvergne-Rhone-Alpes,France,2024-09-06,true
CUST-002676,Samuel Silva,Vienna,Vienna,Austria,2020-05-04,true
CUST-002677,Emma Virtanen,Sydney,New South Wales,Australia,2023-12-18,true
CUST-002678,Chloe Smith,Copenhagen,Capital Region,Denmark,2025-05-04,true
CUST-002679,Maya Berg,Copenhagen,Capital Region,Denmark,2020-10-26,true
CUST-002680,Nora Moore,London,England,United Kingdom,2020-04-18,true
CUST-002681,Fatima Jensen,Tokyo,Tokyo,Japan,2023-09-30,false
CUST-002682,Leila Muller,Vienna,Vienna,Austria,2024-12-02,true
CUST-002683,Maya Garcia,Manchester,England,United Kingdom,2022-10-25,true
CUST-002684,Jonas Moore,Milan,Lombardy,Italy,2026-06-17,true
CUST-002685,Eva Andersson,Copenhagen,Capital Region,Denmark,2022-07-01,true
CUST-002686,Benjamin Wilson,Prague,Prague,Czechia,2023-05-27,true
CUST-002687,Zara Davis,Sydney,New South Wales,Australia,2021-05-13,true
CUST-002688,Samuel Ibrahim,Gothenburg,Vastra Gotaland,Sweden,2026-04-06,true
CUST-002689,Sofia Brown,Rome,Lazio,Italy,2023-11-12,false
CUST-002690,Amina Garcia,Amsterdam,North Holland,Netherlands,2022-03-22,true
CUST-002691,Noah Williams,Lisbon,Lisbon,Portugal,2025-07-07,true
CUST-002692,Maya Garcia,Oslo,Oslo,Norway,2025-05-26,true
CUST-002693,Grace Clark,Oslo,Oslo,Norway,2023-03-20,false
CUST-002694,Ada Davis,Vancouver,British Columbia,Canada,2025-11-21,true
CUST-002695,Lucas Ahmed,Barcelona,Catalonia,Spain,2026-07-22,false
CUST-002696,Zara Wilson,Munich,Bavaria,Germany,2025-06-06,true
CUST-002697,Oliver Lopez,Tokyo,Tokyo,Japan,2021-10-14,true
CUST-002698,Daniel Ahmed,Lyon,Auvergne-Rhone-Alpes,France,2025-08-16,true
CUST-002699,Noah Silva,Turku,Southwest Finland,Finland,2021-01-01,true
CUST-002700,Emma Virtanen,Milan,Lombardy,Italy,2023-04-29,true
CUST-002701,David Davis,London,England,United Kingdom,2024-11-12,true
CUST-002702,Samuel Schmidt,Stockholm,Stockholm County,Sweden,2021-07-01,true
CUST-002703,Lina Korhonen,Berlin,Berlin,Germany,2026-06-24,false
CUST-002704,Grace Dubois,Tokyo,Tokyo,Japan,2021-05-10,true
CUST-002705,Omar Nielsen,Rome,Lazio,Italy,2022-01-11,true
CUST-002706,Noah Davis,Manchester,England,United Kingdom,2025-07-23,true
CUST-002707,Omar Khan,Austin,Texas,United States,2025-10-28,true
CUST-002708,Lucas Martin,Paris,Ile-de-France,France,2024-02-06,true
CUST-002709,Oliver Virtanen,Toronto,Ontario,Canada,2022-08-04,true
CUST-002710,Fatima Brown,Barcelona,Catalonia,Spain,2023-07-03,true
CUST-002711,Isla Wilson,Berlin,Berlin,Germany,2023-09-04,true
CUST-002712,Leila Lopez,Helsinki,Uusimaa,Finland,2020-12-19,true
CUST-002713,Samuel Davis,Gothenburg,Vastra Gotaland,Sweden,2020-09-19,true
CUST-002714,Nora Moore,Paris,Ile-de-France,France,2021-01-26,true
CUST-002715,Isla Santos,Tokyo,Tokyo,Japan,2020-08-25,true
CUST-002716,Emma Johnson,Oslo,Oslo,Norway,2021-02-21,true
CUST-002717,Leila Schmidt,Paris,Ile-de-France,France,2020-03-02,true
CUST-002718,Amina Martin,Helsinki,Uusimaa,Finland,2022-06-28,true
CUST-002719,Omar Garcia,Dublin,Leinster,Ireland,2025-11-23,true
CUST-002720,Emma Davis,Berlin,Berlin,Germany,2022-07-01,false
CUST-002721,Mateo Petrov,Prague,Prague,Czechia,2023-01-29,true
CUST-002722,Lina Ahmed,New York,New York,United States,2023-09-13,true
CUST-002723,Maya Virtanen,Tokyo,Tokyo,Japan,2023-05-15,true
CUST-002724,Eva Schmidt,Lisbon,Lisbon,Portugal,2024-10-17,true
CUST-002725,Lina Smith,Lyon,Auvergne-Rhone-Alpes,France,2022-09-09,true
CUST-002726,Lina Korhonen,Milan,Lombardy,Italy,2024-09-05,true
CUST-002727,Chloe Nielsen,Toronto,Ontario,Canada,2022-08-01,false
CUST-002728,Benjamin Berg,Manchester,England,United Kingdom,2025-06-28,true
CUST-002729,Jonas Williams,Berlin,Berlin,Germany,2021-04-10,true
CUST-002730,Jonas Brown,Rome,Lazio,Italy,2020-01-10,true
CUST-002731,Mateo Taylor,Paris,Ile-de-France,France,2025-09-23,true
CUST-002732,David Schmidt,Lisbon,Lisbon,Portugal,2024-12-18,true
CUST-002733,Jonas Williams,Copenhagen,Capital Region,Denmark,2022-12-14,true
CUST-002734,Grace Petrov,Tokyo,Tokyo,Japan,2022-03-12,false
CUST-002735,Leila Lopez,Sydney,New South Wales,Australia,2025-03-22,false
CUST-002736,Grace Davis,Amsterdam,North Holland,Netherlands,2022-11-27,true
CUST-002737,Mila Lopez,Madrid,Community of Madrid,Spain,2026-02-03,true
CUST-002738,Arthur Johnson,Sydney,New South Wales,Australia,2026-06-21,true
CUST-002739,Leo Wilson,Dublin,Leinster,Ireland,2020-07-06,true
CUST-002740,Jonas Schmidt,Berlin,Berlin,Germany,2022-09-01,true
CUST-002741,Daniel Petrov,New York,New York,United States,2021-08-30,true
CUST-002742,Jonas Johnson,London,England,United Kingdom,2022-03-07,false
CUST-002743,Amina Schmidt,Stockholm,Stockholm County,Sweden,2024-08-11,true
CUST-002744,Mila Lopez,Gothenburg,Vastra Gotaland,Sweden,2021-12-26,true
CUST-002745,Elias Petrov,Prague,Prague,Czechia,2025-08-04,true
CUST-002746,Lina Ibrahim,Lyon,Auvergne-Rhone-Alpes,France,2022-08-17,true
CUST-002747,Benjamin Smith,Vienna,Vienna,Austria,2025-10-27,true
CUST-002748,Jonas Schmidt,Manchester,England,United Kingdom,2023-07-21,false
CUST-002749,Chloe Ahmed,Helsinki,Uusimaa,Finland,2021-05-03,false
CUST-002750,Isla Virtanen,Oslo,Oslo,Norway,2021-04-06,true
CUST-002751,Zara Andersson,Prague,Prague,Czechia,2025-05-17,true
CUST-002752,Arthur Andersson,Madrid,Community of Madrid,Spain,2020-06-24,true
CUST-002753,Jonas Nielsen,Paris,Ile-de-France,France,2024-04-11,false
CUST-002754,Lina Williams,Toronto,Ontario,Canada,2023-08-03,true
CUST-002755,Lucas Andersson,Amsterdam,North Holland,Netherlands,2026-04-18,true
CUST-002756,Fatima Dubois,Helsinki,Uusimaa,Finland,2020-03-10,true
CUST-002757,Amina Ali,Lyon,Auvergne-Rhone-Alpes,France,2020-08-22,true
CUST-002758,Daniel Novak,Lisbon,Lisbon,Portugal,2025-06-28,true
CUST-002759,Daniel Rossi,Lisbon,Lisbon,Portugal,2024-02-09,true
CUST-002760,Mila Ibrahim,Vancouver,British Columbia,Canada,2025-01-12,true
CUST-002761,Arthur Silva,Toronto,Ontario,Canada,2022-08-18,true
CUST-002762,Samuel Santos,Barcelona,Catalonia,Spain,2024-02-20,true
CUST-002763,Henry Jensen,New York,New York,United States,2024-12-02,true
CUST-002764,Samuel Williams,Barcelona,Catalonia,Spain,2023-03-04,true
CUST-002765,David Petrov,Brussels,Brussels-Capital,Belgium,2022-06-25,true
CUST-002766,Amina Davis,Stockholm,Stockholm County,Sweden,2022-04-07,true
CUST-002767,Eva Davis,Vienna,Vienna,Austria,2024-09-02,true
CUST-002768,Nora Schmidt,Warsaw,Masovian,Poland,2024-11-19,false
CUST-002769,Samuel Williams,Munich,Bavaria,Germany,2023-09-23,false
CUST-002770,Lucas Dubois,London,England,United Kingdom,2021-10-24,true
CUST-002771,Ada Santos,London,England,United Kingdom,2025-02-24,true
CUST-002772,Maya Santos,Turku,Southwest Finland,Finland,2020-11-07,false
CUST-002773,Leo Jensen,Turku,Southwest Finland,Finland,2022-06-27,true
CUST-002774,Maya Andersson,Manchester,England,United Kingdom,2024-07-07,true
CUST-002775,Omar Taylor,Brussels,Brussels-Capital,Belgium,2023-11-16,true
CUST-002776,Noah Clark,Vancouver,British Columbia,Canada,2021-02-14,true
CUST-002777,Yusuf Ibrahim,Toronto,Ontario,Canada,2020-04-12,false
CUST-002778,Fatima Jensen,Vienna,Vienna,Austria,2025-05-21,true
CUST-002779,Emma Ahmed,Prague,Prague,Czechia,2023-06-20,true
CUST-002780,Benjamin Davis,Prague,Prague,Czechia,2021-04-22,true
CUST-002781,Samuel Santos,Manchester,England,United Kingdom,2024-08-18,true
CUST-002782,Oliver Santos,Manchester,England,United Kingdom,2020-01-29,true
CUST-002783,Isla Clark,Amsterdam,North Holland,Netherlands,2020-11-29,false
CUST-002784,Leila Santos,Dublin,Leinster,Ireland,2024-08-03,true
CUST-002785,Daniel Davis,Brussels,Brussels-Capital,Belgium,2022-02-19,true
CUST-002786,Leo Virtanen,Lisbon,Lisbon,Portugal,2021-12-28,true
CUST-002787,Leo Khan,Sydney,New South Wales,Australia,2025-09-17,true
CUST-002788,Amina Rossi,Gothenburg,Vastra Gotaland,Sweden,2022-11-30,true
CUST-002789,Lina Jensen,Stockholm,Stockholm County,Sweden,2023-11-09,true
CUST-002790,Lina Nielsen,Warsaw,Masovian,Poland,2020-01-15,false
CUST-002791,Amina Novak,Vienna,Vienna,Austria,2023-11-29,false
CUST-002792,Chloe Ali,Helsinki,Uusimaa,Finland,2022-07-05,true
CUST-002793,Mateo Silva,New York,New York,United States,2024-02-06,true
CUST-002794,Amina Khan,Brussels,Brussels-Capital,Belgium,2023-03-02,true
CUST-002795,Leila Virtanen,Warsaw,Masovian,Poland,2020-06-14,true
CUST-002796,Sofia Ahmed,Gothenburg,Vastra Gotaland,Sweden,2020-06-05,true
CUST-002797,Eva Andersson,Helsinki,Uusimaa,Finland,2022-07-17,true
CUST-002798,Ada Moore,New York,New York,United States,2025-09-02,true
CUST-002799,Eva Jensen,Oslo,Oslo,Norway,2020-02-23,true
CUST-002800,Grace Williams,Barcelona,Catalonia,Spain,2020-08-30,true
CUST-002801,Fatima Ali,Amsterdam,North Holland,Netherlands,2020-12-01,false
CUST-002802,Mila Ibrahim,Lyon,Auvergne-Rhone-Alpes,France,2022-10-22,true
CUST-002803,Amina Muller,Sydney,New South Wales,Australia,2022-11-10,true
CUST-002804,Jonas Ahmed,Warsaw,Masovian,Poland,2026-06-27,false
CUST-002805,Leo Moore,Vienna,Vienna,Austria,2020-08-20,true
CUST-002806,Benjamin Wilson,Madrid,Community of Madrid,Spain,2020-10-25,true
CUST-002807,Omar Wilson,Milan,Lombardy,Italy,2023-06-27,true
CUST-002808,Jonas Williams,Turku,Southwest Finland,Finland,2020-11-09,true
CUST-002809,Ada Johnson,Brussels,Brussels-Capital,Belgium,2022-09-10,true
CUST-002810,Lina Williams,Tampere,Pirkanmaa,Finland,2020-08-31,true
CUST-002811,Sofia Clark,Amsterdam,North Holland,Netherlands,2022-03-09,true
CUST-002812,Omar Wilson,Munich,Bavaria,Germany,2021-09-28,true
CUST-002813,Zara Wilson,Vienna,Vienna,Austria,2026-04-08,true
CUST-002814,Nora Lopez,Vienna,Vienna,Austria,2023-02-21,true
CUST-002815,Fatima Virtanen,Madrid,Community of Madrid,Spain,2025-05-28,false
CUST-002816,Mila Silva,Dublin,Leinster,Ireland,2020-07-10,true
CUST-002817,Noah Davis,Turku,Southwest Finland,Finland,2023-12-11,false
CUST-002818,Leila Schmidt,Stockholm,Stockholm County,Sweden,2024-07-18,true
CUST-002819,Noah Virtanen,Lisbon,Lisbon,Portugal,2026-06-30,true
CUST-002820,Yusuf Davis,Paris,Ile-de-France,France,2020-08-10,false
CUST-002821,Amina Taylor,Lyon,Auvergne-Rhone-Alpes,France,2020-01-11,true
CUST-002822,David Silva,Manchester,England,United Kingdom,2020-08-08,true
CUST-002823,Emma Virtanen,London,England,United Kingdom,2023-03-26,true
CUST-002824,Leila Ali,Lyon,Auvergne-Rhone-Alpes,France,2021-01-26,true
CUST-002825,Noah Williams,Sydney,New South Wales,Australia,2026-07-14,true
CUST-002826,Benjamin Ahmed,Madrid,Community of Madrid,Spain,2024-07-20,true
CUST-002827,Eva Ahmed,Milan,Lombardy,Italy,2024-04-29,true
CUST-002828,Lucas Lopez,Madrid,Community of Madrid,Spain,2025-08-03,true
CUST-002829,Mateo Brown,Turku,Southwest Finland,Finland,2026-07-04,false
CUST-002830,Zara Santos,Lyon,Auvergne-Rhone-Alpes,France,2020-03-10,true
CUST-002831,Amina Nielsen,Warsaw,Masovian,Poland,2025-06-05,true
CUST-002832,Emma Dubois,Helsinki,Uusimaa,Finland,2024-12-29,true
CUST-002833,Omar Taylor,Copenhagen,Capital Region,Denmark,2022-12-07,true
CUST-002834,Noah Andersson,Warsaw,Masovian,Poland,2026-03-02,true
CUST-002835,Oliver Andersson,Oslo,Oslo,Norway,2023-07-30,true
CUST-002836,Mila Muller,Stockholm,Stockholm County,Sweden,2023-09-20,true
CUST-002837,Isla Taylor,Amsterdam,North Holland,Netherlands,2025-12-20,false
CUST-002838,Benjamin Schmidt,Brussels,Brussels-Capital,Belgium,2021-12-14,false
CUST-002839,Mila Ibrahim,Stockholm,Stockholm County,Sweden,2020-07-22,true
CUST-002840,Grace Brown,Vienna,Vienna,Austria,2021-09-03,true
CUST-002841,Maya Virtanen,Milan,Lombardy,Italy,2026-08-22,true
CUST-002842,Maya Andersson,London,England,United Kingdom,2022-01-02,true
CUST-002843,Zara Silva,Barcelona,Catalonia,Spain,2020-09-03,true
CUST-002844,David Schmidt,Tampere,Pirkanmaa,Finland,2025-03-15,false
CUST-002845,Eva Andersson,Amsterdam,North Holland,Netherlands,2020-01-27,true
CUST-002846,Jonas Rossi,Gothenburg,Vastra Gotaland,Sweden,2025-03-06,true
CUST-002847,Leila Brown,Paris,Ile-de-France,France,2023-06-21,true
CUST-002848,Benjamin Garcia,Lyon,Auvergne-Rhone-Alpes,France,2022-01-18,true
CUST-002849,Isla Moore,Dublin,Leinster,Ireland,2022-11-29,true
CUST-002850,Mateo Petrov,Manchester,England,United Kingdom,2022-05-20,false
CUST-002851,Zara Brown,Paris,Ile-de-France,France,2020-04-07,true
CUST-002852,Grace Silva,Sydney,New South Wales,Australia,2023-12-23,false
CUST-002853,Lucas Moore,Lyon,Auvergne-Rhone-Alpes,France,2024-07-01,true
CUST-002854,Elias Williams,Stockholm,Stockholm County,Sweden,2026-08-15,true
CUST-002855,Emma Clark,Turku,Southwest Finland,Finland,2025-01-29,true
CUST-002856,Maya Muller,Gothenburg,Vastra Gotaland,Sweden,2021-11-21,true
CUST-002857,David Khan,Turku,Southwest Finland,Finland,2020-01-15,true
CUST-002858,Samuel Smith,Berlin,Berlin,Germany,2024-07-23,false
CUST-002859,Elias Dubois,Warsaw,Masovian,Poland,2025-04-08,true
CUST-002860,Jonas Santos,Tokyo,Tokyo,Japan,2020-06-22,true
CUST-002861,Oliver Dubois,Munich,Bavaria,Germany,2021-12-27,false
CUST-002862,Lucas Davis,Toronto,Ontario,Canada,2024-03-04,false
CUST-002863,Samuel Berg,London,England,United Kingdom,2026-01-09,true
CUST-002864,Yusuf Ahmed,Rome,Lazio,Italy,2020-08-10,true
CUST-002865,Ada Ahmed,Amsterdam,North Holland,Netherlands,2020-12-09,false
CUST-002866,Lina Williams,Lyon,Auvergne-Rhone-Alpes,France,2020-10-11,true
CUST-002867,Emma Dubois,Tokyo,Tokyo,Japan,2023-12-26,true
CUST-002868,Arthur Novak,Vienna,Vienna,Austria,2026-06-07,true
CUST-002869,Eva Nielsen,Tokyo,Tokyo,Japan,2022-08-02,true
CUST-002870,Chloe Rossi,Stockholm,Stockholm County,Sweden,2025-12-15,false
CUST-002871,Benjamin Moore,Manchester,England,United Kingdom,2020-08-27,false
CUST-002872,Yusuf Brown,Prague,Prague,Czechia,2022-01-30,true
CUST-002873,Isla Clark,Berlin,Berlin,Germany,2021-11-11,false
CUST-002874,Sofia Novak,Milan,Lombardy,Italy,2025-02-05,false
CUST-002875,Benjamin Lopez,Berlin,Berlin,Germany,2021-01-24,true
CUST-002876,Mateo Ibrahim,New York,New York,United States,2025-01-17,false
CUST-002877,Emma Brown,Milan,Lombardy,Italy,2024-03-05,true
CUST-002878,Mateo Brown,London,England,United Kingdom,2024-10-06,true
CUST-002879,Leila Brown,Stockholm,Stockholm County,Sweden,2024-11-15,true
CUST-002880,Nora Davis,Prague,Prague,Czechia,2024-04-03,true
CUST-002881,Noah Brown,Berlin,Berlin,Germany,2024-11-15,true
CUST-002882,Leila Clark,New York,New York,United States,2025-07-09,true
CUST-002883,Omar Nielsen,Vienna,Vienna,Austria,2025-06-19,true
CUST-002884,Lina Rossi,New York,New York,United States,2020-01-14,true
CUST-002885,Amina Novak,Copenhagen,Capital Region,Denmark,2020-02-28,true
CUST-002886,Omar Dubois,Manchester,England,United Kingdom,2024-09-11,true
CUST-002887,Benjamin Martin,Vienna,Vienna,Austria,2020-11-18,true
CUST-002888,Emma Williams,Oslo,Oslo,Norway,2024-02-25,false
CUST-002889,Lina Andersson,Tampere,Pirkanmaa,Finland,2024-01-15,true
CUST-002890,Lucas Ibrahim,Milan,Lombardy,Italy,2021-08-27,true
CUST-002891,Maya Novak,Austin,Texas,United States,2022-02-15,false
CUST-002892,Mateo Ibrahim,Gothenburg,Vastra Gotaland,Sweden,2026-09-01,true
CUST-002893,Omar Andersson,Copenhagen,Capital Region,Denmark,2020-11-28,true
CUST-002894,Lucas Santos,London,England,United Kingdom,2026-06-11,true
CUST-002895,Mila Davis,London,England,United Kingdom,2025-11-27,true
CUST-002896,Oliver Korhonen,Turku,Southwest Finland,Finland,2024-12-21,true
CUST-002897,Emma Ali,Rome,Lazio,Italy,2025-06-02,false
CUST-002898,Benjamin Clark,Manchester,England,United Kingdom,2021-02-03,true
CUST-002899,Noah Jensen,Madrid,Community of Madrid,Spain,2020-11-15,true
CUST-002900,Elias Wilson,Oslo,Oslo,Norway,2024-10-28,true
CUST-002901,Lucas Rossi,Oslo,Oslo,Norway,2022-03-22,false
CUST-002902,Leila Virtanen,Barcelona,Catalonia,Spain,2024-09-11,true
CUST-002903,Eva Brown,Vienna,Vienna,Austria,2024-06-12,false
CUST-002904,Grace Schmidt,Oslo,Oslo,Norway,2025-04-14,true
CUST-002905,Leila Jensen,Toronto,Ontario,Canada,2020-09-28,false
CUST-002906,Grace Berg,Helsinki,Uusimaa,Finland,2021-02-27,true
CUST-002907,Mateo Moore,Oslo,Oslo,Norway,2022-04-08,true
CUST-002908,Lucas Johnson,Helsinki,Uusimaa,Finland,2020-12-29,true
CUST-002909,Grace Lopez,Amsterdam,North Holland,Netherlands,2020-12-03,true
CUST-002910,Henry Clark,Berlin,Berlin,Germany,2024-05-05,true
CUST-002911,Grace Davis,Barcelona,Catalonia,Spain,2024-06-19,true
CUST-002912,Isla Martin,Warsaw,Masovian,Poland,2023-08-05,true
CUST-002913,Samuel Brown,Munich,Bavaria,Germany,2021-07-30,true
CUST-002914,Isla Schmidt,Prague,Prague,Czechia,2022-10-17,true
CUST-002915,Oliver Wilson,Prague,Prague,Czechia,2020-07-28,true
CUST-002916,Nora Ali,Toronto,Ontario,Canada,2025-07-16,true
CUST-002917,Nora Jensen,Lisbon,Lisbon,Portugal,2024-03-25,true
CUST-002918,Yusuf Ali,Paris,Ile-de-France,France,2021-12-29,true
CUST-002919,Noah Silva,Lisbon,Lisbon,Portugal,2023-11-17,true
CUST-002920,Arthur Korhonen,Dublin,Leinster,Ireland,2025-01-19,true
CUST-002921,Maya Petrov,Milan,Lombardy,Italy,2020-07-01,true
CUST-002922,Nora Williams,Paris,Ile-de-France,France,2023-03-02,true
CUST-002923,Samuel Schmidt,Rome,Lazio,Italy,2023-11-15,true
CUST-002924,Nora Brown,Turku,Southwest Finland,Finland,2025-05-15,false
CUST-002925,Grace Williams,Amsterdam,North Holland,Netherlands,2026-02-14,true
CUST-002926,Leo Clark,Austin,Texas,United States,2026-05-12,true
CUST-002927,David Jensen,Barcelona,Catalonia,Spain,2020-10-24,true
CUST-002928,Sofia Lopez,Sydney,New South Wales,Australia,2023-07-13,false
CUST-002929,David Garcia,Paris,Ile-de-France,France,2026-01-31,false
CUST-002930,Henry Taylor,Stockholm,Stockholm County,Sweden,2020-05-20,false
CUST-002931,Fatima Dubois,Dublin,Leinster,Ireland,2024-06-29,true
CUST-002932,Arthur Khan,Paris,Ile-de-France,France,2025-06-24,true
CUST-002933,Eva Novak,Tokyo,Tokyo,Japan,2024-03-16,true
CUST-002934,Isla Santos,Lyon,Auvergne-Rhone-Alpes,France,2023-12-06,true
CUST-002935,Leo Lopez,Brussels,Brussels-Capital,Belgium,2021-01-03,true
CUST-002936,Jonas Muller,Toronto,Ontario,Canada,2025-10-27,true
CUST-002937,Jonas Virtanen,Manchester,England,United Kingdom,2024-11-28,true
CUST-002938,Oliver Muller,Toronto,Ontario,Canada,2023-08-14,true
CUST-002939,Emma Williams,Munich,Bavaria,Germany,2026-08-14,false
CUST-002940,Chloe Wilson,Sydney,New South Wales,Australia,2025-10-23,true
CUST-002941,Sofia Brown,Brussels,Brussels-Capital,Belgium,2023-08-26,true
CUST-002942,Jonas Moore,Lyon,Auvergne-Rhone-Alpes,France,2023-07-13,true
CUST-002943,Samuel Brown,Sydney,New South Wales,Australia,2022-03-16,true
CUST-002944,Leila Schmidt,Stockholm,Stockholm County,Sweden,2024-07-15,true
CUST-002945,Chloe Ahmed,Rome,Lazio,Italy,2024-01-29,true
CUST-002946,Mila Jensen,Warsaw,Masovian,Poland,2021-12-04,true
CUST-002947,Jonas Schmidt,Gothenburg,Vastra Gotaland,Sweden,2024-03-26,true
CUST-002948,Lina Johnson,Barcelona,Catalonia,Spain,2020-03-14,true
CUST-002949,Leo Ali,Oslo,Oslo,Norway,2021-06-25,true
CUST-002950,Chloe Martin,Copenhagen,Capital Region,Denmark,2026-03-12,true
CUST-002951,Yusuf Moore,Berlin,Berlin,Germany,2022-05-13,true
CUST-002952,Fatima Clark,Munich,Bavaria,Germany,2026-07-01,true
CUST-002953,Omar Davis,Paris,Ile-de-France,France,2020-09-15,true
CUST-002954,Elias Johnson,Berlin,Berlin,Germany,2025-04-06,true
CUST-002955,Noah Santos,Dublin,Leinster,Ireland,2022-11-21,true
CUST-002956,Isla Clark,Lisbon,Lisbon,Portugal,2024-03-05,true
CUST-002957,Noah Rossi,London,England,United Kingdom,2024-09-18,true
CUST-002958,Daniel Novak,Tampere,Pirkanmaa,Finland,2020-06-22,true
CUST-002959,Chloe Muller,Manchester,England,United Kingdom,2024-12-11,true
CUST-002960,Ada Berg,Paris,Ile-de-France,France,2023-02-09,true
CUST-002961,Lina Khan,Vienna,Vienna,Austria,2025-04-10,true
CUST-002962,Fatima Andersson,Toronto,Ontario,Canada,2024-02-17,true
CUST-002963,Eva Taylor,Vienna,Vienna,Austria,2025-03-01,true
CUST-002964,Leila Williams,Paris,Ile-de-France,France,2024-08-25,true
CUST-002965,Chloe Silva,Tokyo,Tokyo,Japan,2022-02-15,true
CUST-002966,Leo Moore,Amsterdam,North Holland,Netherlands,2023-04-03,true
CUST-002967,Lucas Ahmed,Manchester,England,United Kingdom,2021-03-25,true
CUST-002968,Sofia Dubois,Gothenburg,Vastra Gotaland,Sweden,2022-12-08,false
CUST-002969,Maya Moore,Vienna,Vienna,Austria,2025-04-03,true
CUST-002970,Leo Nielsen,New York,New York,United States,2021-05-23,true
CUST-002971,Amina Moore,Tokyo,Tokyo,Japan,2026-07-23,false
CUST-002972,Grace Jensen,Warsaw,Masovian,Poland,2025-03-25,true
CUST-002973,Eva Muller,Manchester,England,United Kingdom,2023-04-04,true
CUST-002974,Henry Brown,Gothenburg,Vastra Gotaland,Sweden,2025-10-25,true
CUST-002975,Maya Andersson,Vancouver,British Columbia,Canada,2023-02-27,true
CUST-002976,Yusuf Martin,Helsinki,Uusimaa,Finland,2026-04-03,true
CUST-002977,Lucas Garcia,Gothenburg,Vastra Gotaland,Sweden,2022-08-28,true
CUST-002978,Arthur Smith,Madrid,Community of Madrid,Spain,2022-10-23,true
CUST-002979,Arthur Dubois,Sydney,New South Wales,Australia,2021-10-24,true
CUST-002980,Oliver Martin,Turku,Southwest Finland,Finland,2020-02-24,false
CUST-002981,Maya Virtanen,Sydney,New South Wales,Australia,2024-05-02,true
CUST-002982,Chloe Nielsen,Vancouver,British Columbia,Canada,2025-06-21,false
CUST-002983,Daniel Garcia,Barcelona,Catalonia,Spain,2026-06-11,false
CUST-002984,Arthur Jensen,London,England,United Kingdom,2021-09-21,true
CUST-002985,Leo Khan,Sydney,New South Wales,Australia,2025-03-14,true
CUST-002986,Arthur Wilson,Dublin,Leinster,Ireland,2026-04-20,true
CUST-002987,Jonas Jensen,Prague,Prague,Czechia,2021-09-03,true
CUST-002988,Benjamin Johnson,Milan,Lombardy,Italy,2023-09-11,true
CUST-002989,Elias Rossi,Prague,Prague,Czechia,2021-05-31,true
CUST-002990,Lina Smith,Warsaw,Masovian,Poland,2022-07-17,false
CUST-002991,Maya Taylor,Lisbon,Lisbon,Portugal,2024-03-22,true
CUST-002992,Omar Ahmed,Lyon,Auvergne-Rhone-Alpes,France,2025-03-19,true
CUST-002993,Isla Berg,Tokyo,Tokyo,Japan,2024-08-05,false
CUST-002994,Mateo Rossi,Oslo,Oslo,Norway,2023-04-22,true
CUST-002995,Jonas Virtanen,Helsinki,Uusimaa,Finland,2026-08-30,true
CUST-002996,Daniel Ali,Amsterdam,North Holland,Netherlands,2021-08-10,true
CUST-002997,Ada Brown,Madrid,Community of Madrid,Spain,2023-11-12,true
CUST-002998,Benjamin Jensen,London,England,United Kingdom,2022-10-14,true
CUST-002999,Mila Johnson,Tokyo,Tokyo,Japan,2024-06-01,false
CUST-003000,Arthur Silva,Warsaw,Masovian,Poland,2020-07-22,true
CUST-003001,Yusuf Schmidt,Brussels,Brussels-Capital,Belgium,2021-12-14,true
CUST-003002,Zara Martin,Copenhagen,Capital Region,Denmark,2025-08-15,true
CUST-003003,Lina Taylor,Madrid,Community of Madrid,Spain,2024-08-20,true
CUST-003004,Leo Khan,Sydney,New South Wales,Australia,2024-09-17,false
CUST-003005,Samuel Ali,Helsinki,Uusimaa,Finland,2021-08-05,true
CUST-003006,Eva Johnson,Stockholm,Stockholm County,Sweden,2025-03-08,true
CUST-003007,David Jensen,Rome,Lazio,Italy,2024-02-26,true
CUST-003008,Grace Silva,Lyon,Auvergne-Rhone-Alpes,France,2022-07-30,true
CUST-003009,Henry Ibrahim,Austin,Texas,United States,2020-03-24,true
CUST-003010,Yusuf Silva,Brussels,Brussels-Capital,Belgium,2024-03-14,true
CUST-003011,Mila Dubois,Berlin,Berlin,Germany,2025-06-28,true
CUST-003012,Lucas Ahmed,Milan,Lombardy,Italy,2024-07-02,true
CUST-003013,Arthur Lopez,Austin,Texas,United States,2026-02-12,true
CUST-003014,Oliver Ahmed,Milan,Lombardy,Italy,2021-11-13,true
CUST-003015,Amina Williams,Barcelona,Catalonia,Spain,2021-04-15,false
CUST-003016,Nora Martin,Vienna,Vienna,Austria,2022-01-07,true
CUST-003017,Samuel Lopez,Tampere,Pirkanmaa,Finland,2023-10-09,false
CUST-003018,Oliver Garcia,London,England,United Kingdom,2020-02-24,true
CUST-003019,Noah Martin,Vancouver,British Columbia,Canada,2026-03-06,true
CUST-003020,Emma Johnson,Oslo,Oslo,Norway,2024-03-22,true
CUST-003021,Arthur Andersson,Tokyo,Tokyo,Japan,2025-03-22,true
CUST-003022,Nora Ibrahim,Lyon,Auvergne-Rhone-Alpes,France,2023-06-22,true
CUST-003023,Ada Rossi,Amsterdam,North Holland,Netherlands,2023-01-15,true
CUST-003024,Amina Davis,Paris,Ile-de-France,France,2026-01-12,true
CUST-003025,Lina Novak,Lisbon,Lisbon,Portugal,2024-12-05,true
CUST-003026,Nora Martin,Lisbon,Lisbon,Portugal,2021-02-03,true
CUST-003027,Eva Khan,New York,New York,United States,2026-03-14,false
CUST-003028,Lucas Virtanen,Austin,Texas,United States,2025-05-02,true
CUST-003029,Emma Moore,Lyon,Auvergne-Rhone-Alpes,France,2024-11-18,true
CUST-003030,Mila Muller,London,England,United Kingdom,2023-03-01,true
CUST-003031,Daniel Ali,Turku,Southwest Finland,Finland,2024-12-21,true
CUST-003032,Henry Schmidt,New York,New York,United States,2020-08-20,true
CUST-003033,Henry Novak,Lyon,Auvergne-Rhone-Alpes,France,2024-06-17,true
CUST-003034,Leo Ahmed,Turku,Southwest Finland,Finland,2022-12-03,true
CUST-003035,Lucas Virtanen,Paris,Ile-de-France,France,2020-03-03,true
CUST-003036,Omar Dubois,Lyon,Auvergne-Rhone-Alpes,France,2022-09-24,true
CUST-003037,Henry Ali,Paris,Ile-de-France,France,2024-10-19,true
CUST-003038,Leila Brown,Madrid,Community of Madrid,Spain,2026-03-01,true
CUST-003039,Eva Ahmed,Brussels,Brussels-Capital,Belgium,2020-06-16,true
CUST-003040,Grace Andersson,Stockholm,Stockholm County,Sweden,2022-01-22,true
CUST-003041,Elias Muller,Vienna,Vienna,Austria,2025-08-26,false
CUST-003042,Yusuf Jensen,Prague,Prague,Czechia,2023-09-11,true
CUST-003043,Omar Wilson,Stockholm,Stockholm County,Sweden,2020-11-02,true
CUST-003044,Leila Martin,Vancouver,British Columbia,Canada,2022-01-19,true
CUST-003045,David Brown,London,England,United Kingdom,2021-02-02,false
CUST-003046,Daniel Ali,Brussels,Brussels-Capital,Belgium,2024-08-21,true
CUST-003047,Arthur Korhonen,Austin,Texas,United States,2020-07-19,true
CUST-003048,Yusuf Moore,Warsaw,Masovian,Poland,2023-05-02,true
CUST-003049,Isla Rossi,Oslo,Oslo,Norway,2022-03-04,true
CUST-003050,Yusuf Ahmed,Stockholm,Stockholm County,Sweden,2022-11-27,true
CUST-003051,Leo Petrov,Tokyo,Tokyo,Japan,2025-10-01,true
CUST-003052,Fatima Schmidt,Brussels,Brussels-Capital,Belgium,2025-09-26,false
CUST-003053,Henry Nielsen,Prague,Prague,Czechia,2022-09-16,true
CUST-003054,Ada Schmidt,Rome,Lazio,Italy,2024-09-19,true
CUST-003055,Jonas Schmidt,Lyon,Auvergne-Rhone-Alpes,France,2024-03-23,true
CUST-003056,Grace Petrov,Barcelona,Catalonia,Spain,2023-02-08,true
CUST-003057,Ada Rossi,Toronto,Ontario,Canada,2026-06-02,true
CUST-003058,Benjamin Nielsen,Gothenburg,Vastra Gotaland,Sweden,2026-03-17,false
CUST-003059,Benjamin Khan,Rome,Lazio,Italy,2021-01-30,false
CUST-003060,Chloe Schmidt,Tokyo,Tokyo,Japan,2021-02-16,true
CUST-003061,Yusuf Ali,London,England,United Kingdom,2021-08-02,true
CUST-003062,Daniel Berg,Dublin,Leinster,Ireland,2025-07-19,true
CUST-003063,Benjamin Novak,Dublin,Leinster,Ireland,2025-10-02,true
CUST-003064,Jonas Silva,Lyon,Auvergne-Rhone-Alpes,France,2023-02-21,true
CUST-003065,Lina Ahmed,Oslo,Oslo,Norway,2024-10-24,true
CUST-003066,Arthur Muller,Tampere,Pirkanmaa,Finland,2022-02-21,true
CUST-003067,Noah Nielsen,Austin,Texas,United States,2022-08-10,true
CUST-003068,Ada Clark,Copenhagen,Capital Region,Denmark,2024-02-10,true
CUST-003069,Chloe Jensen,Oslo,Oslo,Norway,2023-04-04,true
CUST-003070,Jonas Dubois,Manchester,England,United Kingdom,2023-10-14,true
CUST-003071,Elias Jensen,Rome,Lazio,Italy,2025-10-19,true
CUST-003072,Amina Petrov,Paris,Ile-de-France,France,2021-04-01,true
CUST-003073,Amina Virtanen,Manchester,England,United Kingdom,2020-05-07,true
CUST-003074,Sofia Garcia,Lyon,Auvergne-Rhone-Alpes,France,2024-06-04,true
CUST-003075,Daniel Korhonen,Brussels,Brussels-Capital,Belgium,2020-03-30,true
CUST-003076,Amina Garcia,Rome,Lazio,Italy,2024-08-24,false
CUST-003077,Sofia Santos,Vancouver,British Columbia,Canada,2024-06-30,true
CUST-003078,Benjamin Johnson,Barcelona,Catalonia,Spain,2023-07-07,true
CUST-003079,Emma Rossi,London,England,United Kingdom,2026-04-19,true
CUST-003080,Samuel Smith,Helsinki,Uusimaa,Finland,2026-04-26,true
CUST-003081,Lina Schmidt,Toronto,Ontario,Canada,2022-02-04,true
CUST-003082,Grace Taylor,Tokyo,Tokyo,Japan,2026-02-22,true
CUST-003083,Noah Khan,Gothenburg,Vastra Gotaland,Sweden,2026-07-19,true
CUST-003084,Arthur Smith,Munich,Bavaria,Germany,2021-03-24,true
CUST-003085,Isla Petrov,Prague,Prague,Czechia,2024-10-04,true
CUST-003086,Leila Brown,Amsterdam,North Holland,Netherlands,2024-11-27,true
CUST-003087,Eva Khan,Tokyo,Tokyo,Japan,2022-05-14,true
CUST-003088,Mila Virtanen,Tampere,Pirkanmaa,Finland,2022-01-04,true
CUST-003089,Omar Korhonen,Copenhagen,Capital Region,Denmark,2021-10-21,true
CUST-003090,Leo Smith,Amsterdam,North Holland,Netherlands,2026-03-06,false
CUST-003091,Grace Petrov,Warsaw,Masovian,Poland,2022-01-30,true
CUST-003092,Sofia Martin,Munich,Bavaria,Germany,2024-01-08,true
CUST-003093,Mila Garcia,Austin,Texas,United States,2024-09-03,true
CUST-003094,Arthur Smith,Barcelona,Catalonia,Spain,2024-12-13,false
CUST-003095,Emma Johnson,Vancouver,British Columbia,Canada,2024-09-13,false
CUST-003096,Benjamin Nielsen,Dublin,Leinster,Ireland,2026-01-22,false
CUST-003097,Arthur Ibrahim,Tampere,Pirkanmaa,Finland,2024-05-03,true
CUST-003098,Oliver Ahmed,Manchester,England,United Kingdom,2020-12-15,true
CUST-003099,Lucas Lopez,Austin,Texas,United States,2024-10-16,true
CUST-003100,Noah Moore,Lisbon,Lisbon,Portugal,2020-01-09,true
CUST-003101,Daniel Dubois,Vienna,Vienna,Austria,2024-12-20,false
CUST-003102,Lina Moore,Helsinki,Uusimaa,Finland,2023-08-14,true
CUST-003103,Mateo Rossi,Manchester,England,United Kingdom,2025-08-20,false
CUST-003104,Benjamin Clark,Sydney,New South Wales,Australia,2024-09-25,true
CUST-003105,Noah Silva,Toronto,Ontario,Canada,2025-01-26,true
CUST-003106,Mateo Santos,Vancouver,British Columbia,Canada,2021-09-11,true
CUST-003107,Maya Ahmed,Rome,Lazio,Italy,2022-11-05,true
CUST-003108,Fatima Berg,Sydney,New South Wales,Australia,2020-06-15,true
CUST-003109,Eva Smith,Lyon,Auvergne-Rhone-Alpes,France,2025-10-18,true
CUST-003110,Noah Muller,Turku,Southwest Finland,Finland,2022-02-10,true
CUST-003111,Sofia Khan,Paris,Ile-de-France,France,2022-05-07,true
CUST-003112,Zara Santos,Tampere,Pirkanmaa,Finland,2022-12-14,true
CUST-003113,Emma Andersson,Amsterdam,North Holland,Netherlands,2021-02-26,true
CUST-003114,Noah Petrov,Vancouver,British Columbia,Canada,2023-08-20,true
CUST-003115,Henry Taylor,Paris,Ile-de-France,France,2024-10-22,true
CUST-003116,Daniel Garcia,Manchester,England,United Kingdom,2023-05-31,true
CUST-003117,Nora Muller,Sydney,New South Wales,Australia,2026-07-01,true
CUST-003118,Samuel Silva,New York,New York,United States,2026-07-14,false
CUST-003119,Elias Dubois,Berlin,Berlin,Germany,2023-11-02,true
CUST-003120,Amina Korhonen,Lyon,Auvergne-Rhone-Alpes,France,2023-01-02,true
CUST-003121,Nora Brown,Warsaw,Masovian,Poland,2023-02-18,true
CUST-003122,Amina Dubois,Helsinki,Uusimaa,Finland,2020-09-30,true
CUST-003123,Maya Johnson,New York,New York,United States,2020-01-16,true
CUST-003124,Lina Ali,Oslo,Oslo,Norway,2025-05-11,true
CUST-003125,Henry Ibrahim,Vancouver,British Columbia,Canada,2025-10-03,true
CUST-003126,Zara Moore,New York,New York,United States,2023-07-28,true
CUST-003127,Chloe Lopez,Milan,Lombardy,Italy,2021-07-20,true
CUST-003128,David Jensen,Barcelona,Catalonia,Spain,2025-05-23,true
CUST-003129,Omar Taylor,Dublin,Leinster,Ireland,2020-04-11,true
CUST-003130,Omar Williams,Turku,Southwest Finland,Finland,2025-11-30,false
CUST-003131,Lucas Ali,Vienna,Vienna,Austria,2023-01-07,true
CUST-003132,Eva Davis,Barcelona,Catalonia,Spain,2021-05-08,true
CUST-003133,Mila Davis,Lyon,Auvergne-Rhone-Alpes,France,2022-03-14,true
CUST-003134,Zara Schmidt,Berlin,Berlin,Germany,2021-09-26,true
CUST-003135,Lucas Ali,Tokyo,Tokyo,Japan,2023-11-20,true
CUST-003136,Mateo Muller,Tampere,Pirkanmaa,Finland,2025-02-05,false
CUST-003137,Henry Berg,Warsaw,Masovian,Poland,2026-06-16,true
CUST-003138,Henry Williams,Austin,Texas,United States,2023-01-08,true
CUST-003139,Mila Petrov,Prague,Prague,Czechia,2021-03-16,true
CUST-003140,Benjamin Williams,Turku,Southwest Finland,Finland,2020-09-11,true
CUST-003141,Leo Ibrahim,Madrid,Community of Madrid,Spain,2022-01-29,false
CUST-003142,Grace Korhonen,Berlin,Berlin,Germany,2024-07-26,false
CUST-003143,Jonas Ahmed,Stockholm,Stockholm County,Sweden,2020-12-28,true
CUST-003144,Henry Williams,Warsaw,Masovian,Poland,2023-04-13,false
CUST-003145,Isla Nielsen,Warsaw,Masovian,Poland,2026-04-03,false
CUST-003146,Mila Khan,Lyon,Auvergne-Rhone-Alpes,France,2024-09-06,true
CUST-003147,Nora Nielsen,Toronto,Ontario,Canada,2020-03-22,true
CUST-003148,Mateo Ibrahim,Prague,Prague,Czechia,2024-08-24,true
CUST-003149,Benjamin Jensen,Rome,Lazio,Italy,2020-08-25,true
CUST-003150,Jonas Jensen,Lyon,Auvergne-Rhone-Alpes,France,2022-08-05,true
CUST-003151,Amina Khan,Toronto,Ontario,Canada,2020-02-02,true
CUST-003152,Emma Khan,Lisbon,Lisbon,Portugal,2021-01-06,true
CUST-003153,Grace Smith,Vienna,Vienna,Austria,2021-09-05,true
CUST-003154,Amina Jensen,Warsaw,Masovian,Poland,2021-11-12,true
CUST-003155,Elias Davis,Dublin,Leinster,Ireland,2025-12-10,true
CUST-003156,Amina Smith,Manchester,England,United Kingdom,2026-03-11,true
CUST-003157,Elias Garcia,Paris,Ile-de-France,France,2024-01-18,false
CUST-003158,David Muller,Vienna,Vienna,Austria,2024-02-20,true
CUST-003159,Henry Martin,Madrid,Community of Madrid,Spain,2024-06-19,false
CUST-003160,Nora Korhonen,Munich,Bavaria,Germany,2021-11-02,true
CUST-003161,Leo Khan,Milan,Lombardy,Italy,2025-11-08,true
CUST-003162,Emma Rossi,Lisbon,Lisbon,Portugal,2025-09-21,true
CUST-003163,Lucas Ahmed,Rome,Lazio,Italy,2023-09-14,true
CUST-003164,Amina Clark,Lyon,Auvergne-Rhone-Alpes,France,2025-04-23,true
CUST-003165,Emma Taylor,Rome,Lazio,Italy,2024-11-01,true
CUST-003166,Zara Ali,Sydney,New South Wales,Australia,2024-10-03,true
CUST-003167,Fatima Khan,Barcelona,Catalonia,Spain,2022-11-30,false
CUST-003168,Benjamin Ahmed,Prague,Prague,Czechia,2022-12-18,true
CUST-003169,Ada Novak,Warsaw,Masovian,Poland,2023-10-07,true
CUST-003170,Elias Ali,Warsaw,Masovian,Poland,2021-05-30,true
CUST-003171,Isla Lopez,Vienna,Vienna,Austria,2021-05-07,false
CUST-003172,Emma Ibrahim,Tampere,Pirkanmaa,Finland,2026-04-09,true
CUST-003173,Eva Petrov,Rome,Lazio,Italy,2024-09-18,true
CUST-003174,Daniel Moore,Oslo,Oslo,Norway,2022-03-07,true
CUST-003175,Henry Berg,Lisbon,Lisbon,Portugal,2022-12-12,true
CUST-003176,Mateo Taylor,Copenhagen,Capital Region,Denmark,2021-12-30,true
CUST-003177,Jonas Clark,Milan,Lombardy,Italy,2020-03-13,false
CUST-003178,Leila Martin,Madrid,Community of Madrid,Spain,2020-10-07,false
CUST-003179,Noah Santos,Vancouver,British Columbia,Canada,2022-08-04,true
CUST-003180,Chloe Khan,London,England,United Kingdom,2023-09-01,true
CUST-003181,Benjamin Virtanen,Toronto,Ontario,Canada,2024-04-02,true
CUST-003182,Omar Lopez,Berlin,Berlin,Germany,2023-04-19,true
CUST-003183,David Taylor,Munich,Bavaria,Germany,2021-01-17,true
CUST-003184,Arthur Khan,Berlin,Berlin,Germany,2025-09-12,true
CUST-003185,Jonas Andersson,Munich,Bavaria,Germany,2021-05-06,true
CUST-003186,Samuel Santos,Vancouver,British Columbia,Canada,2020-04-17,true
CUST-003187,Emma Dubois,Brussels,Brussels-Capital,Belgium,2024-02-26,true
CUST-003188,Eva Jensen,Tampere,Pirkanmaa,Finland,2023-12-02,true
CUST-003189,Nora Schmidt,Amsterdam,North Holland,Netherlands,2026-05-22,true
CUST-003190,Isla Virtanen,Vancouver,British Columbia,Canada,2023-03-22,true
CUST-003191,Samuel Nielsen,Toronto,Ontario,Canada,2023-05-16,true
CUST-003192,Zara Taylor,Toronto,Ontario,Canada,2020-10-17,true
CUST-003193,Jonas Johnson,Manchester,England,United Kingdom,2023-07-03,true
CUST-003194,Leo Lopez,Paris,Ile-de-France,France,2024-08-20,false
CUST-003195,Ada Santos,Warsaw,Masovian,Poland,2023-05-07,true
CUST-003196,Leo Schmidt,Warsaw,Masovian,Poland,2022-02-14,true
CUST-003197,Leila Dubois,Vancouver,British Columbia,Canada,2020-05-03,true
CUST-003198,Arthur Korhonen,Austin,Texas,United States,2023-02-13,true
CUST-003199,Chloe Rossi,Stockholm,Stockholm County,Sweden,2023-07-06,true
CUST-003200,Daniel Schmidt,Sydney,New South Wales,Australia,2020-04-22,true
CUST-003201,Ada Rossi,Lyon,Auvergne-Rhone-Alpes,France,2022-03-16,true
CUST-003202,Mila Garcia,Turku,Southwest Finland,Finland,2022-01-30,true
CUST-003203,Samuel Schmidt,Copenhagen,Capital Region,Denmark,2022-09-20,true
CUST-003204,Sofia Korhonen,Berlin,Berlin,Germany,2021-01-21,true
CUST-003205,Sofia Nielsen,Prague,Prague,Czechia,2025-12-28,true
CUST-003206,David Andersson,Manchester,England,United Kingdom,2020-02-17,false
CUST-003207,Oliver Virtanen,Turku,Southwest Finland,Finland,2024-01-10,true
CUST-003208,Nora Novak,Amsterdam,North Holland,Netherlands,2025-03-04,false
CUST-003209,Arthur Ali,Rome,Lazio,Italy,2021-10-11,false
CUST-003210,Omar Garcia,Tokyo,Tokyo,Japan,2025-07-31,true
CUST-003211,Noah Brown,Helsinki,Uusimaa,Finland,2025-02-16,true
CUST-003212,Jonas Johnson,Madrid,Community of Madrid,Spain,2025-07-25,true
CUST-003213,Eva Korhonen,Amsterdam,North Holland,Netherlands,2025-03-26,false
CUST-003214,Mateo Smith,Manchester,England,United Kingdom,2022-09-09,true
CUST-003215,Fatima Davis,Austin,Texas,United States,2021-09-17,true
CUST-003216,Amina Ali,Barcelona,Catalonia,Spain,2021-05-03,true
CUST-003217,Nora Korhonen,Prague,Prague,Czechia,2025-04-23,true
CUST-003218,Mila Ahmed,Munich,Bavaria,Germany,2025-09-08,false
CUST-003219,Lucas Moore,Stockholm,Stockholm County,Sweden,2025-11-11,true
CUST-003220,Lina Andersson,Lyon,Auvergne-Rhone-Alpes,France,2025-08-23,true
CUST-003221,Mila Khan,Austin,Texas,United States,2020-07-09,true
CUST-003222,Noah Khan,Berlin,Berlin,Germany,2024-08-03,true
CUST-003223,Maya Smith,London,England,United Kingdom,2023-04-23,true
CUST-003224,Leo Jensen,Prague,Prague,Czechia,2025-09-01,false
CUST-003225,Amina Petrov,Vienna,Vienna,Austria,2024-12-23,false
CUST-003226,Yusuf Taylor,Sydney,New South Wales,Australia,2022-06-02,true
CUST-003227,Elias Khan,Madrid,Community of Madrid,Spain,2021-11-22,true
CUST-003228,Yusuf Martin,Amsterdam,North Holland,Netherlands,2021-09-27,true
CUST-003229,Henry Johnson,Milan,Lombardy,Italy,2020-06-20,true
CUST-003230,Ada Petrov,Amsterdam,North Holland,Netherlands,2024-06-23,false
CUST-003231,Leo Ali,Austin,Texas,United States,2024-11-25,true
CUST-003232,Benjamin Martin,Toronto,Ontario,Canada,2020-06-17,true
CUST-003233,Oliver Lopez,Madrid,Community of Madrid,Spain,2026-04-02,true
CUST-003234,Fatima Berg,Toronto,Ontario,Canada,2022-06-06,true
CUST-003235,Ada Ahmed,Lisbon,Lisbon,Portugal,2024-11-16,true
CUST-003236,Leila Nielsen,Lyon,Auvergne-Rhone-Alpes,France,2025-05-13,true
CUST-003237,Mila Ibrahim,Vienna,Vienna,Austria,2025-10-22,true
CUST-003238,Fatima Berg,Brussels,Brussels-Capital,Belgium,2024-02-11,true
CUST-003239,Omar Davis,Toronto,Ontario,Canada,2021-10-23,true
CUST-003240,Maya Jensen,Gothenburg,Vastra Gotaland,Sweden,2023-07-19,true
CUST-003241,Arthur Martin,New York,New York,United States,2025-09-11,false
CUST-003242,Isla Novak,London,England,United Kingdom,2021-08-14,true
CUST-003243,Elias Dubois,Lyon,Auvergne-Rhone-Alpes,France,2024-07-01,true
CUST-003244,Elias Davis,Vienna,Vienna,Austria,2021-10-05,true
CUST-003245,Leila Garcia,London,England,United Kingdom,2022-06-23,true
CUST-003246,Noah Andersson,Prague,Prague,Czechia,2025-05-07,false
CUST-003247,Omar Taylor,Warsaw,Masovian,Poland,2022-03-15,false
CUST-003248,Omar Rossi,Prague,Prague,Czechia,2020-04-16,true
CUST-003249,Grace Williams,New York,New York,United States,2022-08-27,true
CUST-003250,Daniel Berg,London,England,United Kingdom,2026-07-08,true
CUST-003251,Zara Garcia,Rome,Lazio,Italy,2022-05-01,false
CUST-003252,Leila Smith,New York,New York,United States,2021-06-17,true
CUST-003253,Eva Silva,Tampere,Pirkanmaa,Finland,2021-11-05,false
CUST-003254,Amina Smith,Stockholm,Stockholm County,Sweden,2025-11-10,true
CUST-003255,Yusuf Johnson,Vancouver,British Columbia,Canada,2024-06-01,true
CUST-003256,Ada Muller,Dublin,Leinster,Ireland,2024-07-14,true
CUST-003257,Isla Ahmed,Turku,Southwest Finland,Finland,2024-08-12,true
CUST-003258,Grace Dubois,Tokyo,Tokyo,Japan,2021-01-09,true
CUST-003259,Arthur Petrov,Barcelona,Catalonia,Spain,2022-09-26,true
CUST-003260,Elias Nielsen,Tokyo,Tokyo,Japan,2020-06-08,true
CUST-003261,Chloe Ali,Rome,Lazio,Italy,2021-03-31,true
CUST-003262,Ada Davis,Prague,Prague,Czechia,2020-04-26,false
CUST-003263,Samuel Ali,Barcelona,Catalonia,Spain,2024-10-02,true
CUST-003264,Lina Lopez,Amsterdam,North Holland,Netherlands,2021-06-08,true
CUST-003265,Daniel Rossi,Paris,Ile-de-France,France,2026-04-19,true
CUST-003266,Yusuf Dubois,Tampere,Pirkanmaa,Finland,2025-05-16,true
CUST-003267,Henry Rossi,Vienna,Vienna,Austria,2020-10-20,true
CUST-003268,Maya Lopez,Berlin,Berlin,Germany,2022-06-14,false
CUST-003269,Arthur Moore,Copenhagen,Capital Region,Denmark,2024-12-31,true
CUST-003270,Samuel Clark,Warsaw,Masovian,Poland,2020-04-29,false
CUST-003271,Yusuf Lopez,Toronto,Ontario,Canada,2022-05-04,false
CUST-003272,Benjamin Novak,Toronto,Ontario,Canada,2025-11-24,true
CUST-003273,Omar Muller,Vienna,Vienna,Austria,2022-07-29,true
CUST-003274,Grace Rossi,Prague,Prague,Czechia,2020-04-13,true
CUST-003275,Noah Ibrahim,Lisbon,Lisbon,Portugal,2020-10-18,false
CUST-003276,Yusuf Andersson,New York,New York,United States,2023-05-29,true
CUST-003277,Samuel Moore,Munich,Bavaria,Germany,2025-10-25,true
CUST-003278,Ada Clark,Austin,Texas,United States,2026-05-10,true
CUST-003279,Benjamin Martin,Prague,Prague,Czechia,2021-01-24,false
CUST-003280,Mila Garcia,Berlin,Berlin,Germany,2022-12-03,true
CUST-003281,Amina Dubois,Toronto,Ontario,Canada,2021-10-10,true
CUST-003282,Mila Jensen,Tokyo,Tokyo,Japan,2023-06-18,true
CUST-003283,David Moore,Tokyo,Tokyo,Japan,2024-12-15,true
CUST-003284,Isla Brown,Munich,Bavaria,Germany,2024-07-10,true
CUST-003285,Arthur Clark,Vienna,Vienna,Austria,2026-08-28,true
CUST-003286,Eva Davis,Munich,Bavaria,Germany,2025-03-02,true
CUST-003287,Noah Taylor,Warsaw,Masovian,Poland,2021-12-08,true
CUST-003288,Yusuf Ali,Turku,Southwest Finland,Finland,2023-07-10,true
CUST-003289,Isla Santos,Austin,Texas,United States,2026-01-08,true
CUST-003290,Omar Lopez,Amsterdam,North Holland,Netherlands,2024-08-09,true
CUST-003291,Lucas Brown,Stockholm,Stockholm County,Sweden,2026-01-09,true
CUST-003292,Yusuf Jensen,Dublin,Leinster,Ireland,2020-11-08,true
CUST-003293,Omar Martin,Stockholm,Stockholm County,Sweden,2022-12-16,false
CUST-003294,Jonas Novak,Dublin,Leinster,Ireland,2026-01-08,false
CUST-003295,Lina Garcia,Lisbon,Lisbon,Portugal,2025-11-03,true
CUST-003296,Samuel Berg,Gothenburg,Vastra Gotaland,Sweden,2022-08-08,true
CUST-003297,Elias Ibrahim,Vienna,Vienna,Austria,2025-05-12,false
CUST-003298,Yusuf Martin,Warsaw,Masovian,Poland,2026-01-04,true
CUST-003299,Amina Korhonen,Berlin,Berlin,Germany,2023-08-11,false
CUST-003300,Fatima Petrov,Gothenburg,Vastra Gotaland,Sweden,2025-04-24,true
CUST-003301,Maya Ibrahim,Berlin,Berlin,Germany,2025-05-08,true
CUST-003302,Samuel Dubois,Vienna,Vienna,Austria,2022-03-09,true
CUST-003303,Yusuf Brown,Munich,Bavaria,Germany,2020-01-25,true
CUST-003304,Eva Berg,Gothenburg,Vastra Gotaland,Sweden,2025-09-06,true
CUST-003305,Yusuf Korhonen,Manchester,England,United Kingdom,2025-09-07,true
CUST-003306,Henry Garcia,Lisbon,Lisbon,Portugal,2021-10-23,true
CUST-003307,Noah Novak,Munich,Bavaria,Germany,2024-04-02,true
CUST-003308,Jonas Clark,Sydney,New South Wales,Australia,2021-04-20,true
CUST-003309,Mila Ibrahim,Barcelona,Catalonia,Spain,2022-08-30,true
CUST-003310,Noah Wilson,Manchester,England,United Kingdom,2024-08-28,true
CUST-003311,Fatima Martin,New York,New York,United States,2021-12-19,true
CUST-003312,Jonas Muller,Rome,Lazio,Italy,2024-04-07,true
CUST-003313,Leo Muller,Lisbon,Lisbon,Portugal,2023-08-26,false
CUST-003314,Zara Moore,Helsinki,Uusimaa,Finland,2022-09-24,true
CUST-003315,Maya Davis,Barcelona,Catalonia,Spain,2025-03-15,true
CUST-003316,David Jensen,Austin,Texas,United States,2024-04-20,true
CUST-003317,Daniel Ibrahim,Munich,Bavaria,Germany,2025-07-08,true
CUST-003318,Emma Andersson,Toronto,Ontario,Canada,2021-03-03,true
CUST-003319,Maya Davis,Munich,Bavaria,Germany,2026-03-25,true
CUST-003320,Yusuf Novak,Helsinki,Uusimaa,Finland,2020-02-01,true
CUST-003321,Yusuf Johnson,Madrid,Community of Madrid,Spain,2022-01-27,true
CUST-003322,Leo Ahmed,Rome,Lazio,Italy,2026-02-22,true
CUST-003323,Henry Brown,Oslo,Oslo,Norway,2022-01-01,true
CUST-003324,Daniel Ali,Toronto,Ontario,Canada,2025-04-28,true
CUST-003325,Elias Lopez,Sydney,New South Wales,Australia,2023-07-02,true
CUST-003326,Lucas Brown,Amsterdam,North Holland,Netherlands,2020-10-02,false
CUST-003327,Sofia Lopez,Brussels,Brussels-Capital,Belgium,2022-09-11,true
CUST-003328,Mila Virtanen,Vienna,Vienna,Austria,2024-09-07,true
CUST-003329,Yusuf Korhonen,Austin,Texas,United States,2025-09-23,true
CUST-003330,Jonas Davis,Helsinki,Uusimaa,Finland,2024-12-19,true
CUST-003331,Daniel Taylor,Helsinki,Uusimaa,Finland,2026-06-29,true
CUST-003332,Daniel Khan,Milan,Lombardy,Italy,2023-04-06,true
CUST-003333,Zara Moore,Vienna,Vienna,Austria,2022-11-22,true
CUST-003334,Arthur Johnson,Stockholm,Stockholm County,Sweden,2023-08-08,true
CUST-003335,Samuel Novak,Rome,Lazio,Italy,2024-07-28,true
CUST-003336,Isla Ahmed,Vancouver,British Columbia,Canada,2021-01-11,true
CUST-003337,Arthur Novak,Tokyo,Tokyo,Japan,2024-03-11,true
CUST-003338,Sofia Garcia,Rome,Lazio,Italy,2021-12-12,true
CUST-003339,Elias Virtanen,Gothenburg,Vastra Gotaland,Sweden,2021-10-26,true
CUST-003340,Oliver Moore,Berlin,Berlin,Germany,2025-12-17,true
CUST-003341,Maya Johnson,Lyon,Auvergne-Rhone-Alpes,France,2024-09-22,true
CUST-003342,Lucas Williams,Sydney,New South Wales,Australia,2023-01-21,true
CUST-003343,Zara Schmidt,Milan,Lombardy,Italy,2020-04-27,true
CUST-003344,Leo Andersson,Austin,Texas,United States,2020-09-19,true
CUST-003345,Daniel Davis,Berlin,Berlin,Germany,2021-11-08,true
CUST-003346,Noah Khan,Amsterdam,North Holland,Netherlands,2022-09-15,true
CUST-003347,Henry Petrov,Copenhagen,Capital Region,Denmark,2021-04-28,true
CUST-003348,Leila Rossi,Austin,Texas,United States,2026-08-24,false
CUST-003349,Emma Petrov,Lisbon,Lisbon,Portugal,2023-04-14,true
CUST-003350,Omar Petrov,Madrid,Community of Madrid,Spain,2026-05-26,true
CUST-003351,Nora Berg,Amsterdam,North Holland,Netherlands,2022-09-24,false
CUST-003352,Chloe Wilson,Austin,Texas,United States,2023-01-26,false
CUST-003353,Sofia Schmidt,Copenhagen,Capital Region,Denmark,2021-08-08,false
CUST-003354,Emma Nielsen,Copenhagen,Capital Region,Denmark,2020-10-26,true
CUST-003355,Elias Martin,Oslo,Oslo,Norway,2024-05-21,true
CUST-003356,Elias Ali,Tampere,Pirkanmaa,Finland,2022-07-03,false
CUST-003357,Leila Moore,Vienna,Vienna,Austria,2025-01-13,true
CUST-003358,Oliver Virtanen,New York,New York,United States,2020-12-09,true
CUST-003359,Leila Novak,Copenhagen,Capital Region,Denmark,2021-08-22,true
CUST-003360,Leila Clark,Rome,Lazio,Italy,2023-01-31,true
CUST-003361,Chloe Santos,London,England,United Kingdom,2022-04-11,true
CUST-003362,Jonas Novak,Manchester,England,United Kingdom,2021-09-22,false
CUST-003363,Emma Davis,Sydney,New South Wales,Australia,2022-09-29,true
CUST-003364,David Rossi,Gothenburg,Vastra Gotaland,Sweden,2021-12-29,true
CUST-003365,Leo Novak,Lyon,Auvergne-Rhone-Alpes,France,2021-04-15,true
CUST-003366,Daniel Taylor,Copenhagen,Capital Region,Denmark,2025-09-06,true
CUST-003367,Omar Davis,London,England,United Kingdom,2020-07-05,true
CUST-003368,Emma Johnson,Warsaw,Masovian,Poland,2021-06-20,true
CUST-003369,Jonas Berg,Rome,Lazio,Italy,2023-03-23,true
CUST-003370,Mila Garcia,Lyon,Auvergne-Rhone-Alpes,France,2025-04-25,false
CUST-003371,Lina Clark,Prague,Prague,Czechia,2023-12-04,true
CUST-003372,Mateo Silva,Amsterdam,North Holland,Netherlands,2020-11-19,true
CUST-003373,Benjamin Korhonen,Rome,Lazio,Italy,2021-04-18,true
CUST-003374,Ada Lopez,Brussels,Brussels-Capital,Belgium,2021-07-17,false
CUST-003375,Yusuf Smith,Manchester,England,United Kingdom,2023-05-05,true
CUST-003376,Omar Silva,Warsaw,Masovian,Poland,2023-05-22,true
CUST-003377,Lina Clark,London,England,United Kingdom,2022-08-03,true
CUST-003378,Arthur Martin,New York,New York,United States,2020-08-17,false
CUST-003379,Yusuf Lopez,Munich,Bavaria,Germany,2025-01-09,true
CUST-003380,Maya Moore,Toronto,Ontario,Canada,2020-05-26,true
CUST-003381,Sofia Moore,Milan,Lombardy,Italy,2025-10-01,true
CUST-003382,Ada Nielsen,Vancouver,British Columbia,Canada,2020-07-11,true
CUST-003383,Lucas Petrov,New York,New York,United States,2025-05-07,true
CUST-003384,David Virtanen,Amsterdam,North Holland,Netherlands,2025-12-21,true
CUST-003385,Amina Johnson,Rome,Lazio,Italy,2022-09-12,true
CUST-003386,Jonas Wilson,Warsaw,Masovian,Poland,2026-01-10,true
CUST-003387,Emma Muller,Turku,Southwest Finland,Finland,2023-08-18,true
CUST-003388,Nora Jensen,Tampere,Pirkanmaa,Finland,2020-10-09,true
CUST-003389,Omar Virtanen,Manchester,England,United Kingdom,2020-08-29,true
CUST-003390,Lucas Santos,Madrid,Community of Madrid,Spain,2020-02-24,false
CUST-003391,Amina Brown,Tampere,Pirkanmaa,Finland,2020-10-03,true
CUST-003392,Chloe Santos,Dublin,Leinster,Ireland,2021-03-29,true
CUST-003393,Benjamin Berg,London,England,United Kingdom,2022-07-06,true
CUST-003394,Yusuf Clark,Madrid,Community of Madrid,Spain,2021-04-16,true
CUST-003395,Benjamin Santos,Helsinki,Uusimaa,Finland,2025-10-16,true
CUST-003396,Zara Rossi,Vancouver,British Columbia,Canada,2023-07-21,true
CUST-003397,Lucas Lopez,Lyon,Auvergne-Rhone-Alpes,France,2025-02-15,true
CUST-003398,Yusuf Ibrahim,Tokyo,Tokyo,Japan,2023-05-21,true
CUST-003399,Arthur Brown,Turku,Southwest Finland,Finland,2021-01-02,true
CUST-003400,Grace Petrov,Lyon,Auvergne-Rhone-Alpes,France,2021-03-01,true
CUST-003401,Zara Moore,Turku,Southwest Finland,Finland,2023-11-04,true
CUST-003402,Mateo Silva,Vienna,Vienna,Austria,2025-05-13,true
CUST-003403,Samuel Rossi,Turku,Southwest Finland,Finland,2024-05-30,true
CUST-003404,Nora Muller,Amsterdam,North Holland,Netherlands,2022-08-23,true
CUST-003405,Eva Martin,Prague,Prague,Czechia,2025-12-18,true
CUST-003406,Samuel Garcia,Berlin,Berlin,Germany,2023-12-19,true
CUST-003407,Chloe Moore,Warsaw,Masovian,Poland,2023-04-26,true
CUST-003408,Daniel Berg,Manchester,England,United Kingdom,2024-09-12,true
CUST-003409,Leo Nielsen,Stockholm,Stockholm County,Sweden,2024-08-22,true
CUST-003410,Yusuf Clark,Stockholm,Stockholm County,Sweden,2025-12-07,true
CUST-003411,Sofia Ibrahim,Tampere,Pirkanmaa,Finland,2021-05-31,true
CUST-003412,Sofia Novak,New York,New York,United States,2024-02-21,true
CUST-003413,Nora Ahmed,London,England,United Kingdom,2026-04-18,true
CUST-003414,Sofia Moore,Amsterdam,North Holland,Netherlands,2023-10-21,true
CUST-003415,Lina Andersson,Rome,Lazio,Italy,2023-01-24,true
CUST-003416,Grace Davis,Warsaw,Masovian,Poland,2020-04-22,true
CUST-003417,Lucas Berg,Milan,Lombardy,Italy,2026-01-19,true
CUST-003418,Lucas Williams,Lisbon,Lisbon,Portugal,2021-04-16,true
CUST-003419,Leila Ibrahim,Milan,Lombardy,Italy,2020-04-20,true
CUST-003420,Oliver Silva,Warsaw,Masovian,Poland,2021-07-10,true
CUST-003421,Omar Brown,Gothenburg,Vastra Gotaland,Sweden,2021-02-05,true
CUST-003422,Eva Moore,London,England,United Kingdom,2022-06-29,true
CUST-003423,Isla Silva,Copenhagen,Capital Region,Denmark,2023-03-28,true
CUST-003424,Fatima Novak,Oslo,Oslo,Norway,2023-12-13,true
CUST-003425,Leo Garcia,Manchester,England,United Kingdom,2026-07-11,true
CUST-003426,Leila Muller,Prague,Prague,Czechia,2020-11-06,true
CUST-003427,Grace Taylor,Munich,Bavaria,Germany,2022-06-19,true
CUST-003428,Chloe Dubois,Stockholm,Stockholm County,Sweden,2026-04-28,true
CUST-003429,Sofia Williams,Vienna,Vienna,Austria,2026-08-04,false
CUST-003430,Arthur Williams,Dublin,Leinster,Ireland,2025-07-16,true
CUST-003431,Samuel Dubois,Helsinki,Uusimaa,Finland,2020-12-06,false
CUST-003432,Fatima Johnson,Barcelona,Catalonia,Spain,2025-09-04,true
CUST-003433,Mateo Taylor,Lisbon,Lisbon,Portugal,2023-01-15,true
CUST-003434,Emma Nielsen,Sydney,New South Wales,Australia,2024-06-01,true
CUST-003435,Henry Virtanen,Toronto,Ontario,Canada,2020-07-26,true
CUST-003436,Isla Petrov,Amsterdam,North Holland,Netherlands,2020-10-11,true
CUST-003437,Maya Garcia,Tokyo,Tokyo,Japan,2023-03-18,true
CUST-003438,Oliver Clark,Barcelona,Catalonia,Spain,2024-09-03,true
CUST-003439,Samuel Smith,Manchester,England,United Kingdom,2024-04-29,true
CUST-003440,Chloe Schmidt,Barcelona,Catalonia,Spain,2025-02-13,true
CUST-003441,Yusuf Korhonen,Tokyo,Tokyo,Japan,2026-01-28,true
CUST-003442,Sofia Smith,Sydney,New South Wales,Australia,2020-03-19,true
CUST-003443,Zara Moore,New York,New York,United States,2022-05-29,true
CUST-003444,Noah Andersson,Brussels,Brussels-Capital,Belgium,2026-02-02,true
CUST-003445,Arthur Dubois,Berlin,Berlin,Germany,2025-11-30,true
CUST-003446,Daniel Ali,Oslo,Oslo,Norway,2023-08-16,true
CUST-003447,Henry Clark,Amsterdam,North Holland,Netherlands,2026-08-29,false
CUST-003448,Emma Moore,Gothenburg,Vastra Gotaland,Sweden,2022-04-28,true
CUST-003449,Chloe Novak,Amsterdam,North Holland,Netherlands,2021-08-13,true
CUST-003450,Noah Schmidt,Manchester,England,United Kingdom,2021-09-18,true
CUST-003451,Mateo Berg,Prague,Prague,Czechia,2025-02-04,false
CUST-003452,Henry Ahmed,Barcelona,Catalonia,Spain,2025-10-31,true
CUST-003453,David Williams,Berlin,Berlin,Germany,2021-04-27,true
CUST-003454,Emma Berg,Rome,Lazio,Italy,2022-08-01,true
CUST-003455,Jonas Novak,Barcelona,Catalonia,Spain,2024-01-12,true
CUST-003456,Lucas Berg,Barcelona,Catalonia,Spain,2024-01-01,true
CUST-003457,Mateo Wilson,Milan,Lombardy,Italy,2020-05-01,true
CUST-003458,Leila Ahmed,Stockholm,Stockholm County,Sweden,2023-02-11,true
CUST-003459,Eva Khan,Toronto,Ontario,Canada,2026-05-26,true
CUST-003460,Yusuf Rossi,Munich,Bavaria,Germany,2025-01-17,true
CUST-003461,Sofia Andersson,Munich,Bavaria,Germany,2025-06-22,true
CUST-003462,Maya Muller,Brussels,Brussels-Capital,Belgium,2021-06-18,true
CUST-003463,Emma Wilson,Tokyo,Tokyo,Japan,2023-08-12,false
CUST-003464,Mateo Taylor,Tampere,Pirkanmaa,Finland,2025-03-19,true
CUST-003465,David Novak,Gothenburg,Vastra Gotaland,Sweden,2020-05-30,true
CUST-003466,Lina Taylor,Toronto,Ontario,Canada,2020-04-24,true
CUST-003467,Benjamin Virtanen,London,England,United Kingdom,2026-06-22,true
CUST-003468,Samuel Dubois,Brussels,Brussels-Capital,Belgium,2024-07-25,true
CUST-003469,Yusuf Moore,Milan,Lombardy,Italy,2021-10-31,true
CUST-003470,Yusuf Petrov,Amsterdam,North Holland,Netherlands,2021-11-19,true
CUST-003471,Fatima Clark,Dublin,Leinster,Ireland,2022-03-17,true
CUST-003472,Elias Ahmed,Lyon,Auvergne-Rhone-Alpes,France,2026-06-21,true
CUST-003473,Eva Davis,Sydney,New South Wales,Australia,2024-03-22,true
CUST-003474,Emma Dubois,Sydney,New South Wales,Australia,2023-12-20,true
CUST-003475,Eva Williams,Tampere,Pirkanmaa,Finland,2026-09-02,false
CUST-003476,Grace Williams,Oslo,Oslo,Norway,2024-02-29,true
CUST-003477,Noah Davis,Tokyo,Tokyo,Japan,2026-07-17,true
CUST-003478,Zara Johnson,New York,New York,United States,2021-04-01,true
CUST-003479,Omar Schmidt,Copenhagen,Capital Region,Denmark,2021-12-23,false
CUST-003480,Grace Johnson,Rome,Lazio,Italy,2026-03-31,true
CUST-003481,Noah Jensen,Vienna,Vienna,Austria,2021-12-23,true
CUST-003482,Yusuf Korhonen,Helsinki,Uusimaa,Finland,2024-07-24,true
CUST-003483,Arthur Nielsen,Manchester,England,United Kingdom,2025-06-08,true
CUST-003484,Isla Johnson,Lisbon,Lisbon,Portugal,2021-02-09,true
CUST-003485,Jonas Novak,Munich,Bavaria,Germany,2020-07-27,true
CUST-003486,Lina Dubois,Dublin,Leinster,Ireland,2025-07-28,false
CUST-003487,Benjamin Johnson,Rome,Lazio,Italy,2023-03-15,false
CUST-003488,Chloe Santos,Lisbon,Lisbon,Portugal,2022-03-24,true
CUST-003489,Eva Ahmed,Copenhagen,Capital Region,Denmark,2022-08-05,true
CUST-003490,Maya Taylor,Rome,Lazio,Italy,2022-12-21,true
CUST-003491,Henry Novak,Tampere,Pirkanmaa,Finland,2024-08-19,true
CUST-003492,Arthur Nielsen,Copenhagen,Capital Region,Denmark,2024-03-02,true
CUST-003493,Nora Wilson,Paris,Ile-de-France,France,2022-07-07,true
CUST-003494,Benjamin Virtanen,Milan,Lombardy,Italy,2021-01-10,false
CUST-003495,Chloe Petrov,Gothenburg,Vastra Gotaland,Sweden,2020-10-15,true
CUST-003496,Lina Petrov,Milan,Lombardy,Italy,2021-05-12,true
CUST-003497,Oliver Berg,Barcelona,Catalonia,Spain,2024-11-06,true
CUST-003498,Yusuf Smith,Turku,Southwest Finland,Finland,2026-06-06,true
CUST-003499,David Silva,Paris,Ile-de-France,France,2026-04-08,true
CUST-003500,Eva Virtanen,Turku,Southwest Finland,Finland,2022-12-03,true
CUST-003501,Fatima Virtanen,Vienna,Vienna,Austria,2021-07-20,true
CUST-003502,Lina Moore,Madrid,Community of Madrid,Spain,2024-05-08,true
CUST-003503,Nora Schmidt,Helsinki,Uusimaa,Finland,2024-08-03,true
CUST-003504,Lina Garcia,Barcelona,Catalonia,Spain,2025-04-01,true
CUST-003505,Emma Rossi,Rome,Lazio,Italy,2022-05-11,true
CUST-003506,Lucas Ibrahim,Toronto,Ontario,Canada,2023-03-02,true
CUST-003507,Leo Silva,Berlin,Berlin,Germany,2026-04-20,false
CUST-003508,Noah Petrov,Prague,Prague,Czechia,2025-12-26,true
CUST-003509,Mila Schmidt,Stockholm,Stockholm County,Sweden,2024-05-16,true
CUST-003510,Samuel Schmidt,Vancouver,British Columbia,Canada,2025-02-22,false
CUST-003511,Mila Andersson,Tokyo,Tokyo,Japan,2023-05-11,true
CUST-003512,Jonas Garcia,New York,New York,United States,2024-04-28,true
CUST-003513,Sofia Berg,Oslo,Oslo,Norway,2022-04-21,true
CUST-003514,Arthur Ali,Tokyo,Tokyo,Japan,2022-08-10,true
CUST-003515,Eva Muller,Vancouver,British Columbia,Canada,2025-07-18,true
CUST-003516,Eva Johnson,Paris,Ile-de-France,France,2021-02-27,true
CUST-003517,Isla Berg,Tampere,Pirkanmaa,Finland,2022-05-18,true
CUST-003518,Amina Andersson,Lyon,Auvergne-Rhone-Alpes,France,2020-06-10,true
CUST-003519,Zara Smith,Lisbon,Lisbon,Portugal,2025-12-04,true
CUST-003520,Sofia Garcia,Vancouver,British Columbia,Canada,2020-10-23,true
CUST-003521,Benjamin Clark,Lyon,Auvergne-Rhone-Alpes,France,2024-07-17,false
CUST-003522,Sofia Garcia,Helsinki,Uusimaa,Finland,2020-11-04,true
CUST-003523,Daniel Andersson,Stockholm,Stockholm County,Sweden,2024-05-02,true
CUST-003524,Elias Rossi,Vancouver,British Columbia,Canada,2024-06-20,true
CUST-003525,Noah Novak,Tampere,Pirkanmaa,Finland,2026-01-21,true
CUST-003526,Benjamin Smith,Paris,Ile-de-France,France,2021-04-12,true
CUST-003527,Mila Martin,Vancouver,British Columbia,Canada,2026-01-04,true
CUST-003528,Lina Davis,Turku,Southwest Finland,Finland,2020-05-25,true
CUST-003529,Samuel Schmidt,Rome,Lazio,Italy,2021-02-18,true
CUST-003530,Eva Brown,Vienna,Vienna,Austria,2024-12-14,true
CUST-003531,Noah Andersson,Turku,Southwest Finland,Finland,2020-11-20,true
CUST-003532,Henry Dubois,Gothenburg,Vastra Gotaland,Sweden,2024-06-27,true
CUST-003533,Fatima Korhonen,Berlin,Berlin,Germany,2026-05-10,true
CUST-003534,Arthur Brown,Sydney,New South Wales,Australia,2024-08-26,true
CUST-003535,Fatima Santos,Copenhagen,Capital Region,Denmark,2024-03-05,true
CUST-003536,Maya Schmidt,Paris,Ile-de-France,France,2025-12-27,true
CUST-003537,Grace Silva,Milan,Lombardy,Italy,2023-01-11,true
CUST-003538,Daniel Johnson,Lisbon,Lisbon,Portugal,2022-08-29,true
CUST-003539,Nora Berg,Tokyo,Tokyo,Japan,2020-03-03,true
CUST-003540,Amina Santos,Munich,Bavaria,Germany,2022-03-05,true
CUST-003541,Leo Virtanen,Austin,Texas,United States,2023-03-23,true
CUST-003542,David Korhonen,London,England,United Kingdom,2024-04-08,true
CUST-003543,Noah Ibrahim,Warsaw,Masovian,Poland,2020-03-08,true
CUST-003544,Arthur Silva,Amsterdam,North Holland,Netherlands,2020-03-06,true
CUST-003545,Noah Ali,Tokyo,Tokyo,Japan,2020-05-14,true
CUST-003546,Mila Khan,Dublin,Leinster,Ireland,2024-03-04,true
CUST-003547,Eva Andersson,Oslo,Oslo,Norway,2026-05-31,true
CUST-003548,Elias Andersson,Berlin,Berlin,Germany,2026-02-12,true
CUST-003549,Mila Williams,Madrid,Community of Madrid,Spain,2021-03-10,false
CUST-003550,Henry Berg,Oslo,Oslo,Norway,2020-01-25,true
CUST-003551,Isla Andersson,Copenhagen,Capital Region,Denmark,2022-06-16,true
CUST-003552,Sofia Muller,Milan,Lombardy,Italy,2023-04-19,true
CUST-003553,Fatima Jensen,Paris,Ile-de-France,France,2023-05-07,true
CUST-003554,Maya Silva,Toronto,Ontario,Canada,2022-09-04,true
CUST-003555,Elias Ibrahim,Manchester,England,United Kingdom,2026-02-05,true
CUST-003556,Henry Santos,Vienna,Vienna,Austria,2023-02-05,true
CUST-003557,Zara Williams,Berlin,Berlin,Germany,2025-05-12,true
CUST-003558,Chloe Ahmed,Vancouver,British Columbia,Canada,2026-06-15,true
CUST-003559,Oliver Williams,Turku,Southwest Finland,Finland,2021-03-18,false
CUST-003560,Nora Wilson,Oslo,Oslo,Norway,2026-08-17,false
CUST-003561,Samuel Clark,Helsinki,Uusimaa,Finland,2023-05-15,true
CUST-003562,Daniel Silva,Warsaw,Masovian,Poland,2020-04-18,true
CUST-003563,Isla Ahmed,Warsaw,Masovian,Poland,2021-05-23,true
CUST-003564,Samuel Ahmed,Manchester,England,United Kingdom,2024-03-28,true
CUST-003565,Yusuf Ibrahim,Austin,Texas,United States,2024-06-27,true
CUST-003566,Eva Khan,Austin,Texas,United States,2025-11-26,false
CUST-003567,Emma Nielsen,Dublin,Leinster,Ireland,2025-06-19,true
CUST-003568,Emma Khan,London,England,United Kingdom,2021-03-22,true
CUST-003569,Samuel Moore,London,England,United Kingdom,2021-05-18,true
CUST-003570,Leila Ibrahim,Munich,Bavaria,Germany,2026-02-25,true
CUST-003571,Noah Berg,Vancouver,British Columbia,Canada,2020-08-13,true
CUST-003572,Yusuf Wilson,Stockholm,Stockholm County,Sweden,2026-05-29,true
CUST-003573,Mila Garcia,Turku,Southwest Finland,Finland,2021-02-28,true
CUST-003574,Ada Dubois,Rome,Lazio,Italy,2021-06-13,true
CUST-003575,Chloe Ali,Amsterdam,North Holland,Netherlands,2023-09-01,true
CUST-003576,Daniel Muller,Austin,Texas,United States,2022-02-15,false
CUST-003577,Jonas Taylor,Stockholm,Stockholm County,Sweden,2023-03-25,true
CUST-003578,Grace Williams,New York,New York,United States,2026-06-02,true
CUST-003579,Arthur Andersson,Warsaw,Masovian,Poland,2025-10-17,true
CUST-003580,Lina Jensen,Tampere,Pirkanmaa,Finland,2022-06-15,true
CUST-003581,Nora Davis,Prague,Prague,Czechia,2022-05-29,true
CUST-003582,Isla Brown,Amsterdam,North Holland,Netherlands,2021-02-22,true
CUST-003583,Fatima Ali,Munich,Bavaria,Germany,2021-07-08,true
CUST-003584,Arthur Davis,New York,New York,United States,2021-03-24,true
CUST-003585,Sofia Korhonen,Tokyo,Tokyo,Japan,2022-02-18,true
CUST-003586,Lucas Dubois,Madrid,Community of Madrid,Spain,2026-08-04,true
CUST-003587,Ada Schmidt,Manchester,England,United Kingdom,2023-12-15,false
CUST-003588,Omar Clark,Munich,Bavaria,Germany,2020-03-17,true
CUST-003589,Sofia Ibrahim,Madrid,Community of Madrid,Spain,2023-12-25,true
CUST-003590,Jonas Virtanen,Amsterdam,North Holland,Netherlands,2021-04-12,true
CUST-003591,Elias Jensen,Brussels,Brussels-Capital,Belgium,2023-06-27,true
CUST-003592,Benjamin Ibrahim,Toronto,Ontario,Canada,2022-04-30,true
CUST-003593,Samuel Williams,Brussels,Brussels-Capital,Belgium,2021-07-21,true
CUST-003594,Amina Khan,London,England,United Kingdom,2025-09-24,false
CUST-003595,Leila Davis,Amsterdam,North Holland,Netherlands,2022-03-31,true
CUST-003596,Isla Smith,Gothenburg,Vastra Gotaland,Sweden,2023-07-06,true
CUST-003597,Leo Muller,Milan,Lombardy,Italy,2021-10-27,true
CUST-003598,Sofia Moore,Prague,Prague,Czechia,2021-09-24,true
CUST-003599,Zara Nielsen,Rome,Lazio,Italy,2024-09-17,false
CUST-003600,Grace Berg,Copenhagen,Capital Region,Denmark,2024-11-15,true
CUST-003601,Lina Ahmed,Toronto,Ontario,Canada,2025-03-01,true
CUST-003602,Sofia Davis,Tokyo,Tokyo,Japan,2022-11-06,true
CUST-003603,Zara Lopez,New York,New York,United States,2020-01-18,true
CUST-003604,Elias Lopez,Warsaw,Masovian,Poland,2021-12-30,false
CUST-003605,Nora Johnson,Rome,Lazio,Italy,2023-11-18,true
CUST-003606,Mila Dubois,Sydney,New South Wales,Australia,2020-01-16,true
CUST-003607,Lucas Ibrahim,Stockholm,Stockholm County,Sweden,2020-01-24,true
CUST-003608,Jonas Novak,Copenhagen,Capital Region,Denmark,2023-02-21,true
CUST-003609,Maya Clark,Lisbon,Lisbon,Portugal,2020-07-10,false
CUST-003610,Mila Wilson,Stockholm,Stockholm County,Sweden,2022-01-04,true
CUST-003611,Henry Ali,Rome,Lazio,Italy,2024-11-19,true
CUST-003612,Isla Ali,Helsinki,Uusimaa,Finland,2023-01-15,true
CUST-003613,Arthur Andersson,Gothenburg,Vastra Gotaland,Sweden,2022-05-11,true
CUST-003614,Daniel Ali,Vancouver,British Columbia,Canada,2024-03-28,true
CUST-003615,Omar Silva,Vienna,Vienna,Austria,2023-08-04,true
CUST-003616,Noah Johnson,Vancouver,British Columbia,Canada,2020-11-09,true
CUST-003617,Emma Smith,Amsterdam,North Holland,Netherlands,2023-04-16,true
CUST-003618,Grace Moore,Copenhagen,Capital Region,Denmark,2022-11-20,true
CUST-003619,Leila Schmidt,Lisbon,Lisbon,Portugal,2025-05-20,true
CUST-003620,Leo Nielsen,London,England,United Kingdom,2025-09-03,true
CUST-003621,Arthur Taylor,Toronto,Ontario,Canada,2026-05-29,false
CUST-003622,Lucas Nielsen,Toronto,Ontario,Canada,2024-05-24,true
CUST-003623,Elias Johnson,London,England,United Kingdom,2024-12-30,false
CUST-003624,Ada Andersson,New York,New York,United States,2021-03-10,true
CUST-003625,Oliver Korhonen,Rome,Lazio,Italy,2021-08-27,true
CUST-003626,Leila Novak,Vancouver,British Columbia,Canada,2023-05-06,true
CUST-003627,Noah Muller,Tokyo,Tokyo,Japan,2021-05-11,false
CUST-003628,David Lopez,Munich,Bavaria,Germany,2023-05-01,true
CUST-003629,Nora Nielsen,Amsterdam,North Holland,Netherlands,2021-10-30,true
CUST-003630,Jonas Williams,Turku,Southwest Finland,Finland,2022-12-22,true
CUST-003631,Zara Berg,Sydney,New South Wales,Australia,2023-04-15,true
CUST-003632,Amina Taylor,Paris,Ile-de-France,France,2025-07-06,true
CUST-003633,Henry Schmidt,Berlin,Berlin,Germany,2021-05-23,true
CUST-003634,Leo Jensen,Turku,Southwest Finland,Finland,2020-10-30,true
CUST-003635,Lucas Johnson,Rome,Lazio,Italy,2024-04-29,true
CUST-003636,David Schmidt,Warsaw,Masovian,Poland,2021-12-28,false
CUST-003637,Samuel Smith,Manchester,England,United Kingdom,2024-08-27,true
CUST-003638,Emma Dubois,Vienna,Vienna,Austria,2023-12-01,true
CUST-003639,Henry Novak,Copenhagen,Capital Region,Denmark,2024-02-15,false
CUST-003640,Nora Moore,New York,New York,United States,2020-11-24,false
CUST-003641,Mila Rossi,Madrid,Community of Madrid,Spain,2024-07-12,true
CUST-003642,Jonas Ali,Lisbon,Lisbon,Portugal,2025-11-06,true
CUST-003643,Henry Ali,Lyon,Auvergne-Rhone-Alpes,France,2021-08-25,true
CUST-003644,Elias Nielsen,Lyon,Auvergne-Rhone-Alpes,France,2020-05-23,true
CUST-003645,Lina Andersson,Paris,Ile-de-France,France,2021-08-24,false
CUST-003646,Amina Khan,Paris,Ile-de-France,France,2020-06-01,true
CUST-003647,Maya Clark,Lyon,Auvergne-Rhone-Alpes,France,2020-11-28,true
CUST-003648,Henry Davis,Copenhagen,Capital Region,Denmark,2023-02-13,false
CUST-003649,Eva Williams,Austin,Texas,United States,2021-10-19,true
CUST-003650,Grace Virtanen,Toronto,Ontario,Canada,2020-09-29,true
CUST-003651,Ada Williams,Prague,Prague,Czechia,2024-08-13,true
CUST-003652,Samuel Dubois,Gothenburg,Vastra Gotaland,Sweden,2025-09-04,true
CUST-003653,Lucas Silva,Barcelona,Catalonia,Spain,2024-09-17,true
CUST-003654,Henry Khan,Austin,Texas,United States,2021-07-27,true
CUST-003655,David Andersson,Warsaw,Masovian,Poland,2026-05-08,true
CUST-003656,Leila Wilson,Tampere,Pirkanmaa,Finland,2021-07-25,true
CUST-003657,Jonas Taylor,Austin,Texas,United States,2025-07-25,true
CUST-003658,Elias Garcia,Helsinki,Uusimaa,Finland,2024-02-11,true
CUST-003659,Leila Ali,Rome,Lazio,Italy,2020-02-02,true
CUST-003660,Samuel Silva,Amsterdam,North Holland,Netherlands,2024-05-28,true
CUST-003661,Jonas Ahmed,Lyon,Auvergne-Rhone-Alpes,France,2025-08-01,true
CUST-003662,Sofia Clark,London,England,United Kingdom,2024-04-18,true
CUST-003663,Maya Novak,Austin,Texas,United States,2020-12-25,true
CUST-003664,Zara Lopez,Copenhagen,Capital Region,Denmark,2026-06-03,false
CUST-003665,Isla Berg,Copenhagen,Capital Region,Denmark,2023-01-15,true
CUST-003666,Leo Schmidt,Tampere,Pirkanmaa,Finland,2020-05-13,true
CUST-003667,Noah Moore,Toronto,Ontario,Canada,2026-01-27,true
CUST-003668,Arthur Smith,Stockholm,Stockholm County,Sweden,2022-06-08,true
CUST-003669,Daniel Ali,Austin,Texas,United States,2024-05-17,true
CUST-003670,Mateo Ibrahim,Paris,Ile-de-France,France,2024-02-12,true
CUST-003671,Ada Taylor,Tokyo,Tokyo,Japan,2025-08-30,true
CUST-003672,Lucas Clark,Copenhagen,Capital Region,Denmark,2024-06-11,false
CUST-003673,Eva Moore,Madrid,Community of Madrid,Spain,2023-06-03,true
CUST-003674,Daniel Johnson,Munich,Bavaria,Germany,2021-08-17,true
CUST-003675,Jonas Muller,London,England,United Kingdom,2024-03-03,true
CUST-003676,Mila Rossi,Austin,Texas,United States,2020-01-29,true
CUST-003677,Elias Ibrahim,Tampere,Pirkanmaa,Finland,2025-02-26,true
CUST-003678,Henry Silva,Vancouver,British Columbia,Canada,2024-08-21,true
CUST-003679,Samuel Williams,Warsaw,Masovian,Poland,2024-03-07,true
CUST-003680,Oliver Nielsen,Sydney,New South Wales,Australia,2023-08-17,true
CUST-003681,Mila Silva,Helsinki,Uusimaa,Finland,2025-04-08,true
CUST-003682,Jonas Korhonen,Oslo,Oslo,Norway,2021-07-11,false
CUST-003683,Mila Silva,Paris,Ile-de-France,France,2022-09-03,true
CUST-003684,Sofia Dubois,Sydney,New South Wales,Australia,2022-10-12,true
CUST-003685,Maya Davis,Vancouver,British Columbia,Canada,2025-04-06,false
CUST-003686,David Petrov,Austin,Texas,United States,2025-10-24,true
CUST-003687,Sofia Johnson,Brussels,Brussels-Capital,Belgium,2023-04-04,true
CUST-003688,Henry Lopez,Copenhagen,Capital Region,Denmark,2026-07-01,true
CUST-003689,Henry Muller,Manchester,England,United Kingdom,2024-06-07,true
CUST-003690,Nora Moore,Gothenburg,Vastra Gotaland,Sweden,2021-03-07,true
CUST-003691,Leo Dubois,Barcelona,Catalonia,Spain,2023-03-26,true
CUST-003692,Zara Rossi,Milan,Lombardy,Italy,2020-06-18,true
CUST-003693,Daniel Lopez,Barcelona,Catalonia,Spain,2025-01-31,true
CUST-003694,Grace Wilson,Toronto,Ontario,Canada,2024-03-24,true
CUST-003695,Arthur Smith,Sydney,New South Wales,Australia,2022-09-22,true
CUST-003696,Mila Martin,Barcelona,Catalonia,Spain,2025-07-22,true
CUST-003697,Oliver Berg,Sydney,New South Wales,Australia,2022-05-01,true
CUST-003698,Henry Schmidt,Rome,Lazio,Italy,2020-07-25,true
CUST-003699,David Ahmed,Toronto,Ontario,Canada,2024-09-06,false
CUST-003700,Grace Wilson,Munich,Bavaria,Germany,2022-05-23,true
CUST-003701,Elias Johnson,Milan,Lombardy,Italy,2024-11-15,false
CUST-003702,Lucas Brown,Rome,Lazio,Italy,2025-07-22,true
CUST-003703,Omar Rossi,Tokyo,Tokyo,Japan,2022-12-09,true
CUST-003704,Zara Taylor,Rome,Lazio,Italy,2020-10-21,true
CUST-003705,Amina Wilson,Madrid,Community of Madrid,Spain,2021-05-01,true
CUST-003706,Maya Ali,Barcelona,Catalonia,Spain,2021-12-12,true
CUST-003707,Chloe Ahmed,Madrid,Community of Madrid,Spain,2023-12-10,true
CUST-003708,Nora Dubois,Oslo,Oslo,Norway,2020-08-30,true
CUST-003709,Henry Lopez,Munich,Bavaria,Germany,2022-01-04,true
CUST-003710,Arthur Schmidt,Prague,Prague,Czechia,2022-05-03,false
CUST-003711,Sofia Martin,Gothenburg,Vastra Gotaland,Sweden,2022-07-07,true
CUST-003712,Mila Martin,Barcelona,Catalonia,Spain,2026-01-08,true
CUST-003713,Chloe Khan,Prague,Prague,Czechia,2020-07-18,true
CUST-003714,Leo Muller,Tampere,Pirkanmaa,Finland,2025-06-08,true
CUST-003715,Yusuf Taylor,Berlin,Berlin,Germany,2020-09-01,true
CUST-003716,Maya Santos,Manchester,England,United Kingdom,2022-07-27,true
CUST-003717,Zara Garcia,Madrid,Community of Madrid,Spain,2022-01-06,true
CUST-003718,Isla Novak,Lisbon,Lisbon,Portugal,2023-12-08,true
CUST-003719,Fatima Martin,Turku,Southwest Finland,Finland,2026-07-19,true
CUST-003720,Leila Williams,Madrid,Community of Madrid,Spain,2023-09-12,true
CUST-003721,Arthur Jensen,Brussels,Brussels-Capital,Belgium,2025-05-16,true
CUST-003722,Noah Santos,Berlin,Berlin,Germany,2023-03-27,false
CUST-003723,Henry Garcia,Prague,Prague,Czechia,2025-09-02,true
CUST-003724,Amina Petrov,Madrid,Community of Madrid,Spain,2024-12-09,true
CUST-003725,Samuel Silva,New York,New York,United States,2023-04-13,true
CUST-003726,Mateo Brown,Brussels,Brussels-Capital,Belgium,2025-02-25,true
CUST-003727,Noah Williams,Brussels,Brussels-Capital,Belgium,2025-03-06,false
CUST-003728,Leila Brown,Warsaw,Masovian,Poland,2022-03-28,true
CUST-003729,Leila Virtanen,Turku,Southwest Finland,Finland,2024-02-07,true
CUST-003730,Lucas Rossi,Oslo,Oslo,Norway,2026-01-26,true
CUST-003731,Benjamin Johnson,Dublin,Leinster,Ireland,2026-05-02,true
CUST-003732,Sofia Khan,Warsaw,Masovian,Poland,2023-12-17,true
CUST-003733,Nora Rossi,Sydney,New South Wales,Australia,2022-03-28,true
CUST-003734,Emma Santos,Amsterdam,North Holland,Netherlands,2020-04-28,true
CUST-003735,Leila Santos,Helsinki,Uusimaa,Finland,2022-09-01,true
CUST-003736,Sofia Moore,Manchester,England,United Kingdom,2021-09-28,true
CUST-003737,Isla Korhonen,Berlin,Berlin,Germany,2025-01-06,false
CUST-003738,Maya Brown,Munich,Bavaria,Germany,2021-07-26,true
CUST-003739,Maya Dubois,Vancouver,British Columbia,Canada,2022-07-31,false
CUST-003740,Grace Lopez,Vienna,Vienna,Austria,2020-05-31,true
CUST-003741,Noah Lopez,Copenhagen,Capital Region,Denmark,2025-08-25,true
CUST-003742,Oliver Williams,Amsterdam,North Holland,Netherlands,2022-11-02,true
CUST-003743,Benjamin Nielsen,Vancouver,British Columbia,Canada,2023-06-25,false
CUST-003744,Amina Moore,Stockholm,Stockholm County,Sweden,2021-12-14,true
CUST-003745,Yusuf Garcia,Helsinki,Uusimaa,Finland,2020-06-13,true
CUST-003746,Leila Ali,Amsterdam,North Holland,Netherlands,2024-11-09,true
CUST-003747,Eva Virtanen,Paris,Ile-de-France,France,2026-07-04,true
CUST-003748,Omar Martin,Rome,Lazio,Italy,2020-04-23,true
CUST-003749,Benjamin Nielsen,Copenhagen,Capital Region,Denmark,2023-03-20,true
CUST-003750,Noah Korhonen,Madrid,Community of Madrid,Spain,2023-04-23,true
CUST-003751,Sofia Silva,Lyon,Auvergne-Rhone-Alpes,France,2022-02-15,true
CUST-003752,Nora Wilson,London,England,United Kingdom,2025-08-07,true
CUST-003753,Omar Khan,Madrid,Community of Madrid,Spain,2024-09-30,false
CUST-003754,Yusuf Jensen,Tampere,Pirkanmaa,Finland,2021-02-12,true
CUST-003755,Mateo Petrov,Lisbon,Lisbon,Portugal,2025-09-25,true
CUST-003756,Samuel Dubois,Lyon,Auvergne-Rhone-Alpes,France,2024-04-02,true
CUST-003757,Henry Lopez,Manchester,England,United Kingdom,2020-09-21,false
CUST-003758,Isla Lopez,Gothenburg,Vastra Gotaland,Sweden,2026-08-24,true
CUST-003759,Sofia Garcia,Vienna,Vienna,Austria,2023-06-14,false
CUST-003760,Amina Johnson,Manchester,England,United Kingdom,2023-10-24,false
CUST-003761,Maya Ibrahim,Lisbon,Lisbon,Portugal,2025-10-16,true
CUST-003762,Jonas Davis,Tokyo,Tokyo,Japan,2020-05-08,true
CUST-003763,Zara Santos,Copenhagen,Capital Region,Denmark,2023-12-16,true
CUST-003764,Eva Virtanen,Stockholm,Stockholm County,Sweden,2025-08-01,true
CUST-003765,Grace Virtanen,Copenhagen,Capital Region,Denmark,2020-03-06,false
CUST-003766,Daniel Garcia,Turku,Southwest Finland,Finland,2021-01-21,false
CUST-003767,Sofia Ali,Copenhagen,Capital Region,Denmark,2026-08-30,true
CUST-003768,Benjamin Wilson,Tampere,Pirkanmaa,Finland,2023-09-05,true
CUST-003769,Isla Schmidt,Dublin,Leinster,Ireland,2023-10-17,true
CUST-003770,Samuel Ali,Rome,Lazio,Italy,2024-02-11,true
CUST-003771,Grace Johnson,Brussels,Brussels-Capital,Belgium,2025-02-20,true
CUST-003772,Leo Korhonen,Vienna,Vienna,Austria,2023-12-15,true
CUST-003773,Henry Silva,Copenhagen,Capital Region,Denmark,2020-05-26,true
CUST-003774,Isla Andersson,Munich,Bavaria,Germany,2025-12-20,true
CUST-003775,Benjamin Jensen,Stockholm,Stockholm County,Sweden,2026-06-02,true
CUST-003776,Ada Jensen,Copenhagen,Capital Region,Denmark,2024-06-17,true
CUST-003777,Zara Jensen,Barcelona,Catalonia,Spain,2023-09-23,true
CUST-003778,Emma Novak,Helsinki,Uusimaa,Finland,2024-05-21,true
CUST-003779,Nora Nielsen,Madrid,Community of Madrid,Spain,2021-06-24,true
CUST-003780,Fatima Korhonen,Manchester,England,United Kingdom,2020-12-17,true
CUST-003781,David Ibrahim,Toronto,Ontario,Canada,2024-09-10,true
CUST-003782,Emma Jensen,Brussels,Brussels-Capital,Belgium,2025-02-23,true
CUST-003783,Lina Korhonen,Lisbon,Lisbon,Portugal,2024-05-15,true
CUST-003784,Leo Novak,Copenhagen,Capital Region,Denmark,2022-08-17,false
CUST-003785,David Berg,Vancouver,British Columbia,Canada,2021-07-14,true
CUST-003786,Henry Garcia,Austin,Texas,United States,2021-03-23,true
CUST-003787,Ada Lopez,Munich,Bavaria,Germany,2025-03-13,true
CUST-003788,Yusuf Virtanen,Helsinki,Uusimaa,Finland,2024-07-16,true
CUST-003789,Leo Schmidt,Madrid,Community of Madrid,Spain,2022-03-30,true
CUST-003790,Henry Ahmed,Tokyo,Tokyo,Japan,2025-06-16,true
CUST-003791,Omar Brown,Stockholm,Stockholm County,Sweden,2024-06-09,false
CUST-003792,Nora Khan,Paris,Ile-de-France,France,2025-08-19,true
CUST-003793,Noah Jensen,Copenhagen,Capital Region,Denmark,2024-02-07,true
CUST-003794,Mila Andersson,Sydney,New South Wales,Australia,2025-10-12,true
CUST-003795,Eva Williams,Austin,Texas,United States,2023-12-11,true
CUST-003796,Arthur Davis,Dublin,Leinster,Ireland,2022-01-17,true
CUST-003797,Amina Dubois,Gothenburg,Vastra Gotaland,Sweden,2023-05-05,false
CUST-003798,Benjamin Garcia,Tampere,Pirkanmaa,Finland,2020-11-19,true
CUST-003799,Lucas Ibrahim,Gothenburg,Vastra Gotaland,Sweden,2025-02-23,true
CUST-003800,Elias Lopez,Turku,Southwest Finland,Finland,2021-01-17,true
CUST-003801,Lina Clark,Munich,Bavaria,Germany,2022-12-12,true
CUST-003802,Sofia Moore,Madrid,Community of Madrid,Spain,2022-01-17,false
CUST-003803,Eva Khan,Amsterdam,North Holland,Netherlands,2020-02-03,true
CUST-003804,Benjamin Khan,Turku,Southwest Finland,Finland,2022-03-28,true
CUST-003805,Daniel Ali,Austin,Texas,United States,2021-07-30,true
CUST-003806,Lina Schmidt,Barcelona,Catalonia,Spain,2022-01-27,true
CUST-003807,Emma Santos,Dublin,Leinster,Ireland,2022-05-30,false
CUST-003808,Omar Petrov,Stockholm,Stockholm County,Sweden,2021-03-23,false
CUST-003809,Amina Williams,Turku,Southwest Finland,Finland,2021-09-13,true
CUST-003810,Fatima Novak,Lisbon,Lisbon,Portugal,2020-10-15,true
CUST-003811,Eva Santos,Lisbon,Lisbon,Portugal,2020-05-17,true
CUST-003812,Oliver Dubois,Rome,Lazio,Italy,2025-11-03,true
CUST-003813,Fatima Andersson,Sydney,New South Wales,Australia,2023-03-21,true
CUST-003814,Maya Santos,Amsterdam,North Holland,Netherlands,2024-07-04,true
CUST-003815,Grace Andersson,Lyon,Auvergne-Rhone-Alpes,France,2022-09-24,true
CUST-003816,Yusuf Clark,Amsterdam,North Holland,Netherlands,2023-04-03,true
CUST-003817,Chloe Khan,Dublin,Leinster,Ireland,2023-12-27,false
CUST-003818,Chloe Brown,Amsterdam,North Holland,Netherlands,2025-06-16,true
CUST-003819,Maya Ahmed,Copenhagen,Capital Region,Denmark,2022-08-04,true
CUST-003820,Amina Johnson,Tampere,Pirkanmaa,Finland,2024-12-12,false
CUST-003821,Mila Andersson,London,England,United Kingdom,2023-08-05,true
CUST-003822,Omar Virtanen,Turku,Southwest Finland,Finland,2022-03-15,true
CUST-003823,Zara Ibrahim,Austin,Texas,United States,2020-02-14,true
CUST-003824,Amina Nielsen,Sydney,New South Wales,Australia,2024-05-28,true
CUST-003825,Henry Nielsen,Prague,Prague,Czechia,2021-09-08,true
CUST-003826,Henry Wilson,Copenhagen,Capital Region,Denmark,2023-07-15,false
CUST-003827,Yusuf Dubois,Toronto,Ontario,Canada,2026-02-06,true
CUST-003828,Nora Berg,Amsterdam,North Holland,Netherlands,2024-07-11,true
CUST-003829,Nora Garcia,Paris,Ile-de-France,France,2023-12-17,true
CUST-003830,Arthur Schmidt,Toronto,Ontario,Canada,2020-02-18,true
CUST-003831,Henry Muller,Milan,Lombardy,Italy,2023-06-27,true
CUST-003832,Chloe Ali,Warsaw,Masovian,Poland,2026-05-04,true
CUST-003833,Lucas Petrov,New York,New York,United States,2023-09-12,false
CUST-003834,Lina Moore,Copenhagen,Capital Region,Denmark,2023-05-18,true
CUST-003835,Isla Moore,London,England,United Kingdom,2026-01-21,true
CUST-003836,Zara Johnson,Rome,Lazio,Italy,2025-12-09,false
CUST-003837,Lucas Khan,Sydney,New South Wales,Australia,2022-01-24,true
CUST-003838,Lina Smith,Vienna,Vienna,Austria,2025-05-17,true
CUST-003839,Lucas Johnson,Turku,Southwest Finland,Finland,2021-01-06,true
CUST-003840,Sofia Lopez,Berlin,Berlin,Germany,2021-04-25,true
CUST-003841,Nora Berg,Paris,Ile-de-France,France,2025-01-03,false
CUST-003842,Nora Ali,Tokyo,Tokyo,Japan,2023-01-13,false
CUST-003843,Benjamin Andersson,Helsinki,Uusimaa,Finland,2024-09-24,true
CUST-003844,Arthur Moore,Milan,Lombardy,Italy,2025-12-03,false
CUST-003845,Emma Davis,Rome,Lazio,Italy,2023-03-06,true
CUST-003846,David Ahmed,Copenhagen,Capital Region,Denmark,2023-08-24,true
CUST-003847,Fatima Ibrahim,Berlin,Berlin,Germany,2021-10-13,true
CUST-003848,Fatima Johnson,Prague,Prague,Czechia,2020-08-09,true
CUST-003849,Grace Santos,Toronto,Ontario,Canada,2022-12-12,true
CUST-003850,Fatima Virtanen,Austin,Texas,United States,2024-07-22,false
CUST-003851,Oliver Rossi,Amsterdam,North Holland,Netherlands,2026-07-30,true
CUST-003852,Maya Novak,Brussels,Brussels-Capital,Belgium,2024-04-23,true
CUST-003853,Sofia Berg,Austin,Texas,United States,2024-10-20,true
CUST-003854,Ada Khan,Copenhagen,Capital Region,Denmark,2021-05-09,true
CUST-003855,Nora Johnson,Vancouver,British Columbia,Canada,2020-12-09,true
CUST-003856,Jonas Wilson,Tokyo,Tokyo,Japan,2024-11-16,false
CUST-003857,Noah Schmidt,Lisbon,Lisbon,Portugal,2020-06-19,true
CUST-003858,Noah Santos,Stockholm,Stockholm County,Sweden,2020-05-03,true
CUST-003859,Maya Korhonen,Amsterdam,North Holland,Netherlands,2023-09-05,true
CUST-003860,David Ali,Milan,Lombardy,Italy,2020-07-04,false
CUST-003861,Chloe Johnson,Helsinki,Uusimaa,Finland,2021-11-16,true
CUST-003862,Henry Schmidt,Lyon,Auvergne-Rhone-Alpes,France,2026-04-29,true
CUST-003863,Arthur Andersson,Dublin,Leinster,Ireland,2022-02-16,true
CUST-003864,Grace Ali,Amsterdam,North Holland,Netherlands,2023-05-09,true
CUST-003865,Maya Taylor,Toronto,Ontario,Canada,2023-03-11,true
CUST-003866,Lina Schmidt,London,England,United Kingdom,2024-12-13,true
CUST-003867,Fatima Dubois,Tokyo,Tokyo,Japan,2025-01-13,false
CUST-003868,Leo Ahmed,Madrid,Community of Madrid,Spain,2025-05-23,true
CUST-003869,Samuel Nielsen,Barcelona,Catalonia,Spain,2025-09-12,true
CUST-003870,Jonas Silva,Milan,Lombardy,Italy,2020-07-31,true
CUST-003871,Zara Novak,Turku,Southwest Finland,Finland,2023-07-22,true
CUST-003872,Noah Martin,Sydney,New South Wales,Australia,2021-10-22,true
CUST-003873,Benjamin Jensen,Turku,Southwest Finland,Finland,2023-07-10,true
CUST-003874,Maya Garcia,Lisbon,Lisbon,Portugal,2025-08-07,true
CUST-003875,Chloe Petrov,Warsaw,Masovian,Poland,2022-11-01,true
CUST-003876,Nora Schmidt,Barcelona,Catalonia,Spain,2021-11-24,true
CUST-003877,Sofia Andersson,Rome,Lazio,Italy,2023-03-20,false
CUST-003878,Benjamin Novak,London,England,United Kingdom,2025-05-04,true
CUST-003879,Samuel Petrov,Paris,Ile-de-France,France,2021-03-13,true
CUST-003880,Nora Brown,Munich,Bavaria,Germany,2025-11-16,true
CUST-003881,Amina Dubois,Stockholm,Stockholm County,Sweden,2025-03-18,true
CUST-003882,Henry Smith,Toronto,Ontario,Canada,2024-10-24,true
CUST-003883,Chloe Korhonen,Gothenburg,Vastra Gotaland,Sweden,2022-07-18,true
CUST-003884,Nora Ali,Lyon,Auvergne-Rhone-Alpes,France,2021-02-23,true
CUST-003885,Lina Novak,Warsaw,Masovian,Poland,2023-07-03,true
CUST-003886,Oliver Andersson,Tampere,Pirkanmaa,Finland,2024-07-26,true
CUST-003887,Noah Davis,Vancouver,British Columbia,Canada,2022-06-03,true
CUST-003888,Chloe Schmidt,Tampere,Pirkanmaa,Finland,2026-06-18,false
CUST-003889,Emma Jensen,New York,New York,United States,2021-08-18,true
CUST-003890,Ada Brown,Gothenburg,Vastra Gotaland,Sweden,2021-10-11,true
CUST-003891,Grace Johnson,Rome,Lazio,Italy,2023-05-15,false
CUST-003892,Henry Schmidt,Lyon,Auvergne-Rhone-Alpes,France,2020-07-13,false
CUST-003893,Elias Schmidt,Stockholm,Stockholm County,Sweden,2024-07-23,true
CUST-003894,Benjamin Novak,Dublin,Leinster,Ireland,2020-10-20,true
CUST-003895,Chloe Berg,New York,New York,United States,2023-04-20,false
CUST-003896,Chloe Johnson,Tokyo,Tokyo,Japan,2020-08-10,true
CUST-003897,Elias Smith,Tampere,Pirkanmaa,Finland,2021-03-08,true
CUST-003898,Leo Rossi,Paris,Ile-de-France,France,2025-10-19,true
CUST-003899,Leila Johnson,Amsterdam,North Holland,Netherlands,2022-07-03,true
CUST-003900,Eva Garcia,Gothenburg,Vastra Gotaland,Sweden,2023-12-19,true
CUST-003901,Lucas Santos,Lisbon,Lisbon,Portugal,2020-07-26,true
CUST-003902,Noah Brown,Gothenburg,Vastra Gotaland,Sweden,2022-12-17,true
CUST-003903,Maya Khan,Tokyo,Tokyo,Japan,2023-02-04,true
CUST-003904,Leo Smith,Lisbon,Lisbon,Portugal,2021-02-17,true
CUST-003905,Mila Taylor,Prague,Prague,Czechia,2026-05-30,true
CUST-003906,Lina Khan,Barcelona,Catalonia,Spain,2021-10-20,true
CUST-003907,Nora Berg,Vancouver,British Columbia,Canada,2023-02-09,true
CUST-003908,Benjamin Rossi,Amsterdam,North Holland,Netherlands,2024-02-25,true
CUST-003909,Fatima Berg,Manchester,England,United Kingdom,2022-12-03,true
CUST-003910,Nora Silva,Copenhagen,Capital Region,Denmark,2026-03-20,true
CUST-003911,Benjamin Korhonen,Helsinki,Uusimaa,Finland,2022-06-02,true
CUST-003912,Maya Clark,Milan,Lombardy,Italy,2021-07-21,true
CUST-003913,Noah Moore,Rome,Lazio,Italy,2020-02-25,true
CUST-003914,Zara Wilson,Rome,Lazio,Italy,2021-05-07,true
CUST-003915,Oliver Smith,Berlin,Berlin,Germany,2026-01-13,true
CUST-003916,Chloe Wilson,Milan,Lombardy,Italy,2020-05-06,true
CUST-003917,Sofia Santos,Tokyo,Tokyo,Japan,2021-08-07,true
CUST-003918,Lucas Smith,Stockholm,Stockholm County,Sweden,2024-01-05,true
CUST-003919,Zara Williams,Barcelona,Catalonia,Spain,2025-03-14,true
CUST-003920,Mateo Garcia,Austin,Texas,United States,2023-04-05,true
CUST-003921,Fatima Berg,Dublin,Leinster,Ireland,2025-08-22,true
CUST-003922,Lucas Korhonen,New York,New York,United States,2025-08-09,false
CUST-003923,Grace Moore,Turku,Southwest Finland,Finland,2025-04-23,false
CUST-003924,Zara Silva,Oslo,Oslo,Norway,2024-10-27,false
CUST-003925,Omar Dubois,London,England,United Kingdom,2020-05-18,true
CUST-003926,Mateo Moore,Berlin,Berlin,Germany,2025-06-27,true
CUST-003927,Lina Johnson,Vancouver,British Columbia,Canada,2024-05-01,true
CUST-003928,Grace Brown,Lisbon,Lisbon,Portugal,2024-08-25,true
CUST-003929,Benjamin Berg,Brussels,Brussels-Capital,Belgium,2020-01-17,true
CUST-003930,Emma Wilson,Vancouver,British Columbia,Canada,2020-06-23,true
CUST-003931,Oliver Moore,Turku,Southwest Finland,Finland,2020-09-12,true
CUST-003932,Zara Ali,Dublin,Leinster,Ireland,2024-09-20,true
CUST-003933,Elias Korhonen,New York,New York,United States,2025-09-26,true
CUST-003934,Mateo Petrov,Austin,Texas,United States,2024-12-09,false
CUST-003935,Nora Davis,Tokyo,Tokyo,Japan,2024-07-01,true
CUST-003936,Noah Martin,Brussels,Brussels-Capital,Belgium,2025-09-30,true
CUST-003937,Maya Johnson,Turku,Southwest Finland,Finland,2022-01-31,true
CUST-003938,Fatima Dubois,Paris,Ile-de-France,France,2023-11-09,true
CUST-003939,Yusuf Rossi,Helsinki,Uusimaa,Finland,2020-09-20,true
CUST-003940,Arthur Berg,Paris,Ile-de-France,France,2026-01-26,false
CUST-003941,Elias Berg,Milan,Lombardy,Italy,2022-10-28,true
CUST-003942,Daniel Clark,Berlin,Berlin,Germany,2023-06-02,false
CUST-003943,Nora Ali,Tampere,Pirkanmaa,Finland,2021-12-27,true
CUST-003944,Leila Virtanen,Berlin,Berlin,Germany,2021-07-14,true
CUST-003945,Isla Taylor,Manchester,England,United Kingdom,2026-06-20,true
CUST-003946,Emma Silva,Paris,Ile-de-France,France,2024-10-30,true
CUST-003947,Elias Schmidt,Vienna,Vienna,Austria,2022-08-26,false
CUST-003948,Chloe Khan,Tampere,Pirkanmaa,Finland,2026-06-22,true
CUST-003949,Isla Smith,Vancouver,British Columbia,Canada,2025-04-13,true
CUST-003950,Ada Williams,Brussels,Brussels-Capital,Belgium,2022-05-19,false
CUST-003951,Eva Santos,Vancouver,British Columbia,Canada,2021-09-01,true
CUST-003952,Mila Lopez,Tampere,Pirkanmaa,Finland,2024-02-01,true
CUST-003953,Henry Lopez,Brussels,Brussels-Capital,Belgium,2025-07-20,true
CUST-003954,David Virtanen,Vancouver,British Columbia,Canada,2021-10-05,true
CUST-003955,Amina Smith,Tokyo,Tokyo,Japan,2023-01-18,true
CUST-003956,Chloe Ahmed,London,England,United Kingdom,2023-04-06,true
CUST-003957,Benjamin Novak,Turku,Southwest Finland,Finland,2025-05-09,true
CUST-003958,Emma Clark,Copenhagen,Capital Region,Denmark,2022-10-05,true
CUST-003959,Daniel Garcia,Turku,Southwest Finland,Finland,2024-04-25,true
CUST-003960,Isla Andersson,Brussels,Brussels-Capital,Belgium,2020-01-01,true
CUST-003961,Oliver Novak,Amsterdam,North Holland,Netherlands,2024-09-27,true
CUST-003962,Fatima Ali,Brussels,Brussels-Capital,Belgium,2025-10-02,true
CUST-003963,Maya Jensen,Vancouver,British Columbia,Canada,2025-04-23,true
CUST-003964,Emma Korhonen,Dublin,Leinster,Ireland,2023-09-23,true
CUST-003965,Benjamin Ahmed,Lisbon,Lisbon,Portugal,2024-06-30,false
CUST-003966,Henry Santos,Warsaw,Masovian,Poland,2022-10-20,true
CUST-003967,Ada Clark,Stockholm,Stockholm County,Sweden,2024-05-21,true
CUST-003968,Maya Santos,New York,New York,United States,2023-06-12,false
CUST-003969,Samuel Korhonen,London,England,United Kingdom,2024-12-07,false
CUST-003970,Isla Andersson,Berlin,Berlin,Germany,2022-10-14,false
CUST-003971,Leila Ibrahim,Lyon,Auvergne-Rhone-Alpes,France,2024-04-21,true
CUST-003972,Oliver Davis,Barcelona,Catalonia,Spain,2024-01-22,true
CUST-003973,Maya Davis,Austin,Texas,United States,2024-05-19,true
CUST-003974,Chloe Wilson,Lyon,Auvergne-Rhone-Alpes,France,2021-04-16,true
CUST-003975,Leila Rossi,Madrid,Community of Madrid,Spain,2024-11-25,true
CUST-003976,Jonas Taylor,Dublin,Leinster,Ireland,2024-05-18,true
CUST-003977,Benjamin Berg,Sydney,New South Wales,Australia,2025-05-22,true
CUST-003978,Grace Ibrahim,Manchester,England,United Kingdom,2021-05-29,true
CUST-003979,Amina Wilson,Stockholm,Stockholm County,Sweden,2021-06-19,false
CUST-003980,Mateo Ahmed,Munich,Bavaria,Germany,2023-10-06,true
CUST-003981,Jonas Ibrahim,Helsinki,Uusimaa,Finland,2024-12-24,true
CUST-003982,Noah Williams,Manchester,England,United Kingdom,2026-03-28,true
CUST-003983,Yusuf Khan,Manchester,England,United Kingdom,2022-09-11,true
CUST-003984,Leila Lopez,Paris,Ile-de-France,France,2025-09-30,true
CUST-003985,Maya Ibrahim,Dublin,Leinster,Ireland,2020-05-10,false
CUST-003986,Leo Wilson,Paris,Ile-de-France,France,2025-09-25,true
CUST-003987,Mateo Lopez,Toronto,Ontario,Canada,2023-08-08,true
CUST-003988,Yusuf Silva,Dublin,Leinster,Ireland,2022-02-13,true
CUST-003989,Samuel Jensen,Lyon,Auvergne-Rhone-Alpes,France,2023-01-20,true
CUST-003990,Emma Moore,Toronto,Ontario,Canada,2022-03-28,true
CUST-003991,Maya Jensen,Vienna,Vienna,Austria,2024-02-15,true
CUST-003992,Noah Nielsen,Oslo,Oslo,Norway,2022-08-06,true
CUST-003993,Leo Muller,Austin,Texas,United States,2022-10-28,true
CUST-003994,Daniel Williams,Gothenburg,Vastra Gotaland,Sweden,2020-07-11,true
CUST-003995,Sofia Ali,Turku,Southwest Finland,Finland,2025-06-04,true
CUST-003996,Henry Novak,Warsaw,Masovian,Poland,2023-06-01,true
CUST-003997,Emma Novak,Toronto,Ontario,Canada,2024-06-08,true
CUST-003998,Noah Moore,Vienna,Vienna,Austria,2023-05-15,false
CUST-003999,Amina Johnson,Oslo,Oslo,Norway,2024-06-27,true
CUST-004000,Elias Ibrahim,Gothenburg,Vastra Gotaland,Sweden,2023-05-26,true
CUST-004001,Leila Santos,London,England,United Kingdom,2021-11-28,true
CUST-004002,Grace Taylor,Barcelona,Catalonia,Spain,2021-10-28,true
CUST-004003,Noah Virtanen,Manchester,England,United Kingdom,2022-07-25,true
CUST-004004,Henry Muller,Turku,Southwest Finland,Finland,2024-03-24,true
CUST-004005,Yusuf Smith,Sydney,New South Wales,Australia,2023-04-29,true
CUST-004006,Henry Wilson,Austin,Texas,United States,2024-09-11,true
CUST-004007,Isla Ali,Milan,Lombardy,Italy,2024-07-25,true
CUST-004008,Benjamin Ibrahim,Madrid,Community of Madrid,Spain,2026-08-31,true
CUST-004009,Noah Johnson,Munich,Bavaria,Germany,2020-10-18,true
CUST-004010,Elias Ahmed,Dublin,Leinster,Ireland,2026-02-19,true
CUST-004011,Maya Smith,Manchester,England,United Kingdom,2021-08-23,true
CUST-004012,Noah Petrov,Lyon,Auvergne-Rhone-Alpes,France,2022-10-31,true
CUST-004013,Mila Williams,Toronto,Ontario,Canada,2022-01-30,true
CUST-004014,Arthur Davis,Oslo,Oslo,Norway,2025-12-21,true
CUST-004015,Leo Khan,Tokyo,Tokyo,Japan,2024-03-19,true
CUST-004016,Sofia Lopez,Manchester,England,United Kingdom,2026-06-01,true
CUST-004017,Maya Korhonen,Brussels,Brussels-Capital,Belgium,2021-09-08,true
CUST-004018,Eva Ibrahim,Tampere,Pirkanmaa,Finland,2025-02-28,true
CUST-004019,Sofia Moore,Rome,Lazio,Italy,2020-09-25,false
CUST-004020,Elias Korhonen,New York,New York,United States,2024-01-03,true
CUST-004021,Sofia Virtanen,Vancouver,British Columbia,Canada,2024-09-14,true
CUST-004022,Maya Muller,Sydney,New South Wales,Australia,2020-09-10,true
CUST-004023,Maya Muller,Prague,Prague,Czechia,2026-05-28,true
CUST-004024,Fatima Clark,Gothenburg,Vastra Gotaland,Sweden,2026-05-09,true
CUST-004025,Sofia Taylor,Tokyo,Tokyo,Japan,2024-06-25,true
CUST-004026,Zara Smith,Toronto,Ontario,Canada,2025-12-15,true
CUST-004027,Ada Moore,Gothenburg,Vastra Gotaland,Sweden,2020-04-06,true
CUST-004028,Elias Petrov,Stockholm,Stockholm County,Sweden,2025-11-27,true
CUST-004029,Omar Dubois,Milan,Lombardy,Italy,2024-01-29,false
CUST-004030,Emma Martin,Austin,Texas,United States,2023-12-19,true
CUST-004031,Sofia Schmidt,Sydney,New South Wales,Australia,2024-12-22,true
CUST-004032,Leo Andersson,Munich,Bavaria,Germany,2022-10-13,true
CUST-004033,Chloe Nielsen,Copenhagen,Capital Region,Denmark,2025-12-08,true
CUST-004034,Grace Davis,Paris,Ile-de-France,France,2023-01-24,true
CUST-004035,Ada Brown,Brussels,Brussels-Capital,Belgium,2024-05-04,true
CUST-004036,Elias Jensen,Barcelona,Catalonia,Spain,2022-05-12,true
CUST-004037,Amina Ibrahim,Munich,Bavaria,Germany,2022-12-31,true
CUST-004038,Eva Moore,London,England,United Kingdom,2025-09-01,true
CUST-004039,Benjamin Ibrahim,Stockholm,Stockholm County,Sweden,2022-11-05,true
CUST-004040,Lina Taylor,Tampere,Pirkanmaa,Finland,2022-12-27,true
CUST-004041,Mateo Andersson,Rome,Lazio,Italy,2025-11-09,true
CUST-004042,Mila Ibrahim,Paris,Ile-de-France,France,2022-11-13,true
CUST-004043,Leo Ali,Munich,Bavaria,Germany,2025-10-15,false
CUST-004044,Benjamin Dubois,Berlin,Berlin,Germany,2020-08-22,true
CUST-004045,Nora Moore,London,England,United Kingdom,2022-03-31,true
CUST-004046,Samuel Korhonen,Copenhagen,Capital Region,Denmark,2022-07-06,true
CUST-004047,Henry Ali,Barcelona,Catalonia,Spain,2020-08-08,true
CUST-004048,Chloe Taylor,Tampere,Pirkanmaa,Finland,2025-08-12,false
CUST-004049,Omar Martin,Madrid,Community of Madrid,Spain,2020-05-27,true
CUST-004050,Amina Jensen,Copenhagen,Capital Region,Denmark,2026-07-27,true
CUST-004051,Mila Andersson,Prague,Prague,Czechia,2021-09-01,true
CUST-004052,Emma Johnson,Stockholm,Stockholm County,Sweden,2021-03-20,true
CUST-004053,Ada Khan,Berlin,Berlin,Germany,2022-06-05,true
CUST-004054,Lina Jensen,Amsterdam,North Holland,Netherlands,2022-02-10,true
CUST-004055,Fatima Ali,Turku,Southwest Finland,Finland,2022-03-21,true
CUST-004056,Ada Korhonen,Manchester,England,United Kingdom,2023-03-15,true
CUST-004057,Emma Moore,Paris,Ile-de-France,France,2022-06-27,true
CUST-004058,Amina Petrov,Madrid,Community of Madrid,Spain,2025-04-26,false
CUST-004059,Ada Santos,Lyon,Auvergne-Rhone-Alpes,France,2025-11-02,true
CUST-004060,Samuel Rossi,Tokyo,Tokyo,Japan,2026-04-30,true
CUST-004061,Zara Korhonen,Toronto,Ontario,Canada,2026-03-18,false
CUST-004062,Noah Moore,Austin,Texas,United States,2025-10-12,true
CUST-004063,Chloe Williams,Austin,Texas,United States,2024-06-12,true
CUST-004064,Fatima Nielsen,Warsaw,Masovian,Poland,2020-02-20,false
CUST-004065,Mila Lopez,Amsterdam,North Holland,Netherlands,2022-07-04,true
CUST-004066,Omar Ali,Berlin,Berlin,Germany,2020-10-06,true
CUST-004067,Mateo Khan,Tampere,Pirkanmaa,Finland,2025-03-21,false
CUST-004068,Arthur Ahmed,Copenhagen,Capital Region,Denmark,2023-12-10,false
CUST-004069,Henry Muller,Vancouver,British Columbia,Canada,2020-12-31,true
CUST-004070,Elias Lopez,Tampere,Pirkanmaa,Finland,2023-06-09,true
CUST-004071,Mila Andersson,Stockholm,Stockholm County,Sweden,2023-05-18,true
CUST-004072,Grace Virtanen,Oslo,Oslo,Norway,2025-12-27,true
CUST-004073,Grace Novak,Warsaw,Masovian,Poland,2022-12-13,true
CUST-004074,Eva Martin,Dublin,Leinster,Ireland,2024-05-10,true
CUST-004075,Benjamin Ahmed,Sydney,New South Wales,Australia,2026-08-06,true
CUST-004076,Nora Muller,Lisbon,Lisbon,Portugal,2020-07-04,true
CUST-004077,Ada Silva,Dublin,Leinster,Ireland,2022-01-25,true
CUST-004078,Elias Silva,Madrid,Community of Madrid,Spain,2020-08-22,true
CUST-004079,David Wilson,Amsterdam,North Holland,Netherlands,2024-09-16,true
CUST-004080,Arthur Nielsen,Tokyo,Tokyo,Japan,2024-03-22,true
CUST-004081,Sofia Clark,Oslo,Oslo,Norway,2026-09-01,true
CUST-004082,Omar Brown,Oslo,Oslo,Norway,2021-12-21,true
CUST-004083,Leo Taylor,Manchester,England,United Kingdom,2020-05-16,true
CUST-004084,Oliver Taylor,Tampere,Pirkanmaa,Finland,2022-05-30,false
CUST-004085,Mila Rossi,Milan,Lombardy,Italy,2022-08-23,true
CUST-004086,Mateo Muller,Berlin,Berlin,Germany,2024-04-23,true
CUST-004087,Daniel Smith,Paris,Ile-de-France,France,2024-06-08,true
CUST-004088,Arthur Davis,Lyon,Auvergne-Rhone-Alpes,France,2023-02-16,true
CUST-004089,Henry Davis,Tampere,Pirkanmaa,Finland,2025-07-23,true
CUST-004090,Oliver Muller,Helsinki,Uusimaa,Finland,2024-02-12,true
CUST-004091,Mateo Rossi,London,England,United Kingdom,2021-07-15,true
CUST-004092,Maya Silva,Stockholm,Stockholm County,Sweden,2026-03-07,true
CUST-004093,Mateo Wilson,Munich,Bavaria,Germany,2024-07-23,true
CUST-004094,Yusuf Silva,London,England,United Kingdom,2020-07-05,false
CUST-004095,Mateo Santos,Copenhagen,Capital Region,Denmark,2026-08-14,false
CUST-004096,Lucas Andersson,Toronto,Ontario,Canada,2022-01-09,true
CUST-004097,Mila Virtanen,Madrid,Community of Madrid,Spain,2023-01-31,true
CUST-004098,Omar Silva,Vancouver,British Columbia,Canada,2021-05-25,true
CUST-004099,Noah Santos,Toronto,Ontario,Canada,2020-11-23,true
CUST-004100,Mateo Martin,Turku,Southwest Finland,Finland,2024-02-16,false
CUST-004101,Ada Muller,Amsterdam,North Holland,Netherlands,2022-07-23,true
CUST-004102,Fatima Moore,Paris,Ile-de-France,France,2024-06-08,true
CUST-004103,Jonas Ahmed,Tokyo,Tokyo,Japan,2024-11-21,true
CUST-004104,Emma Korhonen,Oslo,Oslo,Norway,2026-04-21,true
CUST-004105,Leila Virtanen,New York,New York,United States,2023-10-12,false
CUST-004106,Nora Muller,Berlin,Berlin,Germany,2025-07-10,true
CUST-004107,Emma Smith,Gothenburg,Vastra Gotaland,Sweden,2020-03-15,true
CUST-004108,Fatima Petrov,Tokyo,Tokyo,Japan,2025-06-08,true
CUST-004109,Zara Dubois,New York,New York,United States,2022-05-28,true
CUST-004110,Chloe Ahmed,Brussels,Brussels-Capital,Belgium,2022-05-02,true
CUST-004111,Arthur Rossi,Brussels,Brussels-Capital,Belgium,2021-02-06,true
CUST-004112,Omar Schmidt,Sydney,New South Wales,Australia,2024-06-25,true
CUST-004113,Amina Dubois,Turku,Southwest Finland,Finland,2023-03-15,true
CUST-004114,Amina Smith,Paris,Ile-de-France,France,2022-04-11,false
CUST-004115,Daniel Ahmed,Amsterdam,North Holland,Netherlands,2024-04-14,true
CUST-004116,Mila Martin,Berlin,Berlin,Germany,2025-12-05,true
CUST-004117,Grace Lopez,Warsaw,Masovian,Poland,2026-01-13,true
CUST-004118,Lina Clark,Toronto,Ontario,Canada,2025-08-21,false
CUST-004119,Emma Moore,Gothenburg,Vastra Gotaland,Sweden,2020-12-28,false
CUST-004120,Sofia Petrov,Prague,Prague,Czechia,2020-10-12,true
CUST-004121,Oliver Silva,Rome,Lazio,Italy,2025-01-03,true
CUST-004122,Sofia Smith,London,England,United Kingdom,2023-05-17,true
CUST-004123,Samuel Lopez,Amsterdam,North Holland,Netherlands,2023-08-03,false
CUST-004124,Amina Andersson,Turku,Southwest Finland,Finland,2026-08-21,false
CUST-004125,Leo Muller,Lyon,Auvergne-Rhone-Alpes,France,2023-10-16,true
CUST-004126,Mateo Ahmed,Tampere,Pirkanmaa,Finland,2023-09-26,true
CUST-004127,Arthur Jensen,Munich,Bavaria,Germany,2020-04-13,true
CUST-004128,Noah Johnson,Manchester,England,United Kingdom,2023-01-06,true
CUST-004129,Daniel Rossi,Madrid,Community of Madrid,Spain,2025-01-21,true
CUST-004130,Isla Davis,Tampere,Pirkanmaa,Finland,2023-08-09,true
CUST-004131,Elias Dubois,Gothenburg,Vastra Gotaland,Sweden,2020-07-11,false
CUST-004132,Lucas Schmidt,Berlin,Berlin,Germany,2021-02-04,true
CUST-004133,Leo Schmidt,Brussels,Brussels-Capital,Belgium,2020-06-21,true
CUST-004134,Elias Petrov,Helsinki,Uusimaa,Finland,2022-04-06,true
CUST-004135,Mateo Schmidt,Paris,Ile-de-France,France,2021-03-21,true
CUST-004136,Fatima Smith,Vancouver,British Columbia,Canada,2025-12-06,true
CUST-004137,Henry Taylor,Austin,Texas,United States,2022-08-16,false
CUST-004138,Lucas Santos,Milan,Lombardy,Italy,2023-06-20,false
CUST-004139,Lina Schmidt,Paris,Ile-de-France,France,2026-03-22,true
CUST-004140,Noah Andersson,Milan,Lombardy,Italy,2024-10-08,true
CUST-004141,Omar Williams,Manchester,England,United Kingdom,2021-09-22,true
CUST-004142,Lina Ali,Tokyo,Tokyo,Japan,2020-01-24,true
CUST-004143,Samuel Korhonen,Manchester,England,United Kingdom,2026-03-03,true
CUST-004144,Benjamin Ali,Prague,Prague,Czechia,2023-04-23,true
CUST-004145,Elias Novak,Lisbon,Lisbon,Portugal,2025-05-22,false
CUST-004146,Daniel Nielsen,Berlin,Berlin,Germany,2023-11-18,true
CUST-004147,Lina Virtanen,Lyon,Auvergne-Rhone-Alpes,France,2020-11-26,false
CUST-004148,Henry Jensen,Brussels,Brussels-Capital,Belgium,2026-06-17,true
CUST-004149,Grace Martin,Copenhagen,Capital Region,Denmark,2020-11-14,true
CUST-004150,Emma Korhonen,New York,New York,United States,2024-12-16,true
CUST-004151,Jonas Muller,Prague,Prague,Czechia,2021-08-17,false
CUST-004152,Grace Novak,Sydney,New South Wales,Australia,2022-03-07,true
CUST-004153,Maya Schmidt,New York,New York,United States,2021-06-05,true
CUST-004154,Noah Taylor,Sydney,New South Wales,Australia,2026-04-19,true
CUST-004155,Zara Nielsen,Toronto,Ontario,Canada,2024-12-09,false
CUST-004156,Leo Garcia,Munich,Bavaria,Germany,2021-11-23,true
CUST-004157,Jonas Andersson,Vancouver,British Columbia,Canada,2026-03-08,true
CUST-004158,Oliver Ali,Munich,Bavaria,Germany,2021-07-08,true
CUST-004159,Omar Ali,Tokyo,Tokyo,Japan,2026-01-22,true
CUST-004160,Fatima Ali,Brussels,Brussels-Capital,Belgium,2025-09-17,true
CUST-004161,Grace Ali,Milan,Lombardy,Italy,2025-01-26,true
CUST-004162,Arthur Berg,Milan,Lombardy,Italy,2024-11-18,true
CUST-004163,Lina Johnson,Lisbon,Lisbon,Portugal,2020-01-04,true
CUST-004164,Amina Brown,Helsinki,Uusimaa,Finland,2022-09-25,true
CUST-004165,Leo Dubois,Prague,Prague,Czechia,2021-11-04,true
CUST-004166,Lina Smith,Manchester,England,United Kingdom,2024-05-21,true
CUST-004167,Jonas Martin,Gothenburg,Vastra Gotaland,Sweden,2021-04-25,true
CUST-004168,Samuel Ali,Warsaw,Masovian,Poland,2024-11-21,true
CUST-004169,Sofia Williams,Prague,Prague,Czechia,2023-01-18,true
CUST-004170,Benjamin Silva,Milan,Lombardy,Italy,2024-02-29,false
CUST-004171,Fatima Rossi,Paris,Ile-de-France,France,2020-12-18,true
CUST-004172,Fatima Ali,Berlin,Berlin,Germany,2020-11-20,true
CUST-004173,Zara Ibrahim,Gothenburg,Vastra Gotaland,Sweden,2022-10-10,true
CUST-004174,Mateo Smith,Warsaw,Masovian,Poland,2023-07-09,true
CUST-004175,Leila Andersson,Dublin,Leinster,Ireland,2021-05-08,true
CUST-004176,Henry Martin,Gothenburg,Vastra Gotaland,Sweden,2025-08-26,false
CUST-004177,Elias Andersson,New York,New York,United States,2021-03-03,true
CUST-004178,Eva Jensen,Warsaw,Masovian,Poland,2022-01-16,true
CUST-004179,Noah Moore,New York,New York,United States,2024-07-19,true
CUST-004180,Nora Lopez,New York,New York,United States,2021-09-16,true
CUST-004181,Eva Davis,Madrid,Community of Madrid,Spain,2023-01-24,true
CUST-004182,Jonas Silva,Warsaw,Masovian,Poland,2021-08-30,true
CUST-004183,Samuel Novak,Manchester,England,United Kingdom,2024-06-30,true
CUST-004184,Yusuf Lopez,Austin,Texas,United States,2024-09-06,true
CUST-004185,Eva Ahmed,Gothenburg,Vastra Gotaland,Sweden,2024-09-08,true
CUST-004186,Amina Schmidt,New York,New York,United States,2024-12-06,true
CUST-004187,Amina Johnson,Prague,Prague,Czechia,2021-12-29,true
CUST-004188,Sofia Petrov,New York,New York,United States,2025-11-10,false
CUST-004189,Samuel Petrov,Helsinki,Uusimaa,Finland,2024-12-05,true
CUST-004190,Sofia Ibrahim,Madrid,Community of Madrid,Spain,2023-10-24,true
CUST-004191,Elias Santos,Gothenburg,Vastra Gotaland,Sweden,2022-12-07,true
CUST-004192,Omar Khan,Rome,Lazio,Italy,2020-09-19,true
CUST-004193,Daniel Khan,Stockholm,Stockholm County,Sweden,2025-09-24,true
CUST-004194,Mateo Lopez,Barcelona,Catalonia,Spain,2021-08-01,true
CUST-004195,Arthur Williams,Lyon,Auvergne-Rhone-Alpes,France,2022-01-11,true
CUST-004196,Sofia Muller,Tampere,Pirkanmaa,Finland,2026-08-07,true
CUST-004197,Mateo Berg,Berlin,Berlin,Germany,2021-05-09,true
CUST-004198,Nora Muller,Stockholm,Stockholm County,Sweden,2025-06-14,true
CUST-004199,Lucas Schmidt,Austin,Texas,United States,2022-07-24,false
CUST-004200,Isla Smith,London,England,United Kingdom,2021-03-23,true
CUST-004201,Fatima Brown,Berlin,Berlin,Germany,2024-07-19,true
CUST-004202,Zara Wilson,New York,New York,United States,2022-06-04,false
CUST-004203,Leila Lopez,Prague,Prague,Czechia,2024-04-02,true
CUST-004204,Leo Petrov,Vancouver,British Columbia,Canada,2022-07-15,true
CUST-004205,Henry Rossi,Toronto,Ontario,Canada,2025-11-22,true
CUST-004206,Elias Lopez,Madrid,Community of Madrid,Spain,2026-03-23,true
CUST-004207,Nora Clark,London,England,United Kingdom,2026-08-02,true
CUST-004208,Grace Davis,Tokyo,Tokyo,Japan,2024-06-17,false
CUST-004209,Sofia Ahmed,Helsinki,Uusimaa,Finland,2024-06-18,true
CUST-004210,David Dubois,Barcelona,Catalonia,Spain,2024-03-21,true
CUST-004211,Fatima Taylor,Copenhagen,Capital Region,Denmark,2022-12-06,true
CUST-004212,Fatima Korhonen,Vancouver,British Columbia,Canada,2025-10-11,true
CUST-004213,Nora Moore,London,England,United Kingdom,2022-10-05,true
CUST-004214,Omar Lopez,Dublin,Leinster,Ireland,2022-05-01,true
CUST-004215,Chloe Williams,Helsinki,Uusimaa,Finland,2022-11-10,true
CUST-004216,David Khan,Brussels,Brussels-Capital,Belgium,2023-09-01,true
CUST-004217,Maya Davis,Amsterdam,North Holland,Netherlands,2020-07-27,true
CUST-004218,Leila Dubois,Warsaw,Masovian,Poland,2020-03-11,true
CUST-004219,Omar Garcia,Oslo,Oslo,Norway,2021-04-07,false
CUST-004220,Lina Muller,Amsterdam,North Holland,Netherlands,2025-06-03,false
CUST-004221,Chloe Jensen,Austin,Texas,United States,2024-03-07,true
CUST-004222,Emma Moore,Brussels,Brussels-Capital,Belgium,2024-05-23,true
CUST-004223,Lina Moore,Madrid,Community of Madrid,Spain,2021-09-18,true
CUST-004224,Leo Wilson,Berlin,Berlin,Germany,2020-01-11,true
CUST-004225,Daniel Ibrahim,Gothenburg,Vastra Gotaland,Sweden,2022-03-24,true
CUST-004226,Sofia Ali,Tokyo,Tokyo,Japan,2022-04-05,true
CUST-004227,Ada Garcia,Munich,Bavaria,Germany,2022-09-13,true
CUST-004228,Emma Rossi,Berlin,Berlin,Germany,2026-08-05,true
CUST-004229,Henry Smith,Sydney,New South Wales,Australia,2021-04-20,true
CUST-004230,Maya Taylor,Oslo,Oslo,Norway,2020-08-13,true
CUST-004231,Henry Santos,Turku,Southwest Finland,Finland,2024-02-06,true
CUST-004232,Oliver Ali,London,England,United Kingdom,2024-05-04,true
CUST-004233,Ada Lopez,Munich,Bavaria,Germany,2022-07-20,true
CUST-004234,Isla Korhonen,Warsaw,Masovian,Poland,2021-12-05,true
CUST-004235,Arthur Korhonen,Dublin,Leinster,Ireland,2025-12-19,true
CUST-004236,Mila Brown,Tampere,Pirkanmaa,Finland,2024-10-16,true
CUST-004237,David Novak,Lisbon,Lisbon,Portugal,2022-05-06,false
CUST-004238,Oliver Ali,Prague,Prague,Czechia,2025-07-21,true
CUST-004239,Chloe Moore,Milan,Lombardy,Italy,2020-03-07,true
CUST-004240,Samuel Johnson,Tampere,Pirkanmaa,Finland,2020-09-20,true
CUST-004241,Mateo Schmidt,Gothenburg,Vastra Gotaland,Sweden,2021-10-01,true
CUST-004242,Lucas Lopez,Lisbon,Lisbon,Portugal,2023-05-17,true
CUST-004243,Noah Lopez,Toronto,Ontario,Canada,2023-11-25,true
CUST-004244,Grace Williams,New York,New York,United States,2022-05-23,true
CUST-004245,Lucas Nielsen,Warsaw,Masovian,Poland,2024-05-26,true
CUST-004246,Oliver Jensen,Helsinki,Uusimaa,Finland,2020-09-21,true
CUST-004247,Chloe Virtanen,Amsterdam,North Holland,Netherlands,2025-02-04,false
CUST-004248,Nora Davis,Warsaw,Masovian,Poland,2025-11-20,true
CUST-004249,Benjamin Berg,Stockholm,Stockholm County,Sweden,2024-03-01,true
CUST-004250,Henry Clark,Toronto,Ontario,Canada,2021-11-10,true
CUST-004251,Grace Davis,Vancouver,British Columbia,Canada,2026-01-16,true
CUST-004252,Isla Taylor,Berlin,Berlin,Germany,2020-07-04,true
CUST-004253,Sofia Petrov,Austin,Texas,United States,2025-09-11,true
CUST-004254,Yusuf Berg,Manchester,England,United Kingdom,2020-11-26,true
CUST-004255,Noah Taylor,Lyon,Auvergne-Rhone-Alpes,France,2024-12-20,true
CUST-004256,Omar Smith,Barcelona,Catalonia,Spain,2023-08-21,true
CUST-004257,Oliver Ali,Toronto,Ontario,Canada,2022-05-17,false
CUST-004258,Chloe Ali,Manchester,England,United Kingdom,2020-12-20,true
CUST-004259,Amina Ahmed,Barcelona,Catalonia,Spain,2024-11-29,true
CUST-004260,David Smith,Vienna,Vienna,Austria,2026-04-28,true
CUST-004261,Lina Ahmed,Gothenburg,Vastra Gotaland,Sweden,2024-12-05,true
CUST-004262,Ada Lopez,Tampere,Pirkanmaa,Finland,2025-08-09,true
CUST-004263,Isla Lopez,New York,New York,United States,2020-03-07,true
CUST-004264,Ada Ahmed,Amsterdam,North Holland,Netherlands,2021-08-20,true
CUST-004265,Eva Petrov,Amsterdam,North Holland,Netherlands,2021-10-07,true
CUST-004266,Benjamin Clark,Helsinki,Uusimaa,Finland,2021-11-12,false
CUST-004267,Sofia Ibrahim,Prague,Prague,Czechia,2026-02-06,true
CUST-004268,Fatima Clark,Sydney,New South Wales,Australia,2022-06-03,false
CUST-004269,Samuel Jensen,Brussels,Brussels-Capital,Belgium,2021-01-12,true
CUST-004270,Leila Garcia,New York,New York,United States,2022-10-01,true
CUST-004271,Arthur Ahmed,Prague,Prague,Czechia,2025-08-16,true
CUST-004272,Arthur Taylor,Copenhagen,Capital Region,Denmark,2023-06-16,false
CUST-004273,Emma Moore,Barcelona,Catalonia,Spain,2025-06-27,false
CUST-004274,Chloe Ali,Paris,Ile-de-France,France,2024-08-30,true
CUST-004275,Grace Virtanen,Oslo,Oslo,Norway,2022-01-19,true
CUST-004276,Ada Davis,Dublin,Leinster,Ireland,2025-01-06,true
CUST-004277,Nora Santos,Brussels,Brussels-Capital,Belgium,2020-01-01,false
CUST-004278,Leila Berg,New York,New York,United States,2024-06-20,true
CUST-004279,Eva Lopez,Milan,Lombardy,Italy,2021-05-01,true
CUST-004280,Henry Martin,Vancouver,British Columbia,Canada,2022-10-01,true
CUST-004281,Leila Muller,Austin,Texas,United States,2026-06-20,true
CUST-004282,David Johnson,London,England,United Kingdom,2021-11-15,true
CUST-004283,Samuel Davis,Stockholm,Stockholm County,Sweden,2023-01-08,true
CUST-004284,Arthur Santos,Copenhagen,Capital Region,Denmark,2024-02-02,false
CUST-004285,Eva Jensen,Lisbon,Lisbon,Portugal,2022-02-20,true
CUST-004286,Chloe Schmidt,London,England,United Kingdom,2021-07-09,true
CUST-004287,Sofia Brown,Gothenburg,Vastra Gotaland,Sweden,2020-05-07,true
CUST-004288,Henry Jensen,Toronto,Ontario,Canada,2026-03-20,true
CUST-004289,Nora Berg,Copenhagen,Capital Region,Denmark,2026-08-01,false
CUST-004290,Mateo Ahmed,Berlin,Berlin,Germany,2023-12-21,true
CUST-004291,Lucas Virtanen,Oslo,Oslo,Norway,2024-12-26,true
CUST-004292,David Moore,Tokyo,Tokyo,Japan,2025-09-28,true
CUST-004293,Ada Taylor,Austin,Texas,United States,2023-01-21,true
CUST-004294,Fatima Silva,Madrid,Community of Madrid,Spain,2023-04-05,true
CUST-004295,Eva Moore,Manchester,England,United Kingdom,2020-03-07,false
CUST-004296,Nora Brown,Manchester,England,United Kingdom,2025-03-26,true
CUST-004297,Sofia Nielsen,Toronto,Ontario,Canada,2022-11-03,false
CUST-004298,Leila Rossi,Madrid,Community of Madrid,Spain,2023-08-15,true
CUST-004299,Benjamin Khan,Copenhagen,Capital Region,Denmark,2021-06-01,true
CUST-004300,Sofia Rossi,Lisbon,Lisbon,Portugal,2023-03-24,true
CUST-004301,Henry Martin,Prague,Prague,Czechia,2021-10-10,true
CUST-004302,Amina Rossi,Sydney,New South Wales,Australia,2022-11-29,true
CUST-004303,Jonas Jensen,London,England,United Kingdom,2024-10-10,false
CUST-004304,Mateo Martin,Lyon,Auvergne-Rhone-Alpes,France,2023-01-03,true
CUST-004305,Zara Smith,New York,New York,United States,2020-09-10,false
CUST-004306,Omar Ali,Brussels,Brussels-Capital,Belgium,2025-06-09,true
CUST-004307,Sofia Novak,Milan,Lombardy,Italy,2025-06-12,true
CUST-004308,Zara Jensen,Amsterdam,North Holland,Netherlands,2023-06-10,true
CUST-004309,Henry Andersson,Prague,Prague,Czechia,2022-07-23,true
CUST-004310,Leo Santos,Berlin,Berlin,Germany,2021-09-07,true
CUST-004311,Jonas Dubois,Dublin,Leinster,Ireland,2023-07-02,true
CUST-004312,Zara Martin,Manchester,England,United Kingdom,2023-09-21,true
CUST-004313,Arthur Lopez,Lisbon,Lisbon,Portugal,2021-01-27,true
CUST-004314,Henry Nielsen,Austin,Texas,United States,2021-01-17,true
CUST-004315,Jonas Schmidt,Amsterdam,North Holland,Netherlands,2022-05-14,true
CUST-004316,Leo Nielsen,Warsaw,Masovian,Poland,2022-02-11,true
CUST-004317,Arthur Schmidt,Stockholm,Stockholm County,Sweden,2023-10-28,true
CUST-004318,Arthur Muller,Amsterdam,North Holland,Netherlands,2024-12-05,true
CUST-004319,Omar Wilson,Tokyo,Tokyo,Japan,2020-08-21,false
CUST-004320,Noah Khan,Tampere,Pirkanmaa,Finland,2023-10-17,false
CUST-004321,Maya Nielsen,Paris,Ile-de-France,France,2021-03-04,false
CUST-004322,Nora Taylor,Tampere,Pirkanmaa,Finland,2023-01-09,false
CUST-004323,Mateo Novak,Dublin,Leinster,Ireland,2026-01-09,true
CUST-004324,Chloe Brown,Warsaw,Masovian,Poland,2021-02-27,true
CUST-004325,Omar Taylor,Prague,Prague,Czechia,2020-10-19,true
CUST-004326,Henry Ali,Lisbon,Lisbon,Portugal,2023-09-01,true
CUST-004327,Fatima Martin,Barcelona,Catalonia,Spain,2021-11-21,true
CUST-004328,Chloe Williams,New York,New York,United States,2025-03-29,true
CUST-004329,Leila Martin,Toronto,Ontario,Canada,2022-05-05,true
CUST-004330,David Muller,Gothenburg,Vastra Gotaland,Sweden,2024-02-03,false
CUST-004331,Omar Andersson,Sydney,New South Wales,Australia,2025-06-25,true
CUST-004332,Jonas Johnson,Tokyo,Tokyo,Japan,2021-05-08,true
CUST-004333,Leo Ibrahim,Gothenburg,Vastra Gotaland,Sweden,2021-12-29,true
CUST-004334,Samuel Silva,Berlin,Berlin,Germany,2021-08-24,true
CUST-004335,Sofia Korhonen,Austin,Texas,United States,2024-08-17,true
CUST-004336,Leila Khan,Munich,Bavaria,Germany,2024-06-05,false
CUST-004337,Leo Muller,Lyon,Auvergne-Rhone-Alpes,France,2025-01-17,true
CUST-004338,Leila Garcia,Madrid,Community of Madrid,Spain,2021-11-18,true
CUST-004339,Eva Moore,Amsterdam,North Holland,Netherlands,2022-03-19,true
CUST-004340,Mila Clark,Paris,Ile-de-France,France,2023-10-26,true
CUST-004341,Omar Santos,Paris,Ile-de-France,France,2025-12-22,true
CUST-004342,Sofia Petrov,Sydney,New South Wales,Australia,2021-01-18,false
CUST-004343,Amina Virtanen,Vancouver,British Columbia,Canada,2025-04-08,true
CUST-004344,Lina Williams,Dublin,Leinster,Ireland,2022-12-04,true
CUST-004345,Nora Khan,Manchester,England,United Kingdom,2024-03-24,true
CUST-004346,Fatima Khan,Milan,Lombardy,Italy,2022-05-18,true
CUST-004347,Benjamin Johnson,Prague,Prague,Czechia,2024-05-03,true
CUST-004348,Yusuf Ibrahim,Lisbon,Lisbon,Portugal,2020-04-02,true
CUST-004349,Mateo Johnson,Berlin,Berlin,Germany,2025-04-19,false
CUST-004350,Henry Ibrahim,New York,New York,United States,2020-04-25,true
CUST-004351,Mila Garcia,New York,New York,United States,2023-09-17,true
CUST-004352,Yusuf Schmidt,Amsterdam,North Holland,Netherlands,2020-06-07,true
CUST-004353,Leila Santos,Sydney,New South Wales,Australia,2025-02-15,true
CUST-004354,Omar Lopez,Milan,Lombardy,Italy,2022-02-02,true
CUST-004355,Zara Ali,Stockholm,Stockholm County,Sweden,2024-07-20,true
CUST-004356,Henry Moore,Vienna,Vienna,Austria,2025-04-02,true
CUST-004357,Leila Clark,Gothenburg,Vastra Gotaland,Sweden,2024-03-20,true
CUST-004358,Isla Martin,Oslo,Oslo,Norway,2024-01-28,true
CUST-004359,Emma Andersson,Helsinki,Uusimaa,Finland,2024-11-16,true
CUST-004360,Lucas Virtanen,Oslo,Oslo,Norway,2023-02-20,true
CUST-004361,Noah Ahmed,Gothenburg,Vastra Gotaland,Sweden,2026-02-20,true
CUST-004362,Zara Santos,Vancouver,British Columbia,Canada,2022-05-13,false
CUST-004363,Emma Garcia,London,England,United Kingdom,2021-11-27,false
CUST-004364,Ada Rossi,Milan,Lombardy,Italy,2023-12-21,true
CUST-004365,Daniel Nielsen,Helsinki,Uusimaa,Finland,2023-05-24,true
CUST-004366,Arthur Martin,Warsaw,Masovian,Poland,2025-02-04,true
CUST-004367,Lina Korhonen,Copenhagen,Capital Region,Denmark,2023-12-13,true
CUST-004368,Elias Virtanen,Vancouver,British Columbia,Canada,2020-10-09,true
CUST-004369,Amina Taylor,New York,New York,United States,2022-02-07,true
CUST-004370,Chloe Garcia,Toronto,Ontario,Canada,2022-05-26,true
CUST-004371,Leila Muller,Toronto,Ontario,Canada,2020-08-14,true
CUST-004372,Samuel Jensen,Lisbon,Lisbon,Portugal,2021-12-28,true
CUST-004373,Daniel Brown,Stockholm,Stockholm County,Sweden,2025-02-01,true
CUST-004374,Amina Smith,Sydney,New South Wales,Australia,2025-01-27,true
CUST-004375,Ada Ali,Brussels,Brussels-Capital,Belgium,2022-02-01,false
CUST-004376,Isla Dubois,Barcelona,Catalonia,Spain,2025-11-10,true
CUST-004377,Emma Ahmed,Tampere,Pirkanmaa,Finland,2021-05-22,true
CUST-004378,Noah Brown,Manchester,England,United Kingdom,2024-05-19,true
CUST-004379,Samuel Rossi,Manchester,England,United Kingdom,2025-12-17,true
CUST-004380,Arthur Ali,Vienna,Vienna,Austria,2023-11-09,false
CUST-004381,Lucas Martin,Paris,Ile-de-France,France,2025-05-25,true
CUST-004382,Isla Martin,Brussels,Brussels-Capital,Belgium,2020-10-06,false
CUST-004383,Elias Novak,Manchester,England,United Kingdom,2025-11-16,true
CUST-004384,Leo Berg,Stockholm,Stockholm County,Sweden,2021-07-23,false
CUST-004385,Nora Smith,Berlin,Berlin,Germany,2023-04-22,true
CUST-004386,Leila Dubois,Warsaw,Masovian,Poland,2023-12-29,true
CUST-004387,Lina Lopez,Turku,Southwest Finland,Finland,2023-11-18,true
CUST-004388,David Taylor,Madrid,Community of Madrid,Spain,2020-05-07,true
CUST-004389,Benjamin Wilson,Munich,Bavaria,Germany,2020-04-07,true
CUST-004390,Fatima Brown,Turku,Southwest Finland,Finland,2022-04-03,false
CUST-004391,Eva Williams,London,England,United Kingdom,2023-10-21,true
CUST-004392,Nora Virtanen,Barcelona,Catalonia,Spain,2025-02-07,true
CUST-004393,Ada Brown,Paris,Ile-de-France,France,2022-08-29,true
CUST-004394,Sofia Taylor,Paris,Ile-de-France,France,2026-05-24,true
CUST-004395,Leila Petrov,Barcelona,Catalonia,Spain,2024-06-18,true
CUST-004396,Daniel Virtanen,Warsaw,Masovian,Poland,2024-08-07,true
CUST-004397,Nora Silva,Lyon,Auvergne-Rhone-Alpes,France,2025-04-07,true
CUST-004398,Sofia Silva,Gothenburg,Vastra Gotaland,Sweden,2023-03-26,true
CUST-004399,Omar Silva,Madrid,Community of Madrid,Spain,2026-08-08,false
CUST-004400,Chloe Wilson,Gothenburg,Vastra Gotaland,Sweden,2026-06-29,true
CUST-004401,David Berg,Paris,Ile-de-France,France,2021-05-27,true
CUST-004402,Fatima Wilson,Brussels,Brussels-Capital,Belgium,2020-11-19,true
CUST-004403,Isla Novak,Stockholm,Stockholm County,Sweden,2022-05-09,true
CUST-004404,Oliver Brown,Warsaw,Masovian,Poland,2023-06-29,true
CUST-004405,Eva Ahmed,Berlin,Berlin,Germany,2022-05-09,true
CUST-004406,Elias Ibrahim,Warsaw,Masovian,Poland,2023-06-13,true
CUST-004407,Yusuf Silva,Sydney,New South Wales,Australia,2024-07-12,true
CUST-004408,Benjamin Dubois,Barcelona,Catalonia,Spain,2022-09-09,true
CUST-004409,Eva Virtanen,Lyon,Auvergne-Rhone-Alpes,France,2020-08-31,false
CUST-004410,Grace Clark,Vancouver,British Columbia,Canada,2021-01-30,true
CUST-004411,Sofia Jensen,Berlin,Berlin,Germany,2021-01-10,true
CUST-004412,Maya Taylor,Milan,Lombardy,Italy,2024-08-11,true
CUST-004413,Amina Dubois,Prague,Prague,Czechia,2020-07-20,true
CUST-004414,Amina Ali,Tampere,Pirkanmaa,Finland,2023-03-09,true
CUST-004415,Mila Wilson,Manchester,England,United Kingdom,2021-11-15,false
CUST-004416,Oliver Smith,Lyon,Auvergne-Rhone-Alpes,France,2020-08-02,true
CUST-004417,Noah Ahmed,Austin,Texas,United States,2026-07-21,true
CUST-004418,Maya Rossi,Manchester,England,United Kingdom,2023-09-21,true
CUST-004419,Amina Novak,Helsinki,Uusimaa,Finland,2020-10-01,true
CUST-004420,Leila Schmidt,Munich,Bavaria,Germany,2025-03-06,false
CUST-004421,David Lopez,Vancouver,British Columbia,Canada,2023-07-25,true
CUST-004422,Emma Johnson,Warsaw,Masovian,Poland,2023-03-05,true
CUST-004423,Amina Ali,Stockholm,Stockholm County,Sweden,2021-10-15,false
CUST-004424,Leo Williams,Berlin,Berlin,Germany,2021-12-23,true
CUST-004425,Jonas Berg,Vancouver,British Columbia,Canada,2022-12-26,true
CUST-004426,Mila Moore,London,England,United Kingdom,2026-04-20,true
CUST-004427,Elias Brown,New York,New York,United States,2023-08-28,true
CUST-004428,Chloe Martin,Milan,Lombardy,Italy,2023-02-12,true
CUST-004429,Jonas Andersson,Barcelona,Catalonia,Spain,2024-07-07,true
CUST-004430,Benjamin Brown,Madrid,Community of Madrid,Spain,2023-03-30,false
CUST-004431,Arthur Berg,Paris,Ile-de-France,France,2021-07-16,true
CUST-004432,Mateo Wilson,Toronto,Ontario,Canada,2023-12-29,true
CUST-004433,Jonas Muller,Madrid,Community of Madrid,Spain,2025-01-27,true
CUST-004434,Daniel Virtanen,Helsinki,Uusimaa,Finland,2023-06-13,true
CUST-004435,Oliver Andersson,Turku,Southwest Finland,Finland,2022-07-16,true
CUST-004436,Eva Santos,New York,New York,United States,2023-07-13,true
CUST-004437,Elias Taylor,Warsaw,Masovian,Poland,2021-03-02,true
CUST-004438,Jonas Rossi,Sydney,New South Wales,Australia,2026-05-30,true
CUST-004439,Mateo Martin,Barcelona,Catalonia,Spain,2024-11-28,true
CUST-004440,Fatima Davis,Amsterdam,North Holland,Netherlands,2021-08-14,true
CUST-004441,Oliver Taylor,Turku,Southwest Finland,Finland,2026-02-01,true
CUST-004442,Eva Santos,Lyon,Auvergne-Rhone-Alpes,France,2022-01-22,false
CUST-004443,Lucas Brown,Paris,Ile-de-France,France,2020-02-14,true
CUST-004444,Oliver Johnson,Berlin,Berlin,Germany,2020-07-27,true
CUST-004445,Henry Williams,Gothenburg,Vastra Gotaland,Sweden,2024-10-26,false
CUST-004446,Chloe Ibrahim,Stockholm,Stockholm County,Sweden,2021-09-02,true
CUST-004447,Jonas Dubois,Munich,Bavaria,Germany,2024-11-30,true
CUST-004448,Mila Berg,Sydney,New South Wales,Australia,2025-08-26,true
CUST-004449,Samuel Santos,Vienna,Vienna,Austria,2024-12-11,true
CUST-004450,Maya Silva,Tokyo,Tokyo,Japan,2021-10-18,false
CUST-004451,David Korhonen,Madrid,Community of Madrid,Spain,2025-05-09,true
CUST-004452,Lina Ahmed,Sydney,New South Wales,Australia,2021-06-11,true
CUST-004453,Leo Korhonen,Milan,Lombardy,Italy,2022-12-10,true
CUST-004454,Daniel Williams,Brussels,Brussels-Capital,Belgium,2025-08-25,true
CUST-004455,Benjamin Davis,Berlin,Berlin,Germany,2023-09-18,false
CUST-004456,Emma Andersson,Manchester,England,United Kingdom,2022-08-24,true
CUST-004457,Leo Muller,Manchester,England,United Kingdom,2020-10-07,true
CUST-004458,Grace Wilson,Vancouver,British Columbia,Canada,2021-01-23,false
CUST-004459,Leo Ibrahim,Rome,Lazio,Italy,2020-02-09,true
CUST-004460,Sofia Korhonen,Sydney,New South Wales,Australia,2025-10-05,true
CUST-004461,Daniel Rossi,Toronto,Ontario,Canada,2022-04-28,true
CUST-004462,Zara Rossi,Berlin,Berlin,Germany,2022-10-27,true
CUST-004463,Mila Petrov,Madrid,Community of Madrid,Spain,2022-11-11,true
CUST-004464,Zara Jensen,Stockholm,Stockholm County,Sweden,2023-10-05,true
CUST-004465,Jonas Berg,Berlin,Berlin,Germany,2021-02-28,true
CUST-004466,Nora Khan,Milan,Lombardy,Italy,2021-09-07,true
CUST-004467,Eva Dubois,Dublin,Leinster,Ireland,2023-01-29,true
CUST-004468,Eva Jensen,Lisbon,Lisbon,Portugal,2020-05-04,true
CUST-004469,Noah Novak,Tampere,Pirkanmaa,Finland,2025-11-11,true
CUST-004470,Noah Ibrahim,Sydney,New South Wales,Australia,2024-09-07,true
CUST-004471,Ada Korhonen,Brussels,Brussels-Capital,Belgium,2023-12-30,true
CUST-004472,Chloe Santos,Munich,Bavaria,Germany,2022-03-16,false
CUST-004473,Noah Silva,Sydney,New South Wales,Australia,2024-04-07,true
CUST-004474,Arthur Rossi,Madrid,Community of Madrid,Spain,2025-09-19,true
CUST-004475,Nora Korhonen,Paris,Ile-de-France,France,2023-12-02,true
CUST-004476,Amina Rossi,Toronto,Ontario,Canada,2022-10-29,false
CUST-004477,Oliver Taylor,Madrid,Community of Madrid,Spain,2023-02-28,true
CUST-004478,Isla Petrov,Lyon,Auvergne-Rhone-Alpes,France,2020-11-07,true
CUST-004479,Daniel Korhonen,Munich,Bavaria,Germany,2026-08-10,true
CUST-004480,Ada Novak,Dublin,Leinster,Ireland,2026-03-18,true
CUST-004481,Noah Rossi,Rome,Lazio,Italy,2021-03-11,true
CUST-004482,Leila Rossi,Dublin,Leinster,Ireland,2024-04-11,true
CUST-004483,Lina Andersson,Tampere,Pirkanmaa,Finland,2021-04-14,true
CUST-004484,Zara Petrov,Rome,Lazio,Italy,2020-07-28,true
CUST-004485,Nora Ali,London,England,United Kingdom,2021-07-17,true
CUST-004486,Maya Moore,Barcelona,Catalonia,Spain,2022-05-04,true
CUST-004487,Mateo Santos,Turku,Southwest Finland,Finland,2022-11-22,true
CUST-004488,Arthur Muller,Milan,Lombardy,Italy,2020-08-29,true
CUST-004489,Leila Khan,Munich,Bavaria,Germany,2025-08-14,true
CUST-004490,Leila Williams,Paris,Ile-de-France,France,2025-03-18,true
CUST-004491,Zara Silva,Lyon,Auvergne-Rhone-Alpes,France,2024-07-23,true
CUST-004492,Lucas Dubois,Dublin,Leinster,Ireland,2025-02-08,true
CUST-004493,Fatima Brown,Paris,Ile-de-France,France,2024-02-20,true
CUST-004494,Nora Smith,Tampere,Pirkanmaa,Finland,2023-07-08,false
CUST-004495,Chloe Ahmed,Munich,Bavaria,Germany,2023-01-24,true
CUST-004496,Ada Ahmed,Prague,Prague,Czechia,2024-04-10,true
CUST-004497,Lucas Korhonen,Copenhagen,Capital Region,Denmark,2023-09-10,true
CUST-004498,Arthur Ahmed,Rome,Lazio,Italy,2026-01-31,true
CUST-004499,Leila Dubois,Warsaw,Masovian,Poland,2025-12-21,true
CUST-004500,Nora Dubois,Stockholm,Stockholm County,Sweden,2021-11-09,true
CUST-004501,Samuel Taylor,Amsterdam,North Holland,Netherlands,2021-09-06,true
CUST-004502,Lucas Berg,Paris,Ile-de-France,France,2022-11-18,false
CUST-004503,Daniel Berg,Rome,Lazio,Italy,2024-04-30,true
CUST-004504,Noah Schmidt,Lisbon,Lisbon,Portugal,2022-01-04,true
CUST-004505,Omar Schmidt,Dublin,Leinster,Ireland,2024-06-14,true
CUST-004506,Elias Taylor,Brussels,Brussels-Capital,Belgium,2025-12-25,true
CUST-004507,Zara Lopez,Barcelona,Catalonia,Spain,2023-03-09,true
CUST-004508,Nora Williams,Berlin,Berlin,Germany,2022-02-16,true
CUST-004509,Amina Ibrahim,Warsaw,Masovian,Poland,2024-10-31,true
CUST-004510,Henry Schmidt,Tokyo,Tokyo,Japan,2022-07-16,true
CUST-004511,Omar Davis,Barcelona,Catalonia,Spain,2023-09-05,false
CUST-004512,Nora Martin,Helsinki,Uusimaa,Finland,2026-06-06,false
CUST-004513,Nora Smith,Stockholm,Stockholm County,Sweden,2023-12-09,true
CUST-004514,Henry Lopez,New York,New York,United States,2022-09-16,false
CUST-004515,Lucas Lopez,Milan,Lombardy,Italy,2025-08-15,true
CUST-004516,Grace Williams,Berlin,Berlin,Germany,2023-09-03,true
CUST-004517,Samuel Moore,London,England,United Kingdom,2023-06-09,true
CUST-004518,Daniel Smith,Lyon,Auvergne-Rhone-Alpes,France,2026-06-15,false
CUST-004519,Ada Ali,Copenhagen,Capital Region,Denmark,2021-01-28,true
CUST-004520,Isla Andersson,Amsterdam,North Holland,Netherlands,2020-12-11,false
CUST-004521,Leila Smith,Toronto,Ontario,Canada,2023-01-23,true
CUST-004522,Sofia Nielsen,Lisbon,Lisbon,Portugal,2022-01-30,true
CUST-004523,Fatima Davis,Milan,Lombardy,Italy,2024-06-29,true
CUST-004524,Noah Brown,Toronto,Ontario,Canada,2020-02-03,true
CUST-004525,Mila Khan,Dublin,Leinster,Ireland,2026-05-05,true
CUST-004526,Lina Johnson,London,England,United Kingdom,2024-01-26,true
CUST-004527,David Andersson,Tampere,Pirkanmaa,Finland,2026-06-08,true
CUST-004528,Daniel Virtanen,Warsaw,Masovian,Poland,2025-05-16,true
CUST-004529,Oliver Lopez,Munich,Bavaria,Germany,2025-12-03,false
CUST-004530,Noah Moore,Gothenburg,Vastra Gotaland,Sweden,2025-12-14,true
CUST-004531,Isla Williams,Munich,Bavaria,Germany,2026-08-29,true
CUST-004532,Zara Novak,Lyon,Auvergne-Rhone-Alpes,France,2025-09-09,true
CUST-004533,Eva Taylor,London,England,United Kingdom,2021-07-06,true
CUST-004534,Mila Wilson,Helsinki,Uusimaa,Finland,2026-02-14,true
CUST-004535,Daniel Silva,Prague,Prague,Czechia,2023-07-19,true
CUST-004536,Sofia Silva,Gothenburg,Vastra Gotaland,Sweden,2023-04-21,false
CUST-004537,Isla Davis,Prague,Prague,Czechia,2025-02-24,true
CUST-004538,Arthur Korhonen,London,England,United Kingdom,2025-08-23,false
CUST-004539,Leo Garcia,Warsaw,Masovian,Poland,2025-06-25,true
CUST-004540,Lina Davis,Toronto,Ontario,Canada,2022-04-06,false
CUST-004541,Lina Novak,Tampere,Pirkanmaa,Finland,2023-05-08,false
CUST-004542,Arthur Petrov,Oslo,Oslo,Norway,2025-09-25,true
CUST-004543,Lina Garcia,Austin,Texas,United States,2024-08-21,true
CUST-004544,Nora Andersson,Toronto,Ontario,Canada,2025-02-25,true
CUST-004545,Ada Clark,Tokyo,Tokyo,Japan,2021-01-26,true
CUST-004546,Lucas Ali,Stockholm,Stockholm County,Sweden,2020-11-04,true
CUST-004547,Lucas Santos,Vienna,Vienna,Austria,2022-03-03,true
CUST-004548,Chloe Wilson,Prague,Prague,Czechia,2021-07-06,true
CUST-004549,Jonas Ahmed,Stockholm,Stockholm County,Sweden,2020-04-12,true
CUST-004550,Yusuf Schmidt,Munich,Bavaria,Germany,2025-01-06,true
CUST-004551,Noah Clark,Amsterdam,North Holland,Netherlands,2021-10-21,true
CUST-004552,David Moore,Gothenburg,Vastra Gotaland,Sweden,2026-06-11,true
CUST-004553,Oliver Williams,Amsterdam,North Holland,Netherlands,2021-03-30,true
CUST-004554,Jonas Moore,Amsterdam,North Holland,Netherlands,2023-11-27,true
CUST-004555,Mateo Taylor,Tampere,Pirkanmaa,Finland,2024-03-08,false
CUST-004556,Mateo Novak,Helsinki,Uusimaa,Finland,2022-09-12,true
CUST-004557,Jonas Moore,Vancouver,British Columbia,Canada,2022-11-30,true
CUST-004558,Zara Muller,Amsterdam,North Holland,Netherlands,2020-05-24,true
CUST-004559,Elias Jensen,Toronto,Ontario,Canada,2022-05-05,true
CUST-004560,Arthur Virtanen,Helsinki,Uusimaa,Finland,2021-07-27,true
CUST-004561,Samuel Garcia,Austin,Texas,United States,2020-05-20,true
CUST-004562,Fatima Rossi,Vancouver,British Columbia,Canada,2022-10-21,true
CUST-004563,Grace Lopez,Barcelona,Catalonia,Spain,2020-09-03,true
CUST-004564,Jonas Rossi,Austin,Texas,United States,2025-10-17,false
CUST-004565,Isla Ahmed,Stockholm,Stockholm County,Sweden,2025-10-30,true
CUST-004566,Leila Smith,Manchester,England,United Kingdom,2020-01-10,false
CUST-004567,Grace Ahmed,Brussels,Brussels-Capital,Belgium,2021-01-21,true
CUST-004568,Benjamin Ahmed,Austin,Texas,United States,2026-05-12,true
CUST-004569,Oliver Rossi,New York,New York,United States,2020-10-17,true
CUST-004570,Mateo Clark,Tampere,Pirkanmaa,Finland,2023-01-04,true
CUST-004571,Emma Williams,Lyon,Auvergne-Rhone-Alpes,France,2021-10-12,true
CUST-004572,Maya Taylor,Turku,Southwest Finland,Finland,2020-01-11,false
CUST-004573,Samuel Virtanen,Turku,Southwest Finland,Finland,2023-03-05,true
CUST-004574,Sofia Andersson,Tokyo,Tokyo,Japan,2026-08-12,true
CUST-004575,Omar Davis,Stockholm,Stockholm County,Sweden,2023-02-01,true
CUST-004576,Benjamin Clark,Helsinki,Uusimaa,Finland,2022-08-04,false
CUST-004577,Lucas Nielsen,Sydney,New South Wales,Australia,2026-06-19,true
CUST-004578,Omar Williams,Paris,Ile-de-France,France,2021-04-20,true
CUST-004579,Mateo Schmidt,Barcelona,Catalonia,Spain,2021-07-15,true
CUST-004580,Amina Martin,Vienna,Vienna,Austria,2021-03-31,true
CUST-004581,Benjamin Williams,Vancouver,British Columbia,Canada,2024-09-13,true
CUST-004582,David Muller,Warsaw,Masovian,Poland,2025-08-10,true
CUST-004583,Nora Petrov,Madrid,Community of Madrid,Spain,2023-09-14,true
CUST-004584,Elias Wilson,Berlin,Berlin,Germany,2024-10-04,true
CUST-004585,Amina Smith,Warsaw,Masovian,Poland,2024-04-02,true
CUST-004586,Isla Rossi,Manchester,England,United Kingdom,2025-01-28,false
CUST-004587,Nora Brown,Paris,Ile-de-France,France,2024-09-01,true
CUST-004588,Lucas Smith,Vancouver,British Columbia,Canada,2024-07-21,false
CUST-004589,Lucas Williams,Milan,Lombardy,Italy,2025-06-19,true
CUST-004590,Isla Rossi,New York,New York,United States,2025-08-17,true
CUST-004591,Omar Ali,Prague,Prague,Czechia,2025-04-20,true
CUST-004592,Elias Khan,Warsaw,Masovian,Poland,2022-02-04,true
CUST-004593,Henry Jensen,Brussels,Brussels-Capital,Belgium,2025-08-04,true
CUST-004594,Arthur Lopez,Lyon,Auvergne-Rhone-Alpes,France,2023-09-06,true
CUST-004595,Jonas Garcia,Barcelona,Catalonia,Spain,2023-09-11,true
CUST-004596,Benjamin Johnson,Berlin,Berlin,Germany,2025-10-29,true
CUST-004597,Fatima Johnson,Copenhagen,Capital Region,Denmark,2022-09-09,true
CUST-004598,Jonas Brown,Munich,Bavaria,Germany,2024-02-12,true
CUST-004599,Leila Moore,London,England,United Kingdom,2024-09-22,false
CUST-004600,Zara Berg,Paris,Ile-de-France,France,2022-10-22,true
CUST-004601,Samuel Khan,Barcelona,Catalonia,Spain,2021-10-14,true
CUST-004602,Amina Garcia,Gothenburg,Vastra Gotaland,Sweden,2025-04-03,false
CUST-004603,Elias Khan,Manchester,England,United Kingdom,2026-07-12,true
CUST-004604,Amina Garcia,Vancouver,British Columbia,Canada,2025-04-08,true
CUST-004605,Amina Moore,Manchester,England,United Kingdom,2026-05-16,true
CUST-004606,Ada Nielsen,Paris,Ile-de-France,France,2025-03-20,false
CUST-004607,Mateo Khan,Toronto,Ontario,Canada,2024-05-27,true
CUST-004608,Elias Novak,Turku,Southwest Finland,Finland,2020-04-19,true
CUST-004609,Yusuf Khan,London,England,United Kingdom,2026-07-17,true
CUST-004610,Oliver Johnson,Copenhagen,Capital Region,Denmark,2025-07-14,true
CUST-004611,Maya Novak,Vienna,Vienna,Austria,2021-02-01,false
CUST-004612,Benjamin Petrov,London,England,United Kingdom,2026-05-20,true
CUST-004613,Leo Virtanen,Austin,Texas,United States,2023-07-24,false
CUST-004614,Jonas Petrov,Oslo,Oslo,Norway,2022-12-22,true
CUST-004615,Ada Ali,Barcelona,Catalonia,Spain,2020-06-28,true
CUST-004616,Daniel Wilson,Madrid,Community of Madrid,Spain,2021-07-19,true
CUST-004617,Noah Ahmed,Madrid,Community of Madrid,Spain,2025-06-07,true
CUST-004618,Daniel Khan,Gothenburg,Vastra Gotaland,Sweden,2022-03-06,true
CUST-004619,Eva Davis,Lyon,Auvergne-Rhone-Alpes,France,2023-10-04,true
CUST-004620,Noah Novak,Munich,Bavaria,Germany,2023-09-01,true
CUST-004621,Maya Andersson,Tokyo,Tokyo,Japan,2023-03-05,true
CUST-004622,Jonas Virtanen,Munich,Bavaria,Germany,2023-05-18,true
CUST-004623,Daniel Ali,Berlin,Berlin,Germany,2021-07-19,true
CUST-004624,Elias Garcia,Prague,Prague,Czechia,2024-03-06,true
CUST-004625,Elias Ibrahim,London,England,United Kingdom,2025-12-08,true
CUST-004626,Ada Taylor,Turku,Southwest Finland,Finland,2021-02-15,false
CUST-004627,Chloe Rossi,Barcelona,Catalonia,Spain,2024-10-12,true
CUST-004628,Fatima Jensen,Milan,Lombardy,Italy,2025-10-19,false
CUST-004629,Emma Virtanen,Austin,Texas,United States,2021-02-13,true
CUST-004630,Henry Moore,New York,New York,United States,2025-01-18,true
CUST-004631,Yusuf Khan,Milan,Lombardy,Italy,2024-02-26,true
CUST-004632,Ada Johnson,Lisbon,Lisbon,Portugal,2022-04-25,true
CUST-004633,Emma Andersson,Stockholm,Stockholm County,Sweden,2021-02-04,true
CUST-004634,Elias Schmidt,Vienna,Vienna,Austria,2021-09-15,true
CUST-004635,Grace Martin,Rome,Lazio,Italy,2024-03-26,true
CUST-004636,Yusuf Berg,Munich,Bavaria,Germany,2020-10-19,true
CUST-004637,Benjamin Ibrahim,Toronto,Ontario,Canada,2025-12-06,true
CUST-004638,Leo Virtanen,Tokyo,Tokyo,Japan,2025-06-11,false
CUST-004639,Leo Ahmed,Milan,Lombardy,Italy,2025-09-23,true
CUST-004640,Elias Smith,Toronto,Ontario,Canada,2021-03-10,true
CUST-004641,Henry Santos,Tampere,Pirkanmaa,Finland,2020-05-10,true
CUST-004642,Omar Virtanen,Austin,Texas,United States,2020-07-04,false
CUST-004643,Elias Wilson,Milan,Lombardy,Italy,2024-12-20,true
CUST-004644,Lucas Ibrahim,Tokyo,Tokyo,Japan,2023-05-30,true
CUST-004645,Noah Jensen,Amsterdam,North Holland,Netherlands,2024-09-07,true
CUST-004646,Elias Clark,Sydney,New South Wales,Australia,2025-09-25,true
CUST-004647,Benjamin Silva,Amsterdam,North Holland,Netherlands,2021-01-10,true
CUST-004648,Lina Berg,Austin,Texas,United States,2020-06-24,true
CUST-004649,Chloe Lopez,Turku,Southwest Finland,Finland,2020-09-22,true
CUST-004650,Henry Clark,London,England,United Kingdom,2020-08-30,true
CUST-004651,Henry Wilson,Brussels,Brussels-Capital,Belgium,2022-09-12,true
CUST-004652,Ada Berg,Lisbon,Lisbon,Portugal,2024-05-23,false
CUST-004653,Omar Nielsen,Helsinki,Uusimaa,Finland,2022-11-07,false
CUST-004654,Mateo Andersson,Sydney,New South Wales,Australia,2021-02-19,true
CUST-004655,Daniel Taylor,Turku,Southwest Finland,Finland,2022-06-20,true
CUST-004656,Chloe Muller,Stockholm,Stockholm County,Sweden,2026-05-29,true
CUST-004657,Amina Schmidt,London,England,United Kingdom,2025-02-10,true
CUST-004658,Chloe Brown,Helsinki,Uusimaa,Finland,2026-07-25,true
CUST-004659,Nora Santos,Austin,Texas,United States,2026-06-20,true
CUST-004660,Arthur Clark,Tokyo,Tokyo,Japan,2022-01-24,true
CUST-004661,Mila Santos,New York,New York,United States,2024-06-01,true
CUST-004662,David Korhonen,Rome,Lazio,Italy,2023-05-14,true
CUST-004663,Mateo Korhonen,Amsterdam,North Holland,Netherlands,2024-01-28,true
CUST-004664,Oliver Davis,London,England,United Kingdom,2025-11-22,true
CUST-004665,Noah Ibrahim,Copenhagen,Capital Region,Denmark,2020-12-26,false
CUST-004666,Benjamin Rossi,Rome,Lazio,Italy,2023-12-05,true
CUST-004667,Lina Muller,New York,New York,United States,2022-11-14,true
CUST-004668,Samuel Martin,Brussels,Brussels-Capital,Belgium,2022-07-08,true
CUST-004669,Leo Martin,Dublin,Leinster,Ireland,2025-10-15,true
CUST-004670,Zara Santos,Prague,Prague,Czechia,2021-09-14,true
CUST-004671,Samuel Ahmed,London,England,United Kingdom,2022-08-23,true
CUST-004672,Leila Virtanen,Berlin,Berlin,Germany,2022-11-11,false
CUST-004673,Zara Ibrahim,Oslo,Oslo,Norway,2026-04-05,true
CUST-004674,Zara Williams,London,England,United Kingdom,2025-05-31,true
CUST-004675,Noah Korhonen,Helsinki,Uusimaa,Finland,2024-01-29,false
CUST-004676,Mateo Novak,Oslo,Oslo,Norway,2021-11-20,true
CUST-004677,Jonas Berg,Dublin,Leinster,Ireland,2023-06-28,true
CUST-004678,Leila Garcia,Manchester,England,United Kingdom,2022-12-30,true
CUST-004679,Chloe Korhonen,Helsinki,Uusimaa,Finland,2022-08-01,true
CUST-004680,Leila Martin,Turku,Southwest Finland,Finland,2023-03-31,true
CUST-004681,Chloe Berg,Vienna,Vienna,Austria,2022-01-18,true
CUST-004682,Leila Dubois,Lyon,Auvergne-Rhone-Alpes,France,2021-06-30,true
CUST-004683,Lucas Berg,Brussels,Brussels-Capital,Belgium,2026-03-08,true
CUST-004684,Mateo Ibrahim,Copenhagen,Capital Region,Denmark,2024-02-09,true
CUST-004685,Benjamin Korhonen,Barcelona,Catalonia,Spain,2022-03-27,true
CUST-004686,Sofia Ahmed,Prague,Prague,Czechia,2023-08-07,true
CUST-004687,Noah Ibrahim,Lisbon,Lisbon,Portugal,2024-07-09,true
CUST-004688,Yusuf Jensen,Vancouver,British Columbia,Canada,2022-01-17,true
CUST-004689,Henry Andersson,Tampere,Pirkanmaa,Finland,2026-01-31,true
CUST-004690,Arthur Petrov,Turku,Southwest Finland,Finland,2023-07-24,false
CUST-004691,Leila Martin,Sydney,New South Wales,Australia,2024-09-15,true
CUST-004692,Oliver Johnson,Helsinki,Uusimaa,Finland,2020-09-06,true
CUST-004693,Mila Rossi,Lisbon,Lisbon,Portugal,2023-06-14,false
CUST-004694,Emma Petrov,Lyon,Auvergne-Rhone-Alpes,France,2020-02-12,true
CUST-004695,Mila Rossi,Berlin,Berlin,Germany,2024-04-24,true
CUST-004696,Benjamin Moore,Warsaw,Masovian,Poland,2025-11-23,true
CUST-004697,Jonas Smith,Oslo,Oslo,Norway,2026-04-29,true
CUST-004698,Leo Khan,Vienna,Vienna,Austria,2025-08-16,true
CUST-004699,David Rossi,Tokyo,Tokyo,Japan,2020-07-04,false
CUST-004700,Sofia Garcia,Vienna,Vienna,Austria,2025-12-19,true
CUST-004701,Mila Andersson,Austin,Texas,United States,2020-10-25,true
CUST-004702,Ada Andersson,Turku,Southwest Finland,Finland,2025-08-12,false
CUST-004703,Mila Muller,Manchester,England,United Kingdom,2022-07-05,true
CUST-004704,Leo Khan,Vancouver,British Columbia,Canada,2024-04-07,true
CUST-004705,David Martin,Barcelona,Catalonia,Spain,2021-10-24,true
CUST-004706,Amina Rossi,Turku,Southwest Finland,Finland,2024-12-02,false
CUST-004707,Benjamin Brown,Lyon,Auvergne-Rhone-Alpes,France,2022-10-05,true
CUST-004708,Benjamin Johnson,Austin,Texas,United States,2021-01-14,true
CUST-004709,Omar Smith,Tampere,Pirkanmaa,Finland,2022-12-31,true
CUST-004710,Fatima Petrov,Rome,Lazio,Italy,2024-06-06,true
CUST-004711,Grace Ibrahim,Lyon,Auvergne-Rhone-Alpes,France,2024-03-14,true
CUST-004712,Jonas Taylor,Copenhagen,Capital Region,Denmark,2022-11-15,true
CUST-004713,Lina Wilson,Rome,Lazio,Italy,2023-11-19,true
CUST-004714,Henry Ali,Sydney,New South Wales,Australia,2021-02-27,false
CUST-004715,Benjamin Taylor,Oslo,Oslo,Norway,2022-04-26,true
CUST-004716,Amina Virtanen,Tokyo,Tokyo,Japan,2026-07-20,true
CUST-004717,Zara Virtanen,Milan,Lombardy,Italy,2023-05-03,true
CUST-004718,Yusuf Smith,Manchester,England,United Kingdom,2025-12-11,true
CUST-004719,Amina Korhonen,Gothenburg,Vastra Gotaland,Sweden,2022-08-10,true
CUST-004720,Omar Andersson,Berlin,Berlin,Germany,2025-09-29,true
CUST-004721,Sofia Lopez,Helsinki,Uusimaa,Finland,2024-05-29,true
CUST-004722,Emma Williams,London,England,United Kingdom,2021-03-31,true
CUST-004723,Omar Dubois,Munich,Bavaria,Germany,2022-03-28,true
CUST-004724,Grace Rossi,Madrid,Community of Madrid,Spain,2024-01-22,true
CUST-004725,Emma Santos,Amsterdam,North Holland,Netherlands,2023-05-23,true
CUST-004726,Samuel Rossi,Dublin,Leinster,Ireland,2023-07-25,true
CUST-004727,Maya Moore,Barcelona,Catalonia,Spain,2026-06-22,true
CUST-004728,Oliver Novak,Gothenburg,Vastra Gotaland,Sweden,2026-01-16,true
CUST-004729,Amina Brown,Munich,Bavaria,Germany,2024-07-23,true
CUST-004730,Daniel Smith,Madrid,Community of Madrid,Spain,2022-09-17,true
CUST-004731,Lucas Ibrahim,London,England,United Kingdom,2025-05-02,true
CUST-004732,Ada Khan,Lyon,Auvergne-Rhone-Alpes,France,2026-05-18,true
CUST-004733,Isla Wilson,Tampere,Pirkanmaa,Finland,2023-07-07,true
CUST-004734,Daniel Schmidt,Dublin,Leinster,Ireland,2025-12-12,true
CUST-004735,Leila Davis,Dublin,Leinster,Ireland,2024-06-14,true
CUST-004736,Daniel Muller,Prague,Prague,Czechia,2025-09-15,true
CUST-004737,Ada Novak,Stockholm,Stockholm County,Sweden,2023-11-29,true
CUST-004738,Zara Lopez,Manchester,England,United Kingdom,2022-07-30,false
CUST-004739,Oliver Khan,Brussels,Brussels-Capital,Belgium,2025-06-24,true
CUST-004740,Mateo Santos,Gothenburg,Vastra Gotaland,Sweden,2023-02-10,true
CUST-004741,Eva Ali,Warsaw,Masovian,Poland,2020-07-06,true
CUST-004742,Zara Muller,Rome,Lazio,Italy,2020-03-10,true
CUST-004743,Leila Santos,Rome,Lazio,Italy,2020-01-10,true
CUST-004744,Sofia Korhonen,Toronto,Ontario,Canada,2023-10-08,true
CUST-004745,Grace Jensen,Rome,Lazio,Italy,2023-05-01,true
CUST-004746,Leo Davis,Prague,Prague,Czechia,2024-12-30,true
CUST-004747,Fatima Ahmed,Munich,Bavaria,Germany,2022-09-04,true
CUST-004748,Sofia Ahmed,Vienna,Vienna,Austria,2021-10-14,false
CUST-004749,Jonas Williams,Rome,Lazio,Italy,2025-10-07,true
CUST-004750,Zara Rossi,Prague,Prague,Czechia,2020-07-19,true
CUST-004751,Isla Ali,Lisbon,Lisbon,Portugal,2023-06-01,true
CUST-004752,Maya Garcia,Stockholm,Stockholm County,Sweden,2020-02-16,false
CUST-004753,Henry Andersson,London,England,United Kingdom,2021-08-03,true
CUST-004754,Zara Ahmed,Oslo,Oslo,Norway,2020-12-05,true
CUST-004755,Leila Novak,London,England,United Kingdom,2021-11-23,true
CUST-004756,Daniel Ali,Munich,Bavaria,Germany,2024-04-09,true
CUST-004757,Fatima Ahmed,Amsterdam,North Holland,Netherlands,2023-09-01,true
CUST-004758,Samuel Korhonen,Turku,Southwest Finland,Finland,2022-06-13,true
CUST-004759,Mateo Santos,Dublin,Leinster,Ireland,2020-07-28,true
CUST-004760,Benjamin Williams,Sydney,New South Wales,Australia,2021-05-27,true
CUST-004761,Lucas Berg,Toronto,Ontario,Canada,2025-10-08,true
CUST-004762,Daniel Muller,Gothenburg,Vastra Gotaland,Sweden,2026-08-20,false
CUST-004763,Yusuf Clark,Toronto,Ontario,Canada,2022-04-10,true
CUST-004764,Elias Nielsen,Rome,Lazio,Italy,2025-05-09,true
CUST-004765,Grace Muller,Vancouver,British Columbia,Canada,2023-12-10,true
CUST-004766,Omar Wilson,Warsaw,Masovian,Poland,2022-01-06,true
CUST-004767,Amina Khan,Dublin,Leinster,Ireland,2026-01-12,false
CUST-004768,Mila Silva,Barcelona,Catalonia,Spain,2022-03-04,true
CUST-004769,Lina Andersson,Dublin,Leinster,Ireland,2022-01-02,true
CUST-004770,Henry Brown,Toronto,Ontario,Canada,2020-10-11,false
CUST-004771,Eva Virtanen,Warsaw,Masovian,Poland,2023-06-10,true
CUST-004772,Lucas Muller,Barcelona,Catalonia,Spain,2020-01-12,false
CUST-004773,Noah Berg,Gothenburg,Vastra Gotaland,Sweden,2020-12-06,true
CUST-004774,Chloe Andersson,Tampere,Pirkanmaa,Finland,2020-12-24,true
CUST-004775,Henry Ahmed,Brussels,Brussels-Capital,Belgium,2026-01-01,true
CUST-004776,Samuel Ibrahim,Munich,Bavaria,Germany,2021-09-02,true
CUST-004777,Grace Schmidt,Vienna,Vienna,Austria,2020-02-03,true
CUST-004778,Elias Williams,Brussels,Brussels-Capital,Belgium,2020-07-09,false
CUST-004779,Amina Petrov,Tampere,Pirkanmaa,Finland,2022-04-03,true
CUST-004780,Lina Lopez,Tampere,Pirkanmaa,Finland,2026-04-14,true
CUST-004781,Ada Moore,Tokyo,Tokyo,Japan,2020-01-24,false
CUST-004782,Oliver Nielsen,Copenhagen,Capital Region,Denmark,2023-09-03,true
CUST-004783,Emma Lopez,Tampere,Pirkanmaa,Finland,2025-05-22,true
CUST-004784,Leo Moore,Dublin,Leinster,Ireland,2022-07-24,false
CUST-004785,Lina Martin,Vienna,Vienna,Austria,2025-01-29,true
CUST-004786,Noah Nielsen,Austin,Texas,United States,2022-10-07,false
CUST-004787,Daniel Petrov,Vancouver,British Columbia,Canada,2026-08-18,false
CUST-004788,Leila Martin,Austin,Texas,United States,2023-02-07,true
CUST-004789,Isla Novak,Berlin,Berlin,Germany,2024-08-25,true
CUST-004790,Zara Khan,New York,New York,United States,2026-01-28,true
CUST-004791,Ada Santos,Lyon,Auvergne-Rhone-Alpes,France,2025-02-13,true
CUST-004792,Henry Santos,Warsaw,Masovian,Poland,2025-02-02,false
CUST-004793,Chloe Johnson,Copenhagen,Capital Region,Denmark,2022-08-16,true
CUST-004794,Lucas Virtanen,Gothenburg,Vastra Gotaland,Sweden,2024-04-29,true
CUST-004795,Daniel Brown,Tokyo,Tokyo,Japan,2026-05-24,true
CUST-004796,Amina Berg,Toronto,Ontario,Canada,2024-03-06,true
CUST-004797,Lucas Martin,Paris,Ile-de-France,France,2023-02-14,true
CUST-004798,Zara Wilson,Milan,Lombardy,Italy,2023-09-01,false
CUST-004799,Lina Ahmed,Tampere,Pirkanmaa,Finland,2023-03-29,true
CUST-004800,Maya Johnson,Stockholm,Stockholm County,Sweden,2023-05-12,true
CUST-004801,Ada Jensen,Turku,Southwest Finland,Finland,2024-11-06,true
CUST-004802,Grace Moore,Berlin,Berlin,Germany,2020-10-13,true
CUST-004803,Oliver Wilson,Barcelona,Catalonia,Spain,2021-04-23,false
CUST-004804,Eva Johnson,Rome,Lazio,Italy,2020-02-06,true
CUST-004805,Eva Schmidt,Dublin,Leinster,Ireland,2023-06-07,true
CUST-004806,Emma Muller,Copenhagen,Capital Region,Denmark,2024-09-05,true
CUST-004807,Emma Smith,Warsaw,Masovian,Poland,2026-06-19,true
CUST-004808,Noah Berg,Helsinki,Uusimaa,Finland,2023-09-13,true
CUST-004809,Leila Moore,Oslo,Oslo,Norway,2023-02-26,true
CUST-004810,Maya Davis,Helsinki,Uusimaa,Finland,2024-02-19,true
CUST-004811,Benjamin Taylor,Vancouver,British Columbia,Canada,2026-02-27,true
CUST-004812,Arthur Silva,Oslo,Oslo,Norway,2022-10-23,true
CUST-004813,Omar Dubois,Amsterdam,North Holland,Netherlands,2021-01-27,true
CUST-004814,Ada Khan,Paris,Ile-de-France,France,2022-01-21,true
CUST-004815,Oliver Muller,Turku,Southwest Finland,Finland,2025-05-30,true
CUST-004816,Lina Silva,Toronto,Ontario,Canada,2025-01-21,true
CUST-004817,Zara Brown,Gothenburg,Vastra Gotaland,Sweden,2021-07-25,true
CUST-004818,Fatima Brown,Tokyo,Tokyo,Japan,2025-10-06,true
CUST-004819,Sofia Andersson,Milan,Lombardy,Italy,2026-02-18,true
CUST-004820,Yusuf Rossi,Warsaw,Masovian,Poland,2025-05-11,true
CUST-004821,Eva Silva,Tokyo,Tokyo,Japan,2020-12-20,true
CUST-004822,Lina Khan,London,England,United Kingdom,2024-03-24,true
CUST-004823,Oliver Korhonen,Lisbon,Lisbon,Portugal,2020-04-28,true
CUST-004824,Grace Lopez,Amsterdam,North Holland,Netherlands,2021-07-10,false
CUST-004825,Fatima Brown,Madrid,Community of Madrid,Spain,2023-09-28,true
CUST-004826,Mateo Petrov,Munich,Bavaria,Germany,2024-12-12,true
CUST-004827,Mila Rossi,Lisbon,Lisbon,Portugal,2022-10-29,true
CUST-004828,Fatima Ibrahim,Vancouver,British Columbia,Canada,2023-10-29,true
CUST-004829,Lucas Garcia,London,England,United Kingdom,2026-05-10,true
CUST-004830,David Santos,London,England,United Kingdom,2024-07-27,true
CUST-004831,Emma Virtanen,Munich,Bavaria,Germany,2023-11-11,true
CUST-004832,Ada Brown,London,England,United Kingdom,2020-04-16,true
CUST-004833,Zara Khan,Tokyo,Tokyo,Japan,2020-06-08,true
CUST-004834,Noah Brown,London,England,United Kingdom,2022-09-11,true
CUST-004835,Grace Lopez,Lisbon,Lisbon,Portugal,2023-11-11,true
CUST-004836,Lina Silva,Oslo,Oslo,Norway,2021-04-14,true
CUST-004837,Yusuf Novak,Turku,Southwest Finland,Finland,2021-06-08,true
CUST-004838,Lucas Johnson,Madrid,Community of Madrid,Spain,2023-01-02,true
CUST-004839,Lucas Virtanen,Gothenburg,Vastra Gotaland,Sweden,2020-11-17,true
CUST-004840,Maya Dubois,Paris,Ile-de-France,France,2021-08-17,true
CUST-004841,David Ali,Vienna,Vienna,Austria,2024-02-03,true
CUST-004842,Ada Korhonen,New York,New York,United States,2021-01-18,true
CUST-004843,Samuel Williams,Tampere,Pirkanmaa,Finland,2022-11-28,true
CUST-004844,Sofia Smith,Copenhagen,Capital Region,Denmark,2020-07-10,true
CUST-004845,Arthur Andersson,Lyon,Auvergne-Rhone-Alpes,France,2021-03-17,true
CUST-004846,Leila Garcia,Madrid,Community of Madrid,Spain,2026-04-30,true
CUST-004847,Yusuf Taylor,Berlin,Berlin,Germany,2025-06-22,true
CUST-004848,Chloe Taylor,Helsinki,Uusimaa,Finland,2020-12-26,true
CUST-004849,Fatima Virtanen,Helsinki,Uusimaa,Finland,2023-09-18,false
CUST-004850,Isla Smith,Oslo,Oslo,Norway,2021-02-09,false
CUST-004851,Maya Nielsen,Gothenburg,Vastra Gotaland,Sweden,2023-07-24,true
CUST-004852,Yusuf Brown,Dublin,Leinster,Ireland,2025-07-08,true
CUST-004853,Samuel Wilson,Brussels,Brussels-Capital,Belgium,2021-07-20,true
CUST-004854,Omar Muller,Amsterdam,North Holland,Netherlands,2020-07-29,true
CUST-004855,Maya Nielsen,New York,New York,United States,2021-07-24,false
CUST-004856,Henry Davis,Munich,Bavaria,Germany,2026-07-14,true
CUST-004857,Zara Lopez,Vienna,Vienna,Austria,2020-04-28,true
CUST-004858,Henry Virtanen,Stockholm,Stockholm County,Sweden,2026-06-27,true
CUST-004859,Fatima Nielsen,Dublin,Leinster,Ireland,2020-03-07,true
CUST-004860,Samuel Ali,Brussels,Brussels-Capital,Belgium,2024-12-14,true
CUST-004861,Isla Silva,Paris,Ile-de-France,France,2023-03-10,true
CUST-004862,Lina Rossi,Copenhagen,Capital Region,Denmark,2022-04-08,true
CUST-004863,Noah Moore,Barcelona,Catalonia,Spain,2020-10-04,true
CUST-004864,Noah Dubois,Berlin,Berlin,Germany,2025-05-17,true
CUST-004865,Chloe Silva,Munich,Bavaria,Germany,2022-09-28,true
CUST-004866,Noah Korhonen,Copenhagen,Capital Region,Denmark,2025-06-21,true
CUST-004867,Sofia Clark,New York,New York,United States,2022-08-12,true
CUST-004868,Emma Virtanen,Prague,Prague,Czechia,2024-08-04,true
CUST-004869,Ada Ali,Oslo,Oslo,Norway,2022-09-04,true
CUST-004870,Leo Berg,Amsterdam,North Holland,Netherlands,2021-07-21,true
CUST-004871,Noah Williams,Manchester,England,United Kingdom,2023-11-02,true
CUST-004872,Benjamin Ibrahim,Austin,Texas,United States,2025-04-15,true
CUST-004873,Eva Novak,Munich,Bavaria,Germany,2023-10-01,true
CUST-004874,Nora Rossi,Munich,Bavaria,Germany,2025-05-19,true
CUST-004875,Samuel Nielsen,Turku,Southwest Finland,Finland,2024-07-02,true
CUST-004876,Sofia Clark,Helsinki,Uusimaa,Finland,2021-08-08,false
CUST-004877,Arthur Ali,Lyon,Auvergne-Rhone-Alpes,France,2023-11-02,false
CUST-004878,David Martin,Austin,Texas,United States,2024-04-08,true
CUST-004879,Arthur Ibrahim,Tokyo,Tokyo,Japan,2026-01-02,true
CUST-004880,David Berg,Gothenburg,Vastra Gotaland,Sweden,2025-02-07,true
CUST-004881,Benjamin Virtanen,Paris,Ile-de-France,France,2023-06-07,false
CUST-004882,Sofia Petrov,Munich,Bavaria,Germany,2025-07-20,true
CUST-004883,Chloe Smith,Rome,Lazio,Italy,2022-03-02,true
CUST-004884,Ada Khan,Prague,Prague,Czechia,2021-01-30,true
CUST-004885,Emma Rossi,Madrid,Community of Madrid,Spain,2022-11-25,true
CUST-004886,Chloe Ibrahim,Brussels,Brussels-Capital,Belgium,2025-12-25,true
CUST-004887,Omar Virtanen,Rome,Lazio,Italy,2025-12-12,true
CUST-004888,Eva Berg,Helsinki,Uusimaa,Finland,2020-07-30,true
CUST-004889,Mateo Ahmed,Berlin,Berlin,Germany,2026-03-20,true
CUST-004890,Maya Davis,Vienna,Vienna,Austria,2022-06-13,true
CUST-004891,Oliver Lopez,Tokyo,Tokyo,Japan,2023-10-28,true
CUST-004892,Jonas Moore,Rome,Lazio,Italy,2021-03-26,false
CUST-004893,Daniel Williams,Warsaw,Masovian,Poland,2020-10-17,true
CUST-004894,Chloe Wilson,Helsinki,Uusimaa,Finland,2024-10-30,true
CUST-004895,Leila Brown,Vienna,Vienna,Austria,2025-04-07,true
CUST-004896,Amina Martin,Milan,Lombardy,Italy,2025-09-02,true
CUST-004897,Amina Nielsen,London,England,United Kingdom,2024-12-20,true
CUST-004898,Grace Nielsen,Vancouver,British Columbia,Canada,2020-03-29,true
CUST-004899,Benjamin Santos,Dublin,Leinster,Ireland,2022-07-17,true
CUST-004900,Jonas Taylor,Amsterdam,North Holland,Netherlands,2020-09-07,true
CUST-004901,Ada Williams,Berlin,Berlin,Germany,2022-06-16,true
CUST-004902,Mateo Korhonen,Austin,Texas,United States,2026-06-10,false
CUST-004903,Omar Johnson,Helsinki,Uusimaa,Finland,2024-12-28,true
CUST-004904,Chloe Clark,New York,New York,United States,2022-06-27,true
CUST-004905,Leo Silva,Prague,Prague,Czechia,2025-08-03,true
CUST-004906,Sofia Santos,Gothenburg,Vastra Gotaland,Sweden,2020-01-16,true
CUST-004907,Oliver Davis,Copenhagen,Capital Region,Denmark,2026-05-07,true
CUST-004908,Noah Virtanen,Oslo,Oslo,Norway,2021-03-24,true
CUST-004909,Zara Garcia,Sydney,New South Wales,Australia,2023-04-02,true
CUST-004910,David Andersson,Dublin,Leinster,Ireland,2020-11-15,false
CUST-004911,Eva Andersson,Madrid,Community of Madrid,Spain,2025-11-13,true
CUST-004912,Lucas Davis,Madrid,Community of Madrid,Spain,2020-02-20,true
CUST-004913,Eva Muller,Manchester,England,United Kingdom,2025-03-31,false
CUST-004914,Ada Moore,Berlin,Berlin,Germany,2021-04-18,true
CUST-004915,Lina Ibrahim,Dublin,Leinster,Ireland,2025-04-26,false
CUST-004916,Benjamin Wilson,London,England,United Kingdom,2025-12-08,true
CUST-004917,Lina Clark,Manchester,England,United Kingdom,2022-06-21,true
CUST-004918,Arthur Davis,Dublin,Leinster,Ireland,2025-02-15,true
CUST-004919,Isla Garcia,Prague,Prague,Czechia,2025-09-10,true
CUST-004920,Ada Taylor,Rome,Lazio,Italy,2022-03-12,false
CUST-004921,Oliver Williams,Tokyo,Tokyo,Japan,2024-06-23,true
CUST-004922,Oliver Nielsen,Tampere,Pirkanmaa,Finland,2021-11-21,false
CUST-004923,Omar Wilson,Amsterdam,North Holland,Netherlands,2022-07-16,true
CUST-004924,Amina Clark,Brussels,Brussels-Capital,Belgium,2026-01-18,true
CUST-004925,Lucas Taylor,Gothenburg,Vastra Gotaland,Sweden,2023-12-15,true
CUST-004926,Elias Andersson,Dublin,Leinster,Ireland,2024-02-29,false
CUST-004927,Fatima Andersson,Toronto,Ontario,Canada,2020-06-07,true
CUST-004928,Henry Martin,Copenhagen,Capital Region,Denmark,2022-12-11,true
CUST-004929,Jonas Novak,Oslo,Oslo,Norway,2026-04-13,true
CUST-004930,Elias Brown,Brussels,Brussels-Capital,Belgium,2023-09-14,false
CUST-004931,Emma Johnson,Vienna,Vienna,Austria,2022-01-22,true
CUST-004932,Yusuf Dubois,Milan,Lombardy,Italy,2023-04-17,true
CUST-004933,Chloe Berg,Lyon,Auvergne-Rhone-Alpes,France,2023-09-16,true
CUST-004934,Mila Korhonen,Toronto,Ontario,Canada,2024-04-10,true
CUST-004935,Elias Ibrahim,Austin,Texas,United States,2022-06-13,true
CUST-004936,Amina Ibrahim,Sydney,New South Wales,Australia,2025-10-09,true
CUST-004937,Elias Ali,Prague,Prague,Czechia,2022-04-28,true
CUST-004938,Emma Davis,New York,New York,United States,2023-07-11,false
CUST-004939,Daniel Andersson,Paris,Ile-de-France,France,2020-08-12,true
CUST-004940,Mila Moore,Tampere,Pirkanmaa,Finland,2020-12-09,true
CUST-004941,Eva Brown,Prague,Prague,Czechia,2024-09-11,true
CUST-004942,Oliver Jensen,New York,New York,United States,2025-01-01,true
CUST-004943,Lina Khan,Warsaw,Masovian,Poland,2022-05-11,true
CUST-004944,Mila Ibrahim,Tampere,Pirkanmaa,Finland,2023-07-24,true
CUST-004945,Oliver Silva,Oslo,Oslo,Norway,2026-04-14,true
CUST-004946,Samuel Johnson,Oslo,Oslo,Norway,2022-10-18,true
CUST-004947,Leo Andersson,Barcelona,Catalonia,Spain,2023-02-15,true
CUST-004948,Benjamin Lopez,Copenhagen,Capital Region,Denmark,2023-08-08,false
CUST-004949,David Khan,Austin,Texas,United States,2025-04-28,true
CUST-004950,Zara Moore,Oslo,Oslo,Norway,2023-03-26,true
CUST-004951,Mila Andersson,Prague,Prague,Czechia,2021-06-16,true
CUST-004952,Amina Jensen,Tokyo,Tokyo,Japan,2021-03-25,false
CUST-004953,Amina Korhonen,Tokyo,Tokyo,Japan,2020-10-24,true
CUST-004954,Henry Wilson,Manchester,England,United Kingdom,2022-09-12,true
CUST-004955,Jonas Smith,Vienna,Vienna,Austria,2021-11-26,true
CUST-004956,Lucas Petrov,Stockholm,Stockholm County,Sweden,2025-10-07,true
CUST-004957,David Brown,Dublin,Leinster,Ireland,2021-09-08,true
CUST-004958,Noah Smith,Prague,Prague,Czechia,2022-09-13,true
CUST-004959,Ada Smith,Lisbon,Lisbon,Portugal,2021-02-22,true
CUST-004960,Leo Khan,Oslo,Oslo,Norway,2020-04-26,true
CUST-004961,Emma Clark,Sydney,New South Wales,Australia,2025-02-05,true
CUST-004962,Fatima Andersson,Oslo,Oslo,Norway,2024-09-09,true
CUST-004963,Yusuf Silva,Turku,Southwest Finland,Finland,2026-05-09,true
CUST-004964,Ada Davis,Milan,Lombardy,Italy,2022-06-17,true
CUST-004965,Grace Williams,Berlin,Berlin,Germany,2023-08-12,true
CUST-004966,Lina Ali,Lisbon,Lisbon,Portugal,2022-03-20,true
CUST-004967,Lina Ali,Gothenburg,Vastra Gotaland,Sweden,2022-10-07,true
CUST-004968,Emma Santos,Rome,Lazio,Italy,2025-09-01,true
CUST-004969,Lina Johnson,Stockholm,Stockholm County,Sweden,2022-08-19,true
CUST-004970,Grace Ibrahim,Berlin,Berlin,Germany,2023-02-18,true
CUST-004971,Nora Nielsen,Brussels,Brussels-Capital,Belgium,2022-12-13,true
CUST-004972,Daniel Davis,Brussels,Brussels-Capital,Belgium,2021-12-23,true
CUST-004973,Daniel Ibrahim,London,England,United Kingdom,2024-05-06,true
CUST-004974,Eva Brown,Lyon,Auvergne-Rhone-Alpes,France,2022-08-28,true
CUST-004975,Lina Martin,Milan,Lombardy,Italy,2024-07-25,true
CUST-004976,Benjamin Berg,Oslo,Oslo,Norway,2020-10-23,true
CUST-004977,Samuel Rossi,Toronto,Ontario,Canada,2022-12-07,true
CUST-004978,Sofia Williams,Paris,Ile-de-France,France,2023-04-29,true
CUST-004979,Mateo Petrov,Copenhagen,Capital Region,Denmark,2025-11-01,true
CUST-004980,Maya Ali,Turku,Southwest Finland,Finland,2020-08-29,true
CUST-004981,Fatima Smith,Amsterdam,North Holland,Netherlands,2024-02-09,true
CUST-004982,Jonas Nielsen,Toronto,Ontario,Canada,2026-01-22,true
CUST-004983,Leila Nielsen,Gothenburg,Vastra Gotaland,Sweden,2022-05-12,true
CUST-004984,Mila Jensen,Oslo,Oslo,Norway,2025-08-02,true
CUST-004985,Grace Brown,Oslo,Oslo,Norway,2023-07-15,true
CUST-004986,Isla Smith,Sydney,New South Wales,Australia,2024-12-11,true
CUST-004987,Elias Petrov,Madrid,Community of Madrid,Spain,2024-04-06,true
CUST-004988,Chloe Garcia,New York,New York,United States,2026-06-23,true
CUST-004989,Leila Smith,Oslo,Oslo,Norway,2020-08-26,true
CUST-004990,Benjamin Williams,Tokyo,Tokyo,Japan,2020-01-26,true
CUST-004991,Leila Schmidt,Rome,Lazio,Italy,2020-09-05,true
CUST-004992,Amina Ali,London,England,United Kingdom,2022-04-12,true
CUST-004993,Maya Martin,Madrid,Community of Madrid,Spain,2025-10-18,true
CUST-004994,Mila Virtanen,Warsaw,Masovian,Poland,2024-04-02,true
CUST-004995,Mila Petrov,Barcelona,Catalonia,Spain,2020-09-04,true
CUST-004996,Emma Petrov,Sydney,New South Wales,Australia,2024-08-10,true
CUST-004997,Yusuf Schmidt,Madrid,Community of Madrid,Spain,2020-04-18,false
CUST-004998,Chloe Davis,Dublin,Leinster,Ireland,2021-04-08,true
CUST-004999,Nora Williams,Manchester,England,United Kingdom,2020-12-03,true
CUST-005000,Leo Williams,Munich,Bavaria,Germany,2024-01-26,true
CUST-005001,Leo Brown,Amsterdam,North Holland,Netherlands,2024-06-11,true
CUST-005002,Maya Andersson,Gothenburg,Vastra Gotaland,Sweden,2021-09-15,false
CUST-005003,Henry Berg,Milan,Lombardy,Italy,2025-09-27,true
CUST-005004,Mateo Novak,Munich,Bavaria,Germany,2025-04-05,true
CUST-005005,Emma Williams,Toronto,Ontario,Canada,2022-08-24,true
CUST-005006,Oliver Silva,Helsinki,Uusimaa,Finland,2023-09-27,false
CUST-005007,Grace Virtanen,Prague,Prague,Czechia,2026-08-29,true
CUST-005008,Henry Novak,Tampere,Pirkanmaa,Finland,2025-05-23,true
CUST-005009,Leila Moore,Berlin,Berlin,Germany,2024-03-17,true
CUST-005010,Arthur Muller,Tokyo,Tokyo,Japan,2021-09-06,true
CUST-005011,Samuel Rossi,Helsinki,Uusimaa,Finland,2023-10-08,true
CUST-005012,Isla Williams,Oslo,Oslo,Norway,2020-01-15,true
CUST-005013,Chloe Petrov,Copenhagen,Capital Region,Denmark,2025-10-06,true
CUST-005014,Ada Smith,Dublin,Leinster,Ireland,2026-07-10,true
CUST-005015,Arthur Dubois,Tokyo,Tokyo,Japan,2025-12-06,true
CUST-005016,Fatima Johnson,Lyon,Auvergne-Rhone-Alpes,France,2021-02-21,true
CUST-005017,Emma Santos,Rome,Lazio,Italy,2023-07-12,true
CUST-005018,Jonas Martin,Lyon,Auvergne-Rhone-Alpes,France,2024-03-26,true
CUST-005019,Lina Muller,Oslo,Oslo,Norway,2022-01-20,true
CUST-005020,Omar Davis,Austin,Texas,United States,2020-08-03,true
CUST-005021,Yusuf Garcia,Gothenburg,Vastra Gotaland,Sweden,2025-02-06,true
CUST-005022,Grace Garcia,Austin,Texas,United States,2026-06-06,true
CUST-005023,Grace Lopez,Toronto,Ontario,Canada,2024-02-08,true
CUST-005024,Fatima Andersson,Vienna,Vienna,Austria,2021-04-21,true
CUST-005025,Noah Andersson,Sydney,New South Wales,Australia,2025-05-05,true
CUST-005026,Zara Martin,Helsinki,Uusimaa,Finland,2022-04-13,false
CUST-005027,Mila Andersson,Sydney,New South Wales,Australia,2023-10-16,false
CUST-005028,Isla Dubois,Oslo,Oslo,Norway,2025-11-01,true
CUST-005029,Eva Muller,Tampere,Pirkanmaa,Finland,2026-03-08,true
CUST-005030,Amina Santos,Rome,Lazio,Italy,2022-12-18,true
CUST-005031,Isla Andersson,Amsterdam,North Holland,Netherlands,2020-05-06,true
CUST-005032,Lina Garcia,Madrid,Community of Madrid,Spain,2020-11-22,true
CUST-005033,Henry Garcia,Vienna,Vienna,Austria,2021-08-15,true
CUST-005034,Grace Ahmed,Vienna,Vienna,Austria,2024-04-13,true
CUST-005035,Maya Virtanen,Copenhagen,Capital Region,Denmark,2024-10-20,true
CUST-005036,Nora Davis,Oslo,Oslo,Norway,2024-09-18,true
CUST-005037,Lucas Rossi,Manchester,England,United Kingdom,2024-04-26,true
CUST-005038,Lina Dubois,Amsterdam,North Holland,Netherlands,2021-12-23,true
CUST-005039,Elias Muller,Vienna,Vienna,Austria,2021-03-28,true
CUST-005040,Jonas Korhonen,New York,New York,United States,2025-06-16,true
CUST-005041,Isla Ahmed,Barcelona,Catalonia,Spain,2025-01-16,true
CUST-005042,Daniel Schmidt,Vienna,Vienna,Austria,2022-03-14,true
CUST-005043,Elias Martin,Turku,Southwest Finland,Finland,2020-09-15,true
CUST-005044,Lucas Petrov,Vancouver,British Columbia,Canada,2021-01-06,true
CUST-005045,Omar Brown,Tokyo,Tokyo,Japan,2024-10-26,true
CUST-005046,Emma Ibrahim,Amsterdam,North Holland,Netherlands,2024-09-27,true
CUST-005047,Lucas Andersson,Madrid,Community of Madrid,Spain,2024-10-19,true
CUST-005048,Emma Davis,Paris,Ile-de-France,France,2025-03-10,true
CUST-005049,Grace Smith,Austin,Texas,United States,2020-12-20,true
CUST-005050,Daniel Novak,Helsinki,Uusimaa,Finland,2025-01-06,true
CUST-005051,Leo Silva,Helsinki,Uusimaa,Finland,2024-07-03,true
CUST-005052,Mateo Novak,Turku,Southwest Finland,Finland,2020-03-30,true
CUST-005053,Emma Berg,Tampere,Pirkanmaa,Finland,2023-07-16,false
CUST-005054,Leo Smith,Brussels,Brussels-Capital,Belgium,2022-05-31,false
CUST-005055,Omar Smith,Toronto,Ontario,Canada,2021-07-30,true
CUST-005056,Daniel Ibrahim,Paris,Ile-de-France,France,2024-08-02,true
CUST-005057,Daniel Novak,Turku,Southwest Finland,Finland,2026-08-23,true
CUST-005058,Mila Davis,Tokyo,Tokyo,Japan,2024-03-15,true
CUST-005059,Amina Korhonen,Barcelona,Catalonia,Spain,2021-02-27,true
CUST-005060,Arthur Ibrahim,Gothenburg,Vastra Gotaland,Sweden,2025-04-05,true
CUST-005061,Leo Muller,Tokyo,Tokyo,Japan,2021-03-29,true
CUST-005062,Leila Novak,Milan,Lombardy,Italy,2022-08-31,false
CUST-005063,Fatima Ibrahim,Brussels,Brussels-Capital,Belgium,2026-03-26,false
CUST-005064,Fatima Clark,Toronto,Ontario,Canada,2020-10-02,true
CUST-005065,Arthur Santos,Copenhagen,Capital Region,Denmark,2023-12-27,false
CUST-005066,Zara Korhonen,Tampere,Pirkanmaa,Finland,2024-09-23,true
CUST-005067,Fatima Novak,Toronto,Ontario,Canada,2026-02-01,false
CUST-005068,Arthur Taylor,Sydney,New South Wales,Australia,2020-08-21,true
CUST-005069,Chloe Ahmed,Paris,Ile-de-France,France,2025-01-06,true
CUST-005070,Chloe Lopez,Milan,Lombardy,Italy,2021-08-20,true
CUST-005071,Maya Santos,Sydney,New South Wales,Australia,2026-01-19,true
CUST-005072,Emma Novak,Prague,Prague,Czechia,2023-11-15,true
CUST-005073,Benjamin Muller,Berlin,Berlin,Germany,2026-04-26,true
CUST-005074,Zara Ali,Berlin,Berlin,Germany,2021-05-20,true
CUST-005075,Lucas Garcia,Austin,Texas,United States,2020-07-13,false
CUST-005076,David Smith,Sydney,New South Wales,Australia,2025-11-22,true
CUST-005077,Daniel Johnson,Vancouver,British Columbia,Canada,2023-06-03,true
CUST-005078,Leila Andersson,Manchester,England,United Kingdom,2021-05-09,true
CUST-005079,Noah Dubois,Berlin,Berlin,Germany,2020-01-17,true
CUST-005080,Zara Muller,London,England,United Kingdom,2026-04-27,true
CUST-005081,Ada Santos,Tampere,Pirkanmaa,Finland,2025-04-26,true
CUST-005082,Lina Nielsen,Vancouver,British Columbia,Canada,2020-08-05,true
CUST-005083,Benjamin Rossi,Lisbon,Lisbon,Portugal,2024-04-04,true
CUST-005084,Fatima Ahmed,Helsinki,Uusimaa,Finland,2023-11-29,true
CUST-005085,Lucas Taylor,Milan,Lombardy,Italy,2022-02-05,true
CUST-005086,Jonas Martin,Tampere,Pirkanmaa,Finland,2025-11-25,false
CUST-005087,David Schmidt,Milan,Lombardy,Italy,2021-09-18,true
CUST-005088,Lina Muller,Helsinki,Uusimaa,Finland,2020-08-24,true
CUST-005089,Zara Williams,Tokyo,Tokyo,Japan,2025-03-17,true
CUST-005090,Benjamin Nielsen,Milan,Lombardy,Italy,2020-12-11,true
CUST-005091,Leila Ali,Berlin,Berlin,Germany,2025-01-24,true
CUST-005092,Leila Silva,Austin,Texas,United States,2025-01-11,true
CUST-005093,Fatima Brown,Vienna,Vienna,Austria,2026-06-13,true
CUST-005094,Jonas Martin,Munich,Bavaria,Germany,2022-12-13,false
CUST-005095,Emma Jensen,Amsterdam,North Holland,Netherlands,2025-07-13,true
CUST-005096,Arthur Virtanen,Austin,Texas,United States,2026-04-12,true
CUST-005097,Lina Khan,Milan,Lombardy,Italy,2023-12-10,true
CUST-005098,Noah Johnson,Amsterdam,North Holland,Netherlands,2025-10-15,true
CUST-005099,Amina Johnson,Berlin,Berlin,Germany,2025-08-16,false
CUST-005100,Lina Muller,Vienna,Vienna,Austria,2026-05-15,true
CUST-005101,Samuel Wilson,Stockholm,Stockholm County,Sweden,2024-08-31,true
CUST-005102,Emma Williams,Barcelona,Catalonia,Spain,2024-03-01,true
CUST-005103,Arthur Berg,Rome,Lazio,Italy,2023-11-24,true
CUST-005104,Emma Petrov,Tampere,Pirkanmaa,Finland,2024-11-07,true
CUST-005105,Zara Clark,Lisbon,Lisbon,Portugal,2021-06-30,true
CUST-005106,Eva Wilson,Munich,Bavaria,Germany,2021-04-07,true
CUST-005107,Lina Muller,Lisbon,Lisbon,Portugal,2020-07-23,true
CUST-005108,Lucas Davis,Berlin,Berlin,Germany,2026-08-24,true
CUST-005109,Emma Virtanen,Dublin,Leinster,Ireland,2024-08-23,true
CUST-005110,Jonas Muller,Gothenburg,Vastra Gotaland,Sweden,2024-03-15,true
CUST-005111,Grace Santos,Berlin,Berlin,Germany,2021-03-13,true
CUST-005112,David Rossi,Paris,Ile-de-France,France,2024-07-03,true
CUST-005113,Leila Santos,Austin,Texas,United States,2021-12-05,true
CUST-005114,Mila Andersson,Prague,Prague,Czechia,2026-06-28,true
CUST-005115,Lucas Ibrahim,Paris,Ile-de-France,France,2024-01-28,true
CUST-005116,Oliver Ali,Helsinki,Uusimaa,Finland,2023-01-24,true
CUST-005117,Jonas Andersson,Amsterdam,North Holland,Netherlands,2024-07-05,true
CUST-005118,Emma Jensen,New York,New York,United States,2025-03-31,true
CUST-005119,Jonas Williams,Prague,Prague,Czechia,2024-11-20,true
CUST-005120,Jonas Taylor,Austin,Texas,United States,2026-01-24,true
CUST-005121,Arthur Korhonen,Copenhagen,Capital Region,Denmark,2022-06-28,true
CUST-005122,Lina Rossi,Toronto,Ontario,Canada,2022-04-24,true
CUST-005123,Isla Jensen,Manchester,England,United Kingdom,2021-03-11,true
CUST-005124,Maya Khan,Lisbon,Lisbon,Portugal,2023-08-21,false
CUST-005125,Benjamin Andersson,Prague,Prague,Czechia,2023-08-26,true
CUST-005126,Leila Santos,Prague,Prague,Czechia,2020-03-24,false
CUST-005127,Amina Johnson,Austin,Texas,United States,2020-04-22,true
CUST-005128,Emma Brown,Gothenburg,Vastra Gotaland,Sweden,2024-10-03,true
CUST-005129,Lina Virtanen,Copenhagen,Capital Region,Denmark,2023-03-05,false
CUST-005130,David Taylor,Amsterdam,North Holland,Netherlands,2025-09-18,true
CUST-005131,Elias Khan,Lisbon,Lisbon,Portugal,2022-11-22,true
CUST-005132,Jonas Andersson,Amsterdam,North Holland,Netherlands,2021-07-16,true
CUST-005133,Elias Schmidt,Dublin,Leinster,Ireland,2020-10-14,true
CUST-005134,Zara Johnson,Prague,Prague,Czechia,2021-07-07,true
CUST-005135,David Brown,Manchester,England,United Kingdom,2022-09-17,true
CUST-005136,Daniel Petrov,Helsinki,Uusimaa,Finland,2020-08-16,true
CUST-005137,Henry Moore,Copenhagen,Capital Region,Denmark,2023-05-09,true
CUST-005138,Chloe Dubois,Brussels,Brussels-Capital,Belgium,2022-09-26,true
CUST-005139,Mateo Nielsen,Tokyo,Tokyo,Japan,2024-11-16,true
CUST-005140,Isla Muller,Helsinki,Uusimaa,Finland,2024-12-12,true
CUST-005141,Fatima Lopez,Rome,Lazio,Italy,2025-11-01,true
CUST-005142,Noah Ali,Copenhagen,Capital Region,Denmark,2021-08-12,true
CUST-005143,Amina Clark,Vienna,Vienna,Austria,2026-03-18,true
CUST-005144,Elias Silva,Madrid,Community of Madrid,Spain,2024-05-28,true
CUST-005145,Ada Moore,Helsinki,Uusimaa,Finland,2025-06-24,true
CUST-005146,Mila Silva,Prague,Prague,Czechia,2020-05-07,true
CUST-005147,Jonas Dubois,Austin,Texas,United States,2023-06-26,true
CUST-005148,Grace Lopez,Oslo,Oslo,Norway,2022-03-23,true
CUST-005149,Mateo Andersson,Berlin,Berlin,Germany,2025-06-08,true
CUST-005150,Sofia Jensen,Oslo,Oslo,Norway,2026-01-09,true
CUST-005151,Jonas Novak,Tampere,Pirkanmaa,Finland,2023-03-27,false
CUST-005152,Amina Taylor,Toronto,Ontario,Canada,2025-05-26,true
CUST-005153,Jonas Davis,Austin,Texas,United States,2025-11-18,true
CUST-005154,Omar Berg,Oslo,Oslo,Norway,2023-08-12,true
CUST-005155,Maya Lopez,Paris,Ile-de-France,France,2022-01-08,true
CUST-005156,Eva Smith,Stockholm,Stockholm County,Sweden,2022-08-08,true
CUST-005157,Fatima Muller,Brussels,Brussels-Capital,Belgium,2022-05-09,true
CUST-005158,Henry Korhonen,Oslo,Oslo,Norway,2024-10-16,false
CUST-005159,Yusuf Davis,Prague,Prague,Czechia,2021-02-01,true
CUST-005160,Samuel Novak,Oslo,Oslo,Norway,2021-07-13,false
CUST-005161,Amina Khan,Prague,Prague,Czechia,2025-12-23,false
CUST-005162,Samuel Clark,Toronto,Ontario,Canada,2024-12-12,true
CUST-005163,Lina Clark,Toronto,Ontario,Canada,2020-10-21,true
CUST-005164,Sofia Rossi,Stockholm,Stockholm County,Sweden,2025-07-15,true
CUST-005165,Mila Muller,Brussels,Brussels-Capital,Belgium,2021-11-13,false
CUST-005166,Fatima Ali,Barcelona,Catalonia,Spain,2022-11-10,true
CUST-005167,Lina Jensen,Rome,Lazio,Italy,2022-03-13,true
CUST-005168,Maya Jensen,Sydney,New South Wales,Australia,2024-10-17,true
CUST-005169,Nora Wilson,Tokyo,Tokyo,Japan,2023-11-24,true
CUST-005170,Fatima Virtanen,Austin,Texas,United States,2025-07-14,true
CUST-005171,Eva Taylor,Barcelona,Catalonia,Spain,2024-04-29,true
CUST-005172,Maya Muller,Vienna,Vienna,Austria,2025-07-04,false
CUST-005173,Yusuf Johnson,Warsaw,Masovian,Poland,2025-04-12,true
CUST-005174,Eva Ahmed,Lyon,Auvergne-Rhone-Alpes,France,2022-06-21,true
CUST-005175,Maya Martin,Lyon,Auvergne-Rhone-Alpes,France,2021-06-13,true
CUST-005176,Henry Berg,Lisbon,Lisbon,Portugal,2022-01-09,true
CUST-005177,Sofia Schmidt,Oslo,Oslo,Norway,2026-07-19,true
CUST-005178,Oliver Brown,New York,New York,United States,2022-01-26,true
CUST-005179,Isla Korhonen,Lisbon,Lisbon,Portugal,2025-06-16,true
CUST-005180,Omar Dubois,London,England,United Kingdom,2025-08-08,true
CUST-005181,Sofia Ali,Vancouver,British Columbia,Canada,2023-10-22,true
CUST-005182,Lina Santos,Tampere,Pirkanmaa,Finland,2024-04-22,true
CUST-005183,Jonas Dubois,Helsinki,Uusimaa,Finland,2020-09-03,true
CUST-005184,Arthur Rossi,Stockholm,Stockholm County,Sweden,2024-08-01,false
CUST-005185,Ada Moore,Lyon,Auvergne-Rhone-Alpes,France,2022-01-09,true
CUST-005186,Daniel Nielsen,Toronto,Ontario,Canada,2025-09-05,true
CUST-005187,Benjamin Petrov,Munich,Bavaria,Germany,2020-02-15,false
CUST-005188,Sofia Nielsen,Gothenburg,Vastra Gotaland,Sweden,2026-06-22,true
CUST-005189,Sofia Rossi,Warsaw,Masovian,Poland,2026-04-23,true
CUST-005190,Leo Jensen,London,England,United Kingdom,2020-09-28,true
CUST-005191,Fatima Taylor,Vienna,Vienna,Austria,2020-02-19,true
CUST-005192,Henry Garcia,Prague,Prague,Czechia,2026-08-22,true
CUST-005193,Jonas Schmidt,Madrid,Community of Madrid,Spain,2025-11-25,true
CUST-005194,Mila Muller,Helsinki,Uusimaa,Finland,2026-02-16,true
CUST-005195,Yusuf Brown,Madrid,Community of Madrid,Spain,2025-09-23,true
CUST-005196,Samuel Brown,Vancouver,British Columbia,Canada,2024-01-18,true
CUST-005197,Lina Johnson,Brussels,Brussels-Capital,Belgium,2020-08-18,true
CUST-005198,Mila Santos,Helsinki,Uusimaa,Finland,2021-03-12,true
CUST-005199,Eva Wilson,Madrid,Community of Madrid,Spain,2020-06-24,true
CUST-005200,Mateo Brown,Turku,Southwest Finland,Finland,2025-08-15,true
CUST-005201,Mila Brown,Manchester,England,United Kingdom,2021-02-01,true
CUST-005202,David Ibrahim,Warsaw,Masovian,Poland,2021-07-29,true
CUST-005203,Omar Korhonen,Vienna,Vienna,Austria,2023-03-19,true
CUST-005204,Arthur Brown,Copenhagen,Capital Region,Denmark,2022-09-09,true
CUST-005205,Emma Brown,Toronto,Ontario,Canada,2022-03-12,true
CUST-005206,Henry Rossi,Brussels,Brussels-Capital,Belgium,2022-10-26,true
CUST-005207,Jonas Brown,Tokyo,Tokyo,Japan,2021-10-08,true
CUST-005208,Ada Garcia,Berlin,Berlin,Germany,2024-09-27,true
CUST-005209,Omar Berg,Helsinki,Uusimaa,Finland,2024-12-28,true
CUST-005210,Amina Schmidt,Amsterdam,North Holland,Netherlands,2020-05-13,true
CUST-005211,Mila Taylor,Warsaw,Masovian,Poland,2023-01-21,true
CUST-005212,Zara Williams,Oslo,Oslo,Norway,2023-09-25,true
CUST-005213,Zara Berg,Tampere,Pirkanmaa,Finland,2022-11-02,true
CUST-005214,Leila Novak,Paris,Ile-de-France,France,2020-01-11,true
CUST-005215,Grace Clark,Tokyo,Tokyo,Japan,2026-03-31,true
CUST-005216,Emma Ali,Dublin,Leinster,Ireland,2024-03-31,true
CUST-005217,Chloe Clark,Dublin,Leinster,Ireland,2023-07-14,true
CUST-005218,Daniel Korhonen,Milan,Lombardy,Italy,2021-07-11,true
CUST-005219,Oliver Martin,Vienna,Vienna,Austria,2021-07-09,true
CUST-005220,Daniel Moore,Toronto,Ontario,Canada,2022-10-15,true
CUST-005221,Isla Martin,Brussels,Brussels-Capital,Belgium,2020-03-09,true
CUST-005222,Ada Schmidt,Rome,Lazio,Italy,2026-02-04,true
CUST-005223,Lina Berg,Vienna,Vienna,Austria,2024-11-02,true
CUST-005224,Emma Andersson,Copenhagen,Capital Region,Denmark,2021-06-05,true
CUST-005225,Daniel Petrov,Brussels,Brussels-Capital,Belgium,2025-10-11,true
CUST-005226,Sofia Muller,Turku,Southwest Finland,Finland,2020-09-21,true
CUST-005227,Eva Davis,Lyon,Auvergne-Rhone-Alpes,France,2020-10-04,true
CUST-005228,Leila Silva,Copenhagen,Capital Region,Denmark,2022-06-25,true
CUST-005229,Chloe Taylor,Tokyo,Tokyo,Japan,2020-10-03,true
CUST-005230,Ada Martin,Munich,Bavaria,Germany,2020-01-20,true
CUST-005231,Lina Khan,Prague,Prague,Czechia,2020-10-22,true
CUST-005232,Oliver Martin,Brussels,Brussels-Capital,Belgium,2026-01-26,false
CUST-005233,Ada Jensen,London,England,United Kingdom,2025-07-02,true
CUST-005234,Jonas Jensen,Lisbon,Lisbon,Portugal,2021-08-29,false
CUST-005235,Omar Korhonen,Milan,Lombardy,Italy,2025-12-09,true
CUST-005236,Mila Silva,Manchester,England,United Kingdom,2020-07-29,true
CUST-005237,Oliver Martin,Dublin,Leinster,Ireland,2023-06-03,false
CUST-005238,Arthur Andersson,Turku,Southwest Finland,Finland,2025-11-29,true
CUST-005239,Mila Nielsen,Toronto,Ontario,Canada,2023-10-06,true
CUST-005240,Yusuf Moore,Gothenburg,Vastra Gotaland,Sweden,2024-08-04,true
CUST-005241,Grace Garcia,Stockholm,Stockholm County,Sweden,2023-04-12,true
CUST-005242,Mila Jensen,Berlin,Berlin,Germany,2026-03-01,false
CUST-005243,Henry Johnson,Milan,Lombardy,Italy,2026-02-17,true
CUST-005244,Sofia Novak,Tampere,Pirkanmaa,Finland,2020-03-12,true
CUST-005245,David Santos,Manchester,England,United Kingdom,2023-05-05,false
CUST-005246,Noah Lopez,Warsaw,Masovian,Poland,2023-08-31,true
CUST-005247,Yusuf Khan,Turku,Southwest Finland,Finland,2020-09-16,true
CUST-005248,Samuel Berg,Manchester,England,United Kingdom,2026-05-11,true
CUST-005249,Arthur Williams,Stockholm,Stockholm County,Sweden,2022-04-04,true
CUST-005250,Grace Moore,Brussels,Brussels-Capital,Belgium,2023-01-16,false
CUST-005251,Amina Berg,Berlin,Berlin,Germany,2025-08-30,true
CUST-005252,Elias Lopez,Warsaw,Masovian,Poland,2022-02-22,true
CUST-005253,Mila Schmidt,Oslo,Oslo,Norway,2022-12-26,true
CUST-005254,Chloe Andersson,Turku,Southwest Finland,Finland,2025-12-28,true
CUST-005255,Ada Ali,Vancouver,British Columbia,Canada,2024-05-03,true
CUST-005256,Amina Berg,Barcelona,Catalonia,Spain,2025-04-25,true
CUST-005257,Noah Ali,Helsinki,Uusimaa,Finland,2024-05-15,false
CUST-005258,Sofia Smith,Toronto,Ontario,Canada,2022-06-06,true
CUST-005259,Lucas Moore,Oslo,Oslo,Norway,2025-10-26,true
CUST-005260,Sofia Clark,Helsinki,Uusimaa,Finland,2025-12-07,true
CUST-005261,Mateo Ahmed,Tokyo,Tokyo,Japan,2023-07-14,true
CUST-005262,Fatima Nielsen,Munich,Bavaria,Germany,2020-02-26,true
CUST-005263,Nora Silva,Amsterdam,North Holland,Netherlands,2024-11-11,true
CUST-005264,Jonas Novak,Paris,Ile-de-France,France,2023-10-17,true
CUST-005265,David Silva,Paris,Ile-de-France,France,2020-04-13,true
CUST-005266,Ada Smith,Berlin,Berlin,Germany,2022-01-30,true
CUST-005267,Sofia Ahmed,Dublin,Leinster,Ireland,2023-08-30,true
CUST-005268,Amina Brown,Amsterdam,North Holland,Netherlands,2026-04-07,false
CUST-005269,Emma Korhonen,Turku,Southwest Finland,Finland,2023-05-19,false
CUST-005270,Lucas Virtanen,Copenhagen,Capital Region,Denmark,2022-02-28,true
CUST-005271,Leo Smith,Dublin,Leinster,Ireland,2025-10-17,true
CUST-005272,Ada Andersson,Prague,Prague,Czechia,2024-12-27,true
CUST-005273,Amina Williams,Tampere,Pirkanmaa,Finland,2026-06-28,false
CUST-005274,Daniel Nielsen,Lisbon,Lisbon,Portugal,2025-11-15,true
CUST-005275,Eva Lopez,London,England,United Kingdom,2021-04-12,true
CUST-005276,Chloe Williams,Turku,Southwest Finland,Finland,2024-12-09,false
CUST-005277,Oliver Silva,Sydney,New South Wales,Australia,2023-09-23,true
CUST-005278,Fatima Johnson,New York,New York,United States,2022-11-02,true
CUST-005279,Yusuf Berg,Berlin,Berlin,Germany,2023-04-29,false
CUST-005280,Zara Muller,Dublin,Leinster,Ireland,2020-11-24,true
CUST-005281,Eva Moore,Lisbon,Lisbon,Portugal,2022-09-05,true
CUST-005282,Lucas Nielsen,Barcelona,Catalonia,Spain,2020-12-13,true
CUST-005283,Leila Williams,London,England,United Kingdom,2025-06-04,true
CUST-005284,Ada Garcia,Copenhagen,Capital Region,Denmark,2024-10-22,true
CUST-005285,Benjamin Johnson,Lisbon,Lisbon,Portugal,2021-03-29,true
CUST-005286,Fatima Muller,Helsinki,Uusimaa,Finland,2026-02-19,true
CUST-005287,Daniel Smith,Prague,Prague,Czechia,2022-11-21,true
CUST-005288,Arthur Davis,Sydney,New South Wales,Australia,2022-05-14,true
CUST-005289,Henry Rossi,Madrid,Community of Madrid,Spain,2023-01-22,true
CUST-005290,Sofia Santos,Austin,Texas,United States,2020-06-04,false
CUST-005291,Chloe Taylor,Gothenburg,Vastra Gotaland,Sweden,2024-03-18,true
CUST-005292,Isla Moore,Gothenburg,Vastra Gotaland,Sweden,2025-10-28,true
CUST-005293,Sofia Berg,Rome,Lazio,Italy,2021-02-27,true
CUST-005294,Leo Ahmed,New York,New York,United States,2026-01-29,true
CUST-005295,Benjamin Rossi,Berlin,Berlin,Germany,2026-01-30,true
CUST-005296,Mateo Moore,Turku,Southwest Finland,Finland,2024-06-18,true
CUST-005297,Lucas Khan,Helsinki,Uusimaa,Finland,2021-03-25,true
CUST-005298,Jonas Jensen,Stockholm,Stockholm County,Sweden,2024-09-02,true
CUST-005299,Fatima Ahmed,Vancouver,British Columbia,Canada,2020-12-29,true
CUST-005300,Chloe Ahmed,Paris,Ile-de-France,France,2023-03-08,false
CUST-005301,Amina Schmidt,Gothenburg,Vastra Gotaland,Sweden,2024-02-10,true
CUST-005302,Grace Ibrahim,Amsterdam,North Holland,Netherlands,2022-07-15,true
CUST-005303,Emma Smith,Gothenburg,Vastra Gotaland,Sweden,2021-05-01,true
CUST-005304,Lina Martin,Vancouver,British Columbia,Canada,2020-09-06,true
CUST-005305,Samuel Khan,Berlin,Berlin,Germany,2022-04-11,true
CUST-005306,Leila Korhonen,Munich,Bavaria,Germany,2021-06-14,true
CUST-005307,Arthur Virtanen,Austin,Texas,United States,2025-03-29,true
CUST-005308,Fatima Petrov,Berlin,Berlin,Germany,2020-11-20,true
CUST-005309,Samuel Petrov,Vienna,Vienna,Austria,2020-01-05,true
CUST-005310,Zara Berg,Berlin,Berlin,Germany,2022-05-22,true
CUST-005311,Arthur Davis,Lyon,Auvergne-Rhone-Alpes,France,2025-01-28,false
CUST-005312,Nora Virtanen,Lyon,Auvergne-Rhone-Alpes,France,2025-11-29,false
CUST-005313,Yusuf Rossi,Milan,Lombardy,Italy,2021-11-12,true
CUST-005314,Omar Jensen,Amsterdam,North Holland,Netherlands,2024-11-04,true
CUST-005315,Oliver Williams,New York,New York,United States,2020-06-19,true
CUST-005316,David Davis,Madrid,Community of Madrid,Spain,2020-09-20,true
CUST-005317,Benjamin Dubois,Prague,Prague,Czechia,2022-06-23,false
CUST-005318,Omar Ahmed,Amsterdam,North Holland,Netherlands,2026-01-26,true
CUST-005319,Benjamin Clark,Tokyo,Tokyo,Japan,2026-07-13,true
CUST-005320,Maya Novak,Rome,Lazio,Italy,2021-05-13,true
CUST-005321,Nora Korhonen,Munich,Bavaria,Germany,2025-10-27,true
CUST-005322,Leo Davis,Helsinki,Uusimaa,Finland,2026-02-07,false
CUST-005323,Emma Rossi,Sydney,New South Wales,Australia,2022-09-21,true
CUST-005324,Chloe Muller,Stockholm,Stockholm County,Sweden,2026-08-16,true
CUST-005325,Sofia Smith,Dublin,Leinster,Ireland,2023-06-24,false
CUST-005326,Amina Silva,Amsterdam,North Holland,Netherlands,2026-03-25,true
CUST-005327,Jonas Wilson,Lisbon,Lisbon,Portugal,2023-01-05,true
CUST-005328,Ada Ahmed,London,England,United Kingdom,2021-10-07,false
CUST-005329,Chloe Virtanen,Prague,Prague,Czechia,2023-05-18,false
CUST-005330,Lucas Virtanen,Tampere,Pirkanmaa,Finland,2023-06-06,true
CUST-005331,Leo Rossi,London,England,United Kingdom,2022-08-29,true
CUST-005332,Jonas Nielsen,Manchester,England,United Kingdom,2024-06-21,true
CUST-005333,Daniel Brown,Madrid,Community of Madrid,Spain,2021-11-29,false
CUST-005334,Yusuf Martin,Toronto,Ontario,Canada,2025-03-05,true
CUST-005335,Nora Wilson,Warsaw,Masovian,Poland,2025-08-23,true
CUST-005336,Zara Ali,Turku,Southwest Finland,Finland,2024-06-22,true
CUST-005337,Mila Jensen,Copenhagen,Capital Region,Denmark,2020-12-06,true
CUST-005338,Lucas Andersson,Berlin,Berlin,Germany,2023-09-24,true
CUST-005339,Oliver Martin,Paris,Ile-de-France,France,2024-10-25,true
CUST-005340,Henry Korhonen,Copenhagen,Capital Region,Denmark,2024-01-13,true
CUST-005341,Benjamin Santos,Gothenburg,Vastra Gotaland,Sweden,2025-11-03,true
CUST-005342,Sofia Khan,Lyon,Auvergne-Rhone-Alpes,France,2024-05-03,false
CUST-005343,Lina Wilson,Tokyo,Tokyo,Japan,2022-01-24,true
CUST-005344,Eva Ibrahim,Warsaw,Masovian,Poland,2020-09-26,true
CUST-005345,Sofia Andersson,Barcelona,Catalonia,Spain,2022-11-01,true
CUST-005346,Elias Silva,Gothenburg,Vastra Gotaland,Sweden,2023-02-23,true
CUST-005347,Elias Smith,Munich,Bavaria,Germany,2023-11-27,true
CUST-005348,Benjamin Khan,Rome,Lazio,Italy,2022-11-18,true
CUST-005349,Maya Nielsen,Rome,Lazio,Italy,2021-10-15,true
CUST-005350,Lina Brown,Rome,Lazio,Italy,2025-11-10,true
CUST-005351,Oliver Nielsen,Austin,Texas,United States,2023-01-16,false
CUST-005352,Lina Taylor,Dublin,Leinster,Ireland,2022-06-07,false
CUST-005353,Zara Taylor,Warsaw,Masovian,Poland,2025-11-22,true
CUST-005354,Samuel Davis,Turku,Southwest Finland,Finland,2026-05-09,false
CUST-005355,Yusuf Santos,Tokyo,Tokyo,Japan,2024-11-20,true
CUST-005356,Amina Rossi,Munich,Bavaria,Germany,2025-10-23,true
CUST-005357,Ada Novak,Madrid,Community of Madrid,Spain,2024-07-26,true
CUST-005358,Daniel Berg,Copenhagen,Capital Region,Denmark,2026-03-26,true
CUST-005359,Chloe Schmidt,Amsterdam,North Holland,Netherlands,2025-12-29,true
CUST-005360,Noah Brown,Dublin,Leinster,Ireland,2024-02-06,true
CUST-005361,Nora Williams,Copenhagen,Capital Region,Denmark,2021-01-09,true
CUST-005362,Daniel Clark,Sydney,New South Wales,Australia,2024-07-24,true
CUST-005363,Samuel Ibrahim,Tampere,Pirkanmaa,Finland,2020-02-13,false
CUST-005364,Emma Ahmed,Sydney,New South Wales,Australia,2026-04-15,true
CUST-005365,Lucas Moore,Berlin,Berlin,Germany,2020-09-13,true
CUST-005366,Benjamin Petrov,Paris,Ile-de-France,France,2022-01-21,true
CUST-005367,Omar Martin,Brussels,Brussels-Capital,Belgium,2022-05-20,false
CUST-005368,Arthur Lopez,Oslo,Oslo,Norway,2020-06-22,true
CUST-005369,Benjamin Virtanen,Paris,Ile-de-France,France,2022-01-02,false
CUST-005370,Mila Virtanen,Paris,Ile-de-France,France,2025-09-07,true
CUST-005371,Zara Martin,Amsterdam,North Holland,Netherlands,2023-08-09,false
CUST-005372,Jonas Wilson,Madrid,Community of Madrid,Spain,2023-05-09,true
CUST-005373,Elias Dubois,Prague,Prague,Czechia,2025-09-30,true
CUST-005374,Sofia Virtanen,Barcelona,Catalonia,Spain,2021-03-20,true
CUST-005375,Elias Garcia,Dublin,Leinster,Ireland,2022-03-06,true
CUST-005376,Grace Berg,Vienna,Vienna,Austria,2026-02-15,true
CUST-005377,Henry Davis,Vienna,Vienna,Austria,2021-03-11,true
CUST-005378,Daniel Wilson,Barcelona,Catalonia,Spain,2023-02-27,true
CUST-005379,Maya Johnson,Dublin,Leinster,Ireland,2022-04-02,true
CUST-005380,Oliver Andersson,Vancouver,British Columbia,Canada,2020-08-06,true
CUST-005381,Fatima Williams,Tampere,Pirkanmaa,Finland,2021-11-23,true
CUST-005382,David Clark,Toronto,Ontario,Canada,2026-02-04,true
CUST-005383,Jonas Taylor,Austin,Texas,United States,2022-01-02,true
CUST-005384,Lucas Jensen,Copenhagen,Capital Region,Denmark,2023-09-18,true
CUST-005385,Henry Khan,New York,New York,United States,2025-10-17,true
CUST-005386,Eva Johnson,London,England,United Kingdom,2023-08-05,false
CUST-005387,Emma Moore,Stockholm,Stockholm County,Sweden,2024-05-07,true
CUST-005388,Jonas Davis,Prague,Prague,Czechia,2020-07-19,true
CUST-005389,Chloe Rossi,London,England,United Kingdom,2022-10-17,true
CUST-005390,Zara Schmidt,Oslo,Oslo,Norway,2022-03-18,true
CUST-005391,Elias Moore,Warsaw,Masovian,Poland,2023-10-10,true
CUST-005392,Lina Wilson,Gothenburg,Vastra Gotaland,Sweden,2021-03-04,true
CUST-005393,Ada Ibrahim,Dublin,Leinster,Ireland,2021-02-09,true
CUST-005394,Sofia Andersson,Toronto,Ontario,Canada,2026-06-15,false
CUST-005395,Mateo Santos,Helsinki,Uusimaa,Finland,2024-12-24,true
CUST-005396,Zara Taylor,Berlin,Berlin,Germany,2021-02-14,true
CUST-005397,Maya Wilson,Amsterdam,North Holland,Netherlands,2025-05-02,true
CUST-005398,Arthur Garcia,Lyon,Auvergne-Rhone-Alpes,France,2025-09-17,true
CUST-005399,Jonas Virtanen,Lyon,Auvergne-Rhone-Alpes,France,2023-09-11,true
CUST-005400,Mateo Jensen,Prague,Prague,Czechia,2024-03-13,true
CUST-005401,Lina Moore,Sydney,New South Wales,Australia,2020-12-22,true
CUST-005402,Amina Johnson,Sydney,New South Wales,Australia,2022-07-01,true
CUST-005403,Ada Rossi,Oslo,Oslo,Norway,2021-12-17,false
CUST-005404,Mateo Petrov,Oslo,Oslo,Norway,2020-11-10,true
CUST-005405,Leo Johnson,Gothenburg,Vastra Gotaland,Sweden,2021-11-27,true
CUST-005406,Chloe Novak,Brussels,Brussels-Capital,Belgium,2022-10-06,true
CUST-005407,Daniel Petrov,Rome,Lazio,Italy,2025-01-22,true
CUST-005408,Henry Ibrahim,Prague,Prague,Czechia,2024-02-18,true
CUST-005409,Maya Ibrahim,Tokyo,Tokyo,Japan,2025-03-05,true
CUST-005410,Nora Silva,Sydney,New South Wales,Australia,2024-05-12,true
CUST-005411,Nora Moore,Vienna,Vienna,Austria,2022-02-26,true
CUST-005412,Lucas Dubois,London,England,United Kingdom,2026-03-31,true
CUST-005413,Isla Brown,New York,New York,United States,2026-06-14,false
CUST-005414,Samuel Muller,Oslo,Oslo,Norway,2021-03-16,true
CUST-005415,Fatima Lopez,Brussels,Brussels-Capital,Belgium,2021-06-02,true
CUST-005416,Ada Schmidt,Vienna,Vienna,Austria,2021-05-14,true
CUST-005417,Chloe Rossi,Prague,Prague,Czechia,2023-12-24,false
CUST-005418,Amina Clark,Vancouver,British Columbia,Canada,2022-06-12,true
CUST-005419,Zara Smith,Austin,Texas,United States,2024-11-07,true
CUST-005420,Jonas Khan,Munich,Bavaria,Germany,2021-01-16,true
CUST-005421,Amina Nielsen,Tampere,Pirkanmaa,Finland,2020-10-16,true
CUST-005422,Amina Clark,Vancouver,British Columbia,Canada,2020-10-31,true
CUST-005423,Leo Williams,Manchester,England,United Kingdom,2023-07-23,true
CUST-005424,Daniel Jensen,Manchester,England,United Kingdom,2024-02-06,true
CUST-005425,Chloe Moore,Dublin,Leinster,Ireland,2023-02-23,true
CUST-005426,Eva Berg,Turku,Southwest Finland,Finland,2026-05-05,true
CUST-005427,Chloe Clark,Rome,Lazio,Italy,2022-03-30,false
CUST-005428,Chloe Dubois,Vancouver,British Columbia,Canada,2024-07-12,true
CUST-005429,Noah Wilson,Stockholm,Stockholm County,Sweden,2021-07-28,true
CUST-005430,Arthur Ibrahim,Sydney,New South Wales,Australia,2022-06-29,true
CUST-005431,Mila Dubois,Amsterdam,North Holland,Netherlands,2023-06-15,true
CUST-005432,Amina Korhonen,Amsterdam,North Holland,Netherlands,2022-06-19,true
CUST-005433,David Garcia,London,England,United Kingdom,2022-08-09,true
CUST-005434,Henry Martin,Gothenburg,Vastra Gotaland,Sweden,2024-11-19,true
CUST-005435,Arthur Silva,Tampere,Pirkanmaa,Finland,2023-09-13,false
CUST-005436,Benjamin Jensen,Lyon,Auvergne-Rhone-Alpes,France,2024-12-07,false
CUST-005437,Omar Wilson,Madrid,Community of Madrid,Spain,2020-10-04,true
CUST-005438,Mateo Ahmed,Lyon,Auvergne-Rhone-Alpes,France,2022-07-21,true
CUST-005439,Isla Jensen,Austin,Texas,United States,2022-02-10,true
CUST-005440,Mila Andersson,Vienna,Vienna,Austria,2024-11-12,true
CUST-005441,Arthur Johnson,Berlin,Berlin,Germany,2022-04-03,true
CUST-005442,Mila Martin,Tampere,Pirkanmaa,Finland,2025-02-01,false
CUST-005443,Nora Novak,Warsaw,Masovian,Poland,2023-09-12,true
CUST-005444,Jonas Lopez,Austin,Texas,United States,2021-10-31,true
CUST-005445,Mateo Clark,Copenhagen,Capital Region,Denmark,2020-01-08,true
CUST-005446,Sofia Williams,Munich,Bavaria,Germany,2026-03-06,true
CUST-005447,David Khan,Prague,Prague,Czechia,2021-01-23,true
CUST-005448,Omar Santos,Oslo,Oslo,Norway,2022-12-04,true
CUST-005449,Ada Santos,Barcelona,Catalonia,Spain,2021-07-04,true
CUST-005450,Leila Silva,Paris,Ile-de-France,France,2023-01-16,true
CUST-005451,Maya Ali,Berlin,Berlin,Germany,2020-03-30,true
CUST-005452,Mila Korhonen,Dublin,Leinster,Ireland,2023-10-31,false
CUST-005453,Maya Johnson,Copenhagen,Capital Region,Denmark,2025-06-23,false
CUST-005454,Grace Schmidt,Lisbon,Lisbon,Portugal,2025-12-12,true
CUST-005455,Nora Korhonen,Tampere,Pirkanmaa,Finland,2024-04-23,true
CUST-005456,Omar Davis,New York,New York,United States,2025-04-20,true
CUST-005457,Leila Novak,Munich,Bavaria,Germany,2025-12-06,false
CUST-005458,Oliver Santos,Austin,Texas,United States,2020-04-25,false
CUST-005459,Grace Rossi,New York,New York,United States,2023-09-21,true
CUST-005460,Ada Garcia,Austin,Texas,United States,2021-09-12,true
CUST-005461,David Petrov,Munich,Bavaria,Germany,2022-10-30,false
CUST-005462,Mateo Virtanen,Madrid,Community of Madrid,Spain,2025-12-21,true
CUST-005463,Fatima Korhonen,Turku,Southwest Finland,Finland,2023-12-30,false
CUST-005464,Sofia Silva,Paris,Ile-de-France,France,2020-02-23,false
CUST-005465,Ada Khan,Vancouver,British Columbia,Canada,2020-11-29,true
CUST-005466,Leila Williams,Lisbon,Lisbon,Portugal,2025-09-23,false
CUST-005467,Lina Schmidt,Toronto,Ontario,Canada,2022-09-17,true
CUST-005468,Fatima Garcia,Vienna,Vienna,Austria,2023-08-13,true
CUST-005469,Benjamin Lopez,Prague,Prague,Czechia,2026-05-10,true
CUST-005470,Leo Clark,Gothenburg,Vastra Gotaland,Sweden,2024-09-09,true
CUST-005471,Maya Jensen,Rome,Lazio,Italy,2023-03-17,true
CUST-005472,Lucas Santos,Tokyo,Tokyo,Japan,2026-06-12,true
CUST-005473,Lina Williams,Gothenburg,Vastra Gotaland,Sweden,2025-11-17,true
CUST-005474,Leila Petrov,Barcelona,Catalonia,Spain,2022-07-09,true
CUST-005475,Jonas Khan,Manchester,England,United Kingdom,2020-05-16,true
CUST-005476,Zara Clark,Dublin,Leinster,Ireland,2025-10-11,true
CUST-005477,Fatima Novak,Oslo,Oslo,Norway,2021-06-29,false
CUST-005478,Daniel Korhonen,Manchester,England,United Kingdom,2023-02-18,true
CUST-005479,Fatima Korhonen,Copenhagen,Capital Region,Denmark,2022-06-27,true
CUST-005480,Elias Ahmed,Tampere,Pirkanmaa,Finland,2020-08-01,true
CUST-005481,Eva Ali,Tampere,Pirkanmaa,Finland,2022-01-18,true
CUST-005482,Ada Williams,New York,New York,United States,2021-01-09,true
CUST-005483,Ada Ali,Tokyo,Tokyo,Japan,2021-03-01,false
CUST-005484,Maya Lopez,Tampere,Pirkanmaa,Finland,2025-02-20,true
CUST-005485,Amina Wilson,Vancouver,British Columbia,Canada,2021-05-03,true
CUST-005486,Zara Ahmed,Dublin,Leinster,Ireland,2025-03-24,true
CUST-005487,Omar Williams,Warsaw,Masovian,Poland,2023-06-10,true
CUST-005488,Lina Brown,Brussels,Brussels-Capital,Belgium,2025-04-01,true
CUST-005489,Elias Brown,Gothenburg,Vastra Gotaland,Sweden,2020-11-05,true
CUST-005490,Henry Nielsen,Prague,Prague,Czechia,2023-05-06,true
CUST-005491,Yusuf Wilson,Munich,Bavaria,Germany,2021-04-20,true
CUST-005492,Lina Jensen,Oslo,Oslo,Norway,2020-11-18,true
CUST-005493,Lina Martin,Copenhagen,Capital Region,Denmark,2023-06-03,true
CUST-005494,Amina Dubois,Rome,Lazio,Italy,2023-07-16,true
CUST-005495,Noah Andersson,Prague,Prague,Czechia,2022-09-30,true
CUST-005496,Eva Khan,Vancouver,British Columbia,Canada,2020-02-19,true
CUST-005497,Noah Davis,Vienna,Vienna,Austria,2025-11-18,false
CUST-005498,Elias Rossi,Prague,Prague,Czechia,2020-02-07,true
CUST-005499,Zara Johnson,Brussels,Brussels-Capital,Belgium,2023-01-03,true
CUST-005500,Zara Johnson,Toronto,Ontario,Canada,2024-08-26,true
CUST-005501,Mila Wilson,Lyon,Auvergne-Rhone-Alpes,France,2020-04-23,true
CUST-005502,Henry Johnson,Turku,Southwest Finland,Finland,2023-10-18,true
CUST-005503,Lucas Khan,Paris,Ile-de-France,France,2023-04-18,true
CUST-005504,Ada Santos,Dublin,Leinster,Ireland,2021-09-01,true
CUST-005505,Zara Berg,Warsaw,Masovian,Poland,2022-01-21,true
CUST-005506,Zara Brown,Helsinki,Uusimaa,Finland,2026-01-17,false
CUST-005507,Sofia Lopez,Gothenburg,Vastra Gotaland,Sweden,2025-10-28,true
CUST-005508,Jonas Khan,Copenhagen,Capital Region,Denmark,2026-02-24,true
CUST-005509,Isla Ibrahim,Barcelona,Catalonia,Spain,2023-12-25,true
CUST-005510,Maya Andersson,Munich,Bavaria,Germany,2021-06-03,true
CUST-005511,Mateo Dubois,Tokyo,Tokyo,Japan,2022-05-02,true
CUST-005512,Elias Clark,Paris,Ile-de-France,France,2024-08-03,false
CUST-005513,Oliver Novak,London,England,United Kingdom,2025-03-14,true
CUST-005514,Eva Petrov,Paris,Ile-de-France,France,2020-11-28,true
CUST-005515,Benjamin Virtanen,Berlin,Berlin,Germany,2021-08-30,true
CUST-005516,Samuel Moore,Brussels,Brussels-Capital,Belgium,2020-11-18,true
CUST-005517,Daniel Novak,Paris,Ile-de-France,France,2023-11-03,true
CUST-005518,Emma Martin,New York,New York,United States,2023-07-26,true
CUST-005519,Leo Lopez,Munich,Bavaria,Germany,2023-06-17,false
CUST-005520,Arthur Brown,Brussels,Brussels-Capital,Belgium,2025-10-05,false
CUST-005521,David Martin,Copenhagen,Capital Region,Denmark,2025-04-02,true
CUST-005522,Jonas Silva,Berlin,Berlin,Germany,2022-07-19,true
CUST-005523,Isla Berg,Paris,Ile-de-France,France,2020-04-29,true
CUST-005524,Noah Rossi,Paris,Ile-de-France,France,2020-01-01,true
CUST-005525,Noah Wilson,Prague,Prague,Czechia,2025-04-13,true
CUST-005526,Isla Taylor,Berlin,Berlin,Germany,2023-02-20,true
CUST-005527,Benjamin Moore,Lisbon,Lisbon,Portugal,2025-08-04,true
CUST-005528,Samuel Korhonen,Austin,Texas,United States,2023-05-04,false
CUST-005529,Samuel Wilson,Tampere,Pirkanmaa,Finland,2023-05-22,true
CUST-005530,Jonas Smith,London,England,United Kingdom,2025-04-18,true
CUST-005531,Oliver Garcia,Amsterdam,North Holland,Netherlands,2025-05-16,true
CUST-005532,Ada Silva,Helsinki,Uusimaa,Finland,2022-02-19,true
CUST-005533,Chloe Lopez,Austin,Texas,United States,2021-11-26,true
CUST-005534,Grace Virtanen,Toronto,Ontario,Canada,2025-01-06,true
CUST-005535,Chloe Williams,Austin,Texas,United States,2022-06-09,true
CUST-005536,Sofia Garcia,Toronto,Ontario,Canada,2024-09-18,true
CUST-005537,Henry Schmidt,Lyon,Auvergne-Rhone-Alpes,France,2022-10-13,true
CUST-005538,Emma Muller,Dublin,Leinster,Ireland,2023-11-19,true
CUST-005539,Amina Dubois,Turku,Southwest Finland,Finland,2020-05-29,true
CUST-005540,Eva Smith,London,England,United Kingdom,2020-09-14,true
CUST-005541,Yusuf Rossi,Rome,Lazio,Italy,2021-07-19,true
CUST-005542,Arthur Ahmed,Austin,Texas,United States,2024-03-28,false
CUST-005543,Ada Novak,Oslo,Oslo,Norway,2025-09-14,true
CUST-005544,Zara Novak,Milan,Lombardy,Italy,2023-03-04,true
CUST-005545,Yusuf Ibrahim,London,England,United Kingdom,2026-06-30,true
CUST-005546,Leo Smith,London,England,United Kingdom,2022-09-21,true
CUST-005547,David Moore,Toronto,Ontario,Canada,2025-11-28,true
CUST-005548,Lina Jensen,Prague,Prague,Czechia,2020-01-04,true
CUST-005549,David Ibrahim,New York,New York,United States,2026-01-11,true
CUST-005550,Mateo Rossi,Copenhagen,Capital Region,Denmark,2023-01-14,false
CUST-005551,Sofia Korhonen,Amsterdam,North Holland,Netherlands,2025-04-25,true
CUST-005552,Jonas Williams,Berlin,Berlin,Germany,2023-05-03,false
CUST-005553,Mila Martin,Vancouver,British Columbia,Canada,2022-05-25,true
CUST-005554,Mateo Wilson,Munich,Bavaria,Germany,2023-12-03,false
CUST-005555,Ada Johnson,Madrid,Community of Madrid,Spain,2026-03-31,true
CUST-005556,Benjamin Johnson,Vancouver,British Columbia,Canada,2020-01-01,true
CUST-005557,Mila Ibrahim,Munich,Bavaria,Germany,2024-08-09,true
CUST-005558,Isla Virtanen,Gothenburg,Vastra Gotaland,Sweden,2026-07-24,true
CUST-005559,Isla Taylor,Madrid,Community of Madrid,Spain,2020-02-23,true
CUST-005560,Maya Nielsen,Copenhagen,Capital Region,Denmark,2021-12-31,true
CUST-005561,Arthur Ali,Vancouver,British Columbia,Canada,2021-12-14,true
CUST-005562,David Williams,Berlin,Berlin,Germany,2020-09-24,true
CUST-005563,Maya Smith,Dublin,Leinster,Ireland,2020-09-03,false
CUST-005564,Mila Ahmed,Berlin,Berlin,Germany,2023-03-11,true
CUST-005565,Samuel Muller,Tokyo,Tokyo,Japan,2021-04-21,true
CUST-005566,Zara Davis,Copenhagen,Capital Region,Denmark,2024-01-06,true
CUST-005567,Daniel Silva,Milan,Lombardy,Italy,2025-10-23,false
CUST-005568,Maya Virtanen,Helsinki,Uusimaa,Finland,2024-06-01,true
CUST-005569,Leo Williams,Helsinki,Uusimaa,Finland,2025-12-15,false
CUST-005570,Jonas Johnson,Lyon,Auvergne-Rhone-Alpes,France,2023-02-14,true
CUST-005571,Emma Ahmed,Rome,Lazio,Italy,2024-08-26,false
CUST-005572,Lina Ibrahim,Berlin,Berlin,Germany,2023-08-05,true
CUST-005573,Mila Davis,London,England,United Kingdom,2022-07-18,true
CUST-005574,Isla Ibrahim,Lisbon,Lisbon,Portugal,2021-12-14,true
CUST-005575,Zara Andersson,Munich,Bavaria,Germany,2026-02-10,true
CUST-005576,Ada Jensen,Vienna,Vienna,Austria,2022-08-11,false
CUST-005577,Isla Ahmed,Vancouver,British Columbia,Canada,2024-01-26,false
CUST-005578,Mila Jensen,Copenhagen,Capital Region,Denmark,2022-01-01,true
CUST-005579,Mateo Ahmed,Copenhagen,Capital Region,Denmark,2021-06-26,true
CUST-005580,Chloe Nielsen,Rome,Lazio,Italy,2024-06-26,true
CUST-005581,Amina Ibrahim,Turku,Southwest Finland,Finland,2025-03-21,true
CUST-005582,Benjamin Andersson,Warsaw,Masovian,Poland,2022-11-25,true
CUST-005583,Mila Davis,Oslo,Oslo,Norway,2021-09-19,true
CUST-005584,Elias Silva,Lisbon,Lisbon,Portugal,2022-07-03,true
CUST-005585,Oliver Smith,Gothenburg,Vastra Gotaland,Sweden,2021-07-03,true
CUST-005586,Elias Ali,Warsaw,Masovian,Poland,2025-08-22,true
CUST-005587,Ada Rossi,Berlin,Berlin,Germany,2024-07-30,true
CUST-005588,Daniel Ibrahim,Vancouver,British Columbia,Canada,2024-11-07,false
CUST-005589,Jonas Khan,Gothenburg,Vastra Gotaland,Sweden,2025-03-18,true
CUST-005590,Leila Williams,Turku,Southwest Finland,Finland,2022-10-03,true
CUST-005591,Zara Jensen,Tokyo,Tokyo,Japan,2022-07-07,true
CUST-005592,Elias Ibrahim,Barcelona,Catalonia,Spain,2026-06-02,false
CUST-005593,Noah Clark,Barcelona,Catalonia,Spain,2026-01-11,true
CUST-005594,Zara Davis,Amsterdam,North Holland,Netherlands,2021-05-30,false
CUST-005595,David Nielsen,Vienna,Vienna,Austria,2023-04-04,true
CUST-005596,Grace Khan,Paris,Ile-de-France,France,2021-04-11,true
CUST-005597,Emma Moore,Vienna,Vienna,Austria,2026-04-26,true
CUST-005598,Emma Korhonen,Amsterdam,North Holland,Netherlands,2020-04-21,true
CUST-005599,Amina Smith,Lisbon,Lisbon,Portugal,2023-09-02,true
CUST-005600,Chloe Ibrahim,Copenhagen,Capital Region,Denmark,2024-04-26,true
CUST-005601,Henry Moore,Stockholm,Stockholm County,Sweden,2022-01-28,false
CUST-005602,Henry Dubois,Barcelona,Catalonia,Spain,2023-01-14,true
CUST-005603,Sofia Korhonen,New York,New York,United States,2025-10-18,true
CUST-005604,Fatima Dubois,Tampere,Pirkanmaa,Finland,2025-04-10,true
CUST-005605,Mateo Muller,Sydney,New South Wales,Australia,2022-11-25,true
CUST-005606,Grace Rossi,Manchester,England,United Kingdom,2025-06-23,true
CUST-005607,Leila Taylor,Helsinki,Uusimaa,Finland,2025-07-09,true
CUST-005608,Lucas Martin,Barcelona,Catalonia,Spain,2020-07-11,true
CUST-005609,Lina Jensen,Prague,Prague,Czechia,2025-05-09,false
CUST-005610,Sofia Jensen,Amsterdam,North Holland,Netherlands,2023-02-27,false
CUST-005611,Emma Silva,Munich,Bavaria,Germany,2026-02-15,false
CUST-005612,Isla Moore,Lisbon,Lisbon,Portugal,2022-08-11,true
CUST-005613,Grace Nielsen,Austin,Texas,United States,2023-01-03,true
CUST-005614,Isla Petrov,Vancouver,British Columbia,Canada,2026-04-09,true
CUST-005615,Yusuf Rossi,Rome,Lazio,Italy,2023-11-03,true
CUST-005616,Jonas Jensen,Milan,Lombardy,Italy,2022-06-25,true
CUST-005617,Mateo Schmidt,Munich,Bavaria,Germany,2024-05-22,true
CUST-005618,Maya Petrov,Barcelona,Catalonia,Spain,2024-09-26,true
CUST-005619,Grace Johnson,London,England,United Kingdom,2020-12-26,true
CUST-005620,Ada Ali,Rome,Lazio,Italy,2021-07-10,true
CUST-005621,Zara Garcia,Berlin,Berlin,Germany,2025-03-01,true
CUST-005622,David Dubois,Lyon,Auvergne-Rhone-Alpes,France,2021-03-26,true
CUST-005623,Chloe Andersson,Madrid,Community of Madrid,Spain,2023-11-13,true
CUST-005624,Omar Khan,Brussels,Brussels-Capital,Belgium,2024-11-17,false
CUST-005625,Nora Lopez,Prague,Prague,Czechia,2022-08-24,false
CUST-005626,Nora Wilson,Copenhagen,Capital Region,Denmark,2024-06-27,true
CUST-005627,Maya Petrov,Milan,Lombardy,Italy,2024-03-11,true
CUST-005628,Maya Williams,Toronto,Ontario,Canada,2022-11-25,true
CUST-005629,Isla Virtanen,Munich,Bavaria,Germany,2022-04-24,true
CUST-005630,Jonas Korhonen,Madrid,Community of Madrid,Spain,2023-12-12,true
CUST-005631,Ada Silva,Berlin,Berlin,Germany,2024-09-25,true
CUST-005632,Isla Wilson,Vienna,Vienna,Austria,2022-08-20,true
CUST-005633,Mila Virtanen,Barcelona,Catalonia,Spain,2020-12-09,false
CUST-005634,Daniel Clark,London,England,United Kingdom,2021-09-30,false
CUST-005635,Omar Silva,Barcelona,Catalonia,Spain,2024-07-16,true
CUST-005636,Leo Berg,Manchester,England,United Kingdom,2025-11-28,true
CUST-005637,Noah Virtanen,Warsaw,Masovian,Poland,2026-03-03,true
CUST-005638,Fatima Novak,London,England,United Kingdom,2026-03-20,true
CUST-005639,Zara Silva,Rome,Lazio,Italy,2020-12-30,true
CUST-005640,Benjamin Jensen,New York,New York,United States,2025-11-29,true
CUST-005641,Samuel Jensen,Dublin,Leinster,Ireland,2020-05-05,true
CUST-005642,Amina Ahmed,Helsinki,Uusimaa,Finland,2026-02-11,true
CUST-005643,Grace Khan,Milan,Lombardy,Italy,2020-12-11,true
CUST-005644,Zara Garcia,Paris,Ile-de-France,France,2022-05-24,true
CUST-005645,Amina Williams,Oslo,Oslo,Norway,2025-04-06,true
CUST-005646,Samuel Andersson,Amsterdam,North Holland,Netherlands,2020-02-04,false
CUST-005647,Isla Williams,New York,New York,United States,2021-04-04,false
CUST-005648,Ada Andersson,London,England,United Kingdom,2023-10-31,true
CUST-005649,Lina Santos,Stockholm,Stockholm County,Sweden,2025-06-19,true
CUST-005650,Mateo Clark,Vancouver,British Columbia,Canada,2023-10-07,true
CUST-005651,Emma Dubois,Dublin,Leinster,Ireland,2021-03-24,true
CUST-005652,Omar Silva,Oslo,Oslo,Norway,2020-01-14,true
CUST-005653,Zara Muller,Oslo,Oslo,Norway,2023-06-26,true
CUST-005654,Henry Schmidt,Amsterdam,North Holland,Netherlands,2025-05-06,true
CUST-005655,Eva Williams,Paris,Ile-de-France,France,2023-10-27,true
CUST-005656,Lina Ali,Lisbon,Lisbon,Portugal,2023-09-17,false
CUST-005657,Maya Davis,Lisbon,Lisbon,Portugal,2021-06-19,true
CUST-005658,Fatima Santos,Brussels,Brussels-Capital,Belgium,2022-08-20,true
CUST-005659,Lucas Novak,Helsinki,Uusimaa,Finland,2024-09-06,true
CUST-005660,Zara Nielsen,Berlin,Berlin,Germany,2020-11-21,true
CUST-005661,Ada Dubois,Sydney,New South Wales,Australia,2025-08-25,false
CUST-005662,Yusuf Virtanen,Stockholm,Stockholm County,Sweden,2022-02-21,true
CUST-005663,David Berg,Berlin,Berlin,Germany,2022-10-24,true
CUST-005664,Mila Ali,Toronto,Ontario,Canada,2025-08-16,true
CUST-005665,Lucas Santos,Lyon,Auvergne-Rhone-Alpes,France,2024-12-09,false
CUST-005666,Lucas Santos,Rome,Lazio,Italy,2022-11-27,true
CUST-005667,Ada Smith,Tokyo,Tokyo,Japan,2021-09-11,true
CUST-005668,Mila Davis,Gothenburg,Vastra Gotaland,Sweden,2022-01-05,true
CUST-005669,Yusuf Schmidt,Toronto,Ontario,Canada,2023-06-28,true
CUST-005670,Isla Jensen,Copenhagen,Capital Region,Denmark,2022-10-10,true
CUST-005671,Chloe Santos,Copenhagen,Capital Region,Denmark,2024-09-25,false
CUST-005672,Lucas Taylor,Lyon,Auvergne-Rhone-Alpes,France,2025-09-30,false
CUST-005673,Maya Martin,Berlin,Berlin,Germany,2021-09-06,true
CUST-005674,Yusuf Martin,Milan,Lombardy,Italy,2026-04-23,true
CUST-005675,Noah Dubois,Gothenburg,Vastra Gotaland,Sweden,2023-11-19,true
CUST-005676,David Virtanen,Barcelona,Catalonia,Spain,2024-11-10,true
CUST-005677,Jonas Berg,Munich,Bavaria,Germany,2022-02-09,true
CUST-005678,Lina Smith,Gothenburg,Vastra Gotaland,Sweden,2021-11-21,true
CUST-005679,Samuel Ibrahim,Oslo,Oslo,Norway,2022-01-07,true
CUST-005680,Amina Santos,Prague,Prague,Czechia,2021-10-22,true
CUST-005681,Benjamin Williams,Vancouver,British Columbia,Canada,2025-01-30,true
CUST-005682,Fatima Schmidt,Berlin,Berlin,Germany,2024-02-19,true
CUST-005683,Emma Silva,Brussels,Brussels-Capital,Belgium,2024-06-30,true
CUST-005684,Elias Andersson,Lisbon,Lisbon,Portugal,2020-02-01,true
CUST-005685,Leila Petrov,Paris,Ile-de-France,France,2020-02-12,true
CUST-005686,Fatima Silva,New York,New York,United States,2025-08-11,false
CUST-005687,Noah Ahmed,Barcelona,Catalonia,Spain,2023-10-09,true
CUST-005688,Fatima Williams,Oslo,Oslo,Norway,2020-08-03,true
CUST-005689,Omar Khan,Oslo,Oslo,Norway,2021-06-01,true
CUST-005690,Lucas Martin,London,England,United Kingdom,2024-01-27,true
CUST-005691,Arthur Williams,Toronto,Ontario,Canada,2022-09-09,true
CUST-005692,Ada Brown,Rome,Lazio,Italy,2021-02-16,true
CUST-005693,Omar Nielsen,Paris,Ile-de-France,France,2023-07-29,true
CUST-005694,Oliver Silva,Brussels,Brussels-Capital,Belgium,2025-12-29,false
CUST-005695,Mila Jensen,Madrid,Community of Madrid,Spain,2023-06-30,true
CUST-005696,Sofia Schmidt,Toronto,Ontario,Canada,2020-11-11,true
CUST-005697,Elias Johnson,Madrid,Community of Madrid,Spain,2022-05-19,true
CUST-005698,Nora Silva,Milan,Lombardy,Italy,2022-05-05,true
CUST-005699,Omar Wilson,Tokyo,Tokyo,Japan,2024-11-05,false
CUST-005700,Eva Schmidt,Madrid,Community of Madrid,Spain,2026-06-24,true
CUST-005701,Zara Garcia,Madrid,Community of Madrid,Spain,2020-04-15,true
CUST-005702,Benjamin Brown,New York,New York,United States,2020-12-17,false
CUST-005703,Grace Novak,Toronto,Ontario,Canada,2023-12-27,true
CUST-005704,Henry Santos,Gothenburg,Vastra Gotaland,Sweden,2025-01-23,true
CUST-005705,Omar Andersson,Lyon,Auvergne-Rhone-Alpes,France,2024-08-03,true
CUST-005706,Omar Santos,Tokyo,Tokyo,Japan,2021-05-13,true
CUST-005707,Benjamin Nielsen,Brussels,Brussels-Capital,Belgium,2022-12-11,true
CUST-005708,Grace Williams,Vancouver,British Columbia,Canada,2024-01-19,true
CUST-005709,Ada Jensen,Amsterdam,North Holland,Netherlands,2021-04-17,true
CUST-005710,Maya Jensen,Tampere,Pirkanmaa,Finland,2026-04-28,false
CUST-005711,Leo Clark,Rome,Lazio,Italy,2025-12-03,true
CUST-005712,Yusuf Rossi,Stockholm,Stockholm County,Sweden,2026-05-12,true
CUST-005713,Eva Lopez,London,England,United Kingdom,2022-11-15,true
CUST-005714,Daniel Brown,Helsinki,Uusimaa,Finland,2026-02-09,true
CUST-005715,Lucas Muller,Vienna,Vienna,Austria,2023-05-27,false
CUST-005716,Ada Silva,Sydney,New South Wales,Australia,2024-05-22,true
CUST-005717,Sofia Petrov,Warsaw,Masovian,Poland,2022-08-20,true
CUST-005718,Isla Santos,Rome,Lazio,Italy,2026-06-06,true
CUST-005719,Maya Korhonen,Stockholm,Stockholm County,Sweden,2020-03-16,true
CUST-005720,Daniel Berg,Helsinki,Uusimaa,Finland,2024-07-24,false
CUST-005721,Nora Khan,Oslo,Oslo,Norway,2024-01-09,true
CUST-005722,Fatima Smith,Austin,Texas,United States,2025-11-06,true
CUST-005723,Samuel Santos,Lyon,Auvergne-Rhone-Alpes,France,2026-04-18,true
CUST-005724,Isla Jensen,Dublin,Leinster,Ireland,2022-07-01,true
CUST-005725,Arthur Clark,Oslo,Oslo,Norway,2020-12-21,true
CUST-005726,Eva Rossi,Amsterdam,North Holland,Netherlands,2023-10-02,true
CUST-005727,Amina Ibrahim,Lyon,Auvergne-Rhone-Alpes,France,2024-02-17,false
CUST-005728,Nora Silva,Stockholm,Stockholm County,Sweden,2024-01-01,false
CUST-005729,Maya Santos,Helsinki,Uusimaa,Finland,2020-11-13,true
CUST-005730,Oliver Taylor,Munich,Bavaria,Germany,2021-05-30,true
CUST-005731,Benjamin Virtanen,Stockholm,Stockholm County,Sweden,2021-08-27,true
CUST-005732,Eva Ahmed,Dublin,Leinster,Ireland,2021-10-31,true
CUST-005733,Leila Ahmed,Tokyo,Tokyo,Japan,2022-12-07,true
CUST-005734,Daniel Wilson,Lisbon,Lisbon,Portugal,2020-06-03,true
CUST-005735,Henry Ibrahim,Amsterdam,North Holland,Netherlands,2021-02-19,true
CUST-005736,Benjamin Ahmed,Toronto,Ontario,Canada,2020-03-22,false
CUST-005737,Fatima Wilson,Rome,Lazio,Italy,2020-03-18,true
CUST-005738,Chloe Davis,Prague,Prague,Czechia,2024-06-15,true
CUST-005739,Henry Moore,Prague,Prague,Czechia,2022-12-02,true
CUST-005740,Oliver Lopez,Gothenburg,Vastra Gotaland,Sweden,2020-05-09,true
CUST-005741,Ada Berg,Prague,Prague,Czechia,2021-06-29,true
CUST-005742,Eva Berg,Amsterdam,North Holland,Netherlands,2025-03-29,true
CUST-005743,Ada Ibrahim,Milan,Lombardy,Italy,2024-07-12,true
CUST-005744,Mateo Khan,Turku,Southwest Finland,Finland,2022-02-07,true
CUST-005745,Zara Davis,Warsaw,Masovian,Poland,2024-05-28,true
CUST-005746,Samuel Moore,New York,New York,United States,2022-02-13,true
CUST-005747,Amina Garcia,Rome,Lazio,Italy,2024-01-09,true
CUST-005748,Leila Ali,Munich,Bavaria,Germany,2025-05-05,false
CUST-005749,Jonas Moore,Tokyo,Tokyo,Japan,2026-03-11,true
CUST-005750,Daniel Novak,Barcelona,Catalonia,Spain,2026-01-14,true
CUST-005751,Sofia Brown,Prague,Prague,Czechia,2024-09-29,true
CUST-005752,Ada Korhonen,Berlin,Berlin,Germany,2022-08-27,true
CUST-005753,Henry Ahmed,Amsterdam,North Holland,Netherlands,2020-01-27,true
CUST-005754,Fatima Virtanen,Lisbon,Lisbon,Portugal,2020-07-13,false
CUST-005755,Henry Smith,Copenhagen,Capital Region,Denmark,2020-04-26,true
CUST-005756,Grace Lopez,Stockholm,Stockholm County,Sweden,2023-07-27,true
CUST-005757,Yusuf Brown,Barcelona,Catalonia,Spain,2020-04-29,true
CUST-005758,Benjamin Andersson,Barcelona,Catalonia,Spain,2020-11-17,true
CUST-005759,Fatima Wilson,Lyon,Auvergne-Rhone-Alpes,France,2020-07-02,true
CUST-005760,Zara Wilson,New York,New York,United States,2025-04-27,true
CUST-005761,Elias Muller,Warsaw,Masovian,Poland,2020-08-09,true
CUST-005762,Emma Martin,Lisbon,Lisbon,Portugal,2020-04-28,true
CUST-005763,Ada Novak,Copenhagen,Capital Region,Denmark,2026-08-04,false
CUST-005764,Daniel Muller,Lyon,Auvergne-Rhone-Alpes,France,2020-05-07,true
CUST-005765,Noah Ali,Toronto,Ontario,Canada,2025-05-18,true
CUST-005766,Lina Martin,Madrid,Community of Madrid,Spain,2021-04-30,true
CUST-005767,Eva Rossi,Vienna,Vienna,Austria,2020-05-05,false
CUST-005768,Daniel Davis,Dublin,Leinster,Ireland,2025-08-24,true
CUST-005769,Samuel Lopez,Berlin,Berlin,Germany,2022-05-03,true
CUST-005770,Maya Virtanen,Prague,Prague,Czechia,2024-03-28,true
CUST-005771,Lucas Moore,New York,New York,United States,2025-05-17,true
CUST-005772,Leo Lopez,London,England,United Kingdom,2020-07-17,true
CUST-005773,Omar Moore,Barcelona,Catalonia,Spain,2025-08-27,true
CUST-005774,Jonas Taylor,Vancouver,British Columbia,Canada,2021-01-12,true
CUST-005775,Omar Moore,Austin,Texas,United States,2021-03-10,true
CUST-005776,Mateo Andersson,Copenhagen,Capital Region,Denmark,2021-09-13,true
CUST-005777,Eva Ibrahim,Madrid,Community of Madrid,Spain,2021-03-03,true
CUST-005778,Mateo Nielsen,Lyon,Auvergne-Rhone-Alpes,France,2023-06-29,true
CUST-005779,Chloe Schmidt,Stockholm,Stockholm County,Sweden,2025-11-11,true
CUST-005780,Oliver Novak,Oslo,Oslo,Norway,2025-01-12,true
CUST-005781,Omar Clark,Warsaw,Masovian,Poland,2020-03-13,true
CUST-005782,Grace Taylor,Tokyo,Tokyo,Japan,2023-03-14,true
CUST-005783,Lina Wilson,Stockholm,Stockholm County,Sweden,2024-01-25,true
CUST-005784,Benjamin Ahmed,Milan,Lombardy,Italy,2026-08-17,true
CUST-005785,Emma Wilson,Turku,Southwest Finland,Finland,2022-12-26,true
CUST-005786,Sofia Ali,Toronto,Ontario,Canada,2022-12-01,true
CUST-005787,Jonas Garcia,Toronto,Ontario,Canada,2026-05-29,true
CUST-005788,Noah Petrov,Madrid,Community of Madrid,Spain,2022-08-09,true
CUST-005789,Mateo Berg,Manchester,England,United Kingdom,2021-09-18,true
CUST-005790,Maya Virtanen,Lyon,Auvergne-Rhone-Alpes,France,2020-01-11,true
CUST-005791,Fatima Moore,Vienna,Vienna,Austria,2020-03-10,true
CUST-005792,Benjamin Garcia,London,England,United Kingdom,2023-02-26,true
CUST-005793,Elias Brown,Milan,Lombardy,Italy,2021-01-22,true
CUST-005794,Chloe Williams,Prague,Prague,Czechia,2024-10-26,true
CUST-005795,Lina Schmidt,Turku,Southwest Finland,Finland,2020-11-06,true
CUST-005796,Maya Nielsen,Rome,Lazio,Italy,2023-12-17,true
CUST-005797,Omar Santos,Oslo,Oslo,Norway,2022-07-08,true
CUST-005798,Leila Davis,London,England,United Kingdom,2024-05-16,true
CUST-005799,David Khan,Stockholm,Stockholm County,Sweden,2020-11-10,false
CUST-005800,Omar Virtanen,Turku,Southwest Finland,Finland,2020-05-20,true
CUST-005801,Yusuf Novak,Gothenburg,Vastra Gotaland,Sweden,2020-08-28,true
CUST-005802,Benjamin Khan,Prague,Prague,Czechia,2024-11-29,true
CUST-005803,Zara Rossi,Rome,Lazio,Italy,2021-12-17,true
CUST-005804,Arthur Garcia,Prague,Prague,Czechia,2024-05-19,true
CUST-005805,Zara Ahmed,Vancouver,British Columbia,Canada,2020-12-23,true
CUST-005806,David Martin,Stockholm,Stockholm County,Sweden,2026-08-17,true
CUST-005807,Grace Schmidt,New York,New York,United States,2024-05-12,false
CUST-005808,Lucas Jensen,Stockholm,Stockholm County,Sweden,2025-10-29,true
CUST-005809,Amina Clark,Vienna,Vienna,Austria,2023-12-15,false
CUST-005810,Daniel Johnson,Milan,Lombardy,Italy,2020-05-13,true
CUST-005811,Fatima Williams,Prague,Prague,Czechia,2021-11-05,true
CUST-005812,Ada Andersson,Rome,Lazio,Italy,2021-11-28,true
CUST-005813,Elias Johnson,Sydney,New South Wales,Australia,2021-09-20,true
CUST-005814,Eva Ahmed,Amsterdam,North Holland,Netherlands,2023-11-15,true
CUST-005815,Leila Ali,Madrid,Community of Madrid,Spain,2026-08-30,true
CUST-005816,Lina Andersson,Tampere,Pirkanmaa,Finland,2026-03-22,true
CUST-005817,Leo Silva,Madrid,Community of Madrid,Spain,2022-02-01,true
CUST-005818,Fatima Berg,Munich,Bavaria,Germany,2023-04-09,true
CUST-005819,Maya Andersson,Munich,Bavaria,Germany,2022-11-27,true
CUST-005820,Arthur Rossi,New York,New York,United States,2024-03-24,true
CUST-005821,Oliver Ali,London,England,United Kingdom,2022-10-28,false
CUST-005822,Emma Santos,Helsinki,Uusimaa,Finland,2021-01-11,true
CUST-005823,Noah Johnson,Rome,Lazio,Italy,2022-07-10,true
CUST-005824,Nora Berg,Stockholm,Stockholm County,Sweden,2023-11-10,false
CUST-005825,Benjamin Rossi,Stockholm,Stockholm County,Sweden,2020-12-20,false
CUST-005826,Benjamin Petrov,Lisbon,Lisbon,Portugal,2026-02-18,true
CUST-005827,Isla Petrov,Warsaw,Masovian,Poland,2025-10-16,true
CUST-005828,Daniel Martin,Paris,Ile-de-France,France,2024-04-10,false
CUST-005829,Jonas Petrov,Amsterdam,North Holland,Netherlands,2023-07-13,true
CUST-005830,Leo Wilson,Helsinki,Uusimaa,Finland,2024-02-02,true
CUST-005831,Sofia Ahmed,Brussels,Brussels-Capital,Belgium,2023-09-19,false
CUST-005832,Emma Novak,London,England,United Kingdom,2021-07-27,true
CUST-005833,Zara Moore,Warsaw,Masovian,Poland,2020-10-26,true
CUST-005834,Leila Ali,Sydney,New South Wales,Australia,2026-03-11,true
CUST-005835,Isla Berg,Brussels,Brussels-Capital,Belgium,2021-02-15,true
CUST-005836,Sofia Rossi,Sydney,New South Wales,Australia,2024-08-28,false
CUST-005837,Fatima Dubois,Berlin,Berlin,Germany,2025-08-25,true
CUST-005838,Henry Virtanen,Oslo,Oslo,Norway,2025-06-01,true
CUST-005839,Samuel Novak,Dublin,Leinster,Ireland,2020-11-29,true
CUST-005840,Noah Davis,London,England,United Kingdom,2023-02-27,true
CUST-005841,Henry Clark,Turku,Southwest Finland,Finland,2022-10-15,true
CUST-005842,Eva Martin,Madrid,Community of Madrid,Spain,2021-10-06,true
CUST-005843,Daniel Dubois,Barcelona,Catalonia,Spain,2025-01-15,true
CUST-005844,Arthur Ibrahim,Munich,Bavaria,Germany,2024-02-12,true
CUST-005845,Mila Nielsen,Amsterdam,North Holland,Netherlands,2022-01-17,false
CUST-005846,Jonas Smith,Lyon,Auvergne-Rhone-Alpes,France,2021-03-09,false
CUST-005847,Jonas Garcia,Berlin,Berlin,Germany,2022-10-04,true
CUST-005848,Elias Clark,Manchester,England,United Kingdom,2022-07-22,false
CUST-005849,Fatima Nielsen,Manchester,England,United Kingdom,2022-08-31,false
CUST-005850,Maya Korhonen,Copenhagen,Capital Region,Denmark,2020-09-24,true
CUST-005851,Mateo Garcia,Helsinki,Uusimaa,Finland,2024-12-29,true
CUST-005852,Amina Lopez,Gothenburg,Vastra Gotaland,Sweden,2026-01-28,true
CUST-005853,Nora Lopez,Vancouver,British Columbia,Canada,2025-08-12,true
CUST-005854,Jonas Khan,Tampere,Pirkanmaa,Finland,2020-11-22,true
CUST-005855,Isla Santos,Dublin,Leinster,Ireland,2025-04-08,true
CUST-005856,Amina Wilson,Manchester,England,United Kingdom,2021-10-16,false
CUST-005857,Leila Berg,Manchester,England,United Kingdom,2025-01-08,true
CUST-005858,Mateo Nielsen,Toronto,Ontario,Canada,2021-01-13,true
CUST-005859,Leila Ibrahim,Sydney,New South Wales,Australia,2022-10-24,true
CUST-005860,Nora Ali,Copenhagen,Capital Region,Denmark,2022-08-10,false
CUST-005861,Arthur Brown,Milan,Lombardy,Italy,2025-03-11,true
CUST-005862,Leila Dubois,Paris,Ile-de-France,France,2022-03-20,true
CUST-005863,Leo Taylor,Stockholm,Stockholm County,Sweden,2025-01-13,true
CUST-005864,Nora Taylor,Copenhagen,Capital Region,Denmark,2024-04-25,true
CUST-005865,Yusuf Petrov,Copenhagen,Capital Region,Denmark,2024-05-29,true
CUST-005866,Maya Khan,Madrid,Community of Madrid,Spain,2023-04-21,false
CUST-005867,Lucas Smith,Copenhagen,Capital Region,Denmark,2021-05-28,true
CUST-005868,Maya Berg,Lisbon,Lisbon,Portugal,2020-07-08,true
CUST-005869,Henry Silva,Vancouver,British Columbia,Canada,2022-01-23,false
CUST-005870,Maya Ibrahim,Tokyo,Tokyo,Japan,2024-09-11,true
CUST-005871,Fatima Nielsen,Lyon,Auvergne-Rhone-Alpes,France,2022-11-08,true
CUST-005872,Arthur Johnson,Dublin,Leinster,Ireland,2023-10-02,true
CUST-005873,Zara Muller,Madrid,Community of Madrid,Spain,2020-04-27,true
CUST-005874,Grace Wilson,Copenhagen,Capital Region,Denmark,2022-03-20,true
CUST-005875,Ada Ahmed,Brussels,Brussels-Capital,Belgium,2021-11-28,true
CUST-005876,Jonas Nielsen,Brussels,Brussels-Capital,Belgium,2022-10-15,true
CUST-005877,Lina Martin,Gothenburg,Vastra Gotaland,Sweden,2020-02-02,true
CUST-005878,Lucas Ahmed,Amsterdam,North Holland,Netherlands,2022-02-23,true
CUST-005879,Samuel Jensen,Paris,Ile-de-France,France,2024-05-23,true
CUST-005880,Chloe Virtanen,Austin,Texas,United States,2021-06-10,true
CUST-005881,Leila Berg,Dublin,Leinster,Ireland,2025-12-06,true
CUST-005882,Lucas Moore,Vienna,Vienna,Austria,2023-04-25,false
CUST-005883,Yusuf Wilson,Oslo,Oslo,Norway,2024-08-02,true
CUST-005884,Mateo Silva,Gothenburg,Vastra Gotaland,Sweden,2025-06-18,true
CUST-005885,Jonas Johnson,Toronto,Ontario,Canada,2022-12-18,true
CUST-005886,Zara Lopez,Turku,Southwest Finland,Finland,2020-06-30,true
CUST-005887,Leila Johnson,Warsaw,Masovian,Poland,2024-08-17,false
CUST-005888,Amina Garcia,Dublin,Leinster,Ireland,2026-01-09,true
CUST-005889,Jonas Clark,Vancouver,British Columbia,Canada,2023-10-27,true
CUST-005890,Sofia Garcia,Austin,Texas,United States,2025-03-04,true
CUST-005891,Lina Virtanen,Tampere,Pirkanmaa,Finland,2020-02-18,true
CUST-005892,Noah Ibrahim,Toronto,Ontario,Canada,2023-04-17,true
CUST-005893,Samuel Ibrahim,Berlin,Berlin,Germany,2025-03-17,true
CUST-005894,Zara Lopez,Amsterdam,North Holland,Netherlands,2021-01-02,false
CUST-005895,Sofia Smith,Toronto,Ontario,Canada,2022-09-19,true
CUST-005896,Fatima Khan,Brussels,Brussels-Capital,Belgium,2021-10-03,true
CUST-005897,Leila Lopez,Oslo,Oslo,Norway,2022-04-06,true
CUST-005898,Lina Korhonen,Vienna,Vienna,Austria,2020-05-04,true
CUST-005899,Oliver Williams,Helsinki,Uusimaa,Finland,2024-10-12,true
CUST-005900,Ada Rossi,Stockholm,Stockholm County,Sweden,2024-02-23,true
CUST-005901,Daniel Ibrahim,Amsterdam,North Holland,Netherlands,2023-08-10,true
CUST-005902,Grace Novak,Copenhagen,Capital Region,Denmark,2022-04-06,false
CUST-005903,Lina Virtanen,Toronto,Ontario,Canada,2020-08-04,false
CUST-005904,Yusuf Schmidt,Barcelona,Catalonia,Spain,2025-09-04,true
CUST-005905,Leo Andersson,Berlin,Berlin,Germany,2025-02-24,false
CUST-005906,Sofia Garcia,Gothenburg,Vastra Gotaland,Sweden,2021-10-08,true
CUST-005907,Leo Ali,Vancouver,British Columbia,Canada,2025-09-21,true
CUST-005908,Leo Santos,Warsaw,Masovian,Poland,2025-06-12,true
CUST-005909,Emma Brown,Sydney,New South Wales,Australia,2022-05-15,true
CUST-005910,Lucas Ahmed,Gothenburg,Vastra Gotaland,Sweden,2020-12-04,true
CUST-005911,Elias Khan,Vienna,Vienna,Austria,2025-05-04,true
CUST-005912,Fatima Moore,Tampere,Pirkanmaa,Finland,2020-01-10,true
CUST-005913,Isla Silva,Lisbon,Lisbon,Portugal,2022-05-12,true
CUST-005914,Lucas Santos,Barcelona,Catalonia,Spain,2021-03-08,false
CUST-005915,Isla Dubois,Barcelona,Catalonia,Spain,2023-09-18,false
CUST-005916,Fatima Davis,Berlin,Berlin,Germany,2026-01-28,true
CUST-005917,Lina Garcia,Oslo,Oslo,Norway,2025-05-23,true
CUST-005918,Lucas Garcia,Milan,Lombardy,Italy,2024-07-29,true
CUST-005919,Arthur Ali,Munich,Bavaria,Germany,2021-12-02,true
CUST-005920,Leo Johnson,Gothenburg,Vastra Gotaland,Sweden,2020-04-12,true
CUST-005921,Daniel Johnson,Rome,Lazio,Italy,2020-08-01,true
CUST-005922,Daniel Petrov,Copenhagen,Capital Region,Denmark,2026-05-04,true
CUST-005923,Leila Rossi,Tampere,Pirkanmaa,Finland,2026-01-24,true
CUST-005924,Benjamin Ahmed,Munich,Bavaria,Germany,2020-05-03,true
CUST-005925,Eva Muller,Milan,Lombardy,Italy,2022-03-25,false
CUST-005926,Lucas Ibrahim,Milan,Lombardy,Italy,2023-03-30,true
CUST-005927,Yusuf Santos,Gothenburg,Vastra Gotaland,Sweden,2023-02-08,true
CUST-005928,Lucas Silva,Vienna,Vienna,Austria,2025-01-29,false
CUST-005929,Mila Moore,Vancouver,British Columbia,Canada,2021-03-04,true
CUST-005930,Leo Martin,Stockholm,Stockholm County,Sweden,2023-08-06,true
CUST-005931,Grace Brown,Austin,Texas,United States,2023-04-28,true
CUST-005932,Elias Virtanen,Rome,Lazio,Italy,2020-09-17,true
CUST-005933,Chloe Santos,Turku,Southwest Finland,Finland,2021-03-25,true
CUST-005934,Lucas Santos,Milan,Lombardy,Italy,2026-06-13,true
CUST-005935,Benjamin Johnson,Vancouver,British Columbia,Canada,2023-01-03,true
CUST-005936,Lina Nielsen,Dublin,Leinster,Ireland,2021-09-04,true
CUST-005937,Ada Nielsen,Manchester,England,United Kingdom,2025-02-11,true
CUST-005938,Mateo Johnson,Prague,Prague,Czechia,2026-01-04,true
CUST-005939,Lucas Williams,Lyon,Auvergne-Rhone-Alpes,France,2023-02-24,true
CUST-005940,Zara Korhonen,New York,New York,United States,2022-08-10,true
CUST-005941,Mila Nielsen,Austin,Texas,United States,2022-12-31,true
CUST-005942,Arthur Novak,Oslo,Oslo,Norway,2025-07-26,false
CUST-005943,Fatima Williams,Stockholm,Stockholm County,Sweden,2021-02-24,true
CUST-005944,Maya Brown,Berlin,Berlin,Germany,2020-02-28,true
CUST-005945,Nora Korhonen,Turku,Southwest Finland,Finland,2025-01-24,true
CUST-005946,Henry Davis,Vienna,Vienna,Austria,2020-01-18,true
CUST-005947,Emma Ali,Copenhagen,Capital Region,Denmark,2021-03-04,true
CUST-005948,David Muller,Prague,Prague,Czechia,2024-08-12,true
CUST-005949,Emma Wilson,Turku,Southwest Finland,Finland,2020-12-25,true
CUST-005950,Benjamin Nielsen,Vienna,Vienna,Austria,2021-09-10,true
CUST-005951,Henry Virtanen,New York,New York,United States,2023-07-28,true
CUST-005952,Leila Taylor,Manchester,England,United Kingdom,2023-01-06,true
CUST-005953,Oliver Santos,Milan,Lombardy,Italy,2024-06-28,true
CUST-005954,Chloe Muller,Prague,Prague,Czechia,2024-07-15,true
CUST-005955,Amina Petrov,Berlin,Berlin,Germany,2022-04-28,true
CUST-005956,Lucas Ibrahim,Prague,Prague,Czechia,2024-02-19,true
CUST-005957,Zara Petrov,Tokyo,Tokyo,Japan,2022-07-08,false
CUST-005958,Oliver Garcia,London,England,United Kingdom,2025-07-18,true
CUST-005959,Nora Clark,Berlin,Berlin,Germany,2020-12-21,true
CUST-005960,Chloe Garcia,Manchester,England,United Kingdom,2023-06-14,true
CUST-005961,Ada Johnson,Lisbon,Lisbon,Portugal,2023-11-16,true
CUST-005962,Oliver Johnson,London,England,United Kingdom,2021-07-05,true
CUST-005963,Lucas Silva,Stockholm,Stockholm County,Sweden,2025-11-22,true
CUST-005964,Emma Berg,Warsaw,Masovian,Poland,2021-10-11,false
CUST-005965,Benjamin Korhonen,Madrid,Community of Madrid,Spain,2023-07-10,true
CUST-005966,Henry Lopez,Rome,Lazio,Italy,2022-09-27,true
CUST-005967,Fatima Berg,Sydney,New South Wales,Australia,2024-01-23,true
CUST-005968,Mila Muller,Prague,Prague,Czechia,2025-11-17,true
CUST-005969,Oliver Novak,Munich,Bavaria,Germany,2020-09-04,true
CUST-005970,Fatima Rossi,Rome,Lazio,Italy,2026-01-07,true
CUST-005971,Zara Muller,Dublin,Leinster,Ireland,2020-12-30,true
CUST-005972,Emma Schmidt,Berlin,Berlin,Germany,2021-02-28,true
CUST-005973,Eva Smith,Amsterdam,North Holland,Netherlands,2023-09-14,false
CUST-005974,Sofia Santos,Berlin,Berlin,Germany,2024-08-10,true
CUST-005975,Chloe Lopez,Stockholm,Stockholm County,Sweden,2022-07-03,true
CUST-005976,Emma Martin,Gothenburg,Vastra Gotaland,Sweden,2021-09-15,true
CUST-005977,Ada Dubois,Madrid,Community of Madrid,Spain,2023-01-19,true
CUST-005978,Amina Novak,Rome,Lazio,Italy,2021-02-20,true
CUST-005979,Omar Silva,Oslo,Oslo,Norway,2025-11-17,true
CUST-005980,Yusuf Davis,Amsterdam,North Holland,Netherlands,2024-02-18,true
CUST-005981,Samuel Clark,Tokyo,Tokyo,Japan,2022-02-17,true
CUST-005982,Mila Ibrahim,Vancouver,British Columbia,Canada,2024-04-21,true
CUST-005983,Grace Davis,Madrid,Community of Madrid,Spain,2021-01-31,true
CUST-005984,Leo Dubois,New York,New York,United States,2020-08-29,true
CUST-005985,Fatima Ibrahim,Austin,Texas,United States,2023-12-12,true
CUST-005986,Henry Andersson,Paris,Ile-de-France,France,2025-04-19,true
CUST-005987,Emma Garcia,Sydney,New South Wales,Australia,2024-02-11,true
CUST-005988,Amina Jensen,Lisbon,Lisbon,Portugal,2021-05-21,true
CUST-005989,Zara Ahmed,New York,New York,United States,2026-08-07,true
CUST-005990,Fatima Clark,Milan,Lombardy,Italy,2025-01-22,true
CUST-005991,Mila Khan,Vancouver,British Columbia,Canada,2026-03-19,true
CUST-005992,Jonas Martin,Barcelona,Catalonia,Spain,2024-02-04,true
CUST-005993,Daniel Davis,Warsaw,Masovian,Poland,2022-05-09,true
CUST-005994,Ada Schmidt,Stockholm,Stockholm County,Sweden,2024-10-03,true
CUST-005995,Mila Silva,Lisbon,Lisbon,Portugal,2024-10-07,true
CUST-005996,Jonas Rossi,Berlin,Berlin,Germany,2025-03-27,false
CUST-005997,Ada Berg,Sydney,New South Wales,Australia,2023-04-24,true
CUST-005998,Benjamin Johnson,Rome,Lazio,Italy,2020-07-06,true
CUST-005999,Maya Nielsen,London,England,United Kingdom,2022-10-29,true
CUST-006000,Chloe Ahmed,Manchester,England,United Kingdom,2020-05-21,true
CUST-006001,Maya Lopez,Amsterdam,North Holland,Netherlands,2024-11-30,true
CUST-006002,Emma Jensen,Berlin,Berlin,Germany,2025-01-29,true
CUST-006003,Mateo Dubois,Munich,Bavaria,Germany,2026-03-05,true
CUST-006004,Isla Ahmed,Madrid,Community of Madrid,Spain,2024-05-07,true
CUST-006005,Sofia Moore,Madrid,Community of Madrid,Spain,2020-06-19,true
CUST-006006,Mila Silva,Paris,Ile-de-France,France,2020-06-19,true
CUST-006007,Mateo Lopez,Sydney,New South Wales,Australia,2021-10-27,true
CUST-006008,Jonas Rossi,Helsinki,Uusimaa,Finland,2022-07-18,true
CUST-006009,Oliver Dubois,Oslo,Oslo,Norway,2021-04-16,true
CUST-006010,Leo Moore,Paris,Ile-de-France,France,2021-03-14,false
CUST-006011,Nora Wilson,Toronto,Ontario,Canada,2023-06-28,true
CUST-006012,Grace Jensen,Amsterdam,North Holland,Netherlands,2020-09-13,true
CUST-006013,Emma Dubois,Manchester,England,United Kingdom,2025-06-22,true
CUST-006014,Henry Lopez,Oslo,Oslo,Norway,2022-01-05,true
CUST-006015,David Andersson,Copenhagen,Capital Region,Denmark,2024-06-09,false
CUST-006016,Oliver Smith,Austin,Texas,United States,2021-01-15,true
CUST-006017,Lina Brown,Prague,Prague,Czechia,2026-09-01,true
CUST-006018,Mila Ali,Tampere,Pirkanmaa,Finland,2026-04-29,true
CUST-006019,Nora Andersson,Milan,Lombardy,Italy,2020-01-12,true
CUST-006020,Oliver Williams,Austin,Texas,United States,2021-11-08,true
CUST-006021,Chloe Khan,Helsinki,Uusimaa,Finland,2022-08-01,true
CUST-006022,Chloe Moore,Sydney,New South Wales,Australia,2026-02-18,false
CUST-006023,Leila Davis,Berlin,Berlin,Germany,2023-10-15,true
CUST-006024,Mila Silva,Copenhagen,Capital Region,Denmark,2025-07-25,true
CUST-006025,Omar Martin,Oslo,Oslo,Norway,2024-07-19,true
CUST-006026,Sofia Williams,London,England,United Kingdom,2026-02-27,true
CUST-006027,Omar Martin,Sydney,New South Wales,Australia,2022-05-07,true
CUST-006028,Isla Berg,Lisbon,Lisbon,Portugal,2021-12-28,true
CUST-006029,Eva Lopez,Helsinki,Uusimaa,Finland,2024-05-20,true
CUST-006030,Ada Dubois,Toronto,Ontario,Canada,2026-05-02,true
CUST-006031,Fatima Ibrahim,London,England,United Kingdom,2023-06-25,true
CUST-006032,Grace Williams,Madrid,Community of Madrid,Spain,2022-01-16,true
CUST-006033,David Muller,Dublin,Leinster,Ireland,2023-06-24,false
CUST-006034,Ada Ahmed,Austin,Texas,United States,2025-05-02,true
CUST-006035,Mila Ahmed,Stockholm,Stockholm County,Sweden,2025-08-30,true
CUST-006036,Isla Garcia,Helsinki,Uusimaa,Finland,2025-01-31,true
CUST-006037,Omar Dubois,Amsterdam,North Holland,Netherlands,2023-07-29,true
CUST-006038,Sofia Rossi,Vienna,Vienna,Austria,2022-10-02,true
CUST-006039,Benjamin Rossi,Tampere,Pirkanmaa,Finland,2026-08-25,true
CUST-006040,Emma Ibrahim,Dublin,Leinster,Ireland,2025-04-02,true
CUST-006041,Isla Santos,Warsaw,Masovian,Poland,2020-09-09,true
CUST-006042,Leila Andersson,Manchester,England,United Kingdom,2025-10-31,true
CUST-006043,Chloe Moore,Munich,Bavaria,Germany,2023-02-15,true
CUST-006044,Oliver Andersson,Copenhagen,Capital Region,Denmark,2023-06-06,false
CUST-006045,Nora Korhonen,Copenhagen,Capital Region,Denmark,2025-04-02,true
CUST-006046,Amina Petrov,Milan,Lombardy,Italy,2021-08-24,true
CUST-006047,Sofia Ibrahim,Sydney,New South Wales,Australia,2022-01-03,true
CUST-006048,Ada Wilson,Vancouver,British Columbia,Canada,2026-08-25,false
CUST-006049,Sofia Korhonen,New York,New York,United States,2026-04-11,false
CUST-006050,Maya Ibrahim,Turku,Southwest Finland,Finland,2024-03-05,true
CUST-006051,Lucas Petrov,Barcelona,Catalonia,Spain,2025-06-29,true
CUST-006052,Elias Andersson,London,England,United Kingdom,2024-12-21,true
CUST-006053,Samuel Johnson,Copenhagen,Capital Region,Denmark,2026-03-25,true
CUST-006054,Oliver Smith,Toronto,Ontario,Canada,2020-04-09,true
CUST-006055,Isla Taylor,Milan,Lombardy,Italy,2020-06-17,true
CUST-006056,Fatima Nielsen,Lyon,Auvergne-Rhone-Alpes,France,2024-06-10,true
CUST-006057,Omar Wilson,Paris,Ile-de-France,France,2020-12-27,true
CUST-006058,David Wilson,Turku,Southwest Finland,Finland,2020-09-26,true
CUST-006059,Jonas Khan,Turku,Southwest Finland,Finland,2024-06-21,true
CUST-006060,Zara Martin,Tokyo,Tokyo,Japan,2022-09-01,true
CUST-006061,Eva Lopez,Paris,Ile-de-France,France,2021-06-14,true
CUST-006062,David Andersson,Austin,Texas,United States,2023-11-28,true
CUST-006063,David Moore,Helsinki,Uusimaa,Finland,2021-12-21,true
CUST-006064,Amina Virtanen,Rome,Lazio,Italy,2022-05-05,true
CUST-006065,Chloe Williams,Tampere,Pirkanmaa,Finland,2021-04-25,true
CUST-006066,Oliver Andersson,Munich,Bavaria,Germany,2021-02-04,true
CUST-006067,Leo Williams,New York,New York,United States,2026-07-31,true
CUST-006068,David Nielsen,Vancouver,British Columbia,Canada,2025-12-26,true
CUST-006069,Oliver Wilson,Prague,Prague,Czechia,2024-03-18,true
CUST-006070,Isla Nielsen,Berlin,Berlin,Germany,2021-07-26,true
CUST-006071,Leo Nielsen,Copenhagen,Capital Region,Denmark,2026-04-12,true
CUST-006072,Arthur Ali,Berlin,Berlin,Germany,2023-09-30,true
CUST-006073,Isla Ibrahim,London,England,United Kingdom,2024-10-06,true
CUST-006074,Fatima Garcia,Dublin,Leinster,Ireland,2022-10-22,true
CUST-006075,Nora Santos,Tokyo,Tokyo,Japan,2024-01-03,true
CUST-006076,Henry Johnson,Austin,Texas,United States,2021-01-31,true
CUST-006077,Mateo Korhonen,Madrid,Community of Madrid,Spain,2026-08-29,false
CUST-006078,Zara Khan,Vancouver,British Columbia,Canada,2020-07-11,true
CUST-006079,Leo Nielsen,Lyon,Auvergne-Rhone-Alpes,France,2020-08-21,true
CUST-006080,Noah Nielsen,Barcelona,Catalonia,Spain,2021-04-23,true
CUST-006081,Lucas Martin,Lyon,Auvergne-Rhone-Alpes,France,2022-05-08,true
CUST-006082,Benjamin Rossi,Brussels,Brussels-Capital,Belgium,2020-12-10,true
CUST-006083,Jonas Lopez,Lyon,Auvergne-Rhone-Alpes,France,2022-08-18,true
CUST-006084,Chloe Ali,Rome,Lazio,Italy,2026-07-11,true
CUST-006085,Jonas Brown,Austin,Texas,United States,2020-11-05,false
CUST-006086,Jonas Martin,Tampere,Pirkanmaa,Finland,2026-03-21,true
CUST-006087,Mateo Jensen,Rome,Lazio,Italy,2024-10-10,false
CUST-006088,Grace Novak,Berlin,Berlin,Germany,2021-12-30,true
CUST-006089,Amina Johnson,Gothenburg,Vastra Gotaland,Sweden,2024-11-01,true
CUST-006090,Arthur Santos,Amsterdam,North Holland,Netherlands,2025-09-26,true
CUST-006091,Leo Virtanen,Lisbon,Lisbon,Portugal,2020-05-23,true
CUST-006092,Mateo Smith,Berlin,Berlin,Germany,2024-03-21,true
CUST-006093,Omar Nielsen,Prague,Prague,Czechia,2020-03-06,true
CUST-006094,Maya Petrov,Manchester,England,United Kingdom,2020-11-04,true
CUST-006095,Leila Silva,Tampere,Pirkanmaa,Finland,2026-01-11,true
CUST-006096,Omar Khan,Lyon,Auvergne-Rhone-Alpes,France,2020-10-21,true
CUST-006097,Samuel Andersson,Tampere,Pirkanmaa,Finland,2022-08-22,true
CUST-006098,Isla Ali,Prague,Prague,Czechia,2025-07-26,true
CUST-006099,Mateo Ahmed,Copenhagen,Capital Region,Denmark,2022-10-18,false
CUST-006100,Maya Clark,Munich,Bavaria,Germany,2026-01-05,true
CUST-006101,Zara Brown,Paris,Ile-de-France,France,2021-03-08,true
CUST-006102,Lina Schmidt,Vancouver,British Columbia,Canada,2020-11-21,false
CUST-006103,Leo Virtanen,Rome,Lazio,Italy,2025-02-16,true
CUST-006104,Benjamin Ali,Warsaw,Masovian,Poland,2023-04-26,true
CUST-006105,Lucas Martin,Amsterdam,North Holland,Netherlands,2026-04-11,true
CUST-006106,Maya Garcia,Rome,Lazio,Italy,2022-02-11,false
CUST-006107,Noah Clark,Oslo,Oslo,Norway,2022-02-10,false
CUST-006108,Sofia Brown,Barcelona,Catalonia,Spain,2022-02-24,true
CUST-006109,Zara Clark,Berlin,Berlin,Germany,2025-10-25,false
CUST-006110,Maya Nielsen,Turku,Southwest Finland,Finland,2026-07-10,true
CUST-006111,Fatima Novak,Vancouver,British Columbia,Canada,2025-08-12,true
CUST-006112,Lina Taylor,Turku,Southwest Finland,Finland,2023-08-03,true
CUST-006113,Eva Korhonen,Sydney,New South Wales,Australia,2020-05-28,false
CUST-006114,Daniel Petrov,Dublin,Leinster,Ireland,2024-03-27,true
CUST-006115,David Clark,Vienna,Vienna,Austria,2020-05-20,true
CUST-006116,Ada Khan,New York,New York,United States,2025-04-25,true
CUST-006117,Benjamin Khan,Sydney,New South Wales,Australia,2024-01-28,true
CUST-006118,Daniel Jensen,Rome,Lazio,Italy,2023-03-04,true
CUST-006119,Samuel Berg,Berlin,Berlin,Germany,2020-05-02,true
CUST-006120,Henry Jensen,Lisbon,Lisbon,Portugal,2024-03-13,true
CUST-006121,Henry Dubois,Vienna,Vienna,Austria,2025-02-23,true
CUST-006122,Mila Taylor,Sydney,New South Wales,Australia,2020-07-10,true
CUST-006123,Elias Martin,Toronto,Ontario,Canada,2022-10-31,true
CUST-006124,Nora Virtanen,Turku,Southwest Finland,Finland,2023-04-17,true
CUST-006125,Zara Muller,Berlin,Berlin,Germany,2023-10-29,false
CUST-006126,Mateo Ahmed,Lisbon,Lisbon,Portugal,2021-12-05,true
CUST-006127,Ada Silva,Oslo,Oslo,Norway,2021-10-14,true
CUST-006128,Lucas Novak,Warsaw,Masovian,Poland,2024-12-28,true
CUST-006129,Benjamin Dubois,Copenhagen,Capital Region,Denmark,2024-04-05,true
CUST-006130,Zara Lopez,Madrid,Community of Madrid,Spain,2024-02-01,true
CUST-006131,Zara Dubois,Copenhagen,Capital Region,Denmark,2021-08-21,true
CUST-006132,Emma Ali,Amsterdam,North Holland,Netherlands,2020-06-24,true
CUST-006133,Leila Martin,Amsterdam,North Holland,Netherlands,2020-11-29,false
CUST-006134,Oliver Berg,Lyon,Auvergne-Rhone-Alpes,France,2025-03-22,true
CUST-006135,Maya Santos,Madrid,Community of Madrid,Spain,2022-09-18,true
CUST-006136,Noah Johnson,Berlin,Berlin,Germany,2020-08-04,true
CUST-006137,Grace Garcia,Milan,Lombardy,Italy,2020-08-06,true
CUST-006138,David Nielsen,Oslo,Oslo,Norway,2022-08-02,true
CUST-006139,Lina Johnson,Dublin,Leinster,Ireland,2023-07-17,true
CUST-006140,Isla Muller,Helsinki,Uusimaa,Finland,2021-06-10,true
CUST-006141,Leo Muller,Tampere,Pirkanmaa,Finland,2023-02-11,true
CUST-006142,Daniel Dubois,Warsaw,Masovian,Poland,2024-08-24,true
CUST-006143,Lucas Davis,Tokyo,Tokyo,Japan,2020-08-10,true
CUST-006144,Samuel Rossi,Copenhagen,Capital Region,Denmark,2020-01-08,true
CUST-006145,Ada Virtanen,Lisbon,Lisbon,Portugal,2025-03-28,true
CUST-006146,Oliver Martin,Copenhagen,Capital Region,Denmark,2020-06-30,true
CUST-006147,Eva Garcia,London,England,United Kingdom,2021-02-15,false
CUST-006148,Ada Wilson,Gothenburg,Vastra Gotaland,Sweden,2023-03-08,true
CUST-006149,Noah Johnson,Munich,Bavaria,Germany,2021-02-05,true
CUST-006150,Isla Ali,Prague,Prague,Czechia,2024-03-29,true
CUST-006151,Zara Schmidt,Helsinki,Uusimaa,Finland,2025-11-26,true
CUST-006152,Samuel Johnson,Vancouver,British Columbia,Canada,2021-09-04,true
CUST-006153,Eva Schmidt,Stockholm,Stockholm County,Sweden,2020-04-12,true
CUST-006154,Daniel Rossi,Sydney,New South Wales,Australia,2020-01-16,true
CUST-006155,Zara Wilson,Milan,Lombardy,Italy,2021-04-03,true
CUST-006156,Sofia Novak,Helsinki,Uusimaa,Finland,2022-11-21,true
CUST-006157,Yusuf Williams,Oslo,Oslo,Norway,2026-08-02,false
CUST-006158,Noah Berg,London,England,United Kingdom,2022-06-14,true
CUST-006159,Amina Santos,Vancouver,British Columbia,Canada,2020-07-09,true
CUST-006160,Fatima Andersson,Munich,Bavaria,Germany,2023-10-15,true
CUST-006161,Sofia Santos,Amsterdam,North Holland,Netherlands,2022-04-04,true
CUST-006162,Elias Silva,Sydney,New South Wales,Australia,2020-11-17,true
CUST-006163,Isla Johnson,Toronto,Ontario,Canada,2023-11-09,true
CUST-006164,Sofia Ahmed,Milan,Lombardy,Italy,2021-01-29,true
CUST-006165,Daniel Johnson,London,England,United Kingdom,2024-01-29,true
CUST-006166,Elias Petrov,Manchester,England,United Kingdom,2026-03-24,false
CUST-006167,Arthur Wilson,Prague,Prague,Czechia,2020-04-28,true
CUST-006168,Elias Brown,Vienna,Vienna,Austria,2023-07-29,true
CUST-006169,Lina Khan,Milan,Lombardy,Italy,2025-09-30,true
CUST-006170,Isla Santos,Manchester,England,United Kingdom,2025-03-25,false
CUST-006171,Eva Martin,Dublin,Leinster,Ireland,2024-06-26,true
CUST-006172,Mila Santos,Tokyo,Tokyo,Japan,2020-02-21,true
CUST-006173,Elias Ali,Madrid,Community of Madrid,Spain,2023-03-24,true
CUST-006174,Omar Ahmed,Lyon,Auvergne-Rhone-Alpes,France,2023-10-23,true
CUST-006175,Benjamin Taylor,Prague,Prague,Czechia,2021-02-16,false
CUST-006176,Leo Ibrahim,London,England,United Kingdom,2025-03-16,true
CUST-006177,Henry Nielsen,Tampere,Pirkanmaa,Finland,2020-11-14,true
CUST-006178,Daniel Ibrahim,Lyon,Auvergne-Rhone-Alpes,France,2021-09-22,true
CUST-006179,Noah Brown,Tampere,Pirkanmaa,Finland,2020-08-27,true
CUST-006180,Arthur Brown,Amsterdam,North Holland,Netherlands,2024-12-23,true
CUST-006181,Noah Davis,London,England,United Kingdom,2024-10-04,true
CUST-006182,Jonas Lopez,Milan,Lombardy,Italy,2023-01-09,true
CUST-006183,Noah Virtanen,Amsterdam,North Holland,Netherlands,2021-12-15,true
CUST-006184,Yusuf Clark,Austin,Texas,United States,2023-02-11,true
CUST-006185,Benjamin Schmidt,Copenhagen,Capital Region,Denmark,2024-07-15,true
CUST-006186,Amina Muller,Toronto,Ontario,Canada,2021-05-27,true
CUST-006187,Fatima Taylor,Tampere,Pirkanmaa,Finland,2021-12-01,true
CUST-006188,Daniel Korhonen,Copenhagen,Capital Region,Denmark,2025-09-15,true
CUST-006189,Maya Lopez,Helsinki,Uusimaa,Finland,2020-03-28,true
CUST-006190,Maya Rossi,Manchester,England,United Kingdom,2021-07-26,true
CUST-006191,Noah Virtanen,Dublin,Leinster,Ireland,2025-04-10,false
CUST-006192,Henry Williams,Tokyo,Tokyo,Japan,2020-10-13,true
CUST-006193,Samuel Virtanen,Prague,Prague,Czechia,2025-05-01,true
CUST-006194,Emma Virtanen,Vienna,Vienna,Austria,2025-09-15,false
CUST-006195,Mila Schmidt,Berlin,Berlin,Germany,2023-08-20,true
CUST-006196,Zara Khan,Gothenburg,Vastra Gotaland,Sweden,2022-07-01,true
CUST-006197,Chloe Johnson,Berlin,Berlin,Germany,2025-08-16,true
CUST-006198,Zara Muller,Manchester,England,United Kingdom,2022-10-11,true
CUST-006199,Isla Jensen,Rome,Lazio,Italy,2021-01-07,true
CUST-006200,Henry Brown,Milan,Lombardy,Italy,2024-12-05,false
CUST-006201,Emma Rossi,Prague,Prague,Czechia,2022-04-14,true
CUST-006202,Arthur Wilson,Lisbon,Lisbon,Portugal,2026-08-03,true
CUST-006203,Daniel Johnson,Tampere,Pirkanmaa,Finland,2024-07-29,false
CUST-006204,Daniel Schmidt,Brussels,Brussels-Capital,Belgium,2025-10-17,true
CUST-006205,Leo Korhonen,Lyon,Auvergne-Rhone-Alpes,France,2021-10-02,true
CUST-006206,Benjamin Virtanen,Barcelona,Catalonia,Spain,2023-06-04,false
CUST-006207,Lucas Schmidt,Turku,Southwest Finland,Finland,2021-02-01,true
CUST-006208,Oliver Schmidt,Turku,Southwest Finland,Finland,2021-09-19,true
CUST-006209,Samuel Virtanen,Turku,Southwest Finland,Finland,2023-12-28,true
CUST-006210,Omar Andersson,Toronto,Ontario,Canada,2025-06-01,true
CUST-006211,Maya Korhonen,Amsterdam,North Holland,Netherlands,2021-07-20,true
CUST-006212,Yusuf Petrov,Rome,Lazio,Italy,2025-03-28,true
CUST-006213,Zara Martin,London,England,United Kingdom,2022-02-13,true
CUST-006214,Elias Andersson,Copenhagen,Capital Region,Denmark,2020-04-24,true
CUST-006215,Omar Korhonen,Toronto,Ontario,Canada,2024-02-15,true
CUST-006216,Oliver Ali,New York,New York,United States,2021-11-06,true
CUST-006217,Lucas Muller,Sydney,New South Wales,Australia,2021-06-15,true
CUST-006218,Leo Moore,New York,New York,United States,2023-11-25,true
CUST-006219,Arthur Ali,Munich,Bavaria,Germany,2021-02-28,true
CUST-006220,Leila Ibrahim,Prague,Prague,Czechia,2020-10-08,true
CUST-006221,Nora Lopez,London,England,United Kingdom,2020-11-21,true
CUST-006222,Chloe Johnson,Lyon,Auvergne-Rhone-Alpes,France,2022-04-16,true
CUST-006223,Elias Brown,London,England,United Kingdom,2024-02-26,true
CUST-006224,Henry Garcia,Barcelona,Catalonia,Spain,2020-12-05,true
CUST-006225,David Ali,Barcelona,Catalonia,Spain,2021-06-05,true
CUST-006226,Noah Schmidt,Dublin,Leinster,Ireland,2020-06-18,true
CUST-006227,Samuel Novak,Manchester,England,United Kingdom,2021-12-08,true
CUST-006228,Leo Jensen,Lisbon,Lisbon,Portugal,2022-06-12,false
CUST-006229,Oliver Taylor,Milan,Lombardy,Italy,2021-06-08,true
CUST-006230,Benjamin Nielsen,Helsinki,Uusimaa,Finland,2020-12-06,true
CUST-006231,Lina Schmidt,Oslo,Oslo,Norway,2022-12-17,true
CUST-006232,Fatima Brown,Rome,Lazio,Italy,2022-01-06,false
CUST-006233,Benjamin Lopez,Oslo,Oslo,Norway,2020-01-31,true
CUST-006234,Oliver Silva,Tokyo,Tokyo,Japan,2025-05-18,false
CUST-006235,Samuel Moore,Madrid,Community of Madrid,Spain,2020-03-18,false
CUST-006236,Lucas Dubois,Barcelona,Catalonia,Spain,2025-08-07,true
CUST-006237,Zara Rossi,Warsaw,Masovian,Poland,2025-03-29,true
CUST-006238,Leo Moore,Madrid,Community of Madrid,Spain,2020-02-02,true
CUST-006239,Isla Petrov,Sydney,New South Wales,Australia,2026-03-05,false
CUST-006240,Fatima Khan,Sydney,New South Wales,Australia,2020-03-10,true
CUST-006241,Emma Khan,Copenhagen,Capital Region,Denmark,2023-11-04,true
CUST-006242,Samuel Berg,Austin,Texas,United States,2021-03-29,true
CUST-006243,Arthur Khan,Sydney,New South Wales,Australia,2026-06-30,false
CUST-006244,Lina Ali,Milan,Lombardy,Italy,2021-07-06,true
CUST-006245,Chloe Korhonen,Oslo,Oslo,Norway,2021-03-21,true
CUST-006246,Nora Muller,London,England,United Kingdom,2024-02-10,true
CUST-006247,Oliver Ahmed,Paris,Ile-de-France,France,2023-02-09,true
CUST-006248,Emma Smith,Prague,Prague,Czechia,2022-08-07,true
CUST-006249,David Brown,Oslo,Oslo,Norway,2023-11-18,false
CUST-006250,Ada Garcia,Paris,Ile-de-France,France,2022-05-05,true
CUST-006251,Nora Nielsen,New York,New York,United States,2025-06-17,true
CUST-006252,Benjamin Johnson,Berlin,Berlin,Germany,2023-07-04,false
CUST-006253,Lucas Smith,Copenhagen,Capital Region,Denmark,2022-03-15,true
CUST-006254,Jonas Ali,Vienna,Vienna,Austria,2024-10-25,true
CUST-006255,Benjamin Santos,Copenhagen,Capital Region,Denmark,2023-10-02,true
CUST-006256,Daniel Ahmed,Lisbon,Lisbon,Portugal,2023-11-09,false
CUST-006257,Leila Rossi,London,England,United Kingdom,2024-06-17,true
CUST-006258,David Andersson,Lyon,Auvergne-Rhone-Alpes,France,2025-12-18,false
CUST-006259,Zara Petrov,Prague,Prague,Czechia,2026-07-03,true
CUST-006260,Lucas Rossi,Milan,Lombardy,Italy,2021-08-31,true
CUST-006261,David Garcia,Copenhagen,Capital Region,Denmark,2021-09-08,true
CUST-006262,Oliver Smith,Lyon,Auvergne-Rhone-Alpes,France,2020-08-08,true
CUST-006263,Leo Novak,Barcelona,Catalonia,Spain,2026-01-29,true
CUST-006264,Eva Garcia,Tokyo,Tokyo,Japan,2023-07-26,false
CUST-006265,Oliver Wilson,Stockholm,Stockholm County,Sweden,2024-12-13,true
CUST-006266,Arthur Garcia,Turku,Southwest Finland,Finland,2022-07-07,true
CUST-006267,Fatima Ahmed,New York,New York,United States,2024-08-02,false
CUST-006268,Arthur Dubois,Tampere,Pirkanmaa,Finland,2026-06-25,true
CUST-006269,Daniel Ahmed,Warsaw,Masovian,Poland,2024-06-27,true
CUST-006270,Benjamin Lopez,Rome,Lazio,Italy,2020-12-07,true
CUST-006271,Benjamin Santos,Sydney,New South Wales,Australia,2020-06-29,true
CUST-006272,Lina Silva,Barcelona,Catalonia,Spain,2025-12-08,false
CUST-006273,Omar Clark,Paris,Ile-de-France,France,2022-04-18,true
CUST-006274,Henry Silva,Barcelona,Catalonia,Spain,2024-06-07,true
CUST-006275,Samuel Berg,Oslo,Oslo,Norway,2024-12-04,true
CUST-006276,Daniel Smith,Amsterdam,North Holland,Netherlands,2021-01-24,true
CUST-006277,Noah Williams,Lyon,Auvergne-Rhone-Alpes,France,2024-05-11,true
CUST-006278,Yusuf Berg,Turku,Southwest Finland,Finland,2022-11-23,false
CUST-006279,Samuel Ahmed,Rome,Lazio,Italy,2024-09-26,false
CUST-006280,Mila Martin,Austin,Texas,United States,2021-06-02,true
CUST-006281,Sofia Berg,Vienna,Vienna,Austria,2020-07-25,true
CUST-006282,Maya Petrov,Warsaw,Masovian,Poland,2020-05-29,true
CUST-006283,Jonas Khan,Warsaw,Masovian,Poland,2024-09-07,true
CUST-006284,Fatima Khan,Lyon,Auvergne-Rhone-Alpes,France,2022-04-22,true
CUST-006285,Maya Rossi,Rome,Lazio,Italy,2022-02-12,true
CUST-006286,Maya Ahmed,Turku,Southwest Finland,Finland,2026-07-11,true
CUST-006287,Ada Williams,Sydney,New South Wales,Australia,2022-05-29,true
CUST-006288,Jonas Taylor,Munich,Bavaria,Germany,2023-11-14,true
CUST-006289,Grace Berg,Berlin,Berlin,Germany,2020-11-28,true
CUST-006290,Eva Dubois,Helsinki,Uusimaa,Finland,2021-10-25,true
CUST-006291,Mila Garcia,Lyon,Auvergne-Rhone-Alpes,France,2025-02-25,true
CUST-006292,Daniel Petrov,Dublin,Leinster,Ireland,2023-11-30,false
CUST-006293,Elias Berg,Sydney,New South Wales,Australia,2024-02-21,true
CUST-006294,Arthur Virtanen,Austin,Texas,United States,2022-03-22,true
CUST-006295,Isla Petrov,Milan,Lombardy,Italy,2025-05-28,true
CUST-006296,Mateo Clark,Vancouver,British Columbia,Canada,2022-12-22,true
CUST-006297,Jonas Davis,Barcelona,Catalonia,Spain,2025-04-09,true
CUST-006298,Arthur Schmidt,Paris,Ile-de-France,France,2021-02-07,true
CUST-006299,Eva Petrov,Austin,Texas,United States,2020-12-15,true
CUST-006300,Elias Jensen,Stockholm,Stockholm County,Sweden,2021-09-08,true
CUST-006301,Arthur Ali,Austin,Texas,United States,2021-03-30,true
CUST-006302,Maya Jensen,Brussels,Brussels-Capital,Belgium,2023-08-10,true
CUST-006303,Amina Dubois,Amsterdam,North Holland,Netherlands,2026-08-22,true
CUST-006304,Lina Lopez,Munich,Bavaria,Germany,2025-08-07,true
CUST-006305,Sofia Petrov,Vienna,Vienna,Austria,2020-06-26,false
CUST-006306,Leila Korhonen,Tampere,Pirkanmaa,Finland,2022-05-16,true
CUST-006307,Jonas Johnson,Paris,Ile-de-France,France,2026-05-31,false
CUST-006308,Oliver Ibrahim,New York,New York,United States,2020-10-27,true
CUST-006309,Maya Brown,Copenhagen,Capital Region,Denmark,2021-06-02,true
CUST-006310,Jonas Dubois,Warsaw,Masovian,Poland,2025-09-16,false
CUST-006311,Lina Silva,Rome,Lazio,Italy,2023-04-04,true
CUST-006312,Henry Rossi,Copenhagen,Capital Region,Denmark,2025-09-27,true
CUST-006313,Mila Wilson,Manchester,England,United Kingdom,2022-11-24,true
CUST-006314,Samuel Wilson,Austin,Texas,United States,2023-12-21,true
CUST-006315,Mila Williams,Lisbon,Lisbon,Portugal,2025-07-07,true
CUST-006316,Fatima Novak,Paris,Ile-de-France,France,2025-04-18,true
CUST-006317,Noah Brown,Dublin,Leinster,Ireland,2022-11-10,true
CUST-006318,Sofia Virtanen,Lisbon,Lisbon,Portugal,2021-12-24,true
CUST-006319,Nora Petrov,Copenhagen,Capital Region,Denmark,2023-07-28,true
CUST-006320,Noah Berg,Berlin,Berlin,Germany,2023-04-24,true
CUST-006321,Samuel Nielsen,Manchester,England,United Kingdom,2023-03-29,true
CUST-006322,Mateo Wilson,Prague,Prague,Czechia,2026-07-15,true
CUST-006323,Yusuf Taylor,Brussels,Brussels-Capital,Belgium,2025-11-03,false
CUST-006324,Henry Berg,Vancouver,British Columbia,Canada,2022-08-18,true
CUST-006325,Leila Petrov,Gothenburg,Vastra Gotaland,Sweden,2020-10-25,false
CUST-006326,Omar Virtanen,London,England,United Kingdom,2020-01-24,true
CUST-006327,Yusuf Ibrahim,Vienna,Vienna,Austria,2024-06-01,true
CUST-006328,Amina Wilson,Dublin,Leinster,Ireland,2025-01-04,false
CUST-006329,Mateo Lopez,Paris,Ile-de-France,France,2025-05-24,true
CUST-006330,Benjamin Santos,Lisbon,Lisbon,Portugal,2026-06-09,true
CUST-006331,Oliver Schmidt,Vienna,Vienna,Austria,2022-09-21,true
CUST-006332,Nora Brown,Stockholm,Stockholm County,Sweden,2024-03-09,false
CUST-006333,Noah Smith,Vienna,Vienna,Austria,2021-07-17,true
CUST-006334,Sofia Smith,Paris,Ile-de-France,France,2022-12-04,true
CUST-006335,Arthur Lopez,Turku,Southwest Finland,Finland,2025-08-03,true
CUST-006336,Arthur Muller,Sydney,New South Wales,Australia,2020-07-13,true
CUST-006337,Zara Dubois,Paris,Ile-de-France,France,2025-07-02,true
CUST-006338,Arthur Ibrahim,Tampere,Pirkanmaa,Finland,2021-04-26,true
CUST-006339,David Virtanen,Amsterdam,North Holland,Netherlands,2020-08-05,true
CUST-006340,Noah Wilson,Dublin,Leinster,Ireland,2020-09-28,true
CUST-006341,Jonas Smith,Vienna,Vienna,Austria,2023-04-04,true
CUST-006342,Grace Nielsen,Tampere,Pirkanmaa,Finland,2022-01-29,true
CUST-006343,Benjamin Novak,Amsterdam,North Holland,Netherlands,2021-05-11,true
CUST-006344,Leo Johnson,Gothenburg,Vastra Gotaland,Sweden,2020-12-21,false
CUST-006345,Zara Taylor,Toronto,Ontario,Canada,2024-11-05,true
CUST-006346,Eva Dubois,Lyon,Auvergne-Rhone-Alpes,France,2021-01-21,true
CUST-006347,Zara Santos,Vancouver,British Columbia,Canada,2024-09-16,false
CUST-006348,Samuel Korhonen,Oslo,Oslo,Norway,2020-03-31,true
CUST-006349,Mateo Andersson,Helsinki,Uusimaa,Finland,2024-03-31,true
CUST-006350,Samuel Nielsen,Warsaw,Masovian,Poland,2022-12-15,true
CUST-006351,Eva Jensen,Barcelona,Catalonia,Spain,2022-06-16,true
CUST-006352,Yusuf Muller,Lyon,Auvergne-Rhone-Alpes,France,2025-11-19,true
CUST-006353,Samuel Moore,Lisbon,Lisbon,Portugal,2023-02-21,true
CUST-006354,Lina Williams,Vienna,Vienna,Austria,2024-02-11,true
CUST-006355,Eva Garcia,Manchester,England,United Kingdom,2023-04-08,true
CUST-006356,Lucas Korhonen,Vienna,Vienna,Austria,2020-12-12,true
CUST-006357,Omar Dubois,Vancouver,British Columbia,Canada,2024-09-17,false
CUST-006358,Samuel Brown,Oslo,Oslo,Norway,2022-04-13,true
CUST-006359,Zara Ibrahim,Austin,Texas,United States,2021-09-09,true
CUST-006360,Yusuf Khan,Stockholm,Stockholm County,Sweden,2025-10-13,true
CUST-006361,Eva Williams,Amsterdam,North Holland,Netherlands,2025-08-06,true
CUST-006362,Lina Williams,Prague,Prague,Czechia,2025-12-22,false
CUST-006363,Eva Martin,Paris,Ile-de-France,France,2020-01-10,true
CUST-006364,Fatima Martin,Oslo,Oslo,Norway,2026-08-11,true
CUST-006365,Zara Virtanen,Copenhagen,Capital Region,Denmark,2022-05-02,true
CUST-006366,Mila Andersson,Sydney,New South Wales,Australia,2024-04-01,true
CUST-006367,Zara Smith,Lisbon,Lisbon,Portugal,2023-06-14,true
CUST-006368,Leila Nielsen,Turku,Southwest Finland,Finland,2020-02-11,true
CUST-006369,David Johnson,Berlin,Berlin,Germany,2023-09-01,true
CUST-006370,Leila Ahmed,Tampere,Pirkanmaa,Finland,2026-05-19,true
CUST-006371,Jonas Davis,Copenhagen,Capital Region,Denmark,2023-12-06,true
CUST-006372,Benjamin Wilson,Prague,Prague,Czechia,2023-10-20,true
CUST-006373,Emma Dubois,Warsaw,Masovian,Poland,2021-08-19,true
CUST-006374,Jonas Korhonen,Lyon,Auvergne-Rhone-Alpes,France,2022-02-01,true
CUST-006375,Sofia Korhonen,Manchester,England,United Kingdom,2023-07-10,true
CUST-006376,David Ahmed,Dublin,Leinster,Ireland,2023-12-08,true
CUST-006377,Amina Garcia,Austin,Texas,United States,2022-12-24,true
CUST-006378,Jonas Virtanen,Manchester,England,United Kingdom,2021-12-01,true
CUST-006379,Nora Martin,Paris,Ile-de-France,France,2022-06-23,true
CUST-006380,Maya Nielsen,New York,New York,United States,2021-05-02,false
CUST-006381,Arthur Petrov,Paris,Ile-de-France,France,2023-09-15,true
CUST-006382,Omar Khan,Munich,Bavaria,Germany,2025-01-22,true
CUST-006383,Noah Taylor,Tampere,Pirkanmaa,Finland,2026-01-23,true
CUST-006384,Lucas Novak,Rome,Lazio,Italy,2023-04-14,false
CUST-006385,Elias Petrov,Oslo,Oslo,Norway,2024-12-09,true
CUST-006386,Henry Rossi,Rome,Lazio,Italy,2024-02-03,true
CUST-006387,Leila Ahmed,Austin,Texas,United States,2025-08-05,true
CUST-006388,Ada Garcia,Warsaw,Masovian,Poland,2025-01-12,true
CUST-006389,David Moore,Tampere,Pirkanmaa,Finland,2023-01-18,true
CUST-006390,Lucas Martin,Sydney,New South Wales,Australia,2024-03-11,true
CUST-006391,Mila Williams,Toronto,Ontario,Canada,2024-04-02,true
CUST-006392,Fatima Wilson,Vienna,Vienna,Austria,2026-02-03,true
CUST-006393,Amina Clark,Stockholm,Stockholm County,Sweden,2022-02-01,true
CUST-006394,Isla Nielsen,Austin,Texas,United States,2022-09-18,true
CUST-006395,Samuel Petrov,Toronto,Ontario,Canada,2026-06-22,true
CUST-006396,Lina Ibrahim,Paris,Ile-de-France,France,2021-04-08,false
CUST-006397,Lucas Petrov,Lyon,Auvergne-Rhone-Alpes,France,2024-11-06,true
CUST-006398,Arthur Ahmed,Amsterdam,North Holland,Netherlands,2023-06-15,true
CUST-006399,Emma Lopez,Oslo,Oslo,Norway,2024-10-09,true
CUST-006400,Arthur Muller,Paris,Ile-de-France,France,2021-09-24,true
CUST-006401,Mateo Khan,Berlin,Berlin,Germany,2020-08-08,false
CUST-006402,Henry Petrov,New York,New York,United States,2021-06-29,true
CUST-006403,Arthur Khan,Milan,Lombardy,Italy,2026-04-09,true
CUST-006404,Zara Taylor,Tampere,Pirkanmaa,Finland,2022-08-27,true
CUST-006405,Samuel Brown,Lyon,Auvergne-Rhone-Alpes,France,2022-08-09,true
CUST-006406,Samuel Williams,Gothenburg,Vastra Gotaland,Sweden,2022-12-25,true
CUST-006407,Lucas Martin,Tokyo,Tokyo,Japan,2022-08-19,true
CUST-006408,Isla Silva,Tampere,Pirkanmaa,Finland,2022-10-03,true
CUST-006409,Yusuf Ali,Vancouver,British Columbia,Canada,2023-03-01,true
CUST-006410,Lina Garcia,Toronto,Ontario,Canada,2025-08-21,true
CUST-006411,Maya Martin,Berlin,Berlin,Germany,2022-06-20,true
CUST-006412,Mila Ahmed,Vienna,Vienna,Austria,2022-05-18,true
CUST-006413,Benjamin Williams,Barcelona,Catalonia,Spain,2022-12-07,true
CUST-006414,Grace Ahmed,Manchester,England,United Kingdom,2021-01-30,false
CUST-006415,Mateo Smith,Helsinki,Uusimaa,Finland,2026-06-23,true
CUST-006416,Fatima Silva,Dublin,Leinster,Ireland,2021-12-02,true
CUST-006417,Leo Andersson,Warsaw,Masovian,Poland,2025-07-18,true
CUST-006418,Omar Santos,Amsterdam,North Holland,Netherlands,2021-07-07,false
CUST-006419,Lina Novak,Lisbon,Lisbon,Portugal,2021-01-20,true
CUST-006420,Lucas Virtanen,Amsterdam,North Holland,Netherlands,2024-01-16,true
CUST-006421,Daniel Santos,Tampere,Pirkanmaa,Finland,2024-01-08,true
CUST-006422,Mila Davis,Warsaw,Masovian,Poland,2021-08-21,false
CUST-006423,Amina Virtanen,Munich,Bavaria,Germany,2020-11-14,false
CUST-006424,Mila Ali,Milan,Lombardy,Italy,2024-10-04,true
CUST-006425,Isla Petrov,Austin,Texas,United States,2020-05-11,true
CUST-006426,Eva Andersson,Austin,Texas,United States,2021-11-05,true
CUST-006427,Nora Martin,Madrid,Community of Madrid,Spain,2025-09-28,true
CUST-006428,Jonas Lopez,Berlin,Berlin,Germany,2020-03-11,true
CUST-006429,Ada Nielsen,Paris,Ile-de-France,France,2021-03-28,true
CUST-006430,Zara Williams,New York,New York,United States,2020-04-03,false
CUST-006431,Lina Schmidt,Milan,Lombardy,Italy,2025-11-12,false
CUST-006432,Emma Khan,Paris,Ile-de-France,France,2024-02-17,true
CUST-006433,Elias Taylor,Barcelona,Catalonia,Spain,2021-03-18,true
CUST-006434,Arthur Garcia,Berlin,Berlin,Germany,2022-11-01,true
CUST-006435,Nora Santos,Tokyo,Tokyo,Japan,2024-03-31,false
CUST-006436,Zara Taylor,Toronto,Ontario,Canada,2026-05-02,true
CUST-006437,Grace Dubois,Vancouver,British Columbia,Canada,2026-06-27,true
CUST-006438,Grace Rossi,Barcelona,Catalonia,Spain,2022-07-15,true
CUST-006439,Omar Silva,Dublin,Leinster,Ireland,2020-01-12,true
CUST-006440,Oliver Silva,London,England,United Kingdom,2023-08-11,true
CUST-006441,Benjamin Martin,Prague,Prague,Czechia,2020-07-04,true
CUST-006442,Ada Taylor,Copenhagen,Capital Region,Denmark,2020-02-24,true
CUST-006443,Lina Clark,Vienna,Vienna,Austria,2025-02-03,true
CUST-006444,Benjamin Virtanen,London,England,United Kingdom,2023-07-28,true
CUST-006445,Leila Davis,Dublin,Leinster,Ireland,2021-03-24,true
CUST-006446,Fatima Rossi,Helsinki,Uusimaa,Finland,2021-01-08,true
CUST-006447,Leo Johnson,London,England,United Kingdom,2020-11-18,true
CUST-006448,Sofia Ibrahim,Milan,Lombardy,Italy,2022-11-20,true
CUST-006449,Omar Brown,Paris,Ile-de-France,France,2021-02-20,true
CUST-006450,Leila Berg,Warsaw,Masovian,Poland,2023-08-22,false
CUST-006451,Emma Rossi,Milan,Lombardy,Italy,2024-09-11,false
CUST-006452,Omar Santos,Milan,Lombardy,Italy,2023-07-06,true
CUST-006453,Amina Novak,Stockholm,Stockholm County,Sweden,2023-05-29,true
CUST-006454,Elias Nielsen,Brussels,Brussels-Capital,Belgium,2024-05-01,true
CUST-006455,Eva Brown,Vienna,Vienna,Austria,2022-02-14,true
CUST-006456,Leila Jensen,Sydney,New South Wales,Australia,2025-04-19,true
CUST-006457,Noah Ali,Amsterdam,North Holland,Netherlands,2021-11-02,true
CUST-006458,Chloe Martin,London,England,United Kingdom,2024-01-29,true
CUST-006459,Elias Wilson,Rome,Lazio,Italy,2024-12-20,true
CUST-006460,Mila Lopez,Madrid,Community of Madrid,Spain,2021-09-29,true
CUST-006461,Lina Williams,Dublin,Leinster,Ireland,2021-04-15,false
CUST-006462,Yusuf Muller,Paris,Ile-de-France,France,2024-12-03,true
CUST-006463,Yusuf Taylor,Paris,Ile-de-France,France,2021-06-20,true
CUST-006464,Ada Rossi,Vienna,Vienna,Austria,2020-09-23,true
CUST-006465,Ada Brown,Amsterdam,North Holland,Netherlands,2022-12-21,false
CUST-006466,Yusuf Martin,Paris,Ile-de-France,France,2025-05-23,true
CUST-006467,Benjamin Virtanen,Helsinki,Uusimaa,Finland,2021-04-11,true
CUST-006468,Jonas Wilson,Lisbon,Lisbon,Portugal,2020-03-09,false
CUST-006469,Zara Clark,Oslo,Oslo,Norway,2021-03-07,true
CUST-006470,Leila Andersson,Warsaw,Masovian,Poland,2025-09-19,true
CUST-006471,Elias Santos,Toronto,Ontario,Canada,2025-07-06,true
CUST-006472,Isla Williams,Gothenburg,Vastra Gotaland,Sweden,2024-01-05,true
CUST-006473,Arthur Andersson,Vienna,Vienna,Austria,2026-02-02,true
CUST-006474,Yusuf Novak,Milan,Lombardy,Italy,2022-04-09,true
CUST-006475,Fatima Andersson,London,England,United Kingdom,2020-11-09,true
CUST-006476,Noah Virtanen,New York,New York,United States,2024-10-15,true
CUST-006477,Benjamin Moore,Sydney,New South Wales,Australia,2022-03-02,true
CUST-006478,Nora Silva,Austin,Texas,United States,2025-05-24,false
CUST-006479,Elias Rossi,Toronto,Ontario,Canada,2024-12-12,true
CUST-006480,Lina Martin,Copenhagen,Capital Region,Denmark,2021-12-12,true
CUST-006481,Jonas Virtanen,Dublin,Leinster,Ireland,2020-07-14,true
CUST-006482,Noah Rossi,Lisbon,Lisbon,Portugal,2023-03-19,true
CUST-006483,Lina Williams,Paris,Ile-de-France,France,2024-12-18,true
CUST-006484,Samuel Lopez,Vancouver,British Columbia,Canada,2025-04-29,true
CUST-006485,Oliver Ali,Oslo,Oslo,Norway,2024-08-07,true
CUST-006486,Lina Wilson,Stockholm,Stockholm County,Sweden,2022-06-27,true
CUST-006487,Arthur Schmidt,Paris,Ile-de-France,France,2020-04-28,true
CUST-006488,Leila Rossi,Vancouver,British Columbia,Canada,2022-07-27,true
CUST-006489,Henry Rossi,Helsinki,Uusimaa,Finland,2023-11-19,true
CUST-006490,Eva Novak,Milan,Lombardy,Italy,2025-08-16,true
CUST-006491,Leo Santos,Oslo,Oslo,Norway,2021-05-24,true
CUST-006492,Lucas Wilson,Gothenburg,Vastra Gotaland,Sweden,2023-12-24,true
CUST-006493,Emma Ali,Austin,Texas,United States,2025-09-15,true
CUST-006494,Emma Petrov,Rome,Lazio,Italy,2024-11-16,true
CUST-006495,Zara Ali,Vancouver,British Columbia,Canada,2024-10-16,true
CUST-006496,Jonas Ahmed,Berlin,Berlin,Germany,2026-05-03,true
CUST-006497,Lina Ali,Dublin,Leinster,Ireland,2022-08-23,false
CUST-006498,Mateo Silva,Berlin,Berlin,Germany,2023-01-05,true
CUST-006499,Emma Jensen,Oslo,Oslo,Norway,2020-11-15,true
CUST-006500,Grace Taylor,Gothenburg,Vastra Gotaland,Sweden,2025-12-21,false
CUST-006501,Mateo Nielsen,Lisbon,Lisbon,Portugal,2022-03-28,true
CUST-006502,Mila Korhonen,Rome,Lazio,Italy,2024-08-30,false
CUST-006503,Grace Santos,New York,New York,United States,2023-12-05,true
CUST-006504,Benjamin Andersson,Lyon,Auvergne-Rhone-Alpes,France,2026-03-05,true
CUST-006505,Ada Nielsen,Milan,Lombardy,Italy,2020-03-16,true
CUST-006506,Zara Ali,Dublin,Leinster,Ireland,2024-04-22,true
CUST-006507,Daniel Taylor,Berlin,Berlin,Germany,2023-09-29,true
CUST-006508,Yusuf Ali,Vancouver,British Columbia,Canada,2025-08-06,false
CUST-006509,Mila Lopez,Tampere,Pirkanmaa,Finland,2020-04-02,true
CUST-006510,Maya Martin,Dublin,Leinster,Ireland,2025-03-19,true
CUST-006511,Leila Jensen,Gothenburg,Vastra Gotaland,Sweden,2026-01-22,true
CUST-006512,Oliver Dubois,Milan,Lombardy,Italy,2022-11-29,true
CUST-006513,Lucas Williams,Warsaw,Masovian,Poland,2025-02-15,true
CUST-006514,Henry Andersson,Madrid,Community of Madrid,Spain,2025-03-11,false
CUST-006515,David Smith,Brussels,Brussels-Capital,Belgium,2023-10-05,true
CUST-006516,Henry Andersson,London,England,United Kingdom,2021-01-15,true
CUST-006517,Mateo Silva,New York,New York,United States,2025-04-05,true
CUST-006518,Sofia Rossi,Austin,Texas,United States,2020-03-07,false
CUST-006519,Eva Santos,London,England,United Kingdom,2022-12-01,true
CUST-006520,Ada Clark,Helsinki,Uusimaa,Finland,2022-10-18,true
CUST-006521,Chloe Ahmed,Sydney,New South Wales,Australia,2026-06-17,true
CUST-006522,Fatima Jensen,Copenhagen,Capital Region,Denmark,2024-11-24,true
CUST-006523,Henry Korhonen,Gothenburg,Vastra Gotaland,Sweden,2022-05-14,false
CUST-006524,Benjamin Muller,Manchester,England,United Kingdom,2024-08-19,true
CUST-006525,Yusuf Khan,Vancouver,British Columbia,Canada,2026-02-16,true
CUST-006526,Noah Ali,Brussels,Brussels-Capital,Belgium,2024-09-27,true
CUST-006527,Samuel Muller,Warsaw,Masovian,Poland,2020-10-08,true
CUST-006528,Amina Johnson,Rome,Lazio,Italy,2023-09-25,true
CUST-006529,Elias Brown,Tampere,Pirkanmaa,Finland,2022-12-06,true
CUST-006530,Arthur Silva,Munich,Bavaria,Germany,2021-09-30,true
CUST-006531,Oliver Martin,Gothenburg,Vastra Gotaland,Sweden,2026-09-01,true
CUST-006532,Fatima Martin,London,England,United Kingdom,2021-09-27,true
CUST-006533,Ada Novak,Rome,Lazio,Italy,2026-02-11,true
CUST-006534,Elias Wilson,Gothenburg,Vastra Gotaland,Sweden,2025-05-22,true
CUST-006535,Noah Silva,Warsaw,Masovian,Poland,2021-12-10,false
CUST-006536,Leila Petrov,Manchester,England,United Kingdom,2023-08-26,false
CUST-006537,Emma Korhonen,Barcelona,Catalonia,Spain,2025-10-30,true
CUST-006538,Fatima Lopez,Austin,Texas,United States,2020-10-05,true
CUST-006539,Omar Taylor,Stockholm,Stockholm County,Sweden,2024-06-16,true
CUST-006540,Fatima Ibrahim,Lyon,Auvergne-Rhone-Alpes,France,2025-03-31,true
CUST-006541,Eva Andersson,Milan,Lombardy,Italy,2020-12-09,true
CUST-006542,Nora Nielsen,New York,New York,United States,2022-01-10,true
CUST-006543,Leila Dubois,Dublin,Leinster,Ireland,2023-05-23,true
CUST-006544,Henry Novak,Milan,Lombardy,Italy,2024-04-03,true
CUST-006545,Maya Williams,Sydney,New South Wales,Australia,2022-03-25,false
CUST-006546,Omar Clark,Copenhagen,Capital Region,Denmark,2020-01-12,true
CUST-006547,Oliver Ibrahim,Vancouver,British Columbia,Canada,2023-01-31,true
CUST-006548,Lina Novak,New York,New York,United States,2025-04-10,false
CUST-006549,Isla Williams,Lyon,Auvergne-Rhone-Alpes,France,2023-12-25,true
CUST-006550,Eva Rossi,Amsterdam,North Holland,Netherlands,2022-01-08,false
CUST-006551,Mateo Korhonen,Warsaw,Masovian,Poland,2025-10-06,true
CUST-006552,Henry Moore,Oslo,Oslo,Norway,2023-07-20,true
CUST-006553,Nora Ahmed,Tokyo,Tokyo,Japan,2025-06-16,true
CUST-006554,Yusuf Rossi,Toronto,Ontario,Canada,2022-07-03,true
CUST-006555,Noah Jensen,Prague,Prague,Czechia,2025-04-29,true
CUST-006556,Omar Williams,Tokyo,Tokyo,Japan,2021-02-17,true
CUST-006557,Benjamin Taylor,New York,New York,United States,2025-02-18,true
CUST-006558,Samuel Wilson,London,England,United Kingdom,2026-04-30,false
CUST-006559,Eva Virtanen,Lisbon,Lisbon,Portugal,2026-02-27,true
CUST-006560,Arthur Brown,Munich,Bavaria,Germany,2023-10-07,true
CUST-006561,Mateo Clark,Toronto,Ontario,Canada,2025-10-22,true
CUST-006562,Sofia Wilson,Vancouver,British Columbia,Canada,2026-07-02,true
CUST-006563,Zara Taylor,Lisbon,Lisbon,Portugal,2022-05-08,true
CUST-006564,Nora Lopez,Dublin,Leinster,Ireland,2021-12-11,true
CUST-006565,Mateo Santos,Prague,Prague,Czechia,2023-07-13,false
CUST-006566,Leila Ibrahim,Stockholm,Stockholm County,Sweden,2021-01-25,true
CUST-006567,Chloe Wilson,Stockholm,Stockholm County,Sweden,2021-04-24,true
CUST-006568,Grace Moore,Manchester,England,United Kingdom,2021-05-12,false
CUST-006569,Mila Rossi,Tokyo,Tokyo,Japan,2021-10-18,true
CUST-006570,Mila Schmidt,Paris,Ile-de-France,France,2021-09-03,false
CUST-006571,Jonas Petrov,Munich,Bavaria,Germany,2023-11-01,false
CUST-006572,Lina Andersson,Rome,Lazio,Italy,2022-09-02,true
CUST-006573,Leo Novak,Manchester,England,United Kingdom,2020-08-10,true
CUST-006574,Leo Ibrahim,Vancouver,British Columbia,Canada,2021-04-03,false
CUST-006575,Lucas Petrov,Milan,Lombardy,Italy,2021-03-24,true
CUST-006576,Ada Lopez,Stockholm,Stockholm County,Sweden,2025-10-25,true
CUST-006577,Lina Novak,Manchester,England,United Kingdom,2025-02-20,true
CUST-006578,Chloe Lopez,Copenhagen,Capital Region,Denmark,2023-09-30,true
CUST-006579,Eva Lopez,Warsaw,Masovian,Poland,2025-01-20,true
CUST-006580,Amina Garcia,London,England,United Kingdom,2022-04-11,true
CUST-006581,Amina Dubois,New York,New York,United States,2020-04-19,false
CUST-006582,Ada Santos,Paris,Ile-de-France,France,2026-06-16,true
CUST-006583,Noah Novak,Oslo,Oslo,Norway,2026-07-03,true
CUST-006584,Mateo Taylor,Tokyo,Tokyo,Japan,2020-06-01,true
CUST-006585,Leila Schmidt,Brussels,Brussels-Capital,Belgium,2026-01-24,true
CUST-006586,Jonas Khan,Dublin,Leinster,Ireland,2021-03-23,true
CUST-006587,Mateo Williams,Lisbon,Lisbon,Portugal,2024-06-25,true
CUST-006588,Samuel Berg,Manchester,England,United Kingdom,2023-12-11,true
CUST-006589,Chloe Andersson,Austin,Texas,United States,2022-11-30,false
CUST-006590,Jonas Rossi,Madrid,Community of Madrid,Spain,2021-12-18,true
CUST-006591,Mila Santos,Brussels,Brussels-Capital,Belgium,2022-10-05,false
CUST-006592,Ada Moore,Berlin,Berlin,Germany,2025-04-12,true
CUST-006593,Mila Moore,Rome,Lazio,Italy,2025-11-02,true
CUST-006594,Leila Williams,Vienna,Vienna,Austria,2020-12-30,true
CUST-006595,David Virtanen,Barcelona,Catalonia,Spain,2025-02-09,true
CUST-006596,Lina Ibrahim,Madrid,Community of Madrid,Spain,2024-01-15,true
CUST-006597,Yusuf Williams,Austin,Texas,United States,2026-03-03,true
CUST-006598,Nora Brown,Paris,Ile-de-France,France,2025-06-11,true
CUST-006599,Arthur Silva,Tampere,Pirkanmaa,Finland,2025-07-27,true
CUST-006600,Leila Smith,Toronto,Ontario,Canada,2022-04-02,true
CUST-006601,Benjamin Petrov,Madrid,Community of Madrid,Spain,2022-12-09,true
CUST-006602,Ada Taylor,Lisbon,Lisbon,Portugal,2025-12-02,true
CUST-006603,Oliver Ali,Dublin,Leinster,Ireland,2026-02-23,true
CUST-006604,Leo Ali,Dublin,Leinster,Ireland,2023-03-07,false
CUST-006605,Eva Santos,Prague,Prague,Czechia,2026-08-04,true
CUST-006606,Samuel Dubois,Munich,Bavaria,Germany,2025-06-28,false
CUST-006607,Nora Williams,Tampere,Pirkanmaa,Finland,2022-04-19,false
CUST-006608,Samuel Andersson,Berlin,Berlin,Germany,2022-02-11,true
CUST-006609,Isla Andersson,Madrid,Community of Madrid,Spain,2026-05-21,true
CUST-006610,Arthur Rossi,Austin,Texas,United States,2024-06-30,true
CUST-006611,Henry Wilson,Copenhagen,Capital Region,Denmark,2025-03-15,true
CUST-006612,Chloe Taylor,Rome,Lazio,Italy,2026-01-12,true
CUST-006613,Fatima Garcia,Sydney,New South Wales,Australia,2021-05-12,true
CUST-006614,Eva Nielsen,Madrid,Community of Madrid,Spain,2025-10-11,true
CUST-006615,Henry Berg,Paris,Ile-de-France,France,2024-07-19,true
CUST-006616,Nora Martin,Barcelona,Catalonia,Spain,2020-05-09,false
CUST-006617,Jonas Nielsen,Vancouver,British Columbia,Canada,2022-09-18,true
CUST-006618,Oliver Moore,Copenhagen,Capital Region,Denmark,2026-01-19,true
CUST-006619,Yusuf Taylor,Madrid,Community of Madrid,Spain,2024-02-29,true
CUST-006620,Daniel Schmidt,Helsinki,Uusimaa,Finland,2023-03-09,true
CUST-006621,Leo Johnson,Barcelona,Catalonia,Spain,2023-12-08,true
CUST-006622,Ada Dubois,Helsinki,Uusimaa,Finland,2021-03-06,true
CUST-006623,David Wilson,Austin,Texas,United States,2024-03-16,false
CUST-006624,Leila Brown,Oslo,Oslo,Norway,2021-10-19,true
CUST-006625,David Rossi,Toronto,Ontario,Canada,2023-07-16,true
CUST-006626,Amina Novak,Madrid,Community of Madrid,Spain,2021-03-16,true
CUST-006627,Henry Nielsen,Barcelona,Catalonia,Spain,2025-07-10,true
CUST-006628,David Nielsen,Warsaw,Masovian,Poland,2021-10-26,true
CUST-006629,Oliver Rossi,Munich,Bavaria,Germany,2026-08-20,true
CUST-006630,Grace Clark,Stockholm,Stockholm County,Sweden,2026-01-20,true
CUST-006631,Mateo Brown,Vienna,Vienna,Austria,2026-09-01,true
CUST-006632,Benjamin Taylor,Toronto,Ontario,Canada,2020-08-08,true
CUST-006633,Fatima Khan,Turku,Southwest Finland,Finland,2026-09-01,false
CUST-006634,Sofia Smith,Oslo,Oslo,Norway,2021-03-22,true
CUST-006635,Mila Taylor,Milan,Lombardy,Italy,2025-10-06,true
CUST-006636,Emma Taylor,Dublin,Leinster,Ireland,2025-01-28,true
CUST-006637,Chloe Moore,Brussels,Brussels-Capital,Belgium,2023-10-15,true
CUST-006638,David Martin,Gothenburg,Vastra Gotaland,Sweden,2021-02-25,false
CUST-006639,Leo Garcia,Helsinki,Uusimaa,Finland,2021-01-29,true
CUST-006640,Noah Wilson,Tokyo,Tokyo,Japan,2022-05-17,true
CUST-006641,Sofia Petrov,Vancouver,British Columbia,Canada,2024-06-11,true
CUST-006642,Yusuf Wilson,Prague,Prague,Czechia,2022-08-24,false
CUST-006643,Maya Davis,Lisbon,Lisbon,Portugal,2025-11-06,true
CUST-006644,Jonas Andersson,Sydney,New South Wales,Australia,2020-03-04,true
CUST-006645,Ada Ahmed,Gothenburg,Vastra Gotaland,Sweden,2021-11-27,true
CUST-006646,Daniel Silva,Warsaw,Masovian,Poland,2026-02-25,true
CUST-006647,Elias Schmidt,Vienna,Vienna,Austria,2021-01-29,true
CUST-006648,Yusuf Brown,Copenhagen,Capital Region,Denmark,2021-08-29,true
CUST-006649,Lucas Jensen,Toronto,Ontario,Canada,2025-10-21,true
CUST-006650,Grace Nielsen,Tampere,Pirkanmaa,Finland,2024-02-13,false
CUST-006651,Benjamin Khan,Tampere,Pirkanmaa,Finland,2025-06-17,true
CUST-006652,Arthur Petrov,Toronto,Ontario,Canada,2022-01-09,true
CUST-006653,Grace Novak,Lyon,Auvergne-Rhone-Alpes,France,2023-07-30,false
CUST-006654,Elias Nielsen,Tampere,Pirkanmaa,Finland,2024-01-05,true
CUST-006655,Omar Santos,London,England,United Kingdom,2022-07-09,true
CUST-006656,Leila Taylor,Brussels,Brussels-Capital,Belgium,2021-07-24,false
CUST-006657,Arthur Jensen,Berlin,Berlin,Germany,2025-05-12,true
CUST-006658,Jonas Schmidt,Vancouver,British Columbia,Canada,2021-11-26,true
CUST-006659,Leila Moore,Lisbon,Lisbon,Portugal,2020-12-16,true
CUST-006660,Chloe Taylor,London,England,United Kingdom,2025-06-20,true
CUST-006661,Elias Clark,Helsinki,Uusimaa,Finland,2025-02-18,true
CUST-006662,Henry Petrov,Copenhagen,Capital Region,Denmark,2024-04-28,true
CUST-006663,Fatima Taylor,Austin,Texas,United States,2025-01-03,true
CUST-006664,Fatima Williams,Sydney,New South Wales,Australia,2022-01-25,false
CUST-006665,Elias Garcia,Copenhagen,Capital Region,Denmark,2026-04-27,true
CUST-006666,Samuel Wilson,Toronto,Ontario,Canada,2024-03-10,true
CUST-006667,Emma Dubois,Oslo,Oslo,Norway,2020-06-26,false
CUST-006668,Zara Nielsen,Oslo,Oslo,Norway,2026-05-15,true
CUST-006669,Benjamin Nielsen,Stockholm,Stockholm County,Sweden,2021-05-31,true
CUST-006670,Mateo Williams,Lisbon,Lisbon,Portugal,2025-03-31,true
CUST-006671,Arthur Jensen,Berlin,Berlin,Germany,2023-11-05,true
CUST-006672,Mateo Brown,Berlin,Berlin,Germany,2023-10-31,true
CUST-006673,Leo Nielsen,Stockholm,Stockholm County,Sweden,2023-09-30,false
CUST-006674,Jonas Johnson,Manchester,England,United Kingdom,2024-02-04,true
CUST-006675,Sofia Santos,Berlin,Berlin,Germany,2022-09-28,true
CUST-006676,Omar Lopez,Dublin,Leinster,Ireland,2024-09-27,true
CUST-006677,Noah Jensen,Milan,Lombardy,Italy,2024-04-13,true
CUST-006678,Eva Berg,Berlin,Berlin,Germany,2020-12-03,true
CUST-006679,Henry Ibrahim,Barcelona,Catalonia,Spain,2025-09-25,true
CUST-006680,Benjamin Ali,Berlin,Berlin,Germany,2020-08-27,true
CUST-006681,Leo Brown,Oslo,Oslo,Norway,2021-08-19,true
CUST-006682,Chloe Ali,Gothenburg,Vastra Gotaland,Sweden,2024-10-18,true
CUST-006683,Leila Moore,Tampere,Pirkanmaa,Finland,2026-03-26,true
CUST-006684,Mila Johnson,Toronto,Ontario,Canada,2023-04-24,false
CUST-006685,Chloe Santos,Paris,Ile-de-France,France,2021-07-06,true
CUST-006686,Nora Ali,Paris,Ile-de-France,France,2021-01-04,true
CUST-006687,Yusuf Dubois,Toronto,Ontario,Canada,2021-07-09,true
CUST-006688,Amina Khan,Austin,Texas,United States,2020-10-21,true
CUST-006689,Benjamin Garcia,Madrid,Community of Madrid,Spain,2023-09-09,true
CUST-006690,Lina Berg,Oslo,Oslo,Norway,2023-05-29,true
CUST-006691,Lucas Taylor,Tokyo,Tokyo,Japan,2022-03-27,true
CUST-006692,Grace Virtanen,Vancouver,British Columbia,Canada,2021-06-25,true
CUST-006693,Nora Brown,Brussels,Brussels-Capital,Belgium,2022-10-28,true
CUST-006694,Amina Novak,Warsaw,Masovian,Poland,2022-03-13,true
CUST-006695,Yusuf Dubois,Munich,Bavaria,Germany,2022-10-06,true
CUST-006696,Grace Lopez,Copenhagen,Capital Region,Denmark,2023-08-23,true
CUST-006697,Yusuf Davis,Tampere,Pirkanmaa,Finland,2024-07-10,true
CUST-006698,Oliver Petrov,London,England,United Kingdom,2020-04-01,true
CUST-006699,Jonas Ahmed,Turku,Southwest Finland,Finland,2024-12-02,false
CUST-006700,Leo Ahmed,New York,New York,United States,2024-09-26,true
CUST-006701,Lina Wilson,Madrid,Community of Madrid,Spain,2026-04-11,true
CUST-006702,Leila Khan,Vienna,Vienna,Austria,2025-03-25,true
CUST-006703,Noah Brown,Berlin,Berlin,Germany,2021-12-10,true
CUST-006704,Maya Andersson,Gothenburg,Vastra Gotaland,Sweden,2025-01-23,true
CUST-006705,Chloe Wilson,New York,New York,United States,2021-04-21,false
CUST-006706,Grace Muller,Austin,Texas,United States,2020-03-24,true
CUST-006707,Daniel Petrov,Lyon,Auvergne-Rhone-Alpes,France,2025-01-31,true
CUST-006708,Maya Ahmed,Vienna,Vienna,Austria,2022-09-23,true
CUST-006709,Emma Ali,Tokyo,Tokyo,Japan,2025-02-09,true
CUST-006710,Sofia Ahmed,Lisbon,Lisbon,Portugal,2023-12-24,false
CUST-006711,Grace Schmidt,Toronto,Ontario,Canada,2023-03-19,true
CUST-006712,Maya Berg,Copenhagen,Capital Region,Denmark,2025-01-09,true
CUST-006713,Lina Clark,Munich,Bavaria,Germany,2025-10-25,false
CUST-006714,Mila Dubois,Copenhagen,Capital Region,Denmark,2026-04-14,true
CUST-006715,Sofia Rossi,Dublin,Leinster,Ireland,2021-02-07,true
CUST-006716,Leo Muller,Amsterdam,North Holland,Netherlands,2022-11-26,true
CUST-006717,Grace Ibrahim,Madrid,Community of Madrid,Spain,2021-09-05,true
CUST-006718,Mateo Schmidt,Amsterdam,North Holland,Netherlands,2026-08-12,true
CUST-006719,Mila Davis,Rome,Lazio,Italy,2023-06-20,true
CUST-006720,Isla Moore,Oslo,Oslo,Norway,2023-10-21,false
CUST-006721,Leo Lopez,Warsaw,Masovian,Poland,2023-07-08,false
CUST-006722,Ada Petrov,Lyon,Auvergne-Rhone-Alpes,France,2024-11-19,true
CUST-006723,Noah Garcia,Dublin,Leinster,Ireland,2020-04-01,true
CUST-006724,Noah Andersson,Vancouver,British Columbia,Canada,2026-02-03,true
CUST-006725,Isla Taylor,Tokyo,Tokyo,Japan,2021-10-15,false
CUST-006726,Fatima Novak,Turku,Southwest Finland,Finland,2022-02-20,true
CUST-006727,Mila Novak,Paris,Ile-de-France,France,2023-11-19,true
CUST-006728,Lucas Davis,Berlin,Berlin,Germany,2020-05-03,true
CUST-006729,David Muller,Prague,Prague,Czechia,2026-07-06,true
CUST-006730,Arthur Ahmed,Vancouver,British Columbia,Canada,2023-09-19,true
CUST-006731,Ada Ahmed,Madrid,Community of Madrid,Spain,2023-09-23,true
CUST-006732,Isla Dubois,Brussels,Brussels-Capital,Belgium,2024-03-25,true
CUST-006733,David Silva,Warsaw,Masovian,Poland,2022-10-04,true
CUST-006734,Isla Novak,London,England,United Kingdom,2025-10-16,true
CUST-006735,Yusuf Clark,Rome,Lazio,Italy,2025-03-11,false
CUST-006736,Zara Santos,Prague,Prague,Czechia,2026-01-06,true
CUST-006737,Daniel Lopez,Copenhagen,Capital Region,Denmark,2020-02-01,true
CUST-006738,Nora Silva,Sydney,New South Wales,Australia,2021-05-02,true
CUST-006739,Jonas Korhonen,Munich,Bavaria,Germany,2022-02-26,true
CUST-006740,Mateo Berg,Toronto,Ontario,Canada,2020-03-14,true
CUST-006741,Grace Moore,Tokyo,Tokyo,Japan,2021-12-06,true
CUST-006742,Isla Davis,New York,New York,United States,2023-01-07,false
CUST-006743,Samuel Virtanen,Dublin,Leinster,Ireland,2020-01-07,true
CUST-006744,Lina Williams,Copenhagen,Capital Region,Denmark,2020-06-10,false
CUST-006745,Emma Santos,Rome,Lazio,Italy,2023-03-09,true
CUST-006746,Benjamin Wilson,Rome,Lazio,Italy,2022-04-18,true
CUST-006747,Nora Silva,Barcelona,Catalonia,Spain,2021-07-01,true
CUST-006748,Mateo Williams,London,England,United Kingdom,2023-01-10,true
CUST-006749,Jonas Novak,Tampere,Pirkanmaa,Finland,2025-08-15,true
CUST-006750,Grace Petrov,Manchester,England,United Kingdom,2025-09-24,true
CUST-006751,Lucas Nielsen,London,England,United Kingdom,2022-05-14,true
CUST-006752,Amina Rossi,Amsterdam,North Holland,Netherlands,2022-10-30,true
CUST-006753,Grace Ali,Lisbon,Lisbon,Portugal,2022-06-08,false
CUST-006754,Leo Petrov,Vienna,Vienna,Austria,2024-05-08,true
CUST-006755,Mila Silva,Prague,Prague,Czechia,2026-01-12,false
CUST-006756,Nora Jensen,Copenhagen,Capital Region,Denmark,2025-03-02,false
CUST-006757,Samuel Dubois,Brussels,Brussels-Capital,Belgium,2025-01-23,false
CUST-006758,David Wilson,Berlin,Berlin,Germany,2020-06-18,true
CUST-006759,Arthur Muller,Barcelona,Catalonia,Spain,2020-09-27,true
CUST-006760,Jonas Williams,Oslo,Oslo,Norway,2025-03-21,false
CUST-006761,Sofia Brown,Paris,Ile-de-France,France,2020-02-03,true
CUST-006762,Benjamin Berg,London,England,United Kingdom,2024-05-24,true
CUST-006763,Arthur Santos,Turku,Southwest Finland,Finland,2025-01-15,true
CUST-006764,Grace Korhonen,Tampere,Pirkanmaa,Finland,2021-11-30,false
CUST-006765,Elias Williams,Tokyo,Tokyo,Japan,2026-03-24,true
CUST-006766,Daniel Garcia,Lyon,Auvergne-Rhone-Alpes,France,2022-02-12,true
CUST-006767,David Rossi,Oslo,Oslo,Norway,2021-10-25,true
CUST-006768,Noah Clark,Tokyo,Tokyo,Japan,2021-04-24,true
CUST-006769,Maya Silva,Helsinki,Uusimaa,Finland,2022-04-28,false
CUST-006770,Amina Lopez,New York,New York,United States,2023-03-07,false
CUST-006771,Maya Ali,Dublin,Leinster,Ireland,2023-05-14,true
CUST-006772,Lina Korhonen,Vienna,Vienna,Austria,2026-03-28,true
CUST-006773,Henry Nielsen,Brussels,Brussels-Capital,Belgium,2026-08-07,true
CUST-006774,Daniel Ahmed,Gothenburg,Vastra Gotaland,Sweden,2026-04-20,true
CUST-006775,Maya Silva,Prague,Prague,Czechia,2024-06-06,true
CUST-006776,David Williams,Austin,Texas,United States,2023-12-28,true
CUST-006777,Fatima Taylor,Berlin,Berlin,Germany,2021-03-23,true
CUST-006778,Lina Brown,Turku,Southwest Finland,Finland,2022-02-03,true
CUST-006779,Yusuf Andersson,Vancouver,British Columbia,Canada,2022-03-31,true
CUST-006780,Sofia Williams,Manchester,England,United Kingdom,2025-08-05,true
CUST-006781,Arthur Korhonen,Amsterdam,North Holland,Netherlands,2025-10-21,true
CUST-006782,Omar Ahmed,Munich,Bavaria,Germany,2020-06-27,true
CUST-006783,Maya Ibrahim,London,England,United Kingdom,2024-01-08,true
CUST-006784,Benjamin Taylor,New York,New York,United States,2024-11-12,true
CUST-006785,Mateo Santos,Barcelona,Catalonia,Spain,2023-12-26,true
CUST-006786,Isla Rossi,Brussels,Brussels-Capital,Belgium,2025-05-10,true
CUST-006787,Daniel Khan,Amsterdam,North Holland,Netherlands,2024-01-03,false
CUST-006788,Ada Ali,Tokyo,Tokyo,Japan,2020-12-15,true
CUST-006789,Nora Smith,Tampere,Pirkanmaa,Finland,2023-04-06,true
CUST-006790,Oliver Williams,Barcelona,Catalonia,Spain,2020-09-03,true
CUST-006791,Benjamin Garcia,Brussels,Brussels-Capital,Belgium,2020-10-28,true
CUST-006792,Eva Petrov,Lisbon,Lisbon,Portugal,2022-08-27,false
CUST-006793,Mila Berg,Tokyo,Tokyo,Japan,2022-05-24,true
CUST-006794,Samuel Garcia,Munich,Bavaria,Germany,2020-12-15,false
CUST-006795,Oliver Moore,Paris,Ile-de-France,France,2020-05-30,true
CUST-006796,Mila Dubois,Manchester,England,United Kingdom,2021-03-17,true
CUST-006797,Ada Schmidt,Lisbon,Lisbon,Portugal,2022-12-09,true
CUST-006798,David Nielsen,Lyon,Auvergne-Rhone-Alpes,France,2026-08-12,true
CUST-006799,Maya Andersson,Manchester,England,United Kingdom,2025-03-06,true
CUST-006800,Emma Berg,Helsinki,Uusimaa,Finland,2020-04-12,true
CUST-006801,Benjamin Jensen,Munich,Bavaria,Germany,2022-11-05,true
CUST-006802,Benjamin Santos,Vienna,Vienna,Austria,2020-05-25,true
CUST-006803,Nora Schmidt,Austin,Texas,United States,2024-11-17,true
CUST-006804,Mateo Moore,London,England,United Kingdom,2026-03-31,false
CUST-006805,Samuel Martin,Lyon,Auvergne-Rhone-Alpes,France,2025-03-10,false
CUST-006806,Lucas Lopez,Munich,Bavaria,Germany,2022-07-28,true
CUST-006807,Chloe Garcia,Barcelona,Catalonia,Spain,2026-06-21,false
CUST-006808,Amina Novak,Munich,Bavaria,Germany,2024-01-21,false
CUST-006809,David Muller,Brussels,Brussels-Capital,Belgium,2023-05-03,true
CUST-006810,Noah Brown,Madrid,Community of Madrid,Spain,2023-10-09,true
CUST-006811,Amina Jensen,Austin,Texas,United States,2021-08-17,true
CUST-006812,Henry Rossi,Amsterdam,North Holland,Netherlands,2025-07-10,true
CUST-006813,Emma Wilson,Prague,Prague,Czechia,2025-08-27,true
CUST-006814,Lucas Jensen,Dublin,Leinster,Ireland,2023-07-21,false
CUST-006815,Sofia Jensen,Berlin,Berlin,Germany,2025-12-26,true
CUST-006816,Isla Muller,Brussels,Brussels-Capital,Belgium,2024-11-24,true
CUST-006817,David Ahmed,Brussels,Brussels-Capital,Belgium,2024-04-18,true
CUST-006818,Yusuf Khan,Helsinki,Uusimaa,Finland,2023-08-16,true
CUST-006819,Emma Smith,Milan,Lombardy,Italy,2025-05-31,true
CUST-006820,Sofia Muller,Dublin,Leinster,Ireland,2025-06-01,true
CUST-006821,Sofia Santos,Munich,Bavaria,Germany,2021-04-16,true
CUST-006822,Henry Ahmed,Madrid,Community of Madrid,Spain,2020-02-16,true
CUST-006823,Oliver Dubois,London,England,United Kingdom,2020-01-21,true
CUST-006824,Emma Schmidt,New York,New York,United States,2021-09-27,true
CUST-006825,Ada Clark,Lisbon,Lisbon,Portugal,2026-06-12,true
CUST-006826,Zara Schmidt,Brussels,Brussels-Capital,Belgium,2020-12-08,true
CUST-006827,Henry Santos,Tampere,Pirkanmaa,Finland,2024-11-09,true
CUST-006828,Noah Johnson,Manchester,England,United Kingdom,2025-03-24,true
CUST-006829,Ada Ali,Oslo,Oslo,Norway,2023-06-19,true
CUST-006830,Omar Brown,Vancouver,British Columbia,Canada,2022-02-25,true
CUST-006831,Daniel Wilson,Helsinki,Uusimaa,Finland,2020-05-14,true
CUST-006832,Amina Dubois,Sydney,New South Wales,Australia,2020-04-04,true
CUST-006833,Fatima Taylor,Amsterdam,North Holland,Netherlands,2022-06-03,true
CUST-006834,Jonas Ali,Turku,Southwest Finland,Finland,2026-07-01,false
CUST-006835,Fatima Berg,Dublin,Leinster,Ireland,2022-12-19,true
CUST-006836,Chloe Petrov,Tampere,Pirkanmaa,Finland,2021-12-31,true
CUST-006837,Amina Martin,Munich,Bavaria,Germany,2024-09-28,true
CUST-006838,Ada Ali,Manchester,England,United Kingdom,2021-02-16,true
CUST-006839,Nora Schmidt,Milan,Lombardy,Italy,2024-08-11,true
CUST-006840,Yusuf Novak,Gothenburg,Vastra Gotaland,Sweden,2020-05-24,true
CUST-006841,Jonas Korhonen,Lyon,Auvergne-Rhone-Alpes,France,2022-03-08,true
CUST-006842,Jonas Silva,Toronto,Ontario,Canada,2020-12-09,true
CUST-006843,Elias Khan,Vienna,Vienna,Austria,2021-05-10,false
CUST-006844,Benjamin Ibrahim,Amsterdam,North Holland,Netherlands,2024-02-07,true
CUST-006845,Grace Ahmed,Lyon,Auvergne-Rhone-Alpes,France,2026-03-09,true
CUST-006846,Benjamin Schmidt,Lisbon,Lisbon,Portugal,2024-09-26,true
CUST-006847,Lina Korhonen,Rome,Lazio,Italy,2024-04-05,true
CUST-006848,Noah Berg,Munich,Bavaria,Germany,2025-12-14,true
CUST-006849,Henry Wilson,Amsterdam,North Holland,Netherlands,2025-06-12,true
CUST-006850,Leo Brown,Copenhagen,Capital Region,Denmark,2020-05-28,false
CUST-006851,Henry Moore,Tampere,Pirkanmaa,Finland,2021-07-26,true
CUST-006852,Leo Smith,Austin,Texas,United States,2020-02-20,true
CUST-006853,Oliver Jensen,Vienna,Vienna,Austria,2024-12-29,true
CUST-006854,David Johnson,Gothenburg,Vastra Gotaland,Sweden,2023-05-17,true
CUST-006855,Sofia Wilson,Vancouver,British Columbia,Canada,2022-10-19,true
CUST-006856,Zara Clark,Munich,Bavaria,Germany,2022-11-30,false
CUST-006857,Mila Petrov,London,England,United Kingdom,2021-03-15,true
CUST-006858,Noah Andersson,Prague,Prague,Czechia,2020-09-18,false
CUST-006859,Elias Wilson,New York,New York,United States,2023-06-16,true
CUST-006860,Eva Smith,Lyon,Auvergne-Rhone-Alpes,France,2023-05-31,true
CUST-006861,Sofia Virtanen,London,England,United Kingdom,2022-08-13,true
CUST-006862,Yusuf Korhonen,Milan,Lombardy,Italy,2022-03-09,true
CUST-006863,Grace Berg,Vienna,Vienna,Austria,2024-04-19,true
CUST-006864,Mila Berg,New York,New York,United States,2026-08-11,false
CUST-006865,Fatima Wilson,Helsinki,Uusimaa,Finland,2021-02-05,true
CUST-006866,Jonas Korhonen,London,England,United Kingdom,2020-06-15,true
CUST-006867,Grace Berg,Lisbon,Lisbon,Portugal,2020-09-02,true
CUST-006868,Maya Korhonen,London,England,United Kingdom,2024-12-27,true
CUST-006869,Noah Virtanen,Tokyo,Tokyo,Japan,2026-07-28,true
CUST-006870,Samuel Brown,Sydney,New South Wales,Australia,2025-02-12,true
CUST-006871,Lina Khan,Tokyo,Tokyo,Japan,2025-10-10,true
CUST-006872,Noah Novak,Dublin,Leinster,Ireland,2024-02-21,true
CUST-006873,Leo Martin,Oslo,Oslo,Norway,2026-05-24,true
CUST-006874,Leila Wilson,Munich,Bavaria,Germany,2022-10-05,true
CUST-006875,Oliver Rossi,Lisbon,Lisbon,Portugal,2026-08-06,true
CUST-006876,Nora Brown,New York,New York,United States,2022-04-21,true
CUST-006877,Zara Wilson,Milan,Lombardy,Italy,2026-01-08,true
CUST-006878,Daniel Ibrahim,Amsterdam,North Holland,Netherlands,2024-05-24,true
CUST-006879,Leo Korhonen,Amsterdam,North Holland,Netherlands,2026-08-18,true
CUST-006880,Isla Santos,Oslo,Oslo,Norway,2025-09-21,true
CUST-006881,Grace Garcia,Madrid,Community of Madrid,Spain,2022-02-07,true
CUST-006882,Lucas Rossi,Gothenburg,Vastra Gotaland,Sweden,2022-06-26,true
CUST-006883,Maya Ahmed,Milan,Lombardy,Italy,2023-11-30,false
CUST-006884,Nora Williams,Milan,Lombardy,Italy,2023-02-16,true
CUST-006885,Eva Ali,Lyon,Auvergne-Rhone-Alpes,France,2021-02-16,true
CUST-006886,Mateo Santos,Stockholm,Stockholm County,Sweden,2022-02-18,true
CUST-006887,Mila Smith,Munich,Bavaria,Germany,2021-11-03,true
CUST-006888,Nora Korhonen,Munich,Bavaria,Germany,2024-08-19,false
CUST-006889,Lucas Garcia,Tampere,Pirkanmaa,Finland,2024-12-10,true
CUST-006890,Maya Berg,Rome,Lazio,Italy,2025-07-14,true
CUST-006891,Leo Williams,Prague,Prague,Czechia,2024-10-05,true
CUST-006892,Fatima Smith,Munich,Bavaria,Germany,2024-12-03,true
CUST-006893,Amina Rossi,Stockholm,Stockholm County,Sweden,2026-02-27,true
CUST-006894,Yusuf Rossi,Dublin,Leinster,Ireland,2023-12-26,true
CUST-006895,Amina Korhonen,Oslo,Oslo,Norway,2025-08-11,false
CUST-006896,Fatima Rossi,New York,New York,United States,2026-01-11,false
CUST-006897,Lina Martin,Tokyo,Tokyo,Japan,2024-11-11,true
CUST-006898,Ada Ibrahim,Paris,Ile-de-France,France,2020-03-03,true
CUST-006899,Leo Johnson,Vienna,Vienna,Austria,2021-02-25,true
CUST-006900,Lucas Nielsen,Stockholm,Stockholm County,Sweden,2023-01-04,true
CUST-006901,Lina Andersson,Manchester,England,United Kingdom,2026-04-01,true
CUST-006902,Maya Martin,Toronto,Ontario,Canada,2024-11-05,true
CUST-006903,Eva Virtanen,Tampere,Pirkanmaa,Finland,2025-04-19,true
CUST-006904,Jonas Johnson,Manchester,England,United Kingdom,2024-05-30,true
CUST-006905,Lucas Smith,London,England,United Kingdom,2020-06-26,true
CUST-006906,David Ahmed,Stockholm,Stockholm County,Sweden,2020-07-16,true
CUST-006907,Yusuf Martin,Oslo,Oslo,Norway,2025-12-03,true
CUST-006908,Nora Clark,Milan,Lombardy,Italy,2020-10-14,false
CUST-006909,Oliver Santos,Amsterdam,North Holland,Netherlands,2021-05-22,true
CUST-006910,Samuel Lopez,Manchester,England,United Kingdom,2020-01-24,true
CUST-006911,Jonas Ali,Lisbon,Lisbon,Portugal,2025-12-13,false
CUST-006912,Arthur Rossi,London,England,United Kingdom,2023-04-07,true
CUST-006913,Maya Lopez,Berlin,Berlin,Germany,2021-07-25,true
CUST-006914,Maya Korhonen,Toronto,Ontario,Canada,2022-02-21,true
CUST-006915,Elias Smith,Warsaw,Masovian,Poland,2023-12-21,true
CUST-006916,Chloe Andersson,Tokyo,Tokyo,Japan,2022-01-10,true
CUST-006917,Yusuf Muller,New York,New York,United States,2024-02-05,true
CUST-006918,Yusuf Korhonen,Gothenburg,Vastra Gotaland,Sweden,2022-01-02,true
CUST-006919,Nora Berg,Warsaw,Masovian,Poland,2025-02-04,true
CUST-006920,Leila Silva,Barcelona,Catalonia,Spain,2023-05-16,true
CUST-006921,Benjamin Lopez,Milan,Lombardy,Italy,2025-02-28,false
CUST-006922,Mateo Silva,Munich,Bavaria,Germany,2022-10-17,true
CUST-006923,Arthur Brown,London,England,United Kingdom,2020-09-27,true
CUST-006924,Amina Williams,Stockholm,Stockholm County,Sweden,2025-04-05,true
CUST-006925,Amina Smith,Amsterdam,North Holland,Netherlands,2024-02-11,true
CUST-006926,Grace Rossi,Paris,Ile-de-France,France,2022-01-03,true
CUST-006927,Jonas Schmidt,Dublin,Leinster,Ireland,2024-09-24,true
CUST-006928,Lina Schmidt,Tampere,Pirkanmaa,Finland,2026-08-06,true
CUST-006929,Emma Johnson,Madrid,Community of Madrid,Spain,2025-08-17,true
CUST-006930,Lucas Virtanen,Prague,Prague,Czechia,2022-05-09,true
CUST-006931,Henry Ali,Brussels,Brussels-Capital,Belgium,2020-12-28,true
CUST-006932,Grace Johnson,Manchester,England,United Kingdom,2020-03-31,true
CUST-006933,Chloe Korhonen,Manchester,England,United Kingdom,2020-04-11,true
CUST-006934,Eva Jensen,Manchester,England,United Kingdom,2024-07-04,true
CUST-006935,Arthur Ali,London,England,United Kingdom,2020-04-21,false
CUST-006936,Amina Silva,Warsaw,Masovian,Poland,2021-09-12,true
CUST-006937,David Clark,Turku,Southwest Finland,Finland,2024-12-25,true
CUST-006938,Arthur Williams,Amsterdam,North Holland,Netherlands,2021-02-23,true
CUST-006939,Isla Silva,Rome,Lazio,Italy,2024-09-14,true
CUST-006940,Sofia Lopez,Warsaw,Masovian,Poland,2026-07-29,true
CUST-006941,Sofia Novak,Helsinki,Uusimaa,Finland,2026-02-19,false
CUST-006942,Maya Schmidt,Gothenburg,Vastra Gotaland,Sweden,2026-06-29,true
CUST-006943,Daniel Korhonen,Vienna,Vienna,Austria,2020-03-14,true
CUST-006944,Elias Davis,Vienna,Vienna,Austria,2025-09-01,true
CUST-006945,Lucas Johnson,Madrid,Community of Madrid,Spain,2023-09-19,true
CUST-006946,Arthur Jensen,Rome,Lazio,Italy,2023-11-12,true
CUST-006947,Benjamin Lopez,Tampere,Pirkanmaa,Finland,2020-01-17,true
CUST-006948,Samuel Nielsen,Amsterdam,North Holland,Netherlands,2020-11-10,true
CUST-006949,Daniel Novak,Madrid,Community of Madrid,Spain,2022-07-13,false
CUST-006950,Jonas Ahmed,Barcelona,Catalonia,Spain,2022-06-04,false
CUST-006951,Eva Novak,Warsaw,Masovian,Poland,2022-03-20,false
CUST-006952,Omar Rossi,Stockholm,Stockholm County,Sweden,2020-04-17,true
CUST-006953,Omar Johnson,Prague,Prague,Czechia,2025-04-27,true
CUST-006954,Leo Lopez,Vienna,Vienna,Austria,2022-02-14,true
CUST-006955,Jonas Ali,Tampere,Pirkanmaa,Finland,2020-02-24,true
CUST-006956,Leila Virtanen,Lyon,Auvergne-Rhone-Alpes,France,2026-04-13,true
CUST-006957,Mila Santos,Turku,Southwest Finland,Finland,2024-02-13,true
CUST-006958,Eva Virtanen,Austin,Texas,United States,2021-04-03,true
CUST-006959,David Nielsen,Lyon,Auvergne-Rhone-Alpes,France,2020-07-09,true
CUST-006960,Mateo Jensen,Lisbon,Lisbon,Portugal,2024-05-23,false
CUST-006961,Arthur Davis,Brussels,Brussels-Capital,Belgium,2021-03-27,true
CUST-006962,Omar Moore,Rome,Lazio,Italy,2022-07-27,false
CUST-006963,Nora Wilson,Lisbon,Lisbon,Portugal,2023-07-19,true
CUST-006964,Samuel Ali,Dublin,Leinster,Ireland,2023-11-26,false
CUST-006965,Sofia Taylor,Manchester,England,United Kingdom,2026-02-20,true
CUST-006966,Benjamin Khan,Munich,Bavaria,Germany,2022-02-16,true
CUST-006967,Zara Korhonen,Tokyo,Tokyo,Japan,2023-01-12,true
CUST-006968,Oliver Khan,Copenhagen,Capital Region,Denmark,2021-03-08,true
CUST-006969,Benjamin Korhonen,Lyon,Auvergne-Rhone-Alpes,France,2022-12-11,true
CUST-006970,Leo Nielsen,Barcelona,Catalonia,Spain,2020-04-10,true
CUST-006971,Henry Ahmed,Madrid,Community of Madrid,Spain,2025-01-29,true
CUST-006972,Mateo Davis,Tokyo,Tokyo,Japan,2026-05-06,true
CUST-006973,Zara Garcia,Madrid,Community of Madrid,Spain,2025-01-04,true
CUST-006974,Isla Novak,Amsterdam,North Holland,Netherlands,2022-03-25,false
CUST-006975,Nora Brown,Brussels,Brussels-Capital,Belgium,2025-10-29,true
CUST-006976,Noah Lopez,Berlin,Berlin,Germany,2021-05-06,false
CUST-006977,Leila Ali,Toronto,Ontario,Canada,2021-01-13,true
CUST-006978,Daniel Brown,Paris,Ile-de-France,France,2024-04-23,true
CUST-006979,Grace Korhonen,Manchester,England,United Kingdom,2023-11-24,true
CUST-006980,Grace Virtanen,Stockholm,Stockholm County,Sweden,2020-01-01,true
CUST-006981,David Petrov,Paris,Ile-de-France,France,2026-01-11,false
CUST-006982,Elias Williams,Prague,Prague,Czechia,2023-05-10,true
CUST-006983,Amina Taylor,Oslo,Oslo,Norway,2024-08-31,true
CUST-006984,Grace Smith,Vancouver,British Columbia,Canada,2021-04-07,true
CUST-006985,Zara Berg,Paris,Ile-de-France,France,2024-10-22,true
CUST-006986,Omar Rossi,Munich,Bavaria,Germany,2021-12-24,true
CUST-006987,Yusuf Brown,Amsterdam,North Holland,Netherlands,2021-11-03,true
CUST-006988,Nora Clark,Madrid,Community of Madrid,Spain,2022-11-08,true
CUST-006989,Arthur Petrov,Oslo,Oslo,Norway,2024-10-01,true
CUST-006990,Yusuf Davis,Copenhagen,Capital Region,Denmark,2023-11-25,true
CUST-006991,Lucas Garcia,Paris,Ile-de-France,France,2023-08-20,false
CUST-006992,Lina Berg,New York,New York,United States,2023-07-14,false
CUST-006993,Fatima Davis,Austin,Texas,United States,2022-03-03,true
CUST-006994,Omar Silva,Brussels,Brussels-Capital,Belgium,2021-12-01,false
CUST-006995,Sofia Korhonen,Madrid,Community of Madrid,Spain,2025-08-10,true
CUST-006996,Benjamin Nielsen,Lyon,Auvergne-Rhone-Alpes,France,2024-03-06,true
CUST-006997,Henry Lopez,Amsterdam,North Holland,Netherlands,2022-03-11,true
CUST-006998,Nora Ibrahim,Barcelona,Catalonia,Spain,2022-12-10,true
CUST-006999,Fatima Smith,Gothenburg,Vastra Gotaland,Sweden,2020-10-16,true
CUST-007000,Leo Muller,Oslo,Oslo,Norway,2026-01-27,true
CUST-007001,Ada Clark,Oslo,Oslo,Norway,2020-01-29,true
CUST-007002,Samuel Korhonen,Copenhagen,Capital Region,Denmark,2022-06-27,true
CUST-007003,Emma Santos,London,England,United Kingdom,2025-12-13,true
CUST-007004,Oliver Jensen,Sydney,New South Wales,Australia,2026-06-30,true
CUST-007005,Benjamin Berg,Austin,Texas,United States,2020-05-22,false
CUST-007006,Samuel Rossi,Madrid,Community of Madrid,Spain,2023-01-26,false
CUST-007007,Sofia Davis,Manchester,England,United Kingdom,2024-04-25,true
CUST-007008,Noah Berg,Prague,Prague,Czechia,2020-02-06,true
CUST-007009,Oliver Muller,Austin,Texas,United States,2025-04-22,true
CUST-007010,Samuel Taylor,Prague,Prague,Czechia,2025-09-04,false
CUST-007011,Fatima Ibrahim,Dublin,Leinster,Ireland,2020-09-05,true
CUST-007012,Leila Taylor,Amsterdam,North Holland,Netherlands,2022-11-06,true
CUST-007013,Ada Korhonen,Oslo,Oslo,Norway,2025-02-08,true
CUST-007014,Sofia Ali,Toronto,Ontario,Canada,2025-04-12,true
CUST-007015,Oliver Khan,London,England,United Kingdom,2025-08-24,true
CUST-007016,Sofia Rossi,Stockholm,Stockholm County,Sweden,2023-06-28,true
CUST-007017,Lucas Silva,Turku,Southwest Finland,Finland,2025-08-16,false
CUST-007018,Leo Wilson,Toronto,Ontario,Canada,2023-01-08,true
CUST-007019,Mila Petrov,Lyon,Auvergne-Rhone-Alpes,France,2021-06-05,true
CUST-007020,Grace Martin,Barcelona,Catalonia,Spain,2022-11-21,true
CUST-007021,Oliver Martin,Lisbon,Lisbon,Portugal,2022-03-06,true
CUST-007022,Zara Virtanen,Lyon,Auvergne-Rhone-Alpes,France,2022-08-18,true
CUST-007023,Chloe Wilson,Madrid,Community of Madrid,Spain,2023-02-15,true
CUST-007024,Henry Silva,Prague,Prague,Czechia,2022-10-23,true
CUST-007025,Elias Garcia,Vancouver,British Columbia,Canada,2024-10-25,false
CUST-007026,Noah Petrov,Brussels,Brussels-Capital,Belgium,2020-05-06,false
CUST-007027,Sofia Rossi,Berlin,Berlin,Germany,2024-01-26,true
CUST-007028,Samuel Khan,Madrid,Community of Madrid,Spain,2020-12-23,true
CUST-007029,Henry Johnson,Vienna,Vienna,Austria,2021-02-09,false
CUST-007030,Lucas Andersson,Milan,Lombardy,Italy,2026-01-08,true
CUST-007031,Emma Dubois,Rome,Lazio,Italy,2022-09-11,true
CUST-007032,Samuel Taylor,Lyon,Auvergne-Rhone-Alpes,France,2024-03-24,false
CUST-007033,Jonas Lopez,Amsterdam,North Holland,Netherlands,2024-09-08,true
CUST-007034,Amina Andersson,Sydney,New South Wales,Australia,2021-03-10,true
CUST-007035,Daniel Dubois,Oslo,Oslo,Norway,2022-12-24,false
CUST-007036,Maya Muller,Toronto,Ontario,Canada,2026-06-09,true
CUST-007037,Jonas Martin,Paris,Ile-de-France,France,2025-08-10,false
CUST-007038,Jonas Taylor,Lyon,Auvergne-Rhone-Alpes,France,2021-12-15,true
CUST-007039,Yusuf Lopez,Oslo,Oslo,Norway,2022-04-23,true
CUST-007040,Benjamin Taylor,Oslo,Oslo,Norway,2026-05-30,false
CUST-007041,David Wilson,Gothenburg,Vastra Gotaland,Sweden,2020-11-12,false
CUST-007042,Omar Johnson,Munich,Bavaria,Germany,2022-04-30,true
CUST-007043,Sofia Wilson,Rome,Lazio,Italy,2022-05-14,true
CUST-007044,Mateo Novak,Berlin,Berlin,Germany,2022-06-21,true
CUST-007045,Oliver Williams,Rome,Lazio,Italy,2024-07-24,true
CUST-007046,Chloe Novak,London,England,United Kingdom,2022-07-11,true
CUST-007047,Grace Novak,Austin,Texas,United States,2020-02-19,false
CUST-007048,Leo Silva,Manchester,England,United Kingdom,2022-03-10,true
CUST-007049,Nora Schmidt,Brussels,Brussels-Capital,Belgium,2025-09-14,true
CUST-007050,Henry Moore,Copenhagen,Capital Region,Denmark,2021-05-30,true
CUST-007051,Elias Schmidt,Munich,Bavaria,Germany,2024-08-25,true
CUST-007052,Yusuf Johnson,London,England,United Kingdom,2020-08-18,true
CUST-007053,Jonas Wilson,London,England,United Kingdom,2023-07-10,true
CUST-007054,Omar Lopez,Helsinki,Uusimaa,Finland,2020-08-31,false
CUST-007055,Samuel Novak,Manchester,England,United Kingdom,2026-07-09,true
CUST-007056,Lucas Ibrahim,Milan,Lombardy,Italy,2022-05-19,true
CUST-007057,Henry Rossi,Vienna,Vienna,Austria,2024-11-03,true
CUST-007058,Sofia Berg,Toronto,Ontario,Canada,2023-05-02,true
CUST-007059,Grace Andersson,Copenhagen,Capital Region,Denmark,2022-08-10,true
CUST-007060,Mila Lopez,Gothenburg,Vastra Gotaland,Sweden,2023-11-27,false
CUST-007061,Henry Silva,Barcelona,Catalonia,Spain,2023-03-02,true
CUST-007062,Lina Schmidt,Munich,Bavaria,Germany,2024-04-14,true
CUST-007063,Amina Davis,Helsinki,Uusimaa,Finland,2026-04-11,true
CUST-007064,Oliver Moore,Tokyo,Tokyo,Japan,2021-07-27,true
CUST-007065,Isla Brown,Manchester,England,United Kingdom,2020-12-28,true
CUST-007066,Amina Schmidt,Paris,Ile-de-France,France,2025-04-29,false
CUST-007067,Noah Jensen,London,England,United Kingdom,2021-12-16,true
CUST-007068,Nora Brown,Brussels,Brussels-Capital,Belgium,2025-04-05,true
CUST-007069,Oliver Moore,Stockholm,Stockholm County,Sweden,2024-11-20,true
CUST-007070,Mateo Ali,New York,New York,United States,2022-05-16,true
CUST-007071,Nora Andersson,Madrid,Community of Madrid,Spain,2024-11-15,true
CUST-007072,Mila Dubois,Milan,Lombardy,Italy,2026-01-30,true
CUST-007073,Benjamin Clark,Helsinki,Uusimaa,Finland,2024-09-18,true
CUST-007074,Lina Taylor,Lisbon,Lisbon,Portugal,2020-11-02,false
CUST-007075,Samuel Wilson,Turku,Southwest Finland,Finland,2020-12-29,true
CUST-007076,Samuel Dubois,Lisbon,Lisbon,Portugal,2021-08-21,true
CUST-007077,Henry Schmidt,Barcelona,Catalonia,Spain,2023-06-19,true
CUST-007078,Yusuf Garcia,Tokyo,Tokyo,Japan,2023-04-19,false
CUST-007079,Daniel Nielsen,Manchester,England,United Kingdom,2024-11-30,true
CUST-007080,Nora Lopez,Oslo,Oslo,Norway,2023-12-14,true
CUST-007081,Nora Clark,Sydney,New South Wales,Australia,2025-07-31,true
CUST-007082,Yusuf Petrov,Amsterdam,North Holland,Netherlands,2022-03-09,false
CUST-007083,Mateo Korhonen,Helsinki,Uusimaa,Finland,2020-08-26,true
CUST-007084,Nora Silva,Brussels,Brussels-Capital,Belgium,2023-05-13,true
CUST-007085,Noah Dubois,Amsterdam,North Holland,Netherlands,2020-02-27,true
CUST-007086,Daniel Williams,Tokyo,Tokyo,Japan,2025-02-02,true
CUST-007087,Emma Korhonen,Prague,Prague,Czechia,2026-06-02,true
CUST-007088,Zara Lopez,Milan,Lombardy,Italy,2023-09-29,true
CUST-007089,Nora Novak,Rome,Lazio,Italy,2023-11-07,true
CUST-007090,Lucas Ibrahim,Dublin,Leinster,Ireland,2021-11-07,true
CUST-007091,Henry Muller,Dublin,Leinster,Ireland,2025-01-01,true
CUST-007092,Ada Novak,New York,New York,United States,2025-07-25,true
CUST-007093,David Schmidt,Stockholm,Stockholm County,Sweden,2022-11-18,false
CUST-007094,Zara Dubois,Vancouver,British Columbia,Canada,2024-07-13,true
CUST-007095,Elias Novak,Sydney,New South Wales,Australia,2024-02-29,true
CUST-007096,Nora Ali,Vancouver,British Columbia,Canada,2022-01-09,true
CUST-007097,Mila Wilson,Amsterdam,North Holland,Netherlands,2022-07-08,true
CUST-007098,Omar Silva,Vienna,Vienna,Austria,2026-01-01,true
CUST-007099,Omar Andersson,Stockholm,Stockholm County,Sweden,2025-06-11,true
CUST-007100,David Johnson,Manchester,England,United Kingdom,2021-09-30,true
CUST-007101,Noah Schmidt,Vienna,Vienna,Austria,2020-02-01,true
CUST-007102,Nora Martin,Berlin,Berlin,Germany,2024-12-26,true
CUST-007103,Fatima Jensen,Lyon,Auvergne-Rhone-Alpes,France,2022-02-28,true
CUST-007104,Leo Berg,New York,New York,United States,2026-04-23,false
CUST-007105,Zara Silva,Turku,Southwest Finland,Finland,2026-05-29,true
CUST-007106,Fatima Clark,Vienna,Vienna,Austria,2026-08-19,true
CUST-007107,Leo Martin,London,England,United Kingdom,2022-01-27,true
CUST-007108,Leila Clark,Amsterdam,North Holland,Netherlands,2026-02-24,true
CUST-007109,Omar Petrov,Sydney,New South Wales,Australia,2021-10-25,true
CUST-007110,Nora Santos,Vancouver,British Columbia,Canada,2022-12-20,true
CUST-007111,Maya Petrov,Paris,Ile-de-France,France,2025-02-25,true
CUST-007112,Samuel Petrov,Gothenburg,Vastra Gotaland,Sweden,2020-01-14,true
CUST-007113,Sofia Martin,Munich,Bavaria,Germany,2021-09-22,true
CUST-007114,Amina Taylor,Toronto,Ontario,Canada,2025-11-21,true
CUST-007115,Emma Khan,Dublin,Leinster,Ireland,2022-01-22,true
CUST-007116,Mateo Andersson,Gothenburg,Vastra Gotaland,Sweden,2024-09-13,true
CUST-007117,Maya Andersson,Amsterdam,North Holland,Netherlands,2021-01-31,true
CUST-007118,Henry Smith,Brussels,Brussels-Capital,Belgium,2020-02-20,true
CUST-007119,Emma Khan,Prague,Prague,Czechia,2020-07-14,false
CUST-007120,Grace Korhonen,Vancouver,British Columbia,Canada,2023-02-03,false
CUST-007121,Zara Clark,Austin,Texas,United States,2022-09-22,true
CUST-007122,Daniel Jensen,Lisbon,Lisbon,Portugal,2025-10-07,true
CUST-007123,Benjamin Santos,Brussels,Brussels-Capital,Belgium,2021-10-12,true
CUST-007124,Oliver Davis,Gothenburg,Vastra Gotaland,Sweden,2021-07-29,true
CUST-007125,Chloe Lopez,Rome,Lazio,Italy,2022-05-26,true
CUST-007126,Mila Williams,Turku,Southwest Finland,Finland,2020-09-20,true
CUST-007127,Lina Schmidt,Vancouver,British Columbia,Canada,2024-02-11,true
CUST-007128,Chloe Korhonen,Lyon,Auvergne-Rhone-Alpes,France,2020-11-13,true
CUST-007129,Elias Taylor,Vancouver,British Columbia,Canada,2025-05-13,false
CUST-007130,Arthur Novak,Copenhagen,Capital Region,Denmark,2023-03-14,false
CUST-007131,Grace Taylor,Helsinki,Uusimaa,Finland,2026-01-27,false
CUST-007132,Fatima Garcia,Manchester,England,United Kingdom,2021-01-17,true
CUST-007133,Isla Ahmed,Tokyo,Tokyo,Japan,2024-01-04,true
CUST-007134,Amina Wilson,Vancouver,British Columbia,Canada,2020-12-19,true
CUST-007135,Isla Andersson,Vancouver,British Columbia,Canada,2022-10-15,false
CUST-007136,Henry Silva,Sydney,New South Wales,Australia,2022-04-14,true
CUST-007137,Noah Williams,Barcelona,Catalonia,Spain,2021-06-14,true
CUST-007138,Benjamin Davis,Barcelona,Catalonia,Spain,2023-12-17,true
CUST-007139,Chloe Ibrahim,Milan,Lombardy,Italy,2024-07-10,true
CUST-007140,Henry Johnson,Gothenburg,Vastra Gotaland,Sweden,2024-10-19,true
CUST-007141,Maya Novak,Madrid,Community of Madrid,Spain,2020-07-24,true
CUST-007142,Mila Berg,Prague,Prague,Czechia,2024-02-08,true
CUST-007143,Mateo Nielsen,Turku,Southwest Finland,Finland,2021-02-23,true
CUST-007144,Noah Brown,Lisbon,Lisbon,Portugal,2026-06-06,true
CUST-007145,Ada Garcia,Munich,Bavaria,Germany,2026-07-28,true
CUST-007146,Noah Silva,Vienna,Vienna,Austria,2021-11-30,false
CUST-007147,Fatima Khan,New York,New York,United States,2024-11-24,true
CUST-007148,Fatima Martin,Warsaw,Masovian,Poland,2024-08-17,true
CUST-007149,Amina Johnson,Sydney,New South Wales,Australia,2026-03-25,true
CUST-007150,Leila Brown,Sydney,New South Wales,Australia,2020-08-11,true
CUST-007151,Isla Johnson,Milan,Lombardy,Italy,2025-01-20,false
CUST-007152,Henry Brown,Toronto,Ontario,Canada,2024-08-23,true
CUST-007153,Grace Wilson,Vancouver,British Columbia,Canada,2021-08-09,true
CUST-007154,Zara Brown,Prague,Prague,Czechia,2023-10-04,true
CUST-007155,Eva Nielsen,Oslo,Oslo,Norway,2023-08-11,false
CUST-007156,Fatima Novak,Turku,Southwest Finland,Finland,2023-12-12,true
CUST-007157,Ada Ibrahim,Madrid,Community of Madrid,Spain,2024-10-21,true
CUST-007158,Emma Ali,Austin,Texas,United States,2020-09-09,true
CUST-007159,Maya Johnson,Austin,Texas,United States,2022-04-21,false
CUST-007160,Chloe Smith,Gothenburg,Vastra Gotaland,Sweden,2024-09-29,true
CUST-007161,Emma Berg,Oslo,Oslo,Norway,2021-07-28,true
CUST-007162,Noah Novak,Lyon,Auvergne-Rhone-Alpes,France,2025-10-02,true
CUST-007163,Lucas Moore,Paris,Ile-de-France,France,2026-08-12,true
CUST-007164,Nora Andersson,Tampere,Pirkanmaa,Finland,2021-04-24,true
CUST-007165,Leila Moore,Warsaw,Masovian,Poland,2020-05-13,true
CUST-007166,Eva Ali,Helsinki,Uusimaa,Finland,2025-05-19,true
CUST-007167,Leila Ahmed,Helsinki,Uusimaa,Finland,2020-06-15,true
CUST-007168,Lina Ahmed,Sydney,New South Wales,Australia,2023-12-02,true
CUST-007169,Chloe Ali,Brussels,Brussels-Capital,Belgium,2024-08-27,true
CUST-007170,Maya Smith,Tokyo,Tokyo,Japan,2022-08-17,true
CUST-007171,Mila Muller,Vienna,Vienna,Austria,2020-09-13,true
CUST-007172,Ada Moore,Dublin,Leinster,Ireland,2022-10-04,false
CUST-007173,Grace Petrov,Lyon,Auvergne-Rhone-Alpes,France,2021-07-31,true
CUST-007174,David Schmidt,Paris,Ile-de-France,France,2023-02-14,true
CUST-007175,Emma Khan,Rome,Lazio,Italy,2021-08-24,true
CUST-007176,Ada Wilson,Madrid,Community of Madrid,Spain,2023-09-29,true
CUST-007177,Zara Smith,Madrid,Community of Madrid,Spain,2021-10-10,true
CUST-007178,Noah Ahmed,Lyon,Auvergne-Rhone-Alpes,France,2021-11-12,true
CUST-007179,Ada Novak,Vancouver,British Columbia,Canada,2021-12-22,true
CUST-007180,Grace Moore,Paris,Ile-de-France,France,2022-10-24,false
CUST-007181,Ada Davis,Barcelona,Catalonia,Spain,2026-06-10,true
CUST-007182,Benjamin Novak,New York,New York,United States,2025-02-20,false
CUST-007183,Lina Muller,Berlin,Berlin,Germany,2021-03-16,true
CUST-007184,Ada Lopez,Brussels,Brussels-Capital,Belgium,2020-08-14,true
CUST-007185,Benjamin Brown,Copenhagen,Capital Region,Denmark,2026-08-05,true
CUST-007186,David Lopez,New York,New York,United States,2023-05-22,false
CUST-007187,Emma Williams,Berlin,Berlin,Germany,2021-03-23,true
CUST-007188,Henry Ibrahim,Austin,Texas,United States,2020-12-31,true
CUST-007189,Jonas Andersson,Berlin,Berlin,Germany,2020-10-05,true
CUST-007190,Benjamin Martin,Milan,Lombardy,Italy,2026-02-16,false
CUST-007191,Zara Santos,Turku,Southwest Finland,Finland,2023-05-13,true
CUST-007192,Noah Silva,Lisbon,Lisbon,Portugal,2024-12-19,true
CUST-007193,Amina Petrov,Stockholm,Stockholm County,Sweden,2025-10-25,true
CUST-007194,Emma Nielsen,Barcelona,Catalonia,Spain,2024-09-01,false
CUST-007195,Nora Ahmed,Toronto,Ontario,Canada,2026-08-02,true
CUST-007196,Mila Schmidt,Madrid,Community of Madrid,Spain,2020-05-20,true
CUST-007197,Oliver Virtanen,Tokyo,Tokyo,Japan,2023-11-04,true
CUST-007198,Eva Moore,Amsterdam,North Holland,Netherlands,2023-10-07,true
CUST-007199,Oliver Silva,Munich,Bavaria,Germany,2020-08-25,true
CUST-007200,Elias Clark,Austin,Texas,United States,2022-06-09,true
CUST-007201,Elias Khan,Tampere,Pirkanmaa,Finland,2023-05-19,false
CUST-007202,Sofia Korhonen,Rome,Lazio,Italy,2024-08-13,true
CUST-007203,Grace Khan,Munich,Bavaria,Germany,2023-02-07,true
CUST-007204,Jonas Andersson,Lisbon,Lisbon,Portugal,2021-07-17,true
CUST-007205,Elias Petrov,Milan,Lombardy,Italy,2021-01-06,false
CUST-007206,Zara Ali,Gothenburg,Vastra Gotaland,Sweden,2023-08-20,true
CUST-007207,Ada Brown,Austin,Texas,United States,2023-10-27,true
CUST-007208,Daniel Moore,Sydney,New South Wales,Australia,2023-12-31,true
CUST-007209,Isla Wilson,Munich,Bavaria,Germany,2024-12-24,true
CUST-007210,Lucas Dubois,Amsterdam,North Holland,Netherlands,2026-03-09,true
CUST-007211,Mila Korhonen,Brussels,Brussels-Capital,Belgium,2022-11-17,true
CUST-007212,Noah Ibrahim,New York,New York,United States,2025-04-14,true
CUST-007213,Chloe Wilson,Stockholm,Stockholm County,Sweden,2023-07-10,true
CUST-007214,Daniel Nielsen,Warsaw,Masovian,Poland,2022-11-12,true
CUST-007215,Oliver Johnson,Lisbon,Lisbon,Portugal,2022-01-16,true
CUST-007216,Chloe Schmidt,New York,New York,United States,2024-08-17,true
CUST-007217,Noah Ibrahim,Brussels,Brussels-Capital,Belgium,2023-01-07,false
CUST-007218,Zara Rossi,Tokyo,Tokyo,Japan,2024-05-25,true
CUST-007219,Zara Andersson,Amsterdam,North Holland,Netherlands,2025-07-04,true
CUST-007220,Emma Lopez,Sydney,New South Wales,Australia,2024-02-11,true
CUST-007221,David Silva,Helsinki,Uusimaa,Finland,2021-11-27,true
CUST-007222,Yusuf Brown,Helsinki,Uusimaa,Finland,2025-11-18,true
CUST-007223,David Andersson,Gothenburg,Vastra Gotaland,Sweden,2020-05-02,false
CUST-007224,Amina Smith,Prague,Prague,Czechia,2024-03-19,true
CUST-007225,Fatima Rossi,London,England,United Kingdom,2021-12-28,true
CUST-007226,Mila Clark,Barcelona,Catalonia,Spain,2026-06-30,true
CUST-007227,Noah Andersson,Turku,Southwest Finland,Finland,2022-04-16,true
CUST-007228,Yusuf Rossi,Barcelona,Catalonia,Spain,2022-06-21,true
CUST-007229,Arthur Andersson,Oslo,Oslo,Norway,2020-01-06,false
CUST-007230,Henry Jensen,Dublin,Leinster,Ireland,2025-07-19,true
CUST-007231,Grace Smith,Oslo,Oslo,Norway,2020-08-14,true
CUST-007232,Ada Khan,Prague,Prague,Czechia,2023-10-14,true
CUST-007233,Mila Davis,Vienna,Vienna,Austria,2024-04-17,true
CUST-007234,Noah Wilson,Rome,Lazio,Italy,2024-02-02,true
CUST-007235,Arthur Taylor,Milan,Lombardy,Italy,2024-04-14,true
CUST-007236,Benjamin Garcia,Turku,Southwest Finland,Finland,2025-09-14,true
CUST-007237,Leo Muller,Brussels,Brussels-Capital,Belgium,2022-08-20,true
CUST-007238,Mila Moore,Vancouver,British Columbia,Canada,2023-02-06,true
CUST-007239,Lina Dubois,Dublin,Leinster,Ireland,2026-08-10,true
CUST-007240,Omar Williams,Sydney,New South Wales,Australia,2023-11-15,true
CUST-007241,Fatima Petrov,Gothenburg,Vastra Gotaland,Sweden,2023-01-25,true
CUST-007242,Elias Dubois,Toronto,Ontario,Canada,2024-02-26,true
CUST-007243,Grace Martin,New York,New York,United States,2020-08-14,true
CUST-007244,David Muller,Dublin,Leinster,Ireland,2024-05-31,true
CUST-007245,Chloe Virtanen,Tokyo,Tokyo,Japan,2023-07-23,false
CUST-007246,Henry Johnson,Warsaw,Masovian,Poland,2020-02-19,true
CUST-007247,Lucas Wilson,London,England,United Kingdom,2025-09-12,true
CUST-007248,Oliver Williams,Paris,Ile-de-France,France,2024-12-05,true
CUST-007249,Noah Wilson,Turku,Southwest Finland,Finland,2022-03-11,true
CUST-007250,Chloe Moore,Barcelona,Catalonia,Spain,2025-05-19,true
CUST-007251,Nora Andersson,Austin,Texas,United States,2020-09-19,true
CUST-007252,Sofia Moore,Stockholm,Stockholm County,Sweden,2020-12-26,true
CUST-007253,Jonas Lopez,Barcelona,Catalonia,Spain,2020-10-14,true
CUST-007254,Fatima Khan,Manchester,England,United Kingdom,2022-09-04,false
CUST-007255,Eva Virtanen,Tokyo,Tokyo,Japan,2021-05-24,true
CUST-007256,Nora Santos,Dublin,Leinster,Ireland,2023-03-08,true
CUST-007257,Oliver Clark,Lisbon,Lisbon,Portugal,2023-04-27,true
CUST-007258,Henry Brown,Tokyo,Tokyo,Japan,2026-08-13,true
CUST-007259,Lina Dubois,Sydney,New South Wales,Australia,2020-02-20,true
CUST-007260,Grace Johnson,Vienna,Vienna,Austria,2024-10-15,true
CUST-007261,Ada Ali,New York,New York,United States,2025-06-16,true
CUST-007262,Amina Silva,Vancouver,British Columbia,Canada,2023-12-27,true
CUST-007263,Lucas Brown,Turku,Southwest Finland,Finland,2022-09-20,true
CUST-007264,Henry Schmidt,Rome,Lazio,Italy,2021-11-26,true
CUST-007265,Sofia Novak,Austin,Texas,United States,2026-08-31,false
CUST-007266,Mila Garcia,Madrid,Community of Madrid,Spain,2020-09-22,true
CUST-007267,Isla Wilson,Sydney,New South Wales,Australia,2023-08-07,true
CUST-007268,Henry Ahmed,Turku,Southwest Finland,Finland,2022-10-10,true
CUST-007269,Zara Khan,London,England,United Kingdom,2024-06-13,true
CUST-007270,Daniel Moore,Vienna,Vienna,Austria,2026-03-05,true
CUST-007271,Arthur Petrov,Amsterdam,North Holland,Netherlands,2024-01-17,false
CUST-007272,Henry Nielsen,Austin,Texas,United States,2024-09-28,true
CUST-007273,Samuel Ibrahim,Manchester,England,United Kingdom,2025-07-16,true
CUST-007274,Elias Williams,Manchester,England,United Kingdom,2020-08-07,true
CUST-007275,Nora Korhonen,Turku,Southwest Finland,Finland,2025-01-01,true
CUST-007276,Lina Brown,Helsinki,Uusimaa,Finland,2025-08-08,false
CUST-007277,Arthur Muller,Milan,Lombardy,Italy,2023-07-20,true
CUST-007278,Grace Garcia,Austin,Texas,United States,2020-06-26,true
CUST-007279,Chloe Moore,Tokyo,Tokyo,Japan,2022-01-22,true
CUST-007280,Arthur Davis,Amsterdam,North Holland,Netherlands,2024-06-27,false
CUST-007281,Elias Johnson,Helsinki,Uusimaa,Finland,2021-05-03,true
CUST-007282,Samuel Silva,Lisbon,Lisbon,Portugal,2023-10-13,true
CUST-007283,Yusuf Jensen,Prague,Prague,Czechia,2024-08-15,true
CUST-007284,Grace Petrov,Lyon,Auvergne-Rhone-Alpes,France,2022-05-15,false
CUST-007285,Leo Silva,Copenhagen,Capital Region,Denmark,2024-03-27,true
CUST-007286,Leila Moore,London,England,United Kingdom,2026-06-09,true
CUST-007287,Emma Berg,Austin,Texas,United States,2023-02-19,true
CUST-007288,Nora Schmidt,Paris,Ile-de-France,France,2020-08-03,true
CUST-007289,Jonas Johnson,Barcelona,Catalonia,Spain,2025-08-02,true
CUST-007290,Fatima Petrov,Stockholm,Stockholm County,Sweden,2022-08-09,true
CUST-007291,Daniel Korhonen,Tokyo,Tokyo,Japan,2023-04-24,true
CUST-007292,Leo Clark,Lisbon,Lisbon,Portugal,2024-03-30,true
CUST-007293,Daniel Nielsen,Lisbon,Lisbon,Portugal,2020-12-11,true
CUST-007294,Mila Moore,Munich,Bavaria,Germany,2022-11-18,true
CUST-007295,Fatima Brown,Gothenburg,Vastra Gotaland,Sweden,2021-01-24,true
CUST-007296,Lina Muller,Manchester,England,United Kingdom,2025-06-11,true
CUST-007297,Jonas Silva,Warsaw,Masovian,Poland,2022-05-04,false
CUST-007298,Leila Garcia,Tampere,Pirkanmaa,Finland,2026-06-07,true
CUST-007299,Omar Johnson,Tokyo,Tokyo,Japan,2020-06-29,false
CUST-007300,Ada Moore,Tokyo,Tokyo,Japan,2023-05-12,false
CUST-007301,Lina Rossi,Barcelona,Catalonia,Spain,2025-06-05,true
CUST-007302,Leo Davis,Gothenburg,Vastra Gotaland,Sweden,2024-09-06,true
CUST-007303,Daniel Andersson,Tokyo,Tokyo,Japan,2025-04-19,true
CUST-007304,Leila Clark,Rome,Lazio,Italy,2026-01-03,true
CUST-007305,Omar Garcia,Madrid,Community of Madrid,Spain,2024-06-26,true
CUST-007306,Grace Korhonen,Helsinki,Uusimaa,Finland,2022-07-17,true
CUST-007307,Nora Schmidt,Gothenburg,Vastra Gotaland,Sweden,2022-07-27,true
CUST-007308,Sofia Dubois,Tampere,Pirkanmaa,Finland,2020-08-03,false
CUST-007309,Isla Jensen,Paris,Ile-de-France,France,2024-10-11,true
CUST-007310,Nora Rossi,Gothenburg,Vastra Gotaland,Sweden,2024-08-20,true
CUST-007311,Chloe Williams,Warsaw,Masovian,Poland,2026-03-01,false
CUST-007312,Isla Dubois,Sydney,New South Wales,Australia,2020-12-13,true
CUST-007313,Samuel Williams,Sydney,New South Wales,Australia,2023-08-19,true
CUST-007314,Daniel Ali,Helsinki,Uusimaa,Finland,2022-07-29,false
CUST-007315,Isla Ahmed,Tampere,Pirkanmaa,Finland,2021-09-11,true
CUST-007316,Lina Novak,Sydney,New South Wales,Australia,2022-01-04,true
CUST-007317,Lina Schmidt,London,England,United Kingdom,2020-01-02,true
CUST-007318,Mateo Smith,Austin,Texas,United States,2020-11-27,true
CUST-007319,Sofia Ali,Lyon,Auvergne-Rhone-Alpes,France,2023-12-05,true
CUST-007320,Mateo Novak,Oslo,Oslo,Norway,2026-07-11,true
CUST-007321,Daniel Moore,Madrid,Community of Madrid,Spain,2020-07-06,true
CUST-007322,Henry Johnson,New York,New York,United States,2020-11-26,false
CUST-007323,Yusuf Silva,Lyon,Auvergne-Rhone-Alpes,France,2025-01-27,true
CUST-007324,Leo Nielsen,Lyon,Auvergne-Rhone-Alpes,France,2024-02-06,true
CUST-007325,Mila Silva,Milan,Lombardy,Italy,2024-12-04,true
CUST-007326,Oliver Silva,Paris,Ile-de-France,France,2023-03-17,true
CUST-007327,Maya Schmidt,Munich,Bavaria,Germany,2021-07-25,true
CUST-007328,Sofia Martin,Manchester,England,United Kingdom,2024-05-22,true
CUST-007329,Yusuf Khan,Gothenburg,Vastra Gotaland,Sweden,2022-06-22,true
CUST-007330,Eva Smith,Gothenburg,Vastra Gotaland,Sweden,2025-03-27,true
CUST-007331,Henry Andersson,Paris,Ile-de-France,France,2021-03-13,true
CUST-007332,Leo Clark,Barcelona,Catalonia,Spain,2021-01-16,true
CUST-007333,Ada Garcia,Austin,Texas,United States,2025-06-19,true
CUST-007334,Yusuf Clark,Stockholm,Stockholm County,Sweden,2024-04-27,true
CUST-007335,Lucas Khan,Berlin,Berlin,Germany,2021-04-12,true
CUST-007336,Jonas Moore,London,England,United Kingdom,2025-01-28,true
CUST-007337,Jonas Wilson,Madrid,Community of Madrid,Spain,2021-04-13,true
CUST-007338,Daniel Schmidt,Helsinki,Uusimaa,Finland,2025-10-30,true
CUST-007339,David Andersson,Copenhagen,Capital Region,Denmark,2023-04-30,true
CUST-007340,Elias Schmidt,Barcelona,Catalonia,Spain,2020-11-01,true
CUST-007341,Ada Nielsen,Stockholm,Stockholm County,Sweden,2026-02-17,true
CUST-007342,Eva Davis,London,England,United Kingdom,2023-10-23,true
CUST-007343,Benjamin Ahmed,Warsaw,Masovian,Poland,2024-10-08,true
CUST-007344,Maya Virtanen,Prague,Prague,Czechia,2020-01-01,true
CUST-007345,Yusuf Johnson,Prague,Prague,Czechia,2024-11-02,true
CUST-007346,Eva Taylor,Gothenburg,Vastra Gotaland,Sweden,2023-08-01,true
CUST-007347,Fatima Martin,Vienna,Vienna,Austria,2023-03-27,true
CUST-007348,Daniel Moore,Manchester,England,United Kingdom,2023-05-13,true
CUST-007349,Omar Wilson,New York,New York,United States,2023-06-24,false
CUST-007350,Samuel Rossi,Oslo,Oslo,Norway,2023-09-23,false
CUST-007351,Nora Wilson,London,England,United Kingdom,2023-11-28,true
CUST-007352,Ada Smith,Turku,Southwest Finland,Finland,2022-05-20,true
CUST-007353,Ada Santos,Tampere,Pirkanmaa,Finland,2022-06-21,true
CUST-007354,Samuel Virtanen,Rome,Lazio,Italy,2023-06-22,true
CUST-007355,Mila Williams,Brussels,Brussels-Capital,Belgium,2022-02-21,false
CUST-007356,Leo Wilson,Vienna,Vienna,Austria,2020-08-20,true
CUST-007357,Oliver Jensen,Warsaw,Masovian,Poland,2020-01-21,true
CUST-007358,Omar Jensen,Milan,Lombardy,Italy,2023-02-16,true
CUST-007359,Sofia Lopez,Lyon,Auvergne-Rhone-Alpes,France,2021-11-18,true
CUST-007360,Eva Virtanen,Lisbon,Lisbon,Portugal,2023-06-05,false
CUST-007361,Omar Williams,Rome,Lazio,Italy,2024-02-20,true
CUST-007362,Jonas Virtanen,Lisbon,Lisbon,Portugal,2020-01-24,true
CUST-007363,Lucas Khan,Milan,Lombardy,Italy,2025-05-16,true
CUST-007364,Benjamin Andersson,Barcelona,Catalonia,Spain,2025-10-20,true
CUST-007365,Elias Smith,Helsinki,Uusimaa,Finland,2025-05-27,true
CUST-007366,Omar Davis,Austin,Texas,United States,2024-08-21,true
CUST-007367,Leila Johnson,Munich,Bavaria,Germany,2024-09-12,true
CUST-007368,Arthur Korhonen,Paris,Ile-de-France,France,2024-01-21,true
CUST-007369,Mateo Wilson,Warsaw,Masovian,Poland,2026-08-03,false
CUST-007370,Noah Ibrahim,Rome,Lazio,Italy,2021-10-31,true
CUST-007371,Henry Korhonen,Tampere,Pirkanmaa,Finland,2020-09-14,true
CUST-007372,Noah Dubois,Toronto,Ontario,Canada,2024-02-17,true
CUST-007373,Elias Ali,Toronto,Ontario,Canada,2024-02-01,true
CUST-007374,Yusuf Novak,Munich,Bavaria,Germany,2026-06-11,true
CUST-007375,Isla Martin,Vancouver,British Columbia,Canada,2023-02-08,true
CUST-007376,Maya Virtanen,Munich,Bavaria,Germany,2021-12-30,true
CUST-007377,Fatima Johnson,Dublin,Leinster,Ireland,2026-09-03,true
CUST-007378,Maya Khan,Vancouver,British Columbia,Canada,2020-10-23,true
CUST-007379,Leo Santos,Prague,Prague,Czechia,2020-08-05,true
CUST-007380,Eva Wilson,Dublin,Leinster,Ireland,2026-03-22,true
CUST-007381,Grace Smith,Oslo,Oslo,Norway,2024-04-14,true
CUST-007382,Leo Korhonen,Gothenburg,Vastra Gotaland,Sweden,2026-05-11,false
CUST-007383,Sofia Petrov,Gothenburg,Vastra Gotaland,Sweden,2024-12-29,false
CUST-007384,Emma Ahmed,Barcelona,Catalonia,Spain,2020-12-19,true
CUST-007385,Samuel Petrov,Prague,Prague,Czechia,2021-09-17,true
CUST-007386,Emma Petrov,Lyon,Auvergne-Rhone-Alpes,France,2021-02-07,true
CUST-007387,Mila Schmidt,Milan,Lombardy,Italy,2021-05-05,true
CUST-007388,Oliver Petrov,Amsterdam,North Holland,Netherlands,2023-03-03,true
CUST-007389,David Johnson,Lyon,Auvergne-Rhone-Alpes,France,2026-08-29,false
CUST-007390,Emma Moore,London,England,United Kingdom,2024-08-31,true
CUST-007391,Grace Petrov,Sydney,New South Wales,Australia,2024-10-14,true
CUST-007392,Jonas Santos,Berlin,Berlin,Germany,2021-12-03,true
CUST-007393,Fatima Smith,Milan,Lombardy,Italy,2023-09-03,true
CUST-007394,Arthur Martin,Prague,Prague,Czechia,2026-01-17,true
CUST-007395,Maya Davis,Barcelona,Catalonia,Spain,2026-02-06,true
CUST-007396,Ada Santos,Berlin,Berlin,Germany,2023-12-03,true
CUST-007397,Nora Berg,Gothenburg,Vastra Gotaland,Sweden,2020-05-03,true
CUST-007398,Daniel Virtanen,Gothenburg,Vastra Gotaland,Sweden,2025-09-13,true
CUST-007399,Oliver Ibrahim,Oslo,Oslo,Norway,2023-05-02,true
CUST-007400,Mateo Clark,Vienna,Vienna,Austria,2023-01-26,true
CUST-007401,Isla Brown,Lyon,Auvergne-Rhone-Alpes,France,2020-04-13,true
CUST-007402,Chloe Taylor,Copenhagen,Capital Region,Denmark,2024-02-20,true
CUST-007403,Ada Davis,Sydney,New South Wales,Australia,2024-12-03,true
CUST-007404,Henry Muller,Amsterdam,North Holland,Netherlands,2021-04-09,true
CUST-007405,Benjamin Ali,Austin,Texas,United States,2026-01-31,false
CUST-007406,Yusuf Andersson,Barcelona,Catalonia,Spain,2024-10-22,true
CUST-007407,Chloe Muller,Copenhagen,Capital Region,Denmark,2024-10-31,true
CUST-007408,Isla Davis,Helsinki,Uusimaa,Finland,2021-12-23,true
CUST-007409,Sofia Martin,Paris,Ile-de-France,France,2023-06-08,true
CUST-007410,Grace Taylor,Oslo,Oslo,Norway,2020-06-20,true
CUST-007411,Lucas Schmidt,Helsinki,Uusimaa,Finland,2025-04-14,true
CUST-007412,Fatima Jensen,Dublin,Leinster,Ireland,2020-01-21,true
CUST-007413,Amina Virtanen,Brussels,Brussels-Capital,Belgium,2026-05-06,true
CUST-007414,Sofia Nielsen,Toronto,Ontario,Canada,2020-10-11,true
CUST-007415,Grace Smith,Berlin,Berlin,Germany,2024-03-13,true
CUST-007416,Leo Smith,Munich,Bavaria,Germany,2026-06-02,true
CUST-007417,Nora Clark,Austin,Texas,United States,2024-06-20,true
CUST-007418,Fatima Williams,Turku,Southwest Finland,Finland,2020-02-20,false
CUST-007419,Zara Nielsen,Milan,Lombardy,Italy,2026-04-10,true
CUST-007420,Lucas Santos,Berlin,Berlin,Germany,2020-09-04,true
CUST-007421,Leila Santos,Gothenburg,Vastra Gotaland,Sweden,2022-08-07,true
CUST-007422,Isla Virtanen,Stockholm,Stockholm County,Sweden,2020-05-07,true
CUST-007423,Omar Dubois,Milan,Lombardy,Italy,2024-10-25,true
CUST-007424,Fatima Martin,Munich,Bavaria,Germany,2020-08-08,true
CUST-007425,Noah Novak,Manchester,England,United Kingdom,2023-05-12,true
CUST-007426,Leila Smith,Milan,Lombardy,Italy,2023-10-11,false
CUST-007427,Oliver Dubois,Vancouver,British Columbia,Canada,2023-04-03,true
CUST-007428,Oliver Dubois,Gothenburg,Vastra Gotaland,Sweden,2024-09-28,true
CUST-007429,Oliver Garcia,Gothenburg,Vastra Gotaland,Sweden,2026-05-07,false
CUST-007430,Grace Lopez,Tampere,Pirkanmaa,Finland,2021-05-31,true
CUST-007431,Fatima Davis,Madrid,Community of Madrid,Spain,2020-02-01,false
CUST-007432,Omar Virtanen,Lisbon,Lisbon,Portugal,2020-04-06,true
CUST-007433,Daniel Silva,Rome,Lazio,Italy,2024-12-02,true
CUST-007434,Mila Berg,Madrid,Community of Madrid,Spain,2021-10-27,true
CUST-007435,Leo Andersson,Toronto,Ontario,Canada,2022-12-09,true
CUST-007436,Omar Smith,Lisbon,Lisbon,Portugal,2022-10-12,true
CUST-007437,Arthur Martin,Lyon,Auvergne-Rhone-Alpes,France,2023-10-22,true
CUST-007438,Zara Nielsen,Manchester,England,United Kingdom,2021-09-14,true
CUST-007439,Fatima Jensen,Oslo,Oslo,Norway,2025-05-17,true
CUST-007440,Mila Brown,Munich,Bavaria,Germany,2023-01-05,true
CUST-007441,Oliver Rossi,Helsinki,Uusimaa,Finland,2022-01-21,false
CUST-007442,Lucas Santos,Helsinki,Uusimaa,Finland,2020-12-09,true
CUST-007443,Omar Santos,Vienna,Vienna,Austria,2022-03-12,false
CUST-007444,Omar Garcia,Prague,Prague,Czechia,2024-01-28,true
CUST-007445,Emma Schmidt,Milan,Lombardy,Italy,2021-02-24,false
CUST-007446,Mateo Muller,Toronto,Ontario,Canada,2026-03-15,true
CUST-007447,Amina Santos,Amsterdam,North Holland,Netherlands,2020-04-19,true
CUST-007448,Mateo Moore,Tokyo,Tokyo,Japan,2020-11-11,true
CUST-007449,Jonas Nielsen,New York,New York,United States,2026-03-21,true
CUST-007450,Henry Clark,Gothenburg,Vastra Gotaland,Sweden,2022-06-05,true
CUST-007451,Ada Garcia,Copenhagen,Capital Region,Denmark,2023-12-12,true
CUST-007452,Isla Martin,Helsinki,Uusimaa,Finland,2021-11-07,true
CUST-007453,Yusuf Wilson,Brussels,Brussels-Capital,Belgium,2023-05-24,true
CUST-007454,Grace Silva,Sydney,New South Wales,Australia,2026-08-06,true
CUST-007455,Arthur Brown,Madrid,Community of Madrid,Spain,2021-08-14,true
CUST-007456,Elias Moore,Sydney,New South Wales,Australia,2021-07-21,true
CUST-007457,Leo Clark,Austin,Texas,United States,2024-10-05,true
CUST-007458,Amina Virtanen,Milan,Lombardy,Italy,2026-02-01,true
CUST-007459,Lina Wilson,Vienna,Vienna,Austria,2023-06-23,true
CUST-007460,Yusuf Rossi,Sydney,New South Wales,Australia,2020-08-11,true
CUST-007461,David Muller,Dublin,Leinster,Ireland,2020-05-16,false
CUST-007462,Leo Ali,Helsinki,Uusimaa,Finland,2026-03-31,true
CUST-007463,Emma Silva,Toronto,Ontario,Canada,2026-04-27,true
CUST-007464,Arthur Smith,Barcelona,Catalonia,Spain,2025-02-25,true
CUST-007465,Yusuf Virtanen,Paris,Ile-de-France,France,2025-08-06,false
CUST-007466,Amina Garcia,Oslo,Oslo,Norway,2026-03-06,false
CUST-007467,Leo Silva,Berlin,Berlin,Germany,2025-03-08,false
CUST-007468,David Khan,Sydney,New South Wales,Australia,2025-07-04,true
CUST-007469,Isla Rossi,Tampere,Pirkanmaa,Finland,2026-07-28,false
CUST-007470,Henry Berg,Rome,Lazio,Italy,2023-10-20,true
CUST-007471,Samuel Ibrahim,Munich,Bavaria,Germany,2025-04-05,true
CUST-007472,Henry Johnson,Barcelona,Catalonia,Spain,2022-11-08,true
CUST-007473,Leila Ibrahim,London,England,United Kingdom,2022-01-23,true
CUST-007474,Mateo Wilson,Lisbon,Lisbon,Portugal,2026-02-19,true
CUST-007475,Oliver Smith,Oslo,Oslo,Norway,2023-01-13,true
CUST-007476,Lucas Johnson,Milan,Lombardy,Italy,2020-06-10,true
CUST-007477,Henry Martin,Munich,Bavaria,Germany,2021-03-06,false
CUST-007478,Ada Jensen,Gothenburg,Vastra Gotaland,Sweden,2022-04-18,false
CUST-007479,Arthur Dubois,London,England,United Kingdom,2020-07-16,true
CUST-007480,Yusuf Ali,Rome,Lazio,Italy,2024-07-06,true
CUST-007481,Chloe Smith,Vancouver,British Columbia,Canada,2025-01-16,false
CUST-007482,Elias Ibrahim,Amsterdam,North Holland,Netherlands,2025-05-02,true
CUST-007483,Fatima Clark,Amsterdam,North Holland,Netherlands,2024-11-02,true
CUST-007484,Ada Brown,Austin,Texas,United States,2021-09-19,false
CUST-007485,Sofia Schmidt,Oslo,Oslo,Norway,2022-02-19,true
CUST-007486,Yusuf Taylor,Tokyo,Tokyo,Japan,2023-08-17,true
CUST-007487,Oliver Ibrahim,Brussels,Brussels-Capital,Belgium,2026-08-16,true
CUST-007488,Omar Taylor,London,England,United Kingdom,2021-07-11,true
CUST-007489,Mila Muller,Toronto,Ontario,Canada,2022-01-09,true
CUST-007490,Henry Rossi,Copenhagen,Capital Region,Denmark,2024-08-19,true
CUST-007491,Oliver Wilson,Helsinki,Uusimaa,Finland,2020-03-01,true
CUST-007492,Benjamin Williams,Lisbon,Lisbon,Portugal,2020-03-29,true
CUST-007493,Maya Clark,Toronto,Ontario,Canada,2020-05-14,true
CUST-007494,Oliver Virtanen,Sydney,New South Wales,Australia,2021-10-17,false
CUST-007495,Maya Smith,Dublin,Leinster,Ireland,2021-10-10,true
CUST-007496,Lina Petrov,Oslo,Oslo,Norway,2025-03-26,true
CUST-007497,Emma Jensen,Brussels,Brussels-Capital,Belgium,2023-05-16,true
CUST-007498,Henry Virtanen,Turku,Southwest Finland,Finland,2023-12-25,true
CUST-007499,Sofia Lopez,Copenhagen,Capital Region,Denmark,2025-06-30,true
CUST-007500,Mateo Silva,Stockholm,Stockholm County,Sweden,2025-12-27,true
CUST-007501,Leo Lopez,Warsaw,Masovian,Poland,2021-04-05,true
CUST-007502,Jonas Khan,Turku,Southwest Finland,Finland,2021-08-04,true
CUST-007503,Fatima Martin,Brussels,Brussels-Capital,Belgium,2023-06-16,false
CUST-007504,Leo Ali,Tampere,Pirkanmaa,Finland,2020-08-11,true
CUST-007505,Zara Santos,Barcelona,Catalonia,Spain,2022-03-28,false
CUST-007506,Mateo Novak,London,England,United Kingdom,2025-06-20,true
CUST-007507,Elias Johnson,Rome,Lazio,Italy,2026-04-07,true
CUST-007508,Arthur Johnson,Helsinki,Uusimaa,Finland,2021-01-20,true
CUST-007509,Elias Petrov,Paris,Ile-de-France,France,2026-06-26,true
CUST-007510,Eva Korhonen,Vancouver,British Columbia,Canada,2022-08-20,true
CUST-007511,Maya Korhonen,Gothenburg,Vastra Gotaland,Sweden,2020-07-27,true
CUST-007512,Henry Williams,London,England,United Kingdom,2022-03-16,false
CUST-007513,Benjamin Lopez,Manchester,England,United Kingdom,2021-08-23,true
CUST-007514,Lucas Davis,Turku,Southwest Finland,Finland,2021-09-29,true
CUST-007515,Leo Santos,Berlin,Berlin,Germany,2022-11-06,true
CUST-007516,Jonas Korhonen,Rome,Lazio,Italy,2021-08-31,true
CUST-007517,David Santos,Rome,Lazio,Italy,2022-11-16,false
CUST-007518,Mila Johnson,Oslo,Oslo,Norway,2022-03-23,true
CUST-007519,Henry Williams,Madrid,Community of Madrid,Spain,2022-12-30,false
CUST-007520,Henry Brown,Brussels,Brussels-Capital,Belgium,2025-04-27,true
CUST-007521,Benjamin Muller,Stockholm,Stockholm County,Sweden,2021-12-01,true
CUST-007522,Grace Muller,Munich,Bavaria,Germany,2023-04-11,true
CUST-007523,Omar Taylor,Vienna,Vienna,Austria,2020-03-08,true
CUST-007524,Grace Korhonen,Barcelona,Catalonia,Spain,2022-01-10,true
CUST-007525,Yusuf Santos,Sydney,New South Wales,Australia,2025-03-08,true
CUST-007526,Ada Jensen,Stockholm,Stockholm County,Sweden,2023-07-27,true
CUST-007527,Noah Lopez,Stockholm,Stockholm County,Sweden,2021-05-10,true
CUST-007528,Isla Muller,Munich,Bavaria,Germany,2026-01-21,true
CUST-007529,Yusuf Ahmed,Toronto,Ontario,Canada,2021-12-01,true
CUST-007530,Noah Ibrahim,Lyon,Auvergne-Rhone-Alpes,France,2024-03-26,true
CUST-007531,Ada Lopez,London,England,United Kingdom,2021-02-28,true
CUST-007532,Mateo Martin,Barcelona,Catalonia,Spain,2020-06-14,true
CUST-007533,Sofia Nielsen,Munich,Bavaria,Germany,2025-09-30,true
CUST-007534,Eva Rossi,Copenhagen,Capital Region,Denmark,2022-10-12,true
CUST-007535,Leo Ibrahim,New York,New York,United States,2024-01-16,true
CUST-007536,Emma Schmidt,London,England,United Kingdom,2023-06-04,false
CUST-007537,Mateo Wilson,Austin,Texas,United States,2020-08-25,true
CUST-007538,Zara Moore,Brussels,Brussels-Capital,Belgium,2020-07-21,false
CUST-007539,Fatima Jensen,Gothenburg,Vastra Gotaland,Sweden,2023-10-09,true
CUST-007540,Fatima Davis,Copenhagen,Capital Region,Denmark,2020-10-25,true
CUST-007541,Emma Ali,Brussels,Brussels-Capital,Belgium,2024-09-16,true
CUST-007542,Nora Rossi,Sydney,New South Wales,Australia,2021-04-16,true
CUST-007543,Arthur Muller,New York,New York,United States,2024-07-01,true
CUST-007544,Lina Dubois,Amsterdam,North Holland,Netherlands,2023-07-04,true
CUST-007545,Omar Moore,Milan,Lombardy,Italy,2025-12-31,true
CUST-007546,Fatima Muller,Sydney,New South Wales,Australia,2020-01-30,true
CUST-007547,Chloe Novak,Manchester,England,United Kingdom,2021-12-28,false
CUST-007548,Grace Taylor,Barcelona,Catalonia,Spain,2022-10-08,false
CUST-007549,Zara Santos,Gothenburg,Vastra Gotaland,Sweden,2020-07-30,true
CUST-007550,Mateo Moore,Manchester,England,United Kingdom,2023-09-06,true
CUST-007551,Mateo Schmidt,Munich,Bavaria,Germany,2025-09-18,true
CUST-007552,Benjamin Ibrahim,Paris,Ile-de-France,France,2025-09-23,true
CUST-007553,Omar Ali,Amsterdam,North Holland,Netherlands,2023-10-24,true
CUST-007554,Eva Santos,Barcelona,Catalonia,Spain,2024-09-23,true
CUST-007555,Isla Taylor,Turku,Southwest Finland,Finland,2023-10-25,true
CUST-007556,Noah Clark,Tokyo,Tokyo,Japan,2020-09-13,true
CUST-007557,Ada Ahmed,Rome,Lazio,Italy,2021-04-06,true
CUST-007558,Elias Santos,Gothenburg,Vastra Gotaland,Sweden,2020-11-19,false
CUST-007559,Leila Andersson,Copenhagen,Capital Region,Denmark,2021-09-16,true
CUST-007560,Elias Clark,Brussels,Brussels-Capital,Belgium,2024-07-07,true
CUST-007561,Ada Jensen,Milan,Lombardy,Italy,2020-10-30,true
CUST-007562,Benjamin Korhonen,Sydney,New South Wales,Australia,2024-10-07,true
CUST-007563,Amina Muller,Sydney,New South Wales,Australia,2026-04-08,true
CUST-007564,Isla Berg,Berlin,Berlin,Germany,2024-11-03,true
CUST-007565,Chloe Jensen,Helsinki,Uusimaa,Finland,2022-02-12,true
CUST-007566,Grace Taylor,Tampere,Pirkanmaa,Finland,2025-08-01,true
CUST-007567,Benjamin Novak,Munich,Bavaria,Germany,2022-11-09,false
CUST-007568,Grace Rossi,Tokyo,Tokyo,Japan,2026-06-07,false
CUST-007569,Oliver Petrov,Barcelona,Catalonia,Spain,2021-04-19,false
CUST-007570,Ada Davis,London,England,United Kingdom,2025-03-21,true
CUST-007571,Benjamin Silva,Barcelona,Catalonia,Spain,2020-11-22,true
CUST-007572,Eva Silva,Milan,Lombardy,Italy,2024-04-26,true
CUST-007573,Yusuf Moore,Rome,Lazio,Italy,2024-06-18,true
CUST-007574,Grace Korhonen,Paris,Ile-de-France,France,2026-03-16,true
CUST-007575,Mateo Ibrahim,Milan,Lombardy,Italy,2024-11-05,true
CUST-007576,Ada Smith,Amsterdam,North Holland,Netherlands,2022-08-25,true
CUST-007577,Chloe Williams,Barcelona,Catalonia,Spain,2023-12-27,true
CUST-007578,Zara Rossi,Copenhagen,Capital Region,Denmark,2024-04-12,true
CUST-007579,Emma Silva,New York,New York,United States,2023-01-16,true
CUST-007580,Yusuf Muller,Stockholm,Stockholm County,Sweden,2025-10-18,true
CUST-007581,Lina Silva,Amsterdam,North Holland,Netherlands,2021-03-04,false
CUST-007582,Isla Smith,Manchester,England,United Kingdom,2026-06-22,true
CUST-007583,Oliver Martin,New York,New York,United States,2021-06-27,true
CUST-007584,Fatima Ibrahim,Oslo,Oslo,Norway,2023-07-31,true
CUST-007585,Leila Smith,Prague,Prague,Czechia,2026-05-03,true
CUST-007586,Mateo Davis,Brussels,Brussels-Capital,Belgium,2023-11-18,false
CUST-007587,Elias Dubois,Munich,Bavaria,Germany,2024-10-07,true
CUST-007588,Omar Korhonen,Sydney,New South Wales,Australia,2020-09-17,true
CUST-007589,Benjamin Smith,Helsinki,Uusimaa,Finland,2022-09-12,true
CUST-007590,Nora Jensen,Tampere,Pirkanmaa,Finland,2023-08-14,true
CUST-007591,Henry Lopez,Tokyo,Tokyo,Japan,2021-04-03,true
CUST-007592,Emma Ahmed,Oslo,Oslo,Norway,2022-03-11,true
CUST-007593,Daniel Silva,Prague,Prague,Czechia,2022-04-28,true
CUST-007594,Chloe Smith,London,England,United Kingdom,2025-08-12,true
CUST-007595,Ada Martin,Vienna,Vienna,Austria,2024-12-12,true
CUST-007596,Noah Williams,Paris,Ile-de-France,France,2021-05-27,true
CUST-007597,Daniel Dubois,Lyon,Auvergne-Rhone-Alpes,France,2023-06-09,true
CUST-007598,Henry Schmidt,Barcelona,Catalonia,Spain,2025-05-26,true
CUST-007599,Benjamin Santos,Tokyo,Tokyo,Japan,2020-11-06,true
CUST-007600,Leila Nielsen,Munich,Bavaria,Germany,2026-02-21,true
CUST-007601,Leo Clark,New York,New York,United States,2020-10-16,true
CUST-007602,Amina Ahmed,Tokyo,Tokyo,Japan,2025-06-06,true
CUST-007603,Grace Khan,Tampere,Pirkanmaa,Finland,2023-02-01,true
CUST-007604,Mateo Clark,Prague,Prague,Czechia,2025-10-31,true
CUST-007605,Maya Williams,Helsinki,Uusimaa,Finland,2021-12-11,false
CUST-007606,Elias Williams,Rome,Lazio,Italy,2025-10-23,true
CUST-007607,Maya Schmidt,Vancouver,British Columbia,Canada,2022-08-05,true
CUST-007608,Nora Rossi,Barcelona,Catalonia,Spain,2025-03-25,true
CUST-007609,Zara Williams,Paris,Ile-de-France,France,2024-02-18,true
CUST-007610,Yusuf Dubois,Barcelona,Catalonia,Spain,2020-06-12,true
CUST-007611,Ada Jensen,Austin,Texas,United States,2023-07-21,true
CUST-007612,Omar Ahmed,London,England,United Kingdom,2024-07-08,false
CUST-007613,Elias Ahmed,Lisbon,Lisbon,Portugal,2021-07-04,true
CUST-007614,Elias Clark,Austin,Texas,United States,2026-04-04,true
CUST-007615,Chloe Dubois,Milan,Lombardy,Italy,2022-03-04,true
CUST-007616,Leila Khan,Lisbon,Lisbon,Portugal,2021-01-22,true
CUST-007617,Noah Johnson,Barcelona,Catalonia,Spain,2020-09-20,true
CUST-007618,Fatima Lopez,Berlin,Berlin,Germany,2021-02-24,true
CUST-007619,Sofia Rossi,Amsterdam,North Holland,Netherlands,2023-07-16,true
CUST-007620,Omar Brown,London,England,United Kingdom,2022-11-05,true
CUST-007621,Elias Ali,Milan,Lombardy,Italy,2024-06-25,true
CUST-007622,Leo Ibrahim,Lyon,Auvergne-Rhone-Alpes,France,2022-02-17,true
CUST-007623,Maya Petrov,Toronto,Ontario,Canada,2020-03-08,true
CUST-007624,Noah Johnson,Milan,Lombardy,Italy,2025-05-15,true
CUST-007625,Samuel Silva,Oslo,Oslo,Norway,2024-07-12,false
CUST-007626,Lina Martin,Austin,Texas,United States,2022-04-23,true
CUST-007627,David Jensen,Oslo,Oslo,Norway,2024-10-26,true
CUST-007628,Omar Ali,Lyon,Auvergne-Rhone-Alpes,France,2025-06-14,true
CUST-007629,Lina Khan,Austin,Texas,United States,2020-05-08,true
CUST-007630,Lina Moore,Manchester,England,United Kingdom,2021-06-26,false
CUST-007631,Ada Ali,Rome,Lazio,Italy,2024-01-31,true
CUST-007632,Yusuf Berg,Brussels,Brussels-Capital,Belgium,2020-05-26,true
CUST-007633,Leila Berg,Brussels,Brussels-Capital,Belgium,2021-09-03,true
CUST-007634,Lucas Johnson,Rome,Lazio,Italy,2026-01-16,true
CUST-007635,Daniel Smith,Manchester,England,United Kingdom,2022-07-18,true
CUST-007636,Zara Ahmed,Lisbon,Lisbon,Portugal,2022-08-27,true
CUST-007637,Lina Johnson,Milan,Lombardy,Italy,2020-12-17,true
CUST-007638,Yusuf Andersson,Manchester,England,United Kingdom,2022-05-31,true
CUST-007639,Elias Garcia,Brussels,Brussels-Capital,Belgium,2020-06-26,true
CUST-007640,Amina Jensen,New York,New York,United States,2021-07-09,true
CUST-007641,Omar Moore,Stockholm,Stockholm County,Sweden,2024-03-16,true
CUST-007642,Omar Schmidt,Tokyo,Tokyo,Japan,2023-07-30,false
CUST-007643,Henry Johnson,London,England,United Kingdom,2024-07-03,true
CUST-007644,Leila Muller,Gothenburg,Vastra Gotaland,Sweden,2025-10-01,false
CUST-007645,Zara Clark,Berlin,Berlin,Germany,2022-09-15,true
CUST-007646,Ada Muller,Berlin,Berlin,Germany,2022-07-21,true
CUST-007647,Noah Andersson,Warsaw,Masovian,Poland,2024-09-11,true
CUST-007648,Noah Silva,Toronto,Ontario,Canada,2021-09-17,true
CUST-007649,Noah Schmidt,Oslo,Oslo,Norway,2024-03-03,true
CUST-007650,Lucas Lopez,Oslo,Oslo,Norway,2022-06-26,true
CUST-007651,Chloe Ibrahim,Manchester,England,United Kingdom,2020-09-19,true
CUST-007652,Oliver Williams,Warsaw,Masovian,Poland,2024-03-29,true
CUST-007653,Mateo Petrov,Tokyo,Tokyo,Japan,2022-07-20,true
CUST-007654,Eva Santos,Brussels,Brussels-Capital,Belgium,2020-08-30,true
CUST-007655,Sofia Schmidt,Warsaw,Masovian,Poland,2020-06-19,true
CUST-007656,Lina Petrov,Madrid,Community of Madrid,Spain,2024-12-27,true
CUST-007657,Chloe Brown,New York,New York,United States,2021-07-09,true
CUST-007658,Isla Novak,Oslo,Oslo,Norway,2025-12-10,true
CUST-007659,Omar Korhonen,Oslo,Oslo,Norway,2023-08-01,true
CUST-007660,David Davis,New York,New York,United States,2025-04-14,true
CUST-007661,Noah Khan,Paris,Ile-de-France,France,2021-02-18,true
CUST-007662,Daniel Muller,Rome,Lazio,Italy,2023-08-21,true
CUST-007663,Leila Ahmed,Berlin,Berlin,Germany,2023-09-13,true
CUST-007664,David Garcia,Sydney,New South Wales,Australia,2021-10-13,true
CUST-007665,Arthur Rossi,Warsaw,Masovian,Poland,2025-10-04,true
CUST-007666,Emma Jensen,Helsinki,Uusimaa,Finland,2024-01-30,true
CUST-007667,Benjamin Jensen,Munich,Bavaria,Germany,2024-12-05,true
CUST-007668,Leo Dubois,Rome,Lazio,Italy,2021-10-11,false
CUST-007669,Lina Santos,Sydney,New South Wales,Australia,2026-04-09,true
CUST-007670,Arthur Berg,Paris,Ile-de-France,France,2025-07-11,true
CUST-007671,Chloe Schmidt,Munich,Bavaria,Germany,2023-01-18,true
CUST-007672,Isla Brown,Dublin,Leinster,Ireland,2026-07-05,true
CUST-007673,Benjamin Berg,Sydney,New South Wales,Australia,2024-08-03,true
CUST-007674,Eva Novak,Amsterdam,North Holland,Netherlands,2024-02-24,true
CUST-007675,Benjamin Andersson,Sydney,New South Wales,Australia,2023-08-29,true
CUST-007676,Leila Andersson,Sydney,New South Wales,Australia,2022-08-22,true
CUST-007677,Elias Silva,Amsterdam,North Holland,Netherlands,2023-06-30,false
CUST-007678,Ada Brown,Turku,Southwest Finland,Finland,2025-06-01,true
CUST-007679,Amina Petrov,Paris,Ile-de-France,France,2024-06-06,true
CUST-007680,Arthur Rossi,Copenhagen,Capital Region,Denmark,2023-10-03,false
CUST-007681,Benjamin Ali,Vienna,Vienna,Austria,2026-06-14,true
CUST-007682,Omar Johnson,Toronto,Ontario,Canada,2026-01-02,true
CUST-007683,Benjamin Rossi,Copenhagen,Capital Region,Denmark,2023-09-11,true
CUST-007684,Zara Smith,Lyon,Auvergne-Rhone-Alpes,France,2025-01-23,true
CUST-007685,Leila Smith,Brussels,Brussels-Capital,Belgium,2020-06-14,true
CUST-007686,Lucas Schmidt,Dublin,Leinster,Ireland,2023-12-23,true
CUST-007687,Mila Brown,Rome,Lazio,Italy,2025-11-03,true
CUST-007688,Arthur Andersson,Toronto,Ontario,Canada,2023-05-15,false
CUST-007689,Mila Andersson,Paris,Ile-de-France,France,2023-05-02,true
CUST-007690,Leo Garcia,New York,New York,United States,2023-01-30,true
CUST-007691,Fatima Wilson,Munich,Bavaria,Germany,2022-05-20,true
CUST-007692,Emma Clark,Vancouver,British Columbia,Canada,2022-03-28,true
CUST-007693,Leo Dubois,Brussels,Brussels-Capital,Belgium,2024-12-22,true
CUST-007694,Mila Brown,Madrid,Community of Madrid,Spain,2025-06-22,true
CUST-007695,Sofia Davis,Barcelona,Catalonia,Spain,2022-08-17,true
CUST-007696,Noah Virtanen,Lyon,Auvergne-Rhone-Alpes,France,2024-03-04,true
CUST-007697,Omar Lopez,London,England,United Kingdom,2020-10-13,true
CUST-007698,Henry Garcia,Lisbon,Lisbon,Portugal,2022-02-07,true
CUST-007699,Nora Khan,London,England,United Kingdom,2022-08-24,true
CUST-007700,Daniel Novak,New York,New York,United States,2026-07-21,true
CUST-007701,Mateo Rossi,Sydney,New South Wales,Australia,2023-07-12,true
CUST-007702,Zara Garcia,New York,New York,United States,2025-02-22,true
CUST-007703,Sofia Brown,Helsinki,Uusimaa,Finland,2023-03-22,true
CUST-007704,Grace Johnson,Barcelona,Catalonia,Spain,2026-07-01,false
CUST-007705,Ada Taylor,Brussels,Brussels-Capital,Belgium,2021-08-07,true
CUST-007706,Samuel Garcia,Toronto,Ontario,Canada,2021-07-06,true
CUST-007707,Noah Williams,Amsterdam,North Holland,Netherlands,2022-03-17,true
CUST-007708,Leo Berg,Oslo,Oslo,Norway,2021-05-18,true
CUST-007709,Isla Korhonen,Tokyo,Tokyo,Japan,2020-03-13,true
CUST-007710,Daniel Petrov,Amsterdam,North Holland,Netherlands,2022-01-19,true
CUST-007711,Arthur Nielsen,London,England,United Kingdom,2021-11-08,true
CUST-007712,Chloe Petrov,Austin,Texas,United States,2020-02-02,true
CUST-007713,Henry Berg,London,England,United Kingdom,2023-04-12,true
CUST-007714,Nora Clark,Toronto,Ontario,Canada,2022-01-05,true
CUST-007715,Mateo Rossi,Rome,Lazio,Italy,2026-08-04,true
CUST-007716,Oliver Moore,Munich,Bavaria,Germany,2021-10-26,true
CUST-007717,Lina Ali,Copenhagen,Capital Region,Denmark,2022-09-07,true
CUST-007718,Chloe Lopez,Manchester,England,United Kingdom,2023-12-31,true
CUST-007719,Leila Taylor,Brussels,Brussels-Capital,Belgium,2021-10-15,true
CUST-007720,Yusuf Williams,Rome,Lazio,Italy,2020-11-02,true
CUST-007721,Jonas Moore,Manchester,England,United Kingdom,2022-07-28,true
CUST-007722,Sofia Schmidt,Vancouver,British Columbia,Canada,2022-07-08,true
CUST-007723,Jonas Ibrahim,Dublin,Leinster,Ireland,2025-10-22,true
CUST-007724,Maya Smith,Lisbon,Lisbon,Portugal,2024-01-07,false
CUST-007725,Benjamin Smith,Barcelona,Catalonia,Spain,2021-12-30,true
CUST-007726,Arthur Muller,Prague,Prague,Czechia,2024-06-25,true
CUST-007727,Arthur Brown,Munich,Bavaria,Germany,2022-03-28,false
CUST-007728,Elias Clark,Manchester,England,United Kingdom,2022-10-27,true
CUST-007729,Benjamin Lopez,Stockholm,Stockholm County,Sweden,2020-06-15,true
CUST-007730,Lucas Ahmed,Vienna,Vienna,Austria,2021-07-09,true
CUST-007731,Maya Jensen,Barcelona,Catalonia,Spain,2021-07-23,true
CUST-007732,Ada Novak,Berlin,Berlin,Germany,2023-04-26,true
CUST-007733,Oliver Johnson,New York,New York,United States,2026-01-14,false
CUST-007734,Chloe Rossi,Helsinki,Uusimaa,Finland,2025-02-21,true
CUST-007735,Leila Dubois,Brussels,Brussels-Capital,Belgium,2022-05-26,true
CUST-007736,Zara Davis,Barcelona,Catalonia,Spain,2025-11-02,true
CUST-007737,Maya Silva,Rome,Lazio,Italy,2020-10-30,true
CUST-007738,Elias Williams,Helsinki,Uusimaa,Finland,2023-11-20,true
CUST-007739,Noah Martin,Tokyo,Tokyo,Japan,2024-10-17,true
CUST-007740,Leila Muller,Sydney,New South Wales,Australia,2021-02-28,true
CUST-007741,Zara Schmidt,Helsinki,Uusimaa,Finland,2020-02-07,true
CUST-007742,Eva Clark,Tampere,Pirkanmaa,Finland,2023-07-25,true
CUST-007743,Ada Andersson,Dublin,Leinster,Ireland,2022-07-23,true
CUST-007744,Noah Ali,Stockholm,Stockholm County,Sweden,2024-12-31,false
CUST-007745,Leila Moore,New York,New York,United States,2022-12-27,true
CUST-007746,Daniel Wilson,New York,New York,United States,2026-05-13,true
CUST-007747,Ada Johnson,Vancouver,British Columbia,Canada,2023-08-23,true
CUST-007748,Elias Berg,Amsterdam,North Holland,Netherlands,2020-09-24,true
CUST-007749,Leo Virtanen,Copenhagen,Capital Region,Denmark,2021-04-25,false
CUST-007750,Yusuf Dubois,Oslo,Oslo,Norway,2026-07-14,true
CUST-007751,Nora Korhonen,Munich,Bavaria,Germany,2022-04-11,true
CUST-007752,Nora Brown,Manchester,England,United Kingdom,2022-06-06,true
CUST-007753,Daniel Khan,Vienna,Vienna,Austria,2021-02-19,true
CUST-007754,Lina Williams,Gothenburg,Vastra Gotaland,Sweden,2021-11-16,true
CUST-007755,Amina Silva,Austin,Texas,United States,2021-11-09,true
CUST-007756,Noah Johnson,Vienna,Vienna,Austria,2024-08-27,true
CUST-007757,Oliver Clark,Brussels,Brussels-Capital,Belgium,2026-08-18,true
CUST-007758,Amina Jensen,Prague,Prague,Czechia,2022-01-03,false
CUST-007759,Grace Ibrahim,Amsterdam,North Holland,Netherlands,2022-05-01,true
CUST-007760,Lina Wilson,Brussels,Brussels-Capital,Belgium,2021-01-03,true
CUST-007761,Leo Silva,Amsterdam,North Holland,Netherlands,2024-05-26,false
CUST-007762,Fatima Johnson,Brussels,Brussels-Capital,Belgium,2022-08-04,true
CUST-007763,Zara Rossi,Milan,Lombardy,Italy,2020-12-18,true
CUST-007764,Noah Muller,Austin,Texas,United States,2021-06-20,true
CUST-007765,Isla Moore,Amsterdam,North Holland,Netherlands,2021-05-04,false
CUST-007766,Sofia Novak,Paris,Ile-de-France,France,2023-03-29,true
CUST-007767,Elias Khan,Vienna,Vienna,Austria,2023-10-01,true
CUST-007768,Oliver Schmidt,Berlin,Berlin,Germany,2020-03-20,true
CUST-007769,Mateo Rossi,Stockholm,Stockholm County,Sweden,2023-10-26,true
CUST-007770,Sofia Santos,New York,New York,United States,2021-08-23,true
CUST-007771,Grace Jensen,Lyon,Auvergne-Rhone-Alpes,France,2026-02-24,true
CUST-007772,Leo Andersson,Turku,Southwest Finland,Finland,2020-11-15,true
CUST-007773,Lina Nielsen,Barcelona,Catalonia,Spain,2021-05-29,true
CUST-007774,Lucas Andersson,Rome,Lazio,Italy,2024-11-14,true
CUST-007775,Amina Lopez,Amsterdam,North Holland,Netherlands,2023-11-23,true
CUST-007776,Daniel Dubois,Munich,Bavaria,Germany,2020-10-01,true
CUST-007777,Sofia Rossi,Paris,Ile-de-France,France,2026-07-06,true
CUST-007778,Samuel Andersson,Barcelona,Catalonia,Spain,2020-05-20,true
CUST-007779,Maya Clark,Stockholm,Stockholm County,Sweden,2022-07-16,true
CUST-007780,Mateo Wilson,Lisbon,Lisbon,Portugal,2024-05-10,true
CUST-007781,Leo Ibrahim,Manchester,England,United Kingdom,2022-09-18,true
CUST-007782,Chloe Berg,Paris,Ile-de-France,France,2024-07-21,true
CUST-007783,Benjamin Muller,Turku,Southwest Finland,Finland,2023-01-04,true
CUST-007784,Fatima Petrov,Oslo,Oslo,Norway,2024-07-05,true
CUST-007785,Sofia Garcia,Tokyo,Tokyo,Japan,2023-07-12,true
CUST-007786,Arthur Ibrahim,Tokyo,Tokyo,Japan,2020-12-22,false
CUST-007787,Henry Johnson,Munich,Bavaria,Germany,2022-01-03,true
CUST-007788,Lina Berg,Warsaw,Masovian,Poland,2024-07-20,true
CUST-007789,Noah Schmidt,London,England,United Kingdom,2024-03-08,true
CUST-007790,Mila Martin,Vienna,Vienna,Austria,2023-04-03,true
CUST-007791,Fatima Santos,Tampere,Pirkanmaa,Finland,2021-02-21,true
CUST-007792,Grace Ahmed,Sydney,New South Wales,Australia,2023-05-15,true
CUST-007793,Daniel Andersson,Sydney,New South Wales,Australia,2024-11-02,true
CUST-007794,Elias Williams,Manchester,England,United Kingdom,2024-06-06,true
CUST-007795,Oliver Berg,Milan,Lombardy,Italy,2020-04-05,true
CUST-007796,Isla Dubois,Austin,Texas,United States,2020-01-28,true
CUST-007797,Grace Khan,Helsinki,Uusimaa,Finland,2024-08-12,false
CUST-007798,Samuel Silva,Amsterdam,North Holland,Netherlands,2024-05-09,false
CUST-007799,Chloe Andersson,Madrid,Community of Madrid,Spain,2025-07-13,false
CUST-007800,Leila Brown,Vancouver,British Columbia,Canada,2023-05-19,true
CUST-007801,Grace Petrov,Lyon,Auvergne-Rhone-Alpes,France,2021-05-04,true
CUST-007802,David Johnson,Vienna,Vienna,Austria,2020-09-16,true
CUST-007803,Daniel Wilson,Rome,Lazio,Italy,2024-06-10,true
CUST-007804,Emma Davis,Berlin,Berlin,Germany,2025-10-08,false
CUST-007805,Grace Brown,London,England,United Kingdom,2026-08-06,true
CUST-007806,Lucas Ahmed,Helsinki,Uusimaa,Finland,2024-10-09,false
CUST-007807,Amina Williams,Warsaw,Masovian,Poland,2021-08-24,true
CUST-007808,Leo Moore,Prague,Prague,Czechia,2024-05-03,true
CUST-007809,Mila Ibrahim,Madrid,Community of Madrid,Spain,2020-09-10,true
CUST-007810,Chloe Virtanen,New York,New York,United States,2024-04-26,true
CUST-007811,Isla Korhonen,Toronto,Ontario,Canada,2024-05-27,true
CUST-007812,Grace Santos,Turku,Southwest Finland,Finland,2024-12-07,true
CUST-007813,Daniel Korhonen,Gothenburg,Vastra Gotaland,Sweden,2020-11-02,true
CUST-007814,Sofia Khan,Dublin,Leinster,Ireland,2024-11-26,false
CUST-007815,Zara Ahmed,Dublin,Leinster,Ireland,2021-06-20,true
CUST-007816,Oliver Rossi,Tokyo,Tokyo,Japan,2021-06-19,true
CUST-007817,Ada Rossi,Lisbon,Lisbon,Portugal,2023-07-03,false
CUST-007818,Samuel Taylor,London,England,United Kingdom,2021-10-29,false
CUST-007819,Mila Jensen,Vienna,Vienna,Austria,2021-02-20,true
CUST-007820,Chloe Ali,Brussels,Brussels-Capital,Belgium,2023-10-15,false
CUST-007821,Elias Garcia,Tampere,Pirkanmaa,Finland,2024-04-19,true
CUST-007822,Oliver Silva,Helsinki,Uusimaa,Finland,2023-12-06,true
CUST-007823,Daniel Moore,Munich,Bavaria,Germany,2022-01-10,false
CUST-007824,Chloe Khan,Rome,Lazio,Italy,2022-07-18,true
CUST-007825,Maya Silva,Austin,Texas,United States,2026-08-11,true
CUST-007826,Omar Smith,Paris,Ile-de-France,France,2025-01-02,true
CUST-007827,Yusuf Novak,Milan,Lombardy,Italy,2025-08-16,true
CUST-007828,Eva Korhonen,New York,New York,United States,2021-03-25,true
CUST-007829,Ada Smith,Rome,Lazio,Italy,2025-04-12,true
CUST-007830,Amina Virtanen,Helsinki,Uusimaa,Finland,2020-07-26,true
CUST-007831,Nora Nielsen,Prague,Prague,Czechia,2021-02-09,true
CUST-007832,Samuel Johnson,Turku,Southwest Finland,Finland,2020-05-15,true
CUST-007833,Oliver Taylor,Helsinki,Uusimaa,Finland,2020-02-23,true
CUST-007834,Isla Andersson,Toronto,Ontario,Canada,2022-07-09,false
CUST-007835,Elias Andersson,Austin,Texas,United States,2021-04-15,true
CUST-007836,Zara Korhonen,Toronto,Ontario,Canada,2020-10-02,false
CUST-007837,Fatima Berg,New York,New York,United States,2022-05-26,true
CUST-007838,Emma Lopez,Manchester,England,United Kingdom,2025-11-28,true
CUST-007839,Mila Petrov,Gothenburg,Vastra Gotaland,Sweden,2023-05-24,true
CUST-007840,Leo Korhonen,Warsaw,Masovian,Poland,2020-09-23,true
CUST-007841,Lucas Dubois,Lyon,Auvergne-Rhone-Alpes,France,2025-01-12,true
CUST-007842,Ada Johnson,Toronto,Ontario,Canada,2023-11-14,true
CUST-007843,Daniel Wilson,Tampere,Pirkanmaa,Finland,2023-10-11,true
CUST-007844,Chloe Khan,Austin,Texas,United States,2024-05-26,true
CUST-007845,Omar Ibrahim,Barcelona,Catalonia,Spain,2023-12-06,true
CUST-007846,Mila Schmidt,Copenhagen,Capital Region,Denmark,2021-08-07,false
CUST-007847,Zara Rossi,Dublin,Leinster,Ireland,2023-08-03,true
CUST-007848,Nora Ali,Madrid,Community of Madrid,Spain,2025-09-25,true
CUST-007849,Lucas Berg,Munich,Bavaria,Germany,2024-02-08,true
CUST-007850,Mateo Petrov,Helsinki,Uusimaa,Finland,2021-12-13,true
CUST-007851,Nora Moore,Warsaw,Masovian,Poland,2024-04-06,true
CUST-007852,Mateo Ibrahim,Turku,Southwest Finland,Finland,2022-02-20,true
CUST-007853,Isla Taylor,Austin,Texas,United States,2020-11-04,true
CUST-007854,Nora Garcia,Amsterdam,North Holland,Netherlands,2023-08-10,true
CUST-007855,Ada Rossi,Prague,Prague,Czechia,2020-01-31,false
CUST-007856,Lina Khan,Turku,Southwest Finland,Finland,2025-11-19,true
CUST-007857,Chloe Schmidt,Lyon,Auvergne-Rhone-Alpes,France,2020-06-23,true
CUST-007858,Fatima Clark,Madrid,Community of Madrid,Spain,2021-02-18,true
CUST-007859,Fatima Berg,Dublin,Leinster,Ireland,2023-04-23,true
CUST-007860,Isla Petrov,Rome,Lazio,Italy,2023-05-18,true
CUST-007861,Mila Johnson,Munich,Bavaria,Germany,2020-05-13,true
CUST-007862,Yusuf Jensen,Berlin,Berlin,Germany,2024-07-09,true
CUST-007863,Daniel Smith,Warsaw,Masovian,Poland,2025-08-24,true
CUST-007864,Samuel Schmidt,Sydney,New South Wales,Australia,2020-12-18,true
CUST-007865,Emma Davis,Vancouver,British Columbia,Canada,2022-11-30,true
CUST-007866,Zara Ali,Tokyo,Tokyo,Japan,2024-01-07,true
CUST-007867,Isla Taylor,Lyon,Auvergne-Rhone-Alpes,France,2021-09-28,false
CUST-007868,Eva Nielsen,Stockholm,Stockholm County,Sweden,2023-10-20,true
CUST-007869,Mateo Novak,Berlin,Berlin,Germany,2026-07-12,true
CUST-007870,Emma Novak,Barcelona,Catalonia,Spain,2021-06-08,true
CUST-007871,Ada Johnson,Tampere,Pirkanmaa,Finland,2021-10-13,true
CUST-007872,Daniel Muller,Amsterdam,North Holland,Netherlands,2022-12-20,true
CUST-007873,Sofia Taylor,Rome,Lazio,Italy,2024-12-01,false
CUST-007874,Yusuf Wilson,Toronto,Ontario,Canada,2023-08-19,true
CUST-007875,Yusuf Petrov,Amsterdam,North Holland,Netherlands,2021-12-28,true
CUST-007876,Samuel Rossi,Turku,Southwest Finland,Finland,2021-01-15,true
CUST-007877,Chloe Davis,Stockholm,Stockholm County,Sweden,2021-02-21,true
CUST-007878,Chloe Moore,Lisbon,Lisbon,Portugal,2022-07-15,true
CUST-007879,Oliver Virtanen,Gothenburg,Vastra Gotaland,Sweden,2023-09-19,true
CUST-007880,Yusuf Dubois,Prague,Prague,Czechia,2021-01-21,true
CUST-007881,Emma Rossi,Paris,Ile-de-France,France,2024-04-22,false
CUST-007882,Nora Smith,Berlin,Berlin,Germany,2021-01-23,true
CUST-007883,Leila Johnson,Turku,Southwest Finland,Finland,2026-06-21,true
CUST-007884,Lucas Silva,Lyon,Auvergne-Rhone-Alpes,France,2025-09-28,true
CUST-007885,Nora Novak,Helsinki,Uusimaa,Finland,2025-04-29,true
CUST-007886,Emma Silva,Manchester,England,United Kingdom,2025-09-18,true
CUST-007887,Sofia Martin,Barcelona,Catalonia,Spain,2022-03-19,true
CUST-007888,Isla Johnson,Copenhagen,Capital Region,Denmark,2022-01-23,true
CUST-007889,Elias Garcia,Sydney,New South Wales,Australia,2023-03-03,true
CUST-007890,Benjamin Ahmed,Brussels,Brussels-Capital,Belgium,2021-11-03,true
CUST-007891,Isla Moore,Tampere,Pirkanmaa,Finland,2026-05-18,false
CUST-007892,Lina Smith,Helsinki,Uusimaa,Finland,2021-04-22,true
CUST-007893,Chloe Clark,Stockholm,Stockholm County,Sweden,2021-03-12,true
CUST-007894,Zara Petrov,Berlin,Berlin,Germany,2022-08-30,true
CUST-007895,Lina Martin,Austin,Texas,United States,2022-09-10,true
CUST-007896,Isla Davis,Oslo,Oslo,Norway,2026-04-13,true
CUST-007897,Noah Santos,Prague,Prague,Czechia,2021-07-28,true
CUST-007898,Grace Schmidt,Manchester,England,United Kingdom,2024-05-07,true
CUST-007899,Zara Khan,Milan,Lombardy,Italy,2020-12-14,true
CUST-007900,Fatima Taylor,Vancouver,British Columbia,Canada,2025-11-13,true
CUST-007901,Elias Johnson,Copenhagen,Capital Region,Denmark,2020-11-28,true
CUST-007902,Daniel Clark,Toronto,Ontario,Canada,2021-09-21,true
CUST-007903,Chloe Johnson,Copenhagen,Capital Region,Denmark,2021-04-07,true
CUST-007904,Nora Ahmed,Prague,Prague,Czechia,2025-05-29,true
CUST-007905,Amina Korhonen,Helsinki,Uusimaa,Finland,2025-01-12,false
CUST-007906,Leo Garcia,Oslo,Oslo,Norway,2020-05-14,true
CUST-007907,Leo Clark,Madrid,Community of Madrid,Spain,2020-06-24,true
CUST-007908,Lina Ahmed,Berlin,Berlin,Germany,2022-11-04,true
CUST-007909,Oliver Clark,Rome,Lazio,Italy,2022-08-08,true
CUST-007910,Arthur Johnson,Vancouver,British Columbia,Canada,2022-10-07,true
CUST-007911,Isla Berg,Dublin,Leinster,Ireland,2024-08-26,false
CUST-007912,Lina Novak,Rome,Lazio,Italy,2022-08-02,true
CUST-007913,Amina Moore,Copenhagen,Capital Region,Denmark,2025-09-10,true
CUST-007914,Samuel Lopez,Helsinki,Uusimaa,Finland,2021-01-25,true
CUST-007915,Benjamin Ahmed,Milan,Lombardy,Italy,2026-04-20,true
CUST-007916,Eva Muller,Oslo,Oslo,Norway,2020-05-22,true
CUST-007917,Nora Dubois,Sydney,New South Wales,Australia,2020-02-21,true
CUST-007918,Lucas Taylor,London,England,United Kingdom,2024-03-11,true
CUST-007919,Fatima Ali,Prague,Prague,Czechia,2020-05-24,false
CUST-007920,Leila Andersson,Amsterdam,North Holland,Netherlands,2021-02-20,true
CUST-007921,Noah Martin,Lisbon,Lisbon,Portugal,2023-12-28,true
CUST-007922,Eva Khan,Rome,Lazio,Italy,2021-08-26,true
CUST-007923,Mateo Moore,Turku,Southwest Finland,Finland,2021-04-17,true
CUST-007924,Fatima Wilson,Dublin,Leinster,Ireland,2026-03-10,true
CUST-007925,Chloe Brown,Amsterdam,North Holland,Netherlands,2026-09-04,true
CUST-007926,Noah Brown,Madrid,Community of Madrid,Spain,2021-12-31,false
CUST-007927,Arthur Smith,Tampere,Pirkanmaa,Finland,2024-04-13,true
CUST-007928,Zara Korhonen,Sydney,New South Wales,Australia,2022-02-04,true
CUST-007929,Nora Petrov,Tampere,Pirkanmaa,Finland,2024-01-08,true
CUST-007930,Grace Johnson,Copenhagen,Capital Region,Denmark,2024-11-04,true
CUST-007931,Henry Ibrahim,Milan,Lombardy,Italy,2024-03-09,true
CUST-007932,Eva Berg,Tokyo,Tokyo,Japan,2024-04-12,true
CUST-007933,Lina Andersson,Barcelona,Catalonia,Spain,2025-02-20,true
CUST-007934,Yusuf Rossi,Oslo,Oslo,Norway,2020-12-19,true
CUST-007935,Chloe Jensen,London,England,United Kingdom,2024-09-19,true
CUST-007936,Zara Khan,Milan,Lombardy,Italy,2023-10-09,true
CUST-007937,Henry Muller,Munich,Bavaria,Germany,2022-08-28,true
CUST-007938,Isla Santos,Munich,Bavaria,Germany,2023-01-21,true
CUST-007939,Lucas Muller,Vienna,Vienna,Austria,2020-10-10,true
CUST-007940,Samuel Berg,Tampere,Pirkanmaa,Finland,2020-10-16,true
CUST-007941,Leila Taylor,Austin,Texas,United States,2026-01-06,true
CUST-007942,Amina Clark,Paris,Ile-de-France,France,2024-07-19,true
CUST-007943,Jonas Ahmed,Brussels,Brussels-Capital,Belgium,2024-04-19,true
CUST-007944,Isla Taylor,Helsinki,Uusimaa,Finland,2023-06-15,true
CUST-007945,Benjamin Ibrahim,London,England,United Kingdom,2025-10-10,true
CUST-007946,Daniel Petrov,Austin,Texas,United States,2026-01-23,true
CUST-007947,Fatima Schmidt,Copenhagen,Capital Region,Denmark,2025-09-23,true
CUST-007948,Lucas Korhonen,Sydney,New South Wales,Australia,2024-12-12,true
CUST-007949,Henry Muller,Paris,Ile-de-France,France,2025-05-10,true
CUST-007950,Mila Korhonen,Copenhagen,Capital Region,Denmark,2023-07-06,true
CUST-007951,Chloe Davis,Copenhagen,Capital Region,Denmark,2025-01-25,true
CUST-007952,Leila Ibrahim,Brussels,Brussels-Capital,Belgium,2021-03-08,true
CUST-007953,Yusuf Dubois,Toronto,Ontario,Canada,2024-11-08,false
CUST-007954,Lucas Smith,Tokyo,Tokyo,Japan,2020-08-14,true
CUST-007955,Amina Smith,Stockholm,Stockholm County,Sweden,2021-04-29,true
CUST-007956,Zara Silva,Sydney,New South Wales,Australia,2025-07-06,true
CUST-007957,Isla Taylor,Sydney,New South Wales,Australia,2023-04-21,true
CUST-007958,Mila Petrov,Amsterdam,North Holland,Netherlands,2023-05-18,true
CUST-007959,Maya Wilson,London,England,United Kingdom,2024-03-13,false
CUST-007960,Nora Smith,Sydney,New South Wales,Australia,2025-08-05,true
CUST-007961,Lina Petrov,Milan,Lombardy,Italy,2020-09-21,true
CUST-007962,Daniel Taylor,Helsinki,Uusimaa,Finland,2022-05-06,false
CUST-007963,Maya Smith,Tampere,Pirkanmaa,Finland,2020-02-14,true
CUST-007964,Leila Andersson,Brussels,Brussels-Capital,Belgium,2022-09-20,true
CUST-007965,Mila Novak,Stockholm,Stockholm County,Sweden,2023-01-09,true
CUST-007966,Noah Berg,Brussels,Brussels-Capital,Belgium,2023-11-26,true
CUST-007967,Arthur Khan,Gothenburg,Vastra Gotaland,Sweden,2020-02-08,false
CUST-007968,Chloe Brown,London,England,United Kingdom,2021-10-20,true
CUST-007969,Leila Nielsen,Oslo,Oslo,Norway,2021-01-04,true
CUST-007970,Jonas Andersson,New York,New York,United States,2026-03-02,false
CUST-007971,Chloe Andersson,Amsterdam,North Holland,Netherlands,2024-07-08,true
CUST-007972,Eva Ali,Madrid,Community of Madrid,Spain,2022-04-01,true
CUST-007973,Chloe Korhonen,Sydney,New South Wales,Australia,2023-05-11,true
CUST-007974,Jonas Korhonen,Dublin,Leinster,Ireland,2023-12-27,true
CUST-007975,Sofia Ali,Warsaw,Masovian,Poland,2022-04-29,true
CUST-007976,Lina Ali,Vancouver,British Columbia,Canada,2021-06-28,false
CUST-007977,Daniel Smith,Turku,Southwest Finland,Finland,2024-09-03,true
CUST-007978,Sofia Lopez,Tampere,Pirkanmaa,Finland,2022-04-19,true
CUST-007979,Noah Novak,Austin,Texas,United States,2023-07-03,true
CUST-007980,Isla Ali,Warsaw,Masovian,Poland,2024-07-31,true
CUST-007981,Maya Smith,Sydney,New South Wales,Australia,2025-03-30,true
CUST-007982,Noah Nielsen,Milan,Lombardy,Italy,2025-04-29,true
CUST-007983,Maya Johnson,Vienna,Vienna,Austria,2025-01-30,false
CUST-007984,Emma Taylor,Barcelona,Catalonia,Spain,2021-08-11,false
CUST-007985,Lucas Wilson,Milan,Lombardy,Italy,2020-04-13,true
CUST-007986,Daniel Brown,Dublin,Leinster,Ireland,2024-04-28,true
CUST-007987,Noah Silva,Amsterdam,North Holland,Netherlands,2026-07-03,true
CUST-007988,Nora Muller,Austin,Texas,United States,2023-02-22,true
CUST-007989,Mila Novak,Gothenburg,Vastra Gotaland,Sweden,2025-03-21,false
CUST-007990,Chloe Virtanen,Toronto,Ontario,Canada,2021-06-28,true
CUST-007991,Nora Clark,London,England,United Kingdom,2024-08-29,true
CUST-007992,Chloe Moore,London,England,United Kingdom,2025-04-08,true
CUST-007993,Nora Williams,Brussels,Brussels-Capital,Belgium,2024-10-18,false
CUST-007994,Leila Rossi,Gothenburg,Vastra Gotaland,Sweden,2022-07-26,true
CUST-007995,Samuel Ibrahim,Lyon,Auvergne-Rhone-Alpes,France,2020-11-28,true
CUST-007996,Fatima Rossi,Milan,Lombardy,Italy,2024-07-23,true
CUST-007997,Arthur Smith,Berlin,Berlin,Germany,2022-09-05,true
CUST-007998,Leila Jensen,Turku,Southwest Finland,Finland,2025-10-09,true
CUST-007999,Yusuf Andersson,Brussels,Brussels-Capital,Belgium,2020-07-10,true
CUST-008000,Omar Clark,Prague,Prague,Czechia,2024-08-11,true
CUST-008001,Isla Davis,Gothenburg,Vastra Gotaland,Sweden,2022-08-06,false
CUST-008002,Ada Silva,Milan,Lombardy,Italy,2023-01-08,false
CUST-008003,Jonas Taylor,Munich,Bavaria,Germany,2020-02-07,true
CUST-008004,Samuel Muller,Prague,Prague,Czechia,2024-03-31,true
CUST-008005,Grace Petrov,London,England,United Kingdom,2020-11-20,true
CUST-008006,Lucas Martin,Vancouver,British Columbia,Canada,2024-05-18,true
CUST-008007,Lina Muller,Warsaw,Masovian,Poland,2020-03-05,true
CUST-008008,Sofia Dubois,Madrid,Community of Madrid,Spain,2025-11-23,true
CUST-008009,Daniel Ibrahim,Warsaw,Masovian,Poland,2025-02-13,true
CUST-008010,Mateo Lopez,Madrid,Community of Madrid,Spain,2024-12-07,true
CUST-008011,Lina Moore,Brussels,Brussels-Capital,Belgium,2021-10-23,false
CUST-008012,Isla Clark,Paris,Ile-de-France,France,2024-03-04,true
CUST-008013,Lucas Ali,Vancouver,British Columbia,Canada,2021-09-17,false
CUST-008014,Samuel Ibrahim,Vancouver,British Columbia,Canada,2021-10-21,false
CUST-008015,Yusuf Dubois,Brussels,Brussels-Capital,Belgium,2021-01-27,true
CUST-008016,Noah Wilson,Lyon,Auvergne-Rhone-Alpes,France,2023-03-15,true
CUST-008017,Emma Lopez,Sydney,New South Wales,Australia,2024-02-01,true
CUST-008018,Mila Moore,Helsinki,Uusimaa,Finland,2023-11-06,true
CUST-008019,Nora Khan,Helsinki,Uusimaa,Finland,2023-08-07,true
CUST-008020,Leo Garcia,Madrid,Community of Madrid,Spain,2025-12-22,true
CUST-008021,Jonas Virtanen,Austin,Texas,United States,2020-10-15,true
CUST-008022,Oliver Rossi,Toronto,Ontario,Canada,2024-11-27,false
CUST-008023,Fatima Davis,New York,New York,United States,2022-12-31,true
CUST-008024,Ada Korhonen,Tampere,Pirkanmaa,Finland,2020-12-23,true
CUST-008025,Sofia Ali,Berlin,Berlin,Germany,2025-03-31,true
CUST-008026,Daniel Virtanen,Milan,Lombardy,Italy,2020-01-22,true
CUST-008027,Omar Khan,Paris,Ile-de-France,France,2022-02-10,true
CUST-008028,Ada Khan,Munich,Bavaria,Germany,2026-03-06,true
CUST-008029,Lucas Korhonen,Paris,Ile-de-France,France,2023-02-22,true
CUST-008030,Leo Khan,Berlin,Berlin,Germany,2025-09-04,true
CUST-008031,Emma Johnson,Milan,Lombardy,Italy,2024-03-01,false
CUST-008032,Chloe Schmidt,Toronto,Ontario,Canada,2025-04-22,false
CUST-008033,Mateo Andersson,Vancouver,British Columbia,Canada,2022-07-01,true
CUST-008034,Arthur Schmidt,London,England,United Kingdom,2025-10-29,true
CUST-008035,Amina Ahmed,Turku,Southwest Finland,Finland,2022-09-24,true
CUST-008036,Yusuf Johnson,Lyon,Auvergne-Rhone-Alpes,France,2020-03-03,true
CUST-008037,Benjamin Berg,Manchester,England,United Kingdom,2025-10-23,true
CUST-008038,Sofia Lopez,Prague,Prague,Czechia,2022-11-14,true
CUST-008039,Oliver Virtanen,Milan,Lombardy,Italy,2021-01-26,true
CUST-008040,Samuel Garcia,London,England,United Kingdom,2023-11-10,true
CUST-008041,Lucas Ali,Lyon,Auvergne-Rhone-Alpes,France,2025-10-10,true
CUST-008042,Lucas Lopez,Amsterdam,North Holland,Netherlands,2024-08-08,true
CUST-008043,Nora Lopez,Austin,Texas,United States,2026-04-14,false
CUST-008044,Omar Rossi,Madrid,Community of Madrid,Spain,2021-08-15,false
CUST-008045,Amina Nielsen,Madrid,Community of Madrid,Spain,2020-12-12,true
CUST-008046,Jonas Khan,Brussels,Brussels-Capital,Belgium,2022-04-29,true
CUST-008047,Henry Berg,Prague,Prague,Czechia,2025-06-20,true
CUST-008048,Henry Ali,Turku,Southwest Finland,Finland,2021-05-29,true
CUST-008049,Benjamin Ahmed,Vancouver,British Columbia,Canada,2022-08-21,true
CUST-008050,Grace Andersson,Toronto,Ontario,Canada,2022-06-24,true
CUST-008051,Omar Rossi,Helsinki,Uusimaa,Finland,2026-03-13,true
CUST-008052,Henry Jensen,Stockholm,Stockholm County,Sweden,2023-11-24,true
CUST-008053,Arthur Ali,Manchester,England,United Kingdom,2026-01-15,true
CUST-008054,Zara Andersson,Milan,Lombardy,Italy,2022-09-08,true
CUST-008055,Maya Andersson,New York,New York,United States,2024-12-26,true
CUST-008056,Sofia Muller,Gothenburg,Vastra Gotaland,Sweden,2023-12-19,true
CUST-008057,Noah Rossi,London,England,United Kingdom,2020-05-16,true
CUST-008058,Zara Brown,Brussels,Brussels-Capital,Belgium,2024-11-29,true
CUST-008059,Isla Korhonen,London,England,United Kingdom,2022-09-27,true
CUST-008060,Leo Clark,Vienna,Vienna,Austria,2023-08-25,true
CUST-008061,Lucas Rossi,Toronto,Ontario,Canada,2021-01-20,true
CUST-008062,Jonas Novak,Madrid,Community of Madrid,Spain,2026-07-29,true
CUST-008063,Emma Santos,Madrid,Community of Madrid,Spain,2020-12-20,true
CUST-008064,Omar Smith,Manchester,England,United Kingdom,2025-01-10,true
CUST-008065,Jonas Taylor,New York,New York,United States,2021-10-01,true
CUST-008066,Yusuf Santos,London,England,United Kingdom,2025-08-12,true
CUST-008067,Noah Clark,Manchester,England,United Kingdom,2021-01-01,true
CUST-008068,Daniel Clark,Turku,Southwest Finland,Finland,2026-06-16,true
CUST-008069,Samuel Schmidt,Tokyo,Tokyo,Japan,2026-03-27,true
CUST-008070,Samuel Smith,Vancouver,British Columbia,Canada,2023-10-21,true
CUST-008071,Amina Novak,Munich,Bavaria,Germany,2023-04-29,true
CUST-008072,Mila Williams,Sydney,New South Wales,Australia,2020-08-13,true
CUST-008073,Samuel Muller,Paris,Ile-de-France,France,2021-03-25,true
CUST-008074,Isla Schmidt,Amsterdam,North Holland,Netherlands,2020-10-25,true
CUST-008075,Fatima Novak,Amsterdam,North Holland,Netherlands,2025-12-20,true
CUST-008076,Samuel Moore,Barcelona,Catalonia,Spain,2021-03-08,false
CUST-008077,Daniel Smith,Tokyo,Tokyo,Japan,2020-01-22,false
CUST-008078,Jonas Lopez,London,England,United Kingdom,2020-02-03,true
CUST-008079,Zara Jensen,Vienna,Vienna,Austria,2022-06-02,true
CUST-008080,Eva Taylor,Lyon,Auvergne-Rhone-Alpes,France,2026-05-26,false
CUST-008081,Leila Clark,Lisbon,Lisbon,Portugal,2021-08-14,true
CUST-008082,Grace Silva,Gothenburg,Vastra Gotaland,Sweden,2022-05-09,true
CUST-008083,Jonas Martin,Munich,Bavaria,Germany,2021-04-13,true
CUST-008084,Chloe Rossi,Milan,Lombardy,Italy,2023-03-06,true
CUST-008085,Zara Wilson,Vancouver,British Columbia,Canada,2024-07-15,true
CUST-008086,Mateo Ibrahim,Copenhagen,Capital Region,Denmark,2024-06-10,true
CUST-008087,Benjamin Lopez,Austin,Texas,United States,2024-10-25,true
CUST-008088,Henry Schmidt,Barcelona,Catalonia,Spain,2023-06-13,true
CUST-008089,Noah Ahmed,Warsaw,Masovian,Poland,2024-06-06,true
CUST-008090,Ada Martin,Stockholm,Stockholm County,Sweden,2022-09-17,true
CUST-008091,Leila Dubois,Rome,Lazio,Italy,2025-03-27,true
CUST-008092,Amina Korhonen,Barcelona,Catalonia,Spain,2026-01-29,true
CUST-008093,Henry Andersson,Brussels,Brussels-Capital,Belgium,2024-01-04,true
CUST-008094,Eva Rossi,Lisbon,Lisbon,Portugal,2021-12-07,true
CUST-008095,Eva Dubois,Paris,Ile-de-France,France,2026-01-08,false
CUST-008096,Sofia Smith,Prague,Prague,Czechia,2026-04-11,true
CUST-008097,Yusuf Taylor,Rome,Lazio,Italy,2020-08-27,true
CUST-008098,Ada Petrov,Vienna,Vienna,Austria,2025-08-13,false
CUST-008099,Ada Santos,Prague,Prague,Czechia,2023-08-26,true
CUST-008100,Benjamin Muller,Helsinki,Uusimaa,Finland,2022-07-05,true
CUST-008101,Zara Ibrahim,New York,New York,United States,2024-07-26,true
CUST-008102,Zara Virtanen,New York,New York,United States,2025-05-14,true
CUST-008103,Mateo Johnson,Berlin,Berlin,Germany,2020-05-07,true
CUST-008104,David Lopez,Vancouver,British Columbia,Canada,2026-02-07,true
CUST-008105,Leila Johnson,Prague,Prague,Czechia,2022-01-15,false
CUST-008106,Mateo Dubois,Berlin,Berlin,Germany,2021-12-10,true
CUST-008107,Daniel Nielsen,Helsinki,Uusimaa,Finland,2020-01-09,false
CUST-008108,Noah Ali,Amsterdam,North Holland,Netherlands,2020-02-16,true
CUST-008109,Grace Brown,Copenhagen,Capital Region,Denmark,2020-06-07,true
CUST-008110,Sofia Ali,Tokyo,Tokyo,Japan,2025-07-10,true
CUST-008111,Maya Smith,Toronto,Ontario,Canada,2021-03-21,true
CUST-008112,Noah Novak,Toronto,Ontario,Canada,2022-12-28,true
CUST-008113,Eva Schmidt,Austin,Texas,United States,2025-12-23,true
CUST-008114,Amina Williams,New York,New York,United States,2024-06-19,true
CUST-008115,Chloe Novak,Rome,Lazio,Italy,2022-08-24,true
CUST-008116,Fatima Rossi,Dublin,Leinster,Ireland,2026-06-04,true
CUST-008117,Chloe Silva,Stockholm,Stockholm County,Sweden,2020-10-28,true
CUST-008118,Benjamin Moore,Lisbon,Lisbon,Portugal,2020-04-10,true
CUST-008119,Omar Ahmed,Lisbon,Lisbon,Portugal,2025-02-18,true
CUST-008120,Mila Berg,Munich,Bavaria,Germany,2020-01-08,true
CUST-008121,Jonas Ali,Madrid,Community of Madrid,Spain,2020-11-24,true
CUST-008122,Ada Khan,Lyon,Auvergne-Rhone-Alpes,France,2021-04-01,true
CUST-008123,Sofia Davis,London,England,United Kingdom,2022-02-21,true
CUST-008124,Leo Novak,Brussels,Brussels-Capital,Belgium,2022-03-28,true
CUST-008125,Henry Schmidt,Helsinki,Uusimaa,Finland,2023-11-05,true
CUST-008126,Noah Santos,Vienna,Vienna,Austria,2022-06-08,false
CUST-008127,David Santos,Toronto,Ontario,Canada,2026-02-20,true
CUST-008128,Lina Khan,Berlin,Berlin,Germany,2026-03-24,true
CUST-008129,Isla Santos,Berlin,Berlin,Germany,2025-06-19,true
CUST-008130,Maya Nielsen,New York,New York,United States,2021-03-30,true
CUST-008131,Leo Novak,Amsterdam,North Holland,Netherlands,2026-03-01,true
CUST-008132,Maya Schmidt,London,England,United Kingdom,2024-02-21,true
CUST-008133,Zara Davis,Copenhagen,Capital Region,Denmark,2024-02-24,false
CUST-008134,Amina Muller,Stockholm,Stockholm County,Sweden,2026-04-09,true
CUST-008135,Maya Virtanen,Oslo,Oslo,Norway,2020-09-06,true
CUST-008136,Samuel Petrov,Dublin,Leinster,Ireland,2021-07-21,false
CUST-008137,Jonas Martin,Lisbon,Lisbon,Portugal,2021-05-02,true
CUST-008138,Lucas Dubois,Helsinki,Uusimaa,Finland,2025-03-11,true
CUST-008139,Leila Brown,Brussels,Brussels-Capital,Belgium,2024-05-30,true
CUST-008140,Leila Smith,Prague,Prague,Czechia,2022-02-01,true
CUST-008141,Henry Korhonen,Sydney,New South Wales,Australia,2021-01-21,true
CUST-008142,Daniel Korhonen,Lisbon,Lisbon,Portugal,2026-03-12,true
CUST-008143,Leo Schmidt,Sydney,New South Wales,Australia,2022-12-04,false
CUST-008144,Elias Wilson,Manchester,England,United Kingdom,2024-01-22,true
CUST-008145,Amina Johnson,Warsaw,Masovian,Poland,2026-07-28,true
CUST-008146,Sofia Silva,Helsinki,Uusimaa,Finland,2021-12-25,false
CUST-008147,Elias Clark,Dublin,Leinster,Ireland,2024-02-28,true
CUST-008148,Arthur Clark,Rome,Lazio,Italy,2025-12-07,true
CUST-008149,Amina Andersson,Barcelona,Catalonia,Spain,2020-05-21,true
CUST-008150,Isla Lopez,Vancouver,British Columbia,Canada,2020-11-03,true
CUST-008151,David Novak,Manchester,England,United Kingdom,2023-09-06,true
CUST-008152,Sofia Wilson,London,England,United Kingdom,2025-08-25,true
CUST-008153,Nora Wilson,Helsinki,Uusimaa,Finland,2022-07-31,true
CUST-008154,Amina Brown,Helsinki,Uusimaa,Finland,2023-11-05,true
CUST-008155,Emma Ahmed,Turku,Southwest Finland,Finland,2022-10-17,false
CUST-008156,Ada Novak,Vienna,Vienna,Austria,2020-08-08,true
CUST-008157,Daniel Korhonen,Brussels,Brussels-Capital,Belgium,2023-05-12,true
CUST-008158,Elias Davis,Milan,Lombardy,Italy,2022-08-05,true
CUST-008159,Amina Berg,Amsterdam,North Holland,Netherlands,2026-08-06,true
CUST-008160,Yusuf Petrov,Milan,Lombardy,Italy,2023-06-01,true
CUST-008161,Mateo Clark,Amsterdam,North Holland,Netherlands,2021-09-02,true
CUST-008162,Isla Korhonen,Turku,Southwest Finland,Finland,2020-02-12,true
CUST-008163,Lucas Ahmed,Dublin,Leinster,Ireland,2024-02-17,true
CUST-008164,Mateo Clark,Brussels,Brussels-Capital,Belgium,2023-06-26,true
CUST-008165,Yusuf Garcia,Paris,Ile-de-France,France,2022-08-01,false
CUST-008166,Maya Rossi,Austin,Texas,United States,2025-09-30,false
CUST-008167,Oliver Muller,Turku,Southwest Finland,Finland,2021-04-15,true
CUST-008168,Samuel Dubois,Brussels,Brussels-Capital,Belgium,2026-04-18,true
CUST-008169,Arthur Johnson,Oslo,Oslo,Norway,2021-07-13,true
CUST-008170,Eva Novak,Tokyo,Tokyo,Japan,2023-04-16,true
CUST-008171,Samuel Nielsen,Stockholm,Stockholm County,Sweden,2025-02-23,false
CUST-008172,Benjamin Nielsen,Rome,Lazio,Italy,2023-09-14,false
CUST-008173,Zara Garcia,Paris,Ile-de-France,France,2025-03-12,true
CUST-008174,Fatima Berg,Lyon,Auvergne-Rhone-Alpes,France,2020-03-19,true
CUST-008175,Zara Smith,Lisbon,Lisbon,Portugal,2020-05-07,true
CUST-008176,Isla Khan,Warsaw,Masovian,Poland,2023-10-22,true
CUST-008177,Emma Santos,Vienna,Vienna,Austria,2020-03-18,true
CUST-008178,Leila Garcia,Tampere,Pirkanmaa,Finland,2020-04-12,true
CUST-008179,Zara Ahmed,Barcelona,Catalonia,Spain,2026-06-22,false
CUST-008180,Sofia Andersson,Prague,Prague,Czechia,2023-09-09,false
CUST-008181,Yusuf Schmidt,Copenhagen,Capital Region,Denmark,2022-12-19,true
CUST-008182,David Taylor,Amsterdam,North Holland,Netherlands,2023-12-19,true
CUST-008183,Yusuf Santos,Milan,Lombardy,Italy,2026-08-25,true
CUST-008184,Lina Johnson,Tampere,Pirkanmaa,Finland,2023-08-12,true
CUST-008185,Mateo Dubois,Prague,Prague,Czechia,2024-11-05,true
CUST-008186,Chloe Ahmed,Munich,Bavaria,Germany,2022-08-23,true
CUST-008187,Mateo Schmidt,Manchester,England,United Kingdom,2026-08-12,true
CUST-008188,Henry Muller,Gothenburg,Vastra Gotaland,Sweden,2022-09-04,true
CUST-008189,Grace Taylor,Barcelona,Catalonia,Spain,2022-12-12,true
CUST-008190,Lina Jensen,Vienna,Vienna,Austria,2020-10-10,true
CUST-008191,Grace Ibrahim,Austin,Texas,United States,2024-06-06,true
CUST-008192,Benjamin Andersson,Turku,Southwest Finland,Finland,2024-05-28,true
CUST-008193,Isla Dubois,Dublin,Leinster,Ireland,2020-09-26,true
CUST-008194,Fatima Novak,Stockholm,Stockholm County,Sweden,2022-01-09,true
CUST-008195,Benjamin Garcia,Milan,Lombardy,Italy,2026-08-06,true
CUST-008196,Lina Nielsen,Tampere,Pirkanmaa,Finland,2022-05-14,true
CUST-008197,Oliver Garcia,Austin,Texas,United States,2025-02-03,true
CUST-008198,Samuel Brown,Rome,Lazio,Italy,2023-07-20,true
CUST-008199,Oliver Nielsen,Paris,Ile-de-France,France,2020-11-21,true
CUST-008200,Elias Lopez,Brussels,Brussels-Capital,Belgium,2024-04-11,true
CUST-008201,Sofia Andersson,Munich,Bavaria,Germany,2020-12-23,true
CUST-008202,Mila Johnson,New York,New York,United States,2024-07-02,true
CUST-008203,Amina Berg,Vienna,Vienna,Austria,2025-01-17,true
CUST-008204,Isla Jensen,Rome,Lazio,Italy,2021-04-22,true
CUST-008205,Lina Johnson,Rome,Lazio,Italy,2020-05-10,false
CUST-008206,Elias Williams,Helsinki,Uusimaa,Finland,2022-11-27,true
CUST-008207,Samuel Martin,Madrid,Community of Madrid,Spain,2024-10-07,true
CUST-008208,Sofia Clark,Madrid,Community of Madrid,Spain,2024-06-22,true
CUST-008209,Daniel Williams,Stockholm,Stockholm County,Sweden,2023-01-03,true
CUST-008210,Zara Wilson,London,England,United Kingdom,2023-07-31,true
CUST-008211,Noah Brown,Stockholm,Stockholm County,Sweden,2023-08-30,true
CUST-008212,Eva Muller,Sydney,New South Wales,Australia,2024-09-15,false
CUST-008213,David Schmidt,Gothenburg,Vastra Gotaland,Sweden,2022-07-25,true
CUST-008214,Fatima Lopez,Milan,Lombardy,Italy,2021-04-24,true
CUST-008215,Grace Martin,Brussels,Brussels-Capital,Belgium,2021-12-22,true
CUST-008216,Arthur Petrov,Oslo,Oslo,Norway,2021-11-28,true
CUST-008217,David Ahmed,Prague,Prague,Czechia,2025-09-05,true
CUST-008218,Samuel Martin,Toronto,Ontario,Canada,2025-05-04,true
CUST-008219,Isla Lopez,Warsaw,Masovian,Poland,2023-02-11,true
CUST-008220,Jonas Ahmed,Dublin,Leinster,Ireland,2022-12-15,true
CUST-008221,Noah Silva,Brussels,Brussels-Capital,Belgium,2020-08-07,false
CUST-008222,Leila Santos,Toronto,Ontario,Canada,2025-11-21,true
CUST-008223,Lina Martin,Vienna,Vienna,Austria,2021-10-17,true
CUST-008224,Omar Khan,Lyon,Auvergne-Rhone-Alpes,France,2023-10-09,true
CUST-008225,Noah Clark,Toronto,Ontario,Canada,2020-01-19,true
CUST-008226,Isla Rossi,Prague,Prague,Czechia,2025-08-11,true
CUST-008227,Ada Garcia,Turku,Southwest Finland,Finland,2022-09-08,false
CUST-008228,Maya Andersson,Paris,Ile-de-France,France,2025-08-26,false
CUST-008229,Grace Smith,Paris,Ile-de-France,France,2024-06-25,true
CUST-008230,Sofia Silva,Tokyo,Tokyo,Japan,2026-08-17,true
CUST-008231,Ada Davis,Amsterdam,North Holland,Netherlands,2020-01-02,true
CUST-008232,Lucas Korhonen,Madrid,Community of Madrid,Spain,2024-03-08,true
CUST-008233,Omar Brown,Sydney,New South Wales,Australia,2020-08-19,false
CUST-008234,Eva Lopez,Vancouver,British Columbia,Canada,2025-12-09,true
CUST-008235,Henry Santos,Turku,Southwest Finland,Finland,2023-09-10,true
CUST-008236,Emma Petrov,Toronto,Ontario,Canada,2024-04-09,true
CUST-008237,Sofia Brown,Tampere,Pirkanmaa,Finland,2025-01-14,true
CUST-008238,Elias Williams,Lyon,Auvergne-Rhone-Alpes,France,2020-01-27,false
CUST-008239,Fatima Ali,Warsaw,Masovian,Poland,2025-11-11,true
CUST-008240,Isla Petrov,Barcelona,Catalonia,Spain,2022-12-23,true
CUST-008241,Eva Dubois,Munich,Bavaria,Germany,2023-08-19,false
CUST-008242,Mateo Nielsen,Amsterdam,North Holland,Netherlands,2021-08-11,true
CUST-008243,Zara Nielsen,Milan,Lombardy,Italy,2023-04-06,true
CUST-008244,Nora Davis,Gothenburg,Vastra Gotaland,Sweden,2023-09-04,true
CUST-008245,Samuel Berg,Toronto,Ontario,Canada,2020-10-21,true
CUST-008246,Fatima Williams,Gothenburg,Vastra Gotaland,Sweden,2025-02-07,true
CUST-008247,Emma Garcia,Munich,Bavaria,Germany,2026-01-26,true
CUST-008248,Jonas Silva,Turku,Southwest Finland,Finland,2026-07-23,false
CUST-008249,Amina Schmidt,Copenhagen,Capital Region,Denmark,2025-09-02,true
CUST-008250,Henry Martin,Paris,Ile-de-France,France,2021-10-16,true
CUST-008251,Omar Schmidt,Brussels,Brussels-Capital,Belgium,2025-04-13,true
CUST-008252,Oliver Schmidt,Barcelona,Catalonia,Spain,2022-04-24,true
CUST-008253,Mateo Johnson,Madrid,Community of Madrid,Spain,2025-04-11,false
CUST-008254,Ada Wilson,Manchester,England,United Kingdom,2023-12-31,false
CUST-008255,Chloe Schmidt,Paris,Ile-de-France,France,2025-12-12,false
CUST-008256,Mateo Davis,Sydney,New South Wales,Australia,2024-02-11,true
CUST-008257,Leo Lopez,London,England,United Kingdom,2022-12-08,true
CUST-008258,Noah Andersson,Brussels,Brussels-Capital,Belgium,2021-09-11,true
CUST-008259,Leo Clark,Oslo,Oslo,Norway,2021-08-27,false
CUST-008260,Elias Lopez,Toronto,Ontario,Canada,2021-03-11,true
CUST-008261,Amina Williams,Toronto,Ontario,Canada,2021-03-03,true
CUST-008262,Elias Moore,Manchester,England,United Kingdom,2022-06-04,true
CUST-008263,Isla Martin,Toronto,Ontario,Canada,2020-11-26,true
CUST-008264,Arthur Petrov,Stockholm,Stockholm County,Sweden,2026-01-11,true
CUST-008265,Maya Clark,Turku,Southwest Finland,Finland,2024-01-22,true
CUST-008266,Zara Jensen,Berlin,Berlin,Germany,2020-03-20,true
CUST-008267,Zara Lopez,Tampere,Pirkanmaa,Finland,2024-02-07,true
CUST-008268,Mila Ali,Lisbon,Lisbon,Portugal,2021-08-14,true
CUST-008269,Lucas Smith,Amsterdam,North Holland,Netherlands,2021-12-14,true
CUST-008270,Omar Davis,Helsinki,Uusimaa,Finland,2021-05-26,true
CUST-008271,Oliver Andersson,Rome,Lazio,Italy,2025-02-08,true
CUST-008272,Maya Schmidt,Dublin,Leinster,Ireland,2024-04-07,true
CUST-008273,Leila Silva,Oslo,Oslo,Norway,2023-05-18,true
CUST-008274,Leo Korhonen,Lyon,Auvergne-Rhone-Alpes,France,2022-12-23,true
CUST-008275,Samuel Khan,Tokyo,Tokyo,Japan,2026-03-27,true
CUST-008276,Jonas Ahmed,Amsterdam,North Holland,Netherlands,2024-12-25,true
CUST-008277,Leo Nielsen,Prague,Prague,Czechia,2020-04-01,false
CUST-008278,David Wilson,Tokyo,Tokyo,Japan,2021-05-17,true
CUST-008279,Daniel Ahmed,Manchester,England,United Kingdom,2023-09-30,false
CUST-008280,Mateo Schmidt,Amsterdam,North Holland,Netherlands,2021-07-25,true
CUST-008281,Lucas Petrov,London,England,United Kingdom,2021-05-06,true
CUST-008282,Yusuf Dubois,Amsterdam,North Holland,Netherlands,2024-01-29,true
CUST-008283,David Wilson,Copenhagen,Capital Region,Denmark,2022-11-02,false
CUST-008284,Noah Schmidt,Vancouver,British Columbia,Canada,2021-04-19,false
CUST-008285,Oliver Schmidt,Milan,Lombardy,Italy,2023-06-28,true
CUST-008286,Chloe Jensen,Prague,Prague,Czechia,2025-01-18,true
CUST-008287,Fatima Williams,London,England,United Kingdom,2022-07-22,true
CUST-008288,Mateo Lopez,London,England,United Kingdom,2022-09-16,true
CUST-008289,Zara Korhonen,Milan,Lombardy,Italy,2025-04-26,true
CUST-008290,Oliver Petrov,Paris,Ile-de-France,France,2026-08-30,true
CUST-008291,Fatima Moore,Prague,Prague,Czechia,2026-03-10,true
CUST-008292,Maya Andersson,Manchester,England,United Kingdom,2026-07-29,true
CUST-008293,Amina Ali,Manchester,England,United Kingdom,2023-03-14,true
CUST-008294,Mila Johnson,Milan,Lombardy,Italy,2025-08-12,true
CUST-008295,Sofia Jensen,Rome,Lazio,Italy,2020-12-20,true
CUST-008296,Mateo Rossi,Warsaw,Masovian,Poland,2021-03-07,true
CUST-008297,Mila Williams,Rome,Lazio,Italy,2024-01-27,true
CUST-008298,Arthur Ahmed,Barcelona,Catalonia,Spain,2022-03-07,false
CUST-008299,Arthur Garcia,Oslo,Oslo,Norway,2026-01-25,false
CUST-008300,Daniel Dubois,Milan,Lombardy,Italy,2022-02-05,true
CUST-008301,Eva Santos,Tokyo,Tokyo,Japan,2024-10-18,false
CUST-008302,Leila Muller,Amsterdam,North Holland,Netherlands,2020-05-30,true
CUST-008303,Yusuf Ibrahim,Vancouver,British Columbia,Canada,2022-05-29,false
CUST-008304,Emma Novak,Amsterdam,North Holland,Netherlands,2021-04-17,true
CUST-008305,Maya Wilson,Munich,Bavaria,Germany,2022-10-24,true
CUST-008306,Mateo Brown,Milan,Lombardy,Italy,2021-10-15,false
CUST-008307,Lina Rossi,Dublin,Leinster,Ireland,2020-04-18,true
CUST-008308,Chloe Silva,Brussels,Brussels-Capital,Belgium,2022-09-09,true
CUST-008309,Benjamin Williams,Dublin,Leinster,Ireland,2024-05-23,true
CUST-008310,Isla Davis,Copenhagen,Capital Region,Denmark,2023-05-21,true
CUST-008311,Emma Korhonen,Tokyo,Tokyo,Japan,2021-08-09,false
CUST-008312,Omar Nielsen,Stockholm,Stockholm County,Sweden,2022-05-05,true
CUST-008313,Noah Davis,Munich,Bavaria,Germany,2025-03-08,true
CUST-008314,Grace Schmidt,Manchester,England,United Kingdom,2026-06-06,true
CUST-008315,Daniel Virtanen,Helsinki,Uusimaa,Finland,2022-04-20,true
CUST-008316,Jonas Williams,Brussels,Brussels-Capital,Belgium,2020-02-28,false
CUST-008317,Arthur Andersson,Berlin,Berlin,Germany,2026-01-25,true
CUST-008318,Samuel Clark,Tokyo,Tokyo,Japan,2022-10-28,true
CUST-008319,Mateo Clark,Amsterdam,North Holland,Netherlands,2022-06-05,true
CUST-008320,Chloe Brown,Copenhagen,Capital Region,Denmark,2024-11-17,true
CUST-008321,Leila Wilson,Berlin,Berlin,Germany,2022-05-22,true
CUST-008322,Ada Brown,Rome,Lazio,Italy,2022-05-10,true
CUST-008323,Eva Jensen,Vienna,Vienna,Austria,2025-09-19,true
CUST-008324,Yusuf Williams,New York,New York,United States,2022-05-07,true
CUST-008325,Nora Jensen,Amsterdam,North Holland,Netherlands,2026-03-10,false
CUST-008326,Arthur Rossi,Lyon,Auvergne-Rhone-Alpes,France,2024-09-04,true
CUST-008327,Sofia Berg,Copenhagen,Capital Region,Denmark,2026-01-10,true
CUST-008328,Samuel Clark,Barcelona,Catalonia,Spain,2025-09-21,true
CUST-008329,Samuel Garcia,Stockholm,Stockholm County,Sweden,2022-10-12,false
CUST-008330,Elias Taylor,Toronto,Ontario,Canada,2022-02-24,true
CUST-008331,Nora Lopez,Milan,Lombardy,Italy,2026-02-22,true
CUST-008332,Grace Ahmed,Stockholm,Stockholm County,Sweden,2020-10-13,true
CUST-008333,Mateo Petrov,Lyon,Auvergne-Rhone-Alpes,France,2024-11-02,true
CUST-008334,Mila Berg,Madrid,Community of Madrid,Spain,2021-02-27,true
CUST-008335,Emma Martin,Vienna,Vienna,Austria,2022-10-12,true
CUST-008336,David Santos,Munich,Bavaria,Germany,2021-09-20,true
CUST-008337,Jonas Silva,Manchester,England,United Kingdom,2021-10-07,true
CUST-008338,Omar Smith,Oslo,Oslo,Norway,2024-05-09,true
CUST-008339,Sofia Lopez,Vienna,Vienna,Austria,2026-08-24,true
CUST-008340,Fatima Jensen,Rome,Lazio,Italy,2020-07-23,true
CUST-008341,Lina Brown,Paris,Ile-de-France,France,2024-04-28,true
CUST-008342,Samuel Nielsen,Munich,Bavaria,Germany,2024-11-22,false
CUST-008343,Yusuf Khan,Helsinki,Uusimaa,Finland,2021-05-11,true
CUST-008344,Chloe Korhonen,Milan,Lombardy,Italy,2022-04-13,true
CUST-008345,Isla Rossi,Tokyo,Tokyo,Japan,2025-07-27,true
CUST-008346,Samuel Smith,Oslo,Oslo,Norway,2025-04-11,true
CUST-008347,Lina Martin,Toronto,Ontario,Canada,2020-04-11,true
CUST-008348,Sofia Wilson,Prague,Prague,Czechia,2025-07-02,true
CUST-008349,Daniel Santos,Tampere,Pirkanmaa,Finland,2021-05-31,true
CUST-008350,Leo Johnson,Manchester,England,United Kingdom,2021-08-22,true
CUST-008351,Omar Schmidt,London,England,United Kingdom,2021-06-14,true
CUST-008352,Jonas Silva,Turku,Southwest Finland,Finland,2023-12-10,false
CUST-008353,Isla Santos,Austin,Texas,United States,2021-12-17,true
CUST-008354,Emma Garcia,Vienna,Vienna,Austria,2022-11-11,false
CUST-008355,Henry Taylor,Lyon,Auvergne-Rhone-Alpes,France,2023-02-20,false
CUST-008356,Elias Jensen,Copenhagen,Capital Region,Denmark,2025-06-21,true
CUST-008357,Maya Moore,Amsterdam,North Holland,Netherlands,2020-01-09,true
CUST-008358,Benjamin Nielsen,Copenhagen,Capital Region,Denmark,2021-12-23,true
CUST-008359,Arthur Johnson,Sydney,New South Wales,Australia,2023-08-23,true
CUST-008360,Grace Wilson,Barcelona,Catalonia,Spain,2020-05-17,true
CUST-008361,Chloe Taylor,Dublin,Leinster,Ireland,2024-11-21,true
CUST-008362,Daniel Virtanen,Lyon,Auvergne-Rhone-Alpes,France,2025-12-31,true
CUST-008363,Henry Wilson,Toronto,Ontario,Canada,2024-04-30,false
CUST-008364,David Berg,Lisbon,Lisbon,Portugal,2025-10-19,false
CUST-008365,Arthur Taylor,Sydney,New South Wales,Australia,2024-04-18,true
CUST-008366,Chloe Berg,Helsinki,Uusimaa,Finland,2024-11-20,true
CUST-008367,Eva Garcia,Amsterdam,North Holland,Netherlands,2023-01-01,true
CUST-008368,Samuel Nielsen,Rome,Lazio,Italy,2021-03-18,true
CUST-008369,Yusuf Rossi,Vancouver,British Columbia,Canada,2026-01-10,true
CUST-008370,Daniel Davis,Manchester,England,United Kingdom,2022-06-27,true
CUST-008371,Yusuf Dubois,New York,New York,United States,2026-07-12,true
CUST-008372,Leo Novak,New York,New York,United States,2025-05-19,true
CUST-008373,Fatima Nielsen,Gothenburg,Vastra Gotaland,Sweden,2025-06-01,true
CUST-008374,Oliver Brown,Tampere,Pirkanmaa,Finland,2020-03-03,true
CUST-008375,Oliver Schmidt,Tokyo,Tokyo,Japan,2026-06-26,false
CUST-008376,Nora Santos,Berlin,Berlin,Germany,2026-02-25,false
CUST-008377,Arthur Jensen,Madrid,Community of Madrid,Spain,2020-03-05,true
CUST-008378,Samuel Petrov,Austin,Texas,United States,2025-11-30,true
CUST-008379,Eva Muller,Sydney,New South Wales,Australia,2023-07-01,true
CUST-008380,Isla Davis,Copenhagen,Capital Region,Denmark,2023-08-01,true
CUST-008381,Mila Dubois,Milan,Lombardy,Italy,2022-03-24,true
CUST-008382,Jonas Dubois,Tokyo,Tokyo,Japan,2022-12-31,false
CUST-008383,Samuel Santos,Stockholm,Stockholm County,Sweden,2020-08-18,false
CUST-008384,Fatima Williams,Rome,Lazio,Italy,2021-03-28,true
CUST-008385,Henry Jensen,Gothenburg,Vastra Gotaland,Sweden,2024-06-13,false
CUST-008386,Yusuf Berg,Manchester,England,United Kingdom,2021-02-01,true
CUST-008387,Eva Korhonen,Warsaw,Masovian,Poland,2021-06-11,false
CUST-008388,Chloe Moore,Turku,Southwest Finland,Finland,2022-07-19,true
CUST-008389,Leila Clark,Barcelona,Catalonia,Spain,2022-03-26,true
CUST-008390,Daniel Jensen,Helsinki,Uusimaa,Finland,2020-05-26,false
CUST-008391,David Ahmed,Helsinki,Uusimaa,Finland,2023-03-11,false
CUST-008392,Fatima Schmidt,Helsinki,Uusimaa,Finland,2023-12-09,true
CUST-008393,Grace Santos,Vienna,Vienna,Austria,2024-05-16,true
CUST-008394,Elias Johnson,Madrid,Community of Madrid,Spain,2021-10-02,true
CUST-008395,Daniel Lopez,Manchester,England,United Kingdom,2024-01-24,false
CUST-008396,Sofia Smith,Copenhagen,Capital Region,Denmark,2024-11-29,false
CUST-008397,Mila Santos,Berlin,Berlin,Germany,2022-12-28,true
CUST-008398,Yusuf Smith,Manchester,England,United Kingdom,2023-05-04,true
CUST-008399,Noah Johnson,Sydney,New South Wales,Australia,2024-12-17,true
CUST-008400,Nora Williams,Gothenburg,Vastra Gotaland,Sweden,2023-06-19,false
CUST-008401,Oliver Ibrahim,Milan,Lombardy,Italy,2020-08-10,true
CUST-008402,Jonas Ali,Rome,Lazio,Italy,2020-03-16,true
CUST-008403,Lucas Dubois,Copenhagen,Capital Region,Denmark,2021-04-28,false
CUST-008404,Oliver Clark,Helsinki,Uusimaa,Finland,2020-04-04,true
CUST-008405,Isla Schmidt,Copenhagen,Capital Region,Denmark,2020-08-19,true
CUST-008406,Maya Martin,Vienna,Vienna,Austria,2024-01-19,true
CUST-008407,Zara Korhonen,Amsterdam,North Holland,Netherlands,2022-03-15,true
CUST-008408,Mila Lopez,Copenhagen,Capital Region,Denmark,2023-05-21,true
CUST-008409,Mateo Williams,Lisbon,Lisbon,Portugal,2022-08-20,true
CUST-008410,Samuel Khan,Tampere,Pirkanmaa,Finland,2022-06-23,true
CUST-008411,Mateo Wilson,Turku,Southwest Finland,Finland,2022-02-03,false
CUST-008412,Ada Ali,London,England,United Kingdom,2020-05-21,false
CUST-008413,Lucas Ibrahim,Milan,Lombardy,Italy,2025-06-18,true
CUST-008414,Mila Wilson,Dublin,Leinster,Ireland,2025-08-01,true
CUST-008415,Mila Andersson,Vancouver,British Columbia,Canada,2026-01-29,true
CUST-008416,Nora Petrov,Gothenburg,Vastra Gotaland,Sweden,2026-03-01,true
CUST-008417,Amina Jensen,Manchester,England,United Kingdom,2022-11-06,true
CUST-008418,Nora Khan,Stockholm,Stockholm County,Sweden,2022-02-23,true
CUST-008419,Maya Smith,Helsinki,Uusimaa,Finland,2023-09-28,true
CUST-008420,Omar Williams,Turku,Southwest Finland,Finland,2023-03-28,true
CUST-008421,Eva Williams,Sydney,New South Wales,Australia,2024-07-31,true
CUST-008422,David Muller,Vancouver,British Columbia,Canada,2023-05-08,true
CUST-008423,Fatima Petrov,Stockholm,Stockholm County,Sweden,2022-06-20,true
CUST-008424,Ada Martin,Tampere,Pirkanmaa,Finland,2026-07-08,false
CUST-008425,Yusuf Petrov,Copenhagen,Capital Region,Denmark,2024-06-24,true
CUST-008426,Eva Korhonen,Manchester,England,United Kingdom,2026-05-05,true
CUST-008427,Yusuf Muller,Sydney,New South Wales,Australia,2025-07-20,false
CUST-008428,Mila Ibrahim,Dublin,Leinster,Ireland,2025-08-15,true
CUST-008429,Daniel Schmidt,Sydney,New South Wales,Australia,2025-01-09,true
CUST-008430,Ada Taylor,New York,New York,United States,2025-06-22,false
CUST-008431,Sofia Williams,Stockholm,Stockholm County,Sweden,2022-04-23,true
CUST-008432,Omar Taylor,Tampere,Pirkanmaa,Finland,2020-03-07,true
CUST-008433,Mila Petrov,Milan,Lombardy,Italy,2023-03-10,true
CUST-008434,Leila Ali,Vancouver,British Columbia,Canada,2020-05-18,true
CUST-008435,Chloe Dubois,Rome,Lazio,Italy,2025-11-13,false
CUST-008436,Henry Ibrahim,Lisbon,Lisbon,Portugal,2024-09-16,true
CUST-008437,Henry Davis,London,England,United Kingdom,2023-11-27,true
CUST-008438,Eva Garcia,Turku,Southwest Finland,Finland,2025-03-03,false
CUST-008439,Arthur Rossi,Toronto,Ontario,Canada,2022-03-21,false
CUST-008440,Fatima Williams,New York,New York,United States,2021-06-16,true
CUST-008441,Chloe Moore,Barcelona,Catalonia,Spain,2022-06-23,true
CUST-008442,Benjamin Petrov,Tampere,Pirkanmaa,Finland,2024-08-21,true
CUST-008443,Benjamin Nielsen,Dublin,Leinster,Ireland,2023-01-01,true
CUST-008444,Maya Davis,Berlin,Berlin,Germany,2021-07-31,true
CUST-008445,Mateo Berg,Gothenburg,Vastra Gotaland,Sweden,2025-09-04,true
CUST-008446,Daniel Clark,Turku,Southwest Finland,Finland,2025-04-04,true
CUST-008447,Isla Moore,Warsaw,Masovian,Poland,2022-04-25,true
CUST-008448,Lucas Johnson,Dublin,Leinster,Ireland,2022-09-29,true
CUST-008449,Jonas Clark,Paris,Ile-de-France,France,2022-10-14,true
CUST-008450,Emma Andersson,Lisbon,Lisbon,Portugal,2023-04-29,true
CUST-008451,Nora Lopez,Warsaw,Masovian,Poland,2026-07-21,true
CUST-008452,Henry Silva,Oslo,Oslo,Norway,2020-03-09,true
CUST-008453,Emma Davis,London,England,United Kingdom,2026-06-12,true
CUST-008454,Leila Brown,Rome,Lazio,Italy,2021-05-24,false
CUST-008455,Maya Virtanen,Copenhagen,Capital Region,Denmark,2021-01-15,true
CUST-008456,Emma Ibrahim,Tampere,Pirkanmaa,Finland,2022-12-02,true
CUST-008457,Yusuf Schmidt,Amsterdam,North Holland,Netherlands,2024-05-21,true
CUST-008458,Henry Schmidt,Tampere,Pirkanmaa,Finland,2025-07-01,true
CUST-008459,Chloe Santos,Vancouver,British Columbia,Canada,2025-10-07,true
CUST-008460,Yusuf Jensen,Madrid,Community of Madrid,Spain,2021-10-02,false
CUST-008461,Leila Brown,Sydney,New South Wales,Australia,2025-06-02,true
CUST-008462,Eva Andersson,Oslo,Oslo,Norway,2024-01-31,false
CUST-008463,Leila Berg,Copenhagen,Capital Region,Denmark,2020-06-21,true
CUST-008464,Zara Santos,Stockholm,Stockholm County,Sweden,2024-06-13,true
CUST-008465,Lucas Jensen,Amsterdam,North Holland,Netherlands,2024-01-02,true
CUST-008466,Henry Muller,Gothenburg,Vastra Gotaland,Sweden,2024-09-22,true
CUST-008467,Lina Johnson,Lyon,Auvergne-Rhone-Alpes,France,2021-09-22,false
CUST-008468,Yusuf Andersson,Dublin,Leinster,Ireland,2021-03-21,true
CUST-008469,Mateo Ibrahim,Turku,Southwest Finland,Finland,2023-05-26,true
CUST-008470,Lucas Brown,Helsinki,Uusimaa,Finland,2026-01-19,true
CUST-008471,Mila Novak,Munich,Bavaria,Germany,2021-12-23,true
CUST-008472,Omar Andersson,Helsinki,Uusimaa,Finland,2025-11-15,false
CUST-008473,Zara Jensen,New York,New York,United States,2025-03-13,false
CUST-008474,Sofia Johnson,Brussels,Brussels-Capital,Belgium,2024-03-28,true
CUST-008475,Samuel Davis,Rome,Lazio,Italy,2023-04-02,false
CUST-008476,Oliver Ahmed,Barcelona,Catalonia,Spain,2025-11-03,true
CUST-008477,Lina Taylor,Milan,Lombardy,Italy,2021-09-10,true
CUST-008478,Oliver Clark,Gothenburg,Vastra Gotaland,Sweden,2021-10-02,false
CUST-008479,Jonas Lopez,Munich,Bavaria,Germany,2025-09-03,true
CUST-008480,David Wilson,Amsterdam,North Holland,Netherlands,2023-01-28,true
CUST-008481,Samuel Williams,Helsinki,Uusimaa,Finland,2022-06-24,true
CUST-008482,Lucas Ibrahim,Austin,Texas,United States,2020-10-05,true
CUST-008483,Emma Brown,Turku,Southwest Finland,Finland,2026-07-08,true
CUST-008484,Benjamin Andersson,Dublin,Leinster,Ireland,2022-06-08,true
CUST-008485,Lina Wilson,Toronto,Ontario,Canada,2021-06-19,true
CUST-008486,Grace Korhonen,Brussels,Brussels-Capital,Belgium,2025-08-29,true
CUST-008487,Emma Ibrahim,Amsterdam,North Holland,Netherlands,2020-04-01,true
CUST-008488,Isla Muller,Sydney,New South Wales,Australia,2025-12-31,true
CUST-008489,Daniel Muller,Rome,Lazio,Italy,2025-11-22,true
CUST-008490,Sofia Dubois,New York,New York,United States,2020-07-02,true
CUST-008491,Samuel Martin,Lyon,Auvergne-Rhone-Alpes,France,2025-02-14,true
CUST-008492,Nora Ali,Tampere,Pirkanmaa,Finland,2020-03-02,true
CUST-008493,Leo Martin,Lyon,Auvergne-Rhone-Alpes,France,2023-06-22,true
CUST-008494,Sofia Korhonen,Manchester,England,United Kingdom,2022-06-29,false
CUST-008495,Noah Korhonen,Oslo,Oslo,Norway,2023-05-01,true
CUST-008496,Benjamin Dubois,Copenhagen,Capital Region,Denmark,2024-01-01,true
CUST-008497,Noah Johnson,New York,New York,United States,2025-11-29,true
CUST-008498,Fatima Martin,Vancouver,British Columbia,Canada,2020-06-22,true
CUST-008499,Ada Clark,Manchester,England,United Kingdom,2023-12-09,true
CUST-008500,Amina Taylor,Tokyo,Tokyo,Japan,2021-12-29,false
CUST-008501,Chloe Smith,Amsterdam,North Holland,Netherlands,2021-07-25,false
CUST-008502,Lucas Rossi,Helsinki,Uusimaa,Finland,2023-01-20,true
CUST-008503,Benjamin Silva,Rome,Lazio,Italy,2025-05-19,false
CUST-008504,Samuel Garcia,Paris,Ile-de-France,France,2020-02-09,true
CUST-008505,Nora Ali,Manchester,England,United Kingdom,2025-07-17,true
CUST-008506,Leo Andersson,Vienna,Vienna,Austria,2021-12-25,true
CUST-008507,Fatima Dubois,Munich,Bavaria,Germany,2023-04-22,false
CUST-008508,Oliver Ali,Amsterdam,North Holland,Netherlands,2024-11-07,true
CUST-008509,Amina Schmidt,Oslo,Oslo,Norway,2023-04-21,true
CUST-008510,Nora Ali,Lyon,Auvergne-Rhone-Alpes,France,2025-05-02,true
CUST-008511,Maya Lopez,Munich,Bavaria,Germany,2024-03-21,true
CUST-008512,Chloe Taylor,Warsaw,Masovian,Poland,2020-08-01,true
CUST-008513,Mateo Garcia,Stockholm,Stockholm County,Sweden,2026-02-03,true
CUST-008514,Fatima Lopez,Brussels,Brussels-Capital,Belgium,2022-10-23,true
CUST-008515,Samuel Davis,Warsaw,Masovian,Poland,2020-05-14,true
CUST-008516,Mateo Virtanen,Austin,Texas,United States,2021-12-31,true
CUST-008517,Chloe Clark,Munich,Bavaria,Germany,2024-04-02,true
CUST-008518,Leo Ali,Tampere,Pirkanmaa,Finland,2021-02-01,true
CUST-008519,Benjamin Wilson,Vancouver,British Columbia,Canada,2023-03-18,true
CUST-008520,Arthur Moore,Berlin,Berlin,Germany,2026-08-04,true
CUST-008521,Eva Garcia,Rome,Lazio,Italy,2020-01-14,true
CUST-008522,Zara Ahmed,Toronto,Ontario,Canada,2021-07-01,true
CUST-008523,Amina Berg,Vienna,Vienna,Austria,2020-10-19,false
CUST-008524,Fatima Moore,Milan,Lombardy,Italy,2020-10-01,true
CUST-008525,Elias Garcia,London,England,United Kingdom,2022-10-06,true
CUST-008526,Samuel Williams,Munich,Bavaria,Germany,2021-03-17,true
CUST-008527,Lucas Wilson,New York,New York,United States,2026-07-04,true
CUST-008528,Grace Khan,Paris,Ile-de-France,France,2021-04-15,true
CUST-008529,Maya Taylor,New York,New York,United States,2024-05-14,true
CUST-008530,Arthur Lopez,Stockholm,Stockholm County,Sweden,2020-05-25,true
CUST-008531,David Petrov,Barcelona,Catalonia,Spain,2020-12-12,true
CUST-008532,Amina Ali,Stockholm,Stockholm County,Sweden,2022-03-30,true
CUST-008533,Amina Nielsen,Prague,Prague,Czechia,2021-10-19,true
CUST-008534,Jonas Petrov,Vancouver,British Columbia,Canada,2026-06-01,true
CUST-008535,Leila Martin,Dublin,Leinster,Ireland,2024-09-26,true
CUST-008536,Nora Muller,Warsaw,Masovian,Poland,2025-09-25,true
CUST-008537,Lina Virtanen,Stockholm,Stockholm County,Sweden,2020-11-14,true
CUST-008538,Zara Martin,Oslo,Oslo,Norway,2020-10-06,true
CUST-008539,Lina Ahmed,Turku,Southwest Finland,Finland,2020-05-25,true
CUST-008540,Lucas Jensen,Brussels,Brussels-Capital,Belgium,2023-05-07,true
CUST-008541,Arthur Taylor,Vienna,Vienna,Austria,2024-07-14,true
CUST-008542,Omar Berg,Gothenburg,Vastra Gotaland,Sweden,2023-05-31,true
CUST-008543,Henry Lopez,Gothenburg,Vastra Gotaland,Sweden,2024-06-28,true
CUST-008544,Mila Taylor,Amsterdam,North Holland,Netherlands,2023-05-25,true
CUST-008545,Henry Williams,Prague,Prague,Czechia,2023-09-15,true
CUST-008546,Samuel Wilson,Amsterdam,North Holland,Netherlands,2023-04-24,true
CUST-008547,Maya Berg,Stockholm,Stockholm County,Sweden,2024-12-23,true
CUST-008548,Nora Davis,Warsaw,Masovian,Poland,2020-08-13,true
CUST-008549,Leo Davis,Turku,Southwest Finland,Finland,2023-08-25,true
CUST-008550,David Ahmed,Gothenburg,Vastra Gotaland,Sweden,2026-07-10,true
CUST-008551,Grace Ali,Stockholm,Stockholm County,Sweden,2021-06-14,true
CUST-008552,Eva Novak,Toronto,Ontario,Canada,2020-03-26,true
CUST-008553,Ada Taylor,Tampere,Pirkanmaa,Finland,2020-07-03,true
CUST-008554,Leila Taylor,Helsinki,Uusimaa,Finland,2020-10-18,false
CUST-008555,Leo Johnson,Munich,Bavaria,Germany,2020-02-07,true
CUST-008556,Elias Williams,New York,New York,United States,2023-01-22,true
CUST-008557,Isla Ali,Dublin,Leinster,Ireland,2024-06-20,true
CUST-008558,Maya Andersson,Barcelona,Catalonia,Spain,2024-08-09,true
CUST-008559,Henry Schmidt,Prague,Prague,Czechia,2024-01-25,true
CUST-008560,Emma Dubois,Munich,Bavaria,Germany,2020-02-08,true
CUST-008561,Amina Santos,Dublin,Leinster,Ireland,2020-10-07,true
CUST-008562,Oliver Silva,Warsaw,Masovian,Poland,2022-10-12,true
CUST-008563,David Smith,London,England,United Kingdom,2021-05-03,true
CUST-008564,Maya Lopez,Warsaw,Masovian,Poland,2020-03-16,true
CUST-008565,David Petrov,Gothenburg,Vastra Gotaland,Sweden,2021-10-06,true
CUST-008566,Eva Rossi,Austin,Texas,United States,2020-03-10,true
CUST-008567,Yusuf Silva,Tokyo,Tokyo,Japan,2020-10-26,true
CUST-008568,Omar Williams,Dublin,Leinster,Ireland,2022-04-08,true
CUST-008569,Amina Clark,Amsterdam,North Holland,Netherlands,2024-07-02,true
CUST-008570,Elias Moore,Sydney,New South Wales,Australia,2025-09-03,true
CUST-008571,Leila Clark,Milan,Lombardy,Italy,2021-11-18,true
CUST-008572,Lucas Smith,Gothenburg,Vastra Gotaland,Sweden,2025-09-26,true
CUST-008573,Elias Clark,Tampere,Pirkanmaa,Finland,2023-09-12,true
CUST-008574,Noah Andersson,Tokyo,Tokyo,Japan,2020-08-14,true
CUST-008575,Amina Novak,Oslo,Oslo,Norway,2024-10-07,true
CUST-008576,Arthur Silva,Tokyo,Tokyo,Japan,2020-12-21,true
CUST-008577,Zara Novak,Paris,Ile-de-France,France,2024-09-11,true
CUST-008578,Isla Ibrahim,Milan,Lombardy,Italy,2021-08-22,true
CUST-008579,Elias Smith,Sydney,New South Wales,Australia,2023-12-10,true
CUST-008580,Eva Brown,Tampere,Pirkanmaa,Finland,2023-01-14,true
CUST-008581,Omar Dubois,Barcelona,Catalonia,Spain,2022-10-13,true
CUST-008582,Lina Jensen,Copenhagen,Capital Region,Denmark,2021-04-07,true
CUST-008583,Maya Silva,Milan,Lombardy,Italy,2021-08-22,true
CUST-008584,Arthur Muller,Madrid,Community of Madrid,Spain,2020-07-05,true
CUST-008585,Leila Jensen,Amsterdam,North Holland,Netherlands,2023-07-24,true
CUST-008586,Isla Clark,Amsterdam,North Holland,Netherlands,2026-04-01,true
CUST-008587,Lucas Schmidt,Prague,Prague,Czechia,2020-05-31,false
CUST-008588,Eva Muller,Milan,Lombardy,Italy,2026-05-08,true
CUST-008589,Mila Schmidt,Vienna,Vienna,Austria,2020-09-09,false
CUST-008590,Yusuf Khan,Milan,Lombardy,Italy,2020-11-16,true
CUST-008591,Elias Johnson,Paris,Ile-de-France,France,2021-11-11,true
CUST-008592,Sofia Khan,Gothenburg,Vastra Gotaland,Sweden,2025-08-14,true
CUST-008593,Benjamin Nielsen,Vienna,Vienna,Austria,2022-06-18,false
CUST-008594,Mateo Virtanen,Vienna,Vienna,Austria,2024-10-01,true
CUST-008595,Sofia Petrov,Tampere,Pirkanmaa,Finland,2020-06-06,true
CUST-008596,Leila Khan,Amsterdam,North Holland,Netherlands,2023-10-25,true
CUST-008597,Nora Santos,Copenhagen,Capital Region,Denmark,2020-01-18,true
CUST-008598,Mila Santos,Barcelona,Catalonia,Spain,2022-05-03,true
CUST-008599,Benjamin Johnson,Paris,Ile-de-France,France,2022-11-04,false
CUST-008600,Maya Jensen,Stockholm,Stockholm County,Sweden,2020-08-18,true
CUST-008601,Henry Dubois,Rome,Lazio,Italy,2025-08-27,false
CUST-008602,Lina Garcia,Madrid,Community of Madrid,Spain,2023-12-15,true
CUST-008603,Leo Williams,Tokyo,Tokyo,Japan,2025-03-14,true
CUST-008604,Jonas Petrov,Manchester,England,United Kingdom,2022-10-09,true
CUST-008605,Leo Muller,Oslo,Oslo,Norway,2023-05-17,false
CUST-008606,Samuel Silva,Helsinki,Uusimaa,Finland,2025-06-13,false
CUST-008607,Benjamin Silva,Manchester,England,United Kingdom,2021-10-12,true
CUST-008608,Oliver Silva,Dublin,Leinster,Ireland,2024-02-26,true
CUST-008609,David Martin,Toronto,Ontario,Canada,2024-05-13,true
CUST-008610,Mila Santos,Stockholm,Stockholm County,Sweden,2022-09-14,true
CUST-008611,Fatima Clark,Sydney,New South Wales,Australia,2020-12-25,true
CUST-008612,Henry Schmidt,Lyon,Auvergne-Rhone-Alpes,France,2023-09-09,true
CUST-008613,Noah Brown,London,England,United Kingdom,2025-09-25,true
CUST-008614,Chloe Johnson,Vienna,Vienna,Austria,2025-03-17,true
CUST-008615,Nora Novak,Vienna,Vienna,Austria,2025-07-14,true
CUST-008616,Grace Virtanen,Toronto,Ontario,Canada,2025-08-31,true
CUST-008617,Benjamin Dubois,Rome,Lazio,Italy,2021-05-24,true
CUST-008618,Isla Taylor,Lisbon,Lisbon,Portugal,2021-03-09,true
CUST-008619,Emma Korhonen,Paris,Ile-de-France,France,2022-07-29,true
CUST-008620,Eva Andersson,Stockholm,Stockholm County,Sweden,2022-11-17,false
CUST-008621,Noah Garcia,Lisbon,Lisbon,Portugal,2021-02-28,true
CUST-008622,Ada Wilson,Sydney,New South Wales,Australia,2022-02-12,true
CUST-008623,Noah Santos,Vancouver,British Columbia,Canada,2024-03-08,false
CUST-008624,Sofia Berg,New York,New York,United States,2024-04-22,true
CUST-008625,Oliver Muller,Turku,Southwest Finland,Finland,2022-09-17,true
CUST-008626,Omar Khan,Amsterdam,North Holland,Netherlands,2022-04-18,true
CUST-008627,Lucas Korhonen,Rome,Lazio,Italy,2020-05-05,true
CUST-008628,Chloe Lopez,Tokyo,Tokyo,Japan,2023-12-31,true
CUST-008629,Isla Andersson,Toronto,Ontario,Canada,2022-11-13,true
CUST-008630,Lina Lopez,Vienna,Vienna,Austria,2024-08-15,true
CUST-008631,Eva Andersson,Lisbon,Lisbon,Portugal,2021-10-07,true
CUST-008632,Nora Wilson,Vienna,Vienna,Austria,2023-02-01,false
CUST-008633,David Johnson,Barcelona,Catalonia,Spain,2022-10-31,true
CUST-008634,Noah Taylor,New York,New York,United States,2025-01-27,true
CUST-008635,Mateo Jensen,Oslo,Oslo,Norway,2024-07-21,true
CUST-008636,Ada Davis,Gothenburg,Vastra Gotaland,Sweden,2024-12-01,true
CUST-008637,Daniel Andersson,Lyon,Auvergne-Rhone-Alpes,France,2023-10-04,true
CUST-008638,Zara Khan,Madrid,Community of Madrid,Spain,2023-07-17,true
CUST-008639,Samuel Rossi,Austin,Texas,United States,2024-01-16,true
CUST-008640,Daniel Wilson,Gothenburg,Vastra Gotaland,Sweden,2025-02-11,true
CUST-008641,Emma Ali,Austin,Texas,United States,2023-12-15,false
CUST-008642,Emma Novak,Vancouver,British Columbia,Canada,2023-07-30,true
CUST-008643,David Clark,Toronto,Ontario,Canada,2026-08-13,false
CUST-008644,Oliver Silva,Tampere,Pirkanmaa,Finland,2020-01-07,true
CUST-008645,Samuel Garcia,Madrid,Community of Madrid,Spain,2024-02-27,true
CUST-008646,Benjamin Schmidt,Prague,Prague,Czechia,2025-05-16,true
CUST-008647,Benjamin Lopez,Vienna,Vienna,Austria,2023-04-23,true
CUST-008648,Leila Johnson,Brussels,Brussels-Capital,Belgium,2025-04-14,false
CUST-008649,Leo Petrov,Oslo,Oslo,Norway,2022-02-27,true
CUST-008650,Leila Korhonen,Toronto,Ontario,Canada,2024-07-09,true
CUST-008651,Leo Dubois,Sydney,New South Wales,Australia,2024-03-04,true
CUST-008652,Lina Nielsen,Prague,Prague,Czechia,2024-08-16,true
CUST-008653,Daniel Martin,Madrid,Community of Madrid,Spain,2026-07-15,true
CUST-008654,Isla Taylor,Helsinki,Uusimaa,Finland,2024-03-30,true
CUST-008655,Eva Brown,Milan,Lombardy,Italy,2020-05-25,true
CUST-008656,Elias Ibrahim,Munich,Bavaria,Germany,2024-01-16,false
CUST-008657,Leila Khan,Turku,Southwest Finland,Finland,2020-09-21,true
CUST-008658,Lucas Smith,Dublin,Leinster,Ireland,2023-08-09,true
CUST-008659,Henry Virtanen,Toronto,Ontario,Canada,2023-04-15,true
CUST-008660,Eva Johnson,Munich,Bavaria,Germany,2021-05-24,true
CUST-008661,Lina Taylor,Toronto,Ontario,Canada,2024-01-06,true
CUST-008662,Oliver Dubois,Turku,Southwest Finland,Finland,2026-01-08,true
CUST-008663,Omar Muller,Lyon,Auvergne-Rhone-Alpes,France,2023-09-06,true
CUST-008664,Lina Petrov,Rome,Lazio,Italy,2023-03-29,true
CUST-008665,Sofia Jensen,Stockholm,Stockholm County,Sweden,2023-10-29,true
CUST-008666,Chloe Schmidt,New York,New York,United States,2020-08-30,true
CUST-008667,Zara Taylor,Amsterdam,North Holland,Netherlands,2024-04-11,true
CUST-008668,Eva Smith,Warsaw,Masovian,Poland,2022-04-19,true
CUST-008669,Emma Andersson,Turku,Southwest Finland,Finland,2022-08-19,true
CUST-008670,Oliver Lopez,Paris,Ile-de-France,France,2024-06-06,false
CUST-008671,Leila Johnson,Oslo,Oslo,Norway,2025-02-21,true
CUST-008672,Benjamin Williams,London,England,United Kingdom,2024-01-21,false
CUST-008673,Elias Korhonen,Turku,Southwest Finland,Finland,2023-12-22,true
CUST-008674,Samuel Muller,Warsaw,Masovian,Poland,2020-03-12,true
CUST-008675,Zara Johnson,Lisbon,Lisbon,Portugal,2024-09-26,true
CUST-008676,Daniel Silva,Tokyo,Tokyo,Japan,2025-11-11,true
CUST-008677,Benjamin Brown,Tokyo,Tokyo,Japan,2024-01-01,false
CUST-008678,Omar Jensen,Manchester,England,United Kingdom,2022-08-30,true
CUST-008679,Lucas Novak,Brussels,Brussels-Capital,Belgium,2020-04-08,true
CUST-008680,Benjamin Smith,Gothenburg,Vastra Gotaland,Sweden,2020-05-01,true
CUST-008681,Samuel Taylor,Toronto,Ontario,Canada,2023-04-08,true
CUST-008682,Daniel Davis,Dublin,Leinster,Ireland,2023-12-20,true
CUST-008683,Maya Lopez,Stockholm,Stockholm County,Sweden,2026-04-04,true
CUST-008684,Chloe Santos,Munich,Bavaria,Germany,2023-03-24,true
CUST-008685,Daniel Ali,Madrid,Community of Madrid,Spain,2021-09-20,true
CUST-008686,Nora Martin,Tokyo,Tokyo,Japan,2020-05-11,true
CUST-008687,Sofia Jensen,Copenhagen,Capital Region,Denmark,2025-01-07,true
CUST-008688,Noah Lopez,Milan,Lombardy,Italy,2020-09-12,true
CUST-008689,Daniel Moore,Amsterdam,North Holland,Netherlands,2021-08-27,true
CUST-008690,Ada Smith,London,England,United Kingdom,2022-05-14,true
CUST-008691,Daniel Ali,Munich,Bavaria,Germany,2024-11-25,true
CUST-008692,Sofia Taylor,Berlin,Berlin,Germany,2026-05-03,true
CUST-008693,Elias Korhonen,Warsaw,Masovian,Poland,2024-11-26,true
CUST-008694,Eva Ibrahim,Copenhagen,Capital Region,Denmark,2026-01-10,true
CUST-008695,Arthur Wilson,Turku,Southwest Finland,Finland,2023-02-03,true
CUST-008696,Nora Silva,Helsinki,Uusimaa,Finland,2026-01-26,false
CUST-008697,Leo Ibrahim,Sydney,New South Wales,Australia,2025-09-04,true
CUST-008698,Yusuf Jensen,Toronto,Ontario,Canada,2024-07-29,true
CUST-008699,Lina Nielsen,Copenhagen,Capital Region,Denmark,2025-06-17,false
CUST-008700,Emma Lopez,Turku,Southwest Finland,Finland,2024-10-01,true
CUST-008701,Leo Santos,Tokyo,Tokyo,Japan,2022-01-22,true
CUST-008702,Maya Davis,Rome,Lazio,Italy,2021-06-24,false
CUST-008703,Amina Johnson,Tampere,Pirkanmaa,Finland,2023-10-17,false
CUST-008704,Samuel Williams,Helsinki,Uusimaa,Finland,2022-07-15,true
CUST-008705,Samuel Silva,Vancouver,British Columbia,Canada,2024-03-17,false
CUST-008706,Zara Muller,Copenhagen,Capital Region,Denmark,2020-09-12,true
CUST-008707,Daniel Santos,Copenhagen,Capital Region,Denmark,2026-01-26,true
CUST-008708,Arthur Dubois,Berlin,Berlin,Germany,2024-09-08,true
CUST-008709,Ada Martin,Helsinki,Uusimaa,Finland,2025-06-25,true
CUST-008710,Noah Wilson,Amsterdam,North Holland,Netherlands,2025-03-06,true
CUST-008711,Omar Lopez,Barcelona,Catalonia,Spain,2023-07-01,true
CUST-008712,Omar Berg,Dublin,Leinster,Ireland,2023-02-19,true
CUST-008713,Isla Dubois,Toronto,Ontario,Canada,2024-09-24,true
CUST-008714,Oliver Clark,New York,New York,United States,2022-10-15,true
CUST-008715,David Lopez,New York,New York,United States,2026-08-19,true
CUST-008716,Chloe Clark,Milan,Lombardy,Italy,2023-05-11,true
CUST-008717,Grace Brown,Oslo,Oslo,Norway,2022-08-07,true
CUST-008718,Nora Petrov,Helsinki,Uusimaa,Finland,2020-10-11,true
CUST-008719,Fatima Martin,Amsterdam,North Holland,Netherlands,2024-04-15,true
CUST-008720,Sofia Andersson,Dublin,Leinster,Ireland,2024-11-11,true
CUST-008721,Eva Johnson,Vancouver,British Columbia,Canada,2023-04-02,true
CUST-008722,Noah Taylor,Milan,Lombardy,Italy,2024-06-23,false
CUST-008723,Yusuf Johnson,Sydney,New South Wales,Australia,2020-12-08,true
CUST-008724,Oliver Novak,Brussels,Brussels-Capital,Belgium,2025-06-23,true
CUST-008725,Yusuf Khan,Lyon,Auvergne-Rhone-Alpes,France,2021-03-18,true
CUST-008726,Leo Brown,Munich,Bavaria,Germany,2024-08-25,true
CUST-008727,Isla Novak,Vancouver,British Columbia,Canada,2022-12-16,true
CUST-008728,Lucas Berg,Munich,Bavaria,Germany,2021-03-18,true
CUST-008729,Lucas Novak,London,England,United Kingdom,2021-05-12,true
CUST-008730,Chloe Korhonen,Tokyo,Tokyo,Japan,2026-02-20,true
CUST-008731,Noah Smith,Dublin,Leinster,Ireland,2025-12-18,false
CUST-008732,Jonas Wilson,Oslo,Oslo,Norway,2021-10-10,true
CUST-008733,Daniel Davis,Vancouver,British Columbia,Canada,2021-09-16,false
CUST-008734,Elias Clark,Vancouver,British Columbia,Canada,2025-04-07,true
CUST-008735,Maya Nielsen,New York,New York,United States,2023-10-23,true
CUST-008736,Ada Schmidt,Austin,Texas,United States,2023-06-22,true
CUST-008737,Fatima Lopez,Stockholm,Stockholm County,Sweden,2023-09-17,true
CUST-008738,Maya Taylor,Amsterdam,North Holland,Netherlands,2025-05-25,true
CUST-008739,Henry Moore,Amsterdam,North Holland,Netherlands,2021-05-28,true
CUST-008740,Omar Virtanen,Copenhagen,Capital Region,Denmark,2023-01-09,true
CUST-008741,Benjamin Virtanen,Munich,Bavaria,Germany,2023-01-27,false
CUST-008742,Nora Berg,Lyon,Auvergne-Rhone-Alpes,France,2021-07-03,true
CUST-008743,Yusuf Novak,Vienna,Vienna,Austria,2021-10-23,true
CUST-008744,Emma Ali,Berlin,Berlin,Germany,2024-01-06,true
CUST-008745,Lucas Berg,London,England,United Kingdom,2022-07-04,false
CUST-008746,Benjamin Moore,Turku,Southwest Finland,Finland,2026-06-08,false
CUST-008747,Emma Dubois,Warsaw,Masovian,Poland,2026-07-18,false
CUST-008748,Daniel Muller,Tokyo,Tokyo,Japan,2022-09-15,true
CUST-008749,Maya Muller,Lyon,Auvergne-Rhone-Alpes,France,2022-08-18,true
CUST-008750,Leo Dubois,Tampere,Pirkanmaa,Finland,2026-04-29,true
CUST-008751,Benjamin Lopez,Munich,Bavaria,Germany,2022-11-27,true
CUST-008752,Lucas Ali,Rome,Lazio,Italy,2021-10-05,true
CUST-008753,Yusuf Ahmed,Brussels,Brussels-Capital,Belgium,2022-07-14,false
CUST-008754,Leila Martin,Tokyo,Tokyo,Japan,2021-05-01,true
CUST-008755,Fatima Garcia,Berlin,Berlin,Germany,2020-08-06,true
CUST-008756,Samuel Khan,Gothenburg,Vastra Gotaland,Sweden,2021-11-07,true
CUST-008757,Arthur Clark,Vienna,Vienna,Austria,2022-11-27,true
CUST-008758,Sofia Clark,Toronto,Ontario,Canada,2022-06-05,true
CUST-008759,Omar Clark,Gothenburg,Vastra Gotaland,Sweden,2021-05-01,true
CUST-008760,Lucas Wilson,Tokyo,Tokyo,Japan,2023-01-13,false
CUST-008761,Leo Clark,Sydney,New South Wales,Australia,2026-06-30,true
CUST-008762,Emma Virtanen,New York,New York,United States,2023-07-22,true
CUST-008763,Grace Berg,Tokyo,Tokyo,Japan,2020-05-29,true
CUST-008764,Arthur Brown,Dublin,Leinster,Ireland,2022-08-01,true
CUST-008765,Yusuf Silva,Helsinki,Uusimaa,Finland,2025-07-10,true
CUST-008766,Chloe Khan,Copenhagen,Capital Region,Denmark,2023-07-08,true
CUST-008767,Lina Dubois,Vienna,Vienna,Austria,2020-10-08,true
CUST-008768,Arthur Berg,Warsaw,Masovian,Poland,2024-06-16,true
CUST-008769,Leo Muller,Vancouver,British Columbia,Canada,2020-10-18,true
CUST-008770,Chloe Ali,Toronto,Ontario,Canada,2020-02-07,true
CUST-008771,Mateo Silva,Toronto,Ontario,Canada,2021-08-31,true
CUST-008772,Oliver Muller,Barcelona,Catalonia,Spain,2023-10-01,true
CUST-008773,David Brown,Oslo,Oslo,Norway,2025-07-17,true
CUST-008774,Maya Novak,Stockholm,Stockholm County,Sweden,2020-10-14,false
CUST-008775,Leo Martin,Austin,Texas,United States,2025-11-02,true
CUST-008776,Zara Garcia,Dublin,Leinster,Ireland,2024-08-28,true
CUST-008777,Mateo Moore,Milan,Lombardy,Italy,2021-10-26,true
CUST-008778,Emma Ahmed,Warsaw,Masovian,Poland,2022-07-09,true
CUST-008779,Samuel Korhonen,Vancouver,British Columbia,Canada,2024-01-05,true
CUST-008780,Samuel Ali,New York,New York,United States,2025-04-27,true
CUST-008781,Benjamin Davis,Toronto,Ontario,Canada,2026-03-24,true
CUST-008782,Ada Ahmed,Tampere,Pirkanmaa,Finland,2021-08-25,true
CUST-008783,Elias Novak,Prague,Prague,Czechia,2024-01-06,true
CUST-008784,Isla Ibrahim,Munich,Bavaria,Germany,2024-09-09,true
CUST-008785,Ada Santos,Manchester,England,United Kingdom,2022-06-18,true
CUST-008786,David Clark,Dublin,Leinster,Ireland,2023-03-15,true
CUST-008787,Henry Petrov,Amsterdam,North Holland,Netherlands,2026-07-07,true
CUST-008788,Yusuf Santos,Austin,Texas,United States,2021-07-07,true
CUST-008789,Mila Novak,Manchester,England,United Kingdom,2020-11-08,true
CUST-008790,Maya Dubois,Sydney,New South Wales,Australia,2020-06-01,true
CUST-008791,Grace Garcia,Barcelona,Catalonia,Spain,2024-09-20,false
CUST-008792,Oliver Martin,Gothenburg,Vastra Gotaland,Sweden,2023-11-20,true
CUST-008793,David Garcia,Tokyo,Tokyo,Japan,2025-11-30,true
CUST-008794,Chloe Ali,Vienna,Vienna,Austria,2023-11-24,true
CUST-008795,Daniel Santos,Helsinki,Uusimaa,Finland,2020-03-21,true
CUST-008796,Benjamin Novak,Prague,Prague,Czechia,2022-09-21,true
CUST-008797,Jonas Moore,Barcelona,Catalonia,Spain,2021-09-08,true
CUST-008798,Emma Williams,Sydney,New South Wales,Australia,2021-03-06,true
CUST-008799,Mila Smith,Sydney,New South Wales,Australia,2022-01-14,true
CUST-008800,Chloe Novak,Munich,Bavaria,Germany,2024-06-10,false
CUST-008801,Chloe Korhonen,Tampere,Pirkanmaa,Finland,2026-06-03,true
CUST-008802,Yusuf Jensen,Barcelona,Catalonia,Spain,2022-11-13,false
CUST-008803,Leila Novak,Munich,Bavaria,Germany,2024-07-12,true
CUST-008804,Benjamin Ibrahim,Vancouver,British Columbia,Canada,2026-02-01,true
CUST-008805,David Rossi,Toronto,Ontario,Canada,2022-07-25,true
CUST-008806,Leila Novak,Toronto,Ontario,Canada,2026-01-05,true
CUST-008807,Nora Berg,London,England,United Kingdom,2021-04-08,false
CUST-008808,Fatima Ahmed,Austin,Texas,United States,2024-10-09,true
CUST-008809,Henry Schmidt,Rome,Lazio,Italy,2023-11-03,true
CUST-008810,Arthur Lopez,Barcelona,Catalonia,Spain,2020-11-16,true
CUST-008811,Ada Schmidt,Munich,Bavaria,Germany,2020-06-28,true
CUST-008812,Elias Garcia,Turku,Southwest Finland,Finland,2021-08-01,false
CUST-008813,Mateo Silva,Toronto,Ontario,Canada,2022-01-17,true
CUST-008814,Sofia Wilson,Brussels,Brussels-Capital,Belgium,2021-12-20,true
CUST-008815,Chloe Virtanen,Stockholm,Stockholm County,Sweden,2022-07-06,true
CUST-008816,David Nielsen,Helsinki,Uusimaa,Finland,2021-08-07,false
CUST-008817,Noah Korhonen,Rome,Lazio,Italy,2025-04-10,true
CUST-008818,Nora Martin,Amsterdam,North Holland,Netherlands,2025-11-14,true
CUST-008819,David Ibrahim,London,England,United Kingdom,2021-05-22,true
CUST-008820,Omar Petrov,Lisbon,Lisbon,Portugal,2020-03-14,false
CUST-008821,Maya Davis,Amsterdam,North Holland,Netherlands,2020-03-27,false
CUST-008822,Amina Petrov,Brussels,Brussels-Capital,Belgium,2020-03-12,true
CUST-008823,Elias Jensen,Sydney,New South Wales,Australia,2021-05-16,false
CUST-008824,Nora Williams,Madrid,Community of Madrid,Spain,2020-10-25,true
CUST-008825,Mila Petrov,Austin,Texas,United States,2020-06-02,true
CUST-008826,Maya Ibrahim,Lisbon,Lisbon,Portugal,2023-01-24,true
CUST-008827,Yusuf Ahmed,Helsinki,Uusimaa,Finland,2020-03-24,true
CUST-008828,Emma Ali,Warsaw,Masovian,Poland,2024-02-07,true
CUST-008829,Fatima Muller,New York,New York,United States,2022-09-13,true
CUST-008830,Emma Martin,Warsaw,Masovian,Poland,2020-05-17,true
CUST-008831,David Rossi,Munich,Bavaria,Germany,2020-01-24,false
CUST-008832,Zara Korhonen,Barcelona,Catalonia,Spain,2023-09-26,true
CUST-008833,Yusuf Clark,Dublin,Leinster,Ireland,2024-02-01,true
CUST-008834,Leo Novak,Prague,Prague,Czechia,2023-11-20,true
CUST-008835,Grace Garcia,Turku,Southwest Finland,Finland,2021-02-05,true
CUST-008836,Lina Johnson,Lisbon,Lisbon,Portugal,2025-08-10,true
CUST-008837,Daniel Andersson,Copenhagen,Capital Region,Denmark,2024-10-14,true
CUST-008838,Yusuf Silva,Austin,Texas,United States,2020-08-29,true
CUST-008839,Grace Schmidt,Munich,Bavaria,Germany,2022-04-11,true
CUST-008840,Chloe Davis,Amsterdam,North Holland,Netherlands,2022-01-31,true
CUST-008841,Amina Berg,Paris,Ile-de-France,France,2025-08-29,true
CUST-008842,Elias Ahmed,Helsinki,Uusimaa,Finland,2020-03-04,true
CUST-008843,Oliver Muller,Stockholm,Stockholm County,Sweden,2020-11-19,true
CUST-008844,Isla Taylor,Milan,Lombardy,Italy,2021-08-07,false
CUST-008845,Maya Nielsen,Prague,Prague,Czechia,2023-01-21,true
CUST-008846,Grace Smith,Sydney,New South Wales,Australia,2026-05-04,true
CUST-008847,Lina Santos,Rome,Lazio,Italy,2025-02-01,false
CUST-008848,Leila Andersson,Prague,Prague,Czechia,2021-10-25,false
CUST-008849,Elias Ibrahim,Oslo,Oslo,Norway,2025-10-17,true
CUST-008850,Grace Andersson,Stockholm,Stockholm County,Sweden,2023-12-17,true
CUST-008851,Daniel Johnson,Copenhagen,Capital Region,Denmark,2021-06-02,true
CUST-008852,Benjamin Lopez,Milan,Lombardy,Italy,2023-05-05,true
CUST-008853,Samuel Virtanen,Copenhagen,Capital Region,Denmark,2020-06-22,true
CUST-008854,Leila Martin,Gothenburg,Vastra Gotaland,Sweden,2023-11-13,true
CUST-008855,Daniel Muller,New York,New York,United States,2021-05-03,true
CUST-008856,Chloe Khan,Helsinki,Uusimaa,Finland,2022-03-31,true
CUST-008857,Sofia Muller,New York,New York,United States,2020-02-03,true
CUST-008858,Leo Jensen,Oslo,Oslo,Norway,2025-11-02,true
CUST-008859,Chloe Schmidt,Toronto,Ontario,Canada,2025-05-22,true
CUST-008860,David Smith,London,England,United Kingdom,2021-08-25,true
CUST-008861,Mateo Johnson,Prague,Prague,Czechia,2025-04-22,true
CUST-008862,Daniel Lopez,Brussels,Brussels-Capital,Belgium,2020-06-02,false
CUST-008863,Eva Williams,Barcelona,Catalonia,Spain,2025-10-04,true
CUST-008864,Oliver Brown,Turku,Southwest Finland,Finland,2024-01-01,false
CUST-008865,Jonas Santos,Copenhagen,Capital Region,Denmark,2023-04-11,false
CUST-008866,Ada Rossi,Berlin,Berlin,Germany,2025-07-22,true
CUST-008867,Oliver Taylor,Dublin,Leinster,Ireland,2022-08-13,false
CUST-008868,Eva Jensen,Gothenburg,Vastra Gotaland,Sweden,2020-11-30,true
CUST-008869,Noah Khan,Vienna,Vienna,Austria,2023-10-05,true
CUST-008870,Jonas Clark,Warsaw,Masovian,Poland,2022-02-11,true
CUST-008871,Chloe Williams,Vienna,Vienna,Austria,2024-10-11,true
CUST-008872,Oliver Lopez,Tokyo,Tokyo,Japan,2025-09-10,false
CUST-008873,Sofia Williams,Tokyo,Tokyo,Japan,2020-04-22,true
CUST-008874,Zara Ali,Madrid,Community of Madrid,Spain,2021-04-11,true
CUST-008875,Mila Berg,London,England,United Kingdom,2020-03-08,true
CUST-008876,Nora Ibrahim,Vienna,Vienna,Austria,2021-10-18,true
CUST-008877,Grace Moore,Toronto,Ontario,Canada,2026-06-21,true
CUST-008878,Noah Williams,Gothenburg,Vastra Gotaland,Sweden,2024-04-23,true
CUST-008879,Samuel Dubois,Austin,Texas,United States,2023-07-06,true
CUST-008880,Eva Clark,Milan,Lombardy,Italy,2022-09-04,true
CUST-008881,Fatima Williams,Sydney,New South Wales,Australia,2024-10-18,true
CUST-008882,Oliver Nielsen,Dublin,Leinster,Ireland,2024-04-22,true
CUST-008883,Daniel Garcia,Vienna,Vienna,Austria,2022-11-16,true
CUST-008884,Fatima Wilson,Austin,Texas,United States,2026-01-13,true
CUST-008885,David Ibrahim,Vancouver,British Columbia,Canada,2021-12-09,true
CUST-008886,Leila Dubois,Stockholm,Stockholm County,Sweden,2020-09-10,true
CUST-008887,Lucas Martin,Brussels,Brussels-Capital,Belgium,2023-02-01,true
CUST-008888,Elias Garcia,Rome,Lazio,Italy,2021-04-03,true
CUST-008889,Noah Jensen,Gothenburg,Vastra Gotaland,Sweden,2024-04-10,true
CUST-008890,Mila Garcia,Amsterdam,North Holland,Netherlands,2025-10-28,true
CUST-008891,Emma Clark,Turku,Southwest Finland,Finland,2024-01-25,true
CUST-008892,Sofia Davis,Barcelona,Catalonia,Spain,2023-04-28,true
CUST-008893,Nora Jensen,Tampere,Pirkanmaa,Finland,2023-11-07,true
CUST-008894,Zara Ahmed,Rome,Lazio,Italy,2024-06-24,true
CUST-008895,Zara Ahmed,Turku,Southwest Finland,Finland,2021-10-05,true
CUST-008896,Daniel Williams,Tokyo,Tokyo,Japan,2021-07-31,true
CUST-008897,Zara Johnson,Toronto,Ontario,Canada,2026-01-25,true
CUST-008898,Henry Virtanen,Prague,Prague,Czechia,2022-06-15,true
CUST-008899,Lucas Wilson,Munich,Bavaria,Germany,2020-05-22,true
CUST-008900,Maya Martin,Helsinki,Uusimaa,Finland,2020-04-22,true
CUST-008901,Oliver Smith,Warsaw,Masovian,Poland,2025-05-01,true
CUST-008902,Chloe Korhonen,Barcelona,Catalonia,Spain,2021-07-28,true
CUST-008903,Mateo Moore,Manchester,England,United Kingdom,2026-06-18,false
CUST-008904,Arthur Khan,Warsaw,Masovian,Poland,2022-09-04,false
CUST-008905,Maya Moore,Barcelona,Catalonia,Spain,2023-06-14,true
CUST-008906,Leo Andersson,Dublin,Leinster,Ireland,2020-07-22,true
CUST-008907,Noah Silva,Rome,Lazio,Italy,2023-06-30,false
CUST-008908,Leila Brown,Tokyo,Tokyo,Japan,2024-12-23,true
CUST-008909,Mateo Ali,Stockholm,Stockholm County,Sweden,2020-06-04,false
CUST-008910,Yusuf Martin,Brussels,Brussels-Capital,Belgium,2022-08-27,true
CUST-008911,Sofia Rossi,New York,New York,United States,2021-05-02,true
CUST-008912,Emma Smith,Amsterdam,North Holland,Netherlands,2022-11-13,true
CUST-008913,Eva Brown,Toronto,Ontario,Canada,2022-04-30,true
CUST-008914,Lina Korhonen,Dublin,Leinster,Ireland,2025-12-02,true
CUST-008915,Lina Smith,Warsaw,Masovian,Poland,2022-02-15,true
CUST-008916,Yusuf Andersson,Gothenburg,Vastra Gotaland,Sweden,2026-06-02,true
CUST-008917,Lina Ibrahim,Tampere,Pirkanmaa,Finland,2025-12-10,true
CUST-008918,Lina Petrov,Oslo,Oslo,Norway,2020-07-02,true
CUST-008919,Grace Schmidt,New York,New York,United States,2020-03-10,true
CUST-008920,Omar Virtanen,Turku,Southwest Finland,Finland,2022-04-19,true
CUST-008921,Benjamin Schmidt,Helsinki,Uusimaa,Finland,2021-07-23,true
CUST-008922,Arthur Korhonen,Warsaw,Masovian,Poland,2025-07-03,false
CUST-008923,Lucas Jensen,Warsaw,Masovian,Poland,2021-06-02,true
CUST-008924,Nora Rossi,Madrid,Community of Madrid,Spain,2023-06-01,true
CUST-008925,Arthur Brown,Vancouver,British Columbia,Canada,2023-08-18,false
CUST-008926,Grace Martin,Helsinki,Uusimaa,Finland,2026-03-25,true
CUST-008927,Elias Clark,Rome,Lazio,Italy,2022-07-14,true
CUST-008928,Leo Novak,Helsinki,Uusimaa,Finland,2020-11-06,true
CUST-008929,Yusuf Jensen,Oslo,Oslo,Norway,2020-06-16,true
CUST-008930,Elias Korhonen,Helsinki,Uusimaa,Finland,2021-05-12,true
CUST-008931,Maya Lopez,Lisbon,Lisbon,Portugal,2025-11-13,false
CUST-008932,Emma Lopez,Munich,Bavaria,Germany,2021-10-04,true
CUST-008933,Arthur Taylor,Tokyo,Tokyo,Japan,2022-12-07,true
CUST-008934,Emma Nielsen,Warsaw,Masovian,Poland,2024-02-09,true
CUST-008935,Daniel Martin,Gothenburg,Vastra Gotaland,Sweden,2020-02-12,true
CUST-008936,Sofia Schmidt,Vancouver,British Columbia,Canada,2024-11-06,true
CUST-008937,Jonas Johnson,Vienna,Vienna,Austria,2026-08-28,true
CUST-008938,Omar Moore,Vancouver,British Columbia,Canada,2023-04-06,true
CUST-008939,Yusuf Virtanen,Warsaw,Masovian,Poland,2026-01-06,true
CUST-008940,Elias Williams,Lyon,Auvergne-Rhone-Alpes,France,2020-04-09,false
CUST-008941,Fatima Ibrahim,London,England,United Kingdom,2024-01-16,true
CUST-008942,Leo Davis,Berlin,Berlin,Germany,2025-04-26,true
CUST-008943,Grace Andersson,Sydney,New South Wales,Australia,2020-07-22,true
CUST-008944,Isla Santos,Vancouver,British Columbia,Canada,2022-06-10,true
CUST-008945,Jonas Johnson,Madrid,Community of Madrid,Spain,2024-05-16,true
CUST-008946,Mateo Khan,New York,New York,United States,2026-08-30,true
CUST-008947,Fatima Andersson,Brussels,Brussels-Capital,Belgium,2022-04-28,true
CUST-008948,Noah Davis,Berlin,Berlin,Germany,2025-08-22,true
CUST-008949,Elias Williams,Lisbon,Lisbon,Portugal,2021-05-16,true
CUST-008950,Ada Ibrahim,Munich,Bavaria,Germany,2020-04-11,true
CUST-008951,Fatima Lopez,Munich,Bavaria,Germany,2021-05-05,true
CUST-008952,Noah Garcia,Madrid,Community of Madrid,Spain,2021-03-03,true
CUST-008953,Samuel Clark,Lisbon,Lisbon,Portugal,2023-03-07,true
CUST-008954,Lina Khan,Tampere,Pirkanmaa,Finland,2022-11-12,false
CUST-008955,Isla Andersson,Munich,Bavaria,Germany,2026-01-21,true
CUST-008956,Ada Lopez,Rome,Lazio,Italy,2022-08-04,false
CUST-008957,Lina Clark,Amsterdam,North Holland,Netherlands,2020-11-12,true
CUST-008958,Zara Smith,London,England,United Kingdom,2023-03-17,false
CUST-008959,David Ibrahim,Vancouver,British Columbia,Canada,2020-12-09,true
CUST-008960,Mila Williams,Turku,Southwest Finland,Finland,2020-11-12,true
CUST-008961,Eva Taylor,Tokyo,Tokyo,Japan,2020-05-31,true
CUST-008962,Lucas Schmidt,Stockholm,Stockholm County,Sweden,2021-03-28,true
CUST-008963,Chloe Brown,Copenhagen,Capital Region,Denmark,2023-11-24,true
CUST-008964,Lina Ahmed,Turku,Southwest Finland,Finland,2026-04-08,true
CUST-008965,Mila Dubois,Paris,Ile-de-France,France,2024-04-16,true
CUST-008966,Omar Santos,Turku,Southwest Finland,Finland,2021-12-17,true
CUST-008967,David Virtanen,Oslo,Oslo,Norway,2020-04-30,true
CUST-008968,Mila Ali,Paris,Ile-de-France,France,2022-01-01,true
CUST-008969,Arthur Davis,Warsaw,Masovian,Poland,2024-02-06,true
CUST-008970,Samuel Davis,Barcelona,Catalonia,Spain,2023-06-20,true
CUST-008971,Lina Andersson,Barcelona,Catalonia,Spain,2026-05-24,true
CUST-008972,Eva Moore,Lisbon,Lisbon,Portugal,2023-03-17,true
CUST-008973,Grace Schmidt,Brussels,Brussels-Capital,Belgium,2020-08-28,true
CUST-008974,Benjamin Smith,New York,New York,United States,2020-02-01,true
CUST-008975,Zara Khan,Lisbon,Lisbon,Portugal,2021-08-09,true
CUST-008976,Leo Johnson,Vienna,Vienna,Austria,2022-10-17,true
CUST-008977,Mila Silva,Dublin,Leinster,Ireland,2022-11-03,true
CUST-008978,Yusuf Ibrahim,Sydney,New South Wales,Australia,2023-04-01,true
CUST-008979,Mila Korhonen,Sydney,New South Wales,Australia,2020-01-19,true
CUST-008980,Leila Nielsen,Berlin,Berlin,Germany,2021-03-18,true
CUST-008981,Jonas Schmidt,Barcelona,Catalonia,Spain,2024-10-09,false
CUST-008982,Lina Garcia,Warsaw,Masovian,Poland,2024-03-16,true
CUST-008983,Henry Clark,Vienna,Vienna,Austria,2023-08-30,true
CUST-008984,Henry Smith,Brussels,Brussels-Capital,Belgium,2025-01-13,true
CUST-008985,Eva Petrov,Tampere,Pirkanmaa,Finland,2022-12-10,true
CUST-008986,Yusuf Garcia,Austin,Texas,United States,2024-10-10,true
CUST-008987,Henry Berg,Turku,Southwest Finland,Finland,2023-04-27,false
CUST-008988,Zara Virtanen,Amsterdam,North Holland,Netherlands,2021-03-12,true
CUST-008989,Ada Garcia,Rome,Lazio,Italy,2022-09-27,true
CUST-008990,Benjamin Nielsen,Rome,Lazio,Italy,2023-06-27,false
CUST-008991,Leila Andersson,Manchester,England,United Kingdom,2021-08-18,false
CUST-008992,Daniel Taylor,Helsinki,Uusimaa,Finland,2022-01-14,true
CUST-008993,Chloe Jensen,Brussels,Brussels-Capital,Belgium,2025-10-29,false
CUST-008994,Mila Taylor,Gothenburg,Vastra Gotaland,Sweden,2026-07-28,true
CUST-008995,Zara Korhonen,Warsaw,Masovian,Poland,2026-02-17,true
CUST-008996,Emma Brown,Vancouver,British Columbia,Canada,2024-07-03,true
CUST-008997,Mateo Davis,Helsinki,Uusimaa,Finland,2024-09-17,true
CUST-008998,Lucas Khan,Tokyo,Tokyo,Japan,2021-04-02,true
CUST-008999,Eva Wilson,Stockholm,Stockholm County,Sweden,2023-06-07,true
CUST-009000,Noah Clark,Stockholm,Stockholm County,Sweden,2021-12-26,true
CUST-009001,Fatima Berg,Turku,Southwest Finland,Finland,2025-11-29,true
CUST-009002,Henry Silva,Helsinki,Uusimaa,Finland,2024-02-15,true
CUST-009003,Henry Petrov,Copenhagen,Capital Region,Denmark,2020-01-11,true
CUST-009004,Benjamin Santos,Rome,Lazio,Italy,2022-04-15,true
CUST-009005,Omar Clark,Warsaw,Masovian,Poland,2024-08-06,true
CUST-009006,Grace Korhonen,Dublin,Leinster,Ireland,2025-04-24,false
CUST-009007,Eva Andersson,Turku,Southwest Finland,Finland,2023-05-04,true
CUST-009008,Leila Davis,Gothenburg,Vastra Gotaland,Sweden,2020-01-04,true
CUST-009009,Henry Santos,Warsaw,Masovian,Poland,2022-04-04,false
CUST-009010,Grace Williams,Tampere,Pirkanmaa,Finland,2024-08-07,true
CUST-009011,Leo Martin,Gothenburg,Vastra Gotaland,Sweden,2025-05-07,true
CUST-009012,Isla Korhonen,Madrid,Community of Madrid,Spain,2020-04-30,true
CUST-009013,Elias Williams,Helsinki,Uusimaa,Finland,2020-03-26,true
CUST-009014,Daniel Muller,Tampere,Pirkanmaa,Finland,2023-08-25,true
CUST-009015,Mateo Wilson,Munich,Bavaria,Germany,2026-01-13,true
CUST-009016,Henry Virtanen,New York,New York,United States,2025-09-24,true
CUST-009017,Oliver Williams,London,England,United Kingdom,2023-12-11,false
CUST-009018,Samuel Berg,Austin,Texas,United States,2020-03-31,true
CUST-009019,Isla Santos,Toronto,Ontario,Canada,2022-01-05,true
CUST-009020,Lina Smith,Manchester,England,United Kingdom,2025-12-08,true
CUST-009021,Lina Garcia,Barcelona,Catalonia,Spain,2020-08-31,true
CUST-009022,Lina Rossi,Munich,Bavaria,Germany,2025-08-23,true
CUST-009023,Leo Williams,New York,New York,United States,2021-01-07,true
CUST-009024,Emma Lopez,Brussels,Brussels-Capital,Belgium,2026-02-19,true
CUST-009025,Samuel Ibrahim,Lyon,Auvergne-Rhone-Alpes,France,2022-06-30,true
CUST-009026,Leo Clark,Manchester,England,United Kingdom,2020-08-31,true
CUST-009027,Jonas Clark,Brussels,Brussels-Capital,Belgium,2024-04-19,true
CUST-009028,Emma Lopez,Milan,Lombardy,Italy,2023-07-09,true
CUST-009029,Benjamin Berg,Stockholm,Stockholm County,Sweden,2020-06-12,true
CUST-009030,Chloe Ahmed,Sydney,New South Wales,Australia,2021-12-09,true
CUST-009031,Sofia Davis,Vienna,Vienna,Austria,2020-11-09,true
CUST-009032,Grace Rossi,Helsinki,Uusimaa,Finland,2023-12-26,true
CUST-009033,Leila Virtanen,Brussels,Brussels-Capital,Belgium,2024-10-24,true
CUST-009034,Leo Lopez,Vancouver,British Columbia,Canada,2023-09-11,true
CUST-009035,Mila Nielsen,Lisbon,Lisbon,Portugal,2025-10-21,true
CUST-009036,Ada Berg,Munich,Bavaria,Germany,2025-09-25,true
CUST-009037,Fatima Virtanen,Dublin,Leinster,Ireland,2021-01-28,true
CUST-009038,Daniel Johnson,Lisbon,Lisbon,Portugal,2023-02-19,true
CUST-009039,Elias Ahmed,Lyon,Auvergne-Rhone-Alpes,France,2023-01-22,true
CUST-009040,Nora Davis,Lyon,Auvergne-Rhone-Alpes,France,2024-11-19,false
CUST-009041,Noah Garcia,Milan,Lombardy,Italy,2026-06-04,true
CUST-009042,Daniel Muller,Oslo,Oslo,Norway,2025-02-17,true
CUST-009043,Elias Berg,Lyon,Auvergne-Rhone-Alpes,France,2021-08-25,false
CUST-009044,Oliver Virtanen,Amsterdam,North Holland,Netherlands,2026-07-22,true
CUST-009045,Lucas Ahmed,Manchester,England,United Kingdom,2026-03-06,true
CUST-009046,Isla Smith,Madrid,Community of Madrid,Spain,2023-10-29,false
CUST-009047,Omar Ibrahim,Turku,Southwest Finland,Finland,2022-06-12,true
CUST-009048,Lucas Nielsen,Brussels,Brussels-Capital,Belgium,2026-06-15,true
CUST-009049,Eva Brown,Amsterdam,North Holland,Netherlands,2025-03-17,true
CUST-009050,Zara Ibrahim,Barcelona,Catalonia,Spain,2020-07-12,true
CUST-009051,Grace Garcia,Helsinki,Uusimaa,Finland,2021-01-17,true
CUST-009052,Daniel Schmidt,Rome,Lazio,Italy,2023-03-08,true
CUST-009053,Omar Smith,Paris,Ile-de-France,France,2023-09-17,true
CUST-009054,Sofia Lopez,Manchester,England,United Kingdom,2025-06-12,false
CUST-009055,Emma Ali,New York,New York,United States,2020-08-17,false
CUST-009056,Eva Andersson,Paris,Ile-de-France,France,2022-12-05,true
CUST-009057,Arthur Moore,Tampere,Pirkanmaa,Finland,2022-03-14,false
CUST-009058,Amina Clark,Paris,Ile-de-France,France,2025-09-30,true
CUST-009059,Ada Johnson,Paris,Ile-de-France,France,2023-08-04,true
CUST-009060,Chloe Ahmed,Sydney,New South Wales,Australia,2020-01-11,true
CUST-009061,Henry Dubois,Madrid,Community of Madrid,Spain,2022-01-13,false
CUST-009062,Daniel Davis,Tokyo,Tokyo,Japan,2024-07-04,true
CUST-009063,Mila Moore,London,England,United Kingdom,2025-11-03,true
CUST-009064,Omar Rossi,Paris,Ile-de-France,France,2025-03-14,true
CUST-009065,Daniel Martin,Madrid,Community of Madrid,Spain,2022-10-20,true
CUST-009066,Ada Virtanen,Oslo,Oslo,Norway,2022-10-30,true
CUST-009067,Lina Ali,Oslo,Oslo,Norway,2025-12-25,false
CUST-009068,Arthur Petrov,Gothenburg,Vastra Gotaland,Sweden,2021-06-06,true
CUST-009069,Oliver Garcia,Lyon,Auvergne-Rhone-Alpes,France,2026-04-19,true
CUST-009070,Oliver Clark,New York,New York,United States,2026-04-12,true
CUST-009071,Mila Santos,Copenhagen,Capital Region,Denmark,2023-03-05,true
CUST-009072,Isla Taylor,Rome,Lazio,Italy,2022-11-08,true
CUST-009073,Samuel Wilson,Rome,Lazio,Italy,2025-01-21,true
CUST-009074,Samuel Clark,Amsterdam,North Holland,Netherlands,2024-10-18,true
CUST-009075,Eva Dubois,Warsaw,Masovian,Poland,2025-11-17,true
CUST-009076,Sofia Schmidt,Manchester,England,United Kingdom,2026-06-08,false
CUST-009077,Mila Ahmed,Barcelona,Catalonia,Spain,2021-11-24,true
CUST-009078,Yusuf Martin,Lyon,Auvergne-Rhone-Alpes,France,2023-10-26,true
CUST-009079,Isla Virtanen,Austin,Texas,United States,2022-01-05,true
CUST-009080,Maya Korhonen,Madrid,Community of Madrid,Spain,2021-10-01,true
CUST-009081,Arthur Jensen,Dublin,Leinster,Ireland,2021-09-11,true
CUST-009082,Omar Petrov,Toronto,Ontario,Canada,2025-09-12,true
CUST-009083,Ada Silva,Madrid,Community of Madrid,Spain,2022-10-06,true
CUST-009084,Daniel Khan,Oslo,Oslo,Norway,2025-09-10,true
CUST-009085,Isla Virtanen,Gothenburg,Vastra Gotaland,Sweden,2025-03-02,true
CUST-009086,Henry Wilson,Barcelona,Catalonia,Spain,2022-07-06,true
CUST-009087,Leo Williams,Tokyo,Tokyo,Japan,2020-06-01,true
CUST-009088,David Virtanen,Rome,Lazio,Italy,2023-07-29,true
CUST-009089,Henry Virtanen,Lisbon,Lisbon,Portugal,2022-08-21,true
CUST-009090,Amina Santos,Manchester,England,United Kingdom,2022-10-30,true
CUST-009091,Daniel Rossi,Copenhagen,Capital Region,Denmark,2022-08-14,true
CUST-009092,Ada Virtanen,Manchester,England,United Kingdom,2020-06-17,false
CUST-009093,Amina Garcia,Manchester,England,United Kingdom,2020-12-03,false
CUST-009094,Ada Smith,Rome,Lazio,Italy,2023-04-15,true
CUST-009095,David Santos,Rome,Lazio,Italy,2020-01-01,true
CUST-009096,Zara Taylor,Vienna,Vienna,Austria,2020-11-07,true
CUST-009097,Fatima Ahmed,Austin,Texas,United States,2024-06-26,true
CUST-009098,Oliver Smith,Barcelona,Catalonia,Spain,2024-05-17,true
CUST-009099,Mateo Dubois,Austin,Texas,United States,2026-04-20,true
CUST-009100,Henry Jensen,Sydney,New South Wales,Australia,2023-08-24,true
CUST-009101,Zara Smith,New York,New York,United States,2020-09-02,false
CUST-009102,Samuel Rossi,Helsinki,Uusimaa,Finland,2024-08-10,true
CUST-009103,Arthur Clark,Madrid,Community of Madrid,Spain,2024-07-12,true
CUST-009104,Elias Lopez,Austin,Texas,United States,2020-09-30,true
CUST-009105,Omar Davis,Munich,Bavaria,Germany,2020-06-28,false
CUST-009106,Mateo Virtanen,Dublin,Leinster,Ireland,2022-05-25,true
CUST-009107,Benjamin Garcia,Paris,Ile-de-France,France,2021-09-06,true
CUST-009108,Benjamin Novak,Copenhagen,Capital Region,Denmark,2022-11-23,true
CUST-009109,Lina Muller,Toronto,Ontario,Canada,2021-01-04,true
CUST-009110,Emma Korhonen,Amsterdam,North Holland,Netherlands,2023-03-23,true
CUST-009111,Arthur Santos,Rome,Lazio,Italy,2022-04-07,true
CUST-009112,Maya Petrov,Tampere,Pirkanmaa,Finland,2024-03-18,true
CUST-009113,Mateo Johnson,Barcelona,Catalonia,Spain,2024-04-29,false
CUST-009114,Leila Silva,Vienna,Vienna,Austria,2024-09-01,true
CUST-009115,Isla Rossi,Warsaw,Masovian,Poland,2026-04-10,true
CUST-009116,Maya Martin,London,England,United Kingdom,2025-11-20,true
CUST-009117,Nora Lopez,Munich,Bavaria,Germany,2022-08-12,true
CUST-009118,Isla Rossi,Helsinki,Uusimaa,Finland,2020-04-29,true
CUST-009119,Zara Silva,Dublin,Leinster,Ireland,2025-06-16,true
CUST-009120,Elias Ahmed,London,England,United Kingdom,2020-07-22,true
CUST-009121,Mila Garcia,Lyon,Auvergne-Rhone-Alpes,France,2020-10-10,true
CUST-009122,Leo Dubois,London,England,United Kingdom,2025-02-27,true
CUST-009123,Emma Rossi,Manchester,England,United Kingdom,2020-02-08,true
CUST-009124,Fatima Martin,Madrid,Community of Madrid,Spain,2020-11-28,true
CUST-009125,Mateo Brown,Berlin,Berlin,Germany,2022-11-10,true
CUST-009126,Daniel Khan,Lyon,Auvergne-Rhone-Alpes,France,2026-06-23,true
CUST-009127,Noah Clark,Helsinki,Uusimaa,Finland,2020-02-13,true
CUST-009128,Yusuf Rossi,Amsterdam,North Holland,Netherlands,2024-03-20,false
CUST-009129,Eva Moore,Amsterdam,North Holland,Netherlands,2023-09-21,true
CUST-009130,David Dubois,Turku,Southwest Finland,Finland,2020-01-04,false
CUST-009131,Lina Smith,Stockholm,Stockholm County,Sweden,2022-08-01,true
CUST-009132,Leila Ali,London,England,United Kingdom,2026-04-25,true
CUST-009133,Leo Novak,Oslo,Oslo,Norway,2022-04-13,true
CUST-009134,Arthur Ibrahim,Toronto,Ontario,Canada,2025-03-16,true
CUST-009135,Yusuf Dubois,Rome,Lazio,Italy,2026-05-29,true
CUST-009136,Emma Garcia,Milan,Lombardy,Italy,2020-01-28,false
CUST-009137,Grace Santos,Tampere,Pirkanmaa,Finland,2021-01-05,true
CUST-009138,Noah Taylor,New York,New York,United States,2022-04-05,false
CUST-009139,Leila Dubois,Milan,Lombardy,Italy,2026-03-12,false
CUST-009140,Lina Ibrahim,Paris,Ile-de-France,France,2021-11-22,true
CUST-009141,Fatima Rossi,Brussels,Brussels-Capital,Belgium,2024-09-22,true
CUST-009142,Daniel Lopez,London,England,United Kingdom,2022-02-26,false
CUST-009143,Daniel Silva,London,England,United Kingdom,2022-07-06,false
CUST-009144,Nora Dubois,London,England,United Kingdom,2024-05-31,true
CUST-009145,Benjamin Nielsen,Sydney,New South Wales,Australia,2026-08-05,true
CUST-009146,Eva Wilson,Manchester,England,United Kingdom,2021-11-26,true
CUST-009147,David Andersson,Brussels,Brussels-Capital,Belgium,2020-10-10,true
CUST-009148,Lucas Davis,Tokyo,Tokyo,Japan,2022-07-19,true
CUST-009149,Isla Dubois,Oslo,Oslo,Norway,2024-08-02,true
CUST-009150,Benjamin Virtanen,Madrid,Community of Madrid,Spain,2026-03-26,true
CUST-009151,Henry Santos,Vancouver,British Columbia,Canada,2025-11-24,false
CUST-009152,Arthur Dubois,Austin,Texas,United States,2021-01-24,true
CUST-009153,Zara Berg,Austin,Texas,United States,2026-03-14,true
CUST-009154,David Ali,Tampere,Pirkanmaa,Finland,2024-10-23,true
CUST-009155,Grace Petrov,Tokyo,Tokyo,Japan,2021-07-20,true
CUST-009156,Yusuf Virtanen,Toronto,Ontario,Canada,2020-06-29,false
CUST-009157,Zara Martin,Prague,Prague,Czechia,2021-03-02,true
CUST-009158,Yusuf Rossi,Lisbon,Lisbon,Portugal,2022-10-10,false
CUST-009159,Elias Silva,Turku,Southwest Finland,Finland,2024-09-21,true
CUST-009160,Jonas Petrov,Amsterdam,North Holland,Netherlands,2026-07-19,false
CUST-009161,Isla Garcia,Berlin,Berlin,Germany,2023-08-31,true
CUST-009162,Grace Schmidt,Sydney,New South Wales,Australia,2023-08-21,true
CUST-009163,Oliver Khan,Oslo,Oslo,Norway,2020-10-08,true
CUST-009164,Ada Taylor,Austin,Texas,United States,2023-01-19,true
CUST-009165,Henry Brown,New York,New York,United States,2020-02-05,true
CUST-009166,Lucas Muller,Helsinki,Uusimaa,Finland,2025-08-28,true
CUST-009167,Fatima Smith,New York,New York,United States,2026-07-09,true
CUST-009168,Daniel Nielsen,Toronto,Ontario,Canada,2023-09-12,true
CUST-009169,Daniel Schmidt,Rome,Lazio,Italy,2020-10-28,false
CUST-009170,Daniel Ali,Austin,Texas,United States,2020-11-22,true
CUST-009171,David Rossi,Warsaw,Masovian,Poland,2023-04-06,true
CUST-009172,Amina Williams,Manchester,England,United Kingdom,2025-09-25,false
CUST-009173,Chloe Wilson,Copenhagen,Capital Region,Denmark,2021-10-28,true
CUST-009174,Mateo Korhonen,Manchester,England,United Kingdom,2021-04-04,true
CUST-009175,Amina Garcia,Tampere,Pirkanmaa,Finland,2023-10-30,false
CUST-009176,Noah Jensen,Vienna,Vienna,Austria,2024-04-23,true
CUST-009177,Lina Novak,Vancouver,British Columbia,Canada,2024-08-08,true
CUST-009178,Mila Novak,Vancouver,British Columbia,Canada,2024-01-20,true
CUST-009179,Arthur Johnson,Manchester,England,United Kingdom,2025-08-15,true
CUST-009180,Samuel Moore,Rome,Lazio,Italy,2020-10-26,true
CUST-009181,Lucas Martin,Dublin,Leinster,Ireland,2023-11-11,true
CUST-009182,Yusuf Williams,Helsinki,Uusimaa,Finland,2024-09-20,false
CUST-009183,Mila Jensen,Vancouver,British Columbia,Canada,2023-09-05,true
CUST-009184,Benjamin Berg,Vancouver,British Columbia,Canada,2020-04-19,true
CUST-009185,Leo Wilson,Berlin,Berlin,Germany,2021-01-22,true
CUST-009186,Jonas Jensen,Madrid,Community of Madrid,Spain,2026-01-23,true
CUST-009187,Oliver Ibrahim,Helsinki,Uusimaa,Finland,2025-11-18,true
CUST-009188,Lucas Davis,Brussels,Brussels-Capital,Belgium,2021-05-12,true
CUST-009189,Lucas Clark,Barcelona,Catalonia,Spain,2023-06-19,true
CUST-009190,Zara Smith,Tokyo,Tokyo,Japan,2021-06-04,true
CUST-009191,Maya Moore,Munich,Bavaria,Germany,2020-10-02,false
CUST-009192,Lucas Moore,Turku,Southwest Finland,Finland,2023-10-17,true
CUST-009193,Arthur Ibrahim,Manchester,England,United Kingdom,2023-05-21,true
CUST-009194,Yusuf Korhonen,Dublin,Leinster,Ireland,2024-08-22,true
CUST-009195,Arthur Nielsen,Prague,Prague,Czechia,2023-07-30,true
CUST-009196,Lucas Silva,Amsterdam,North Holland,Netherlands,2020-07-07,true
CUST-009197,Samuel Garcia,Berlin,Berlin,Germany,2020-09-21,true
CUST-009198,Isla Taylor,Vancouver,British Columbia,Canada,2020-09-25,false
CUST-009199,Maya Brown,Madrid,Community of Madrid,Spain,2021-01-08,true
CUST-009200,Noah Muller,Tampere,Pirkanmaa,Finland,2022-06-24,true
CUST-009201,Lina Wilson,Prague,Prague,Czechia,2020-01-28,true
CUST-009202,Daniel Martin,Barcelona,Catalonia,Spain,2020-04-30,true
CUST-009203,Lina Johnson,Gothenburg,Vastra Gotaland,Sweden,2023-07-22,true
CUST-009204,Jonas Clark,Rome,Lazio,Italy,2026-05-21,true
CUST-009205,Chloe Johnson,Austin,Texas,United States,2022-01-27,true
CUST-009206,Maya Novak,Lisbon,Lisbon,Portugal,2021-09-10,true
CUST-009207,Fatima Davis,Madrid,Community of Madrid,Spain,2022-05-24,true
CUST-009208,Oliver Khan,Sydney,New South Wales,Australia,2023-11-13,false
CUST-009209,Daniel Clark,Gothenburg,Vastra Gotaland,Sweden,2023-09-30,true
CUST-009210,Zara Silva,Vancouver,British Columbia,Canada,2026-08-10,true
CUST-009211,Noah Wilson,Toronto,Ontario,Canada,2023-07-17,true
CUST-009212,Noah Virtanen,Munich,Bavaria,Germany,2025-07-13,true
CUST-009213,Lucas Virtanen,Barcelona,Catalonia,Spain,2024-03-05,true
CUST-009214,Mila Jensen,Vancouver,British Columbia,Canada,2024-03-08,true
CUST-009215,Ada Davis,Manchester,England,United Kingdom,2025-11-09,true
CUST-009216,Lucas Wilson,Amsterdam,North Holland,Netherlands,2021-06-26,true
CUST-009217,Fatima Ali,Stockholm,Stockholm County,Sweden,2020-03-02,true
CUST-009218,Mila Johnson,Lisbon,Lisbon,Portugal,2025-05-14,true
CUST-009219,Leo Jensen,Vienna,Vienna,Austria,2025-06-15,true
CUST-009220,Zara Davis,Madrid,Community of Madrid,Spain,2022-01-03,false
CUST-009221,Eva Muller,New York,New York,United States,2024-12-17,true
CUST-009222,Yusuf Korhonen,Paris,Ile-de-France,France,2025-07-09,true
CUST-009223,Isla Garcia,Madrid,Community of Madrid,Spain,2023-08-22,true
CUST-009224,Mateo Johnson,Vancouver,British Columbia,Canada,2023-04-12,false
CUST-009225,Leila Korhonen,Amsterdam,North Holland,Netherlands,2024-07-28,true
CUST-009226,Leila Ahmed,Paris,Ile-de-France,France,2021-04-11,true
CUST-009227,Daniel Martin,Helsinki,Uusimaa,Finland,2023-10-18,false
CUST-009228,David Schmidt,Milan,Lombardy,Italy,2025-01-19,true
CUST-009229,David Muller,Munich,Bavaria,Germany,2021-09-08,true
CUST-009230,Benjamin Santos,Sydney,New South Wales,Australia,2022-06-05,true
CUST-009231,Noah Wilson,Madrid,Community of Madrid,Spain,2024-07-11,false
CUST-009232,Samuel Rossi,Paris,Ile-de-France,France,2021-12-30,true
CUST-009233,Elias Khan,Berlin,Berlin,Germany,2024-11-07,true
CUST-009234,Amina Martin,Lisbon,Lisbon,Portugal,2021-06-16,true
CUST-009235,Daniel Clark,Madrid,Community of Madrid,Spain,2024-06-27,false
CUST-009236,Yusuf Ibrahim,New York,New York,United States,2025-07-11,true
CUST-009237,Maya Muller,Tampere,Pirkanmaa,Finland,2022-10-23,true
CUST-009238,Omar Dubois,Rome,Lazio,Italy,2025-02-20,true
CUST-009239,Nora Davis,Toronto,Ontario,Canada,2022-11-01,false
CUST-009240,Lina Nielsen,Paris,Ile-de-France,France,2021-01-26,true
CUST-009241,Arthur Smith,Lyon,Auvergne-Rhone-Alpes,France,2025-05-05,true
CUST-009242,Lucas Silva,Lisbon,Lisbon,Portugal,2020-07-26,true
CUST-009243,Leo Williams,Tokyo,Tokyo,Japan,2020-09-28,true
CUST-009244,Grace Ahmed,Madrid,Community of Madrid,Spain,2021-03-05,false
CUST-009245,Lucas Martin,Toronto,Ontario,Canada,2020-03-08,false
CUST-009246,Zara Novak,Berlin,Berlin,Germany,2023-07-06,true
CUST-009247,Sofia Khan,Stockholm,Stockholm County,Sweden,2024-07-24,true
CUST-009248,Zara Schmidt,Toronto,Ontario,Canada,2022-07-12,true
CUST-009249,Noah Johnson,Milan,Lombardy,Italy,2024-03-28,true
CUST-009250,Eva Wilson,Vancouver,British Columbia,Canada,2024-09-15,true
CUST-009251,Nora Khan,Madrid,Community of Madrid,Spain,2026-01-31,true
CUST-009252,Leila Wilson,Milan,Lombardy,Italy,2023-12-14,true
CUST-009253,Emma Davis,Lisbon,Lisbon,Portugal,2021-10-18,true
CUST-009254,Mila Garcia,Helsinki,Uusimaa,Finland,2025-04-28,true
CUST-009255,Emma Clark,Vienna,Vienna,Austria,2023-11-12,true
CUST-009256,Arthur Dubois,London,England,United Kingdom,2023-09-03,true
CUST-009257,Arthur Moore,Copenhagen,Capital Region,Denmark,2024-11-05,false
CUST-009258,Lina Rossi,Sydney,New South Wales,Australia,2020-08-31,true
CUST-009259,Nora Andersson,Sydney,New South Wales,Australia,2024-05-08,true
CUST-009260,Isla Ali,Madrid,Community of Madrid,Spain,2022-08-30,true
CUST-009261,Omar Nielsen,Toronto,Ontario,Canada,2024-10-14,true
CUST-009262,Chloe Johnson,Lyon,Auvergne-Rhone-Alpes,France,2026-07-19,true
CUST-009263,Yusuf Moore,Lisbon,Lisbon,Portugal,2023-05-18,true
CUST-009264,Maya Rossi,Tokyo,Tokyo,Japan,2022-07-05,true
CUST-009265,Benjamin Taylor,Stockholm,Stockholm County,Sweden,2020-06-30,true
CUST-009266,David Williams,Barcelona,Catalonia,Spain,2024-01-08,true
CUST-009267,Grace Taylor,Stockholm,Stockholm County,Sweden,2023-08-01,false
CUST-009268,Sofia Ahmed,Vienna,Vienna,Austria,2021-03-08,true
CUST-009269,Sofia Andersson,Vancouver,British Columbia,Canada,2022-04-26,true
CUST-009270,Grace Ibrahim,Brussels,Brussels-Capital,Belgium,2020-06-13,true
CUST-009271,Fatima Dubois,Vancouver,British Columbia,Canada,2024-11-16,true
CUST-009272,Mateo Jensen,Warsaw,Masovian,Poland,2025-04-13,false
CUST-009273,Eva Schmidt,Copenhagen,Capital Region,Denmark,2026-08-24,true
CUST-009274,Ada Martin,Stockholm,Stockholm County,Sweden,2025-11-01,false
CUST-009275,Arthur Garcia,Turku,Southwest Finland,Finland,2020-03-11,true
CUST-009276,Amina Dubois,New York,New York,United States,2025-04-25,true
CUST-009277,Grace Smith,Gothenburg,Vastra Gotaland,Sweden,2024-03-06,true
CUST-009278,Oliver Korhonen,Vancouver,British Columbia,Canada,2025-06-15,true
CUST-009279,Noah Dubois,Barcelona,Catalonia,Spain,2023-09-20,true
CUST-009280,Lucas Garcia,New York,New York,United States,2022-09-12,true
CUST-009281,Emma Andersson,Sydney,New South Wales,Australia,2026-08-04,true
CUST-009282,Henry Rossi,Warsaw,Masovian,Poland,2024-12-02,true
CUST-009283,Lucas Virtanen,Barcelona,Catalonia,Spain,2020-05-02,true
CUST-009284,Omar Smith,Toronto,Ontario,Canada,2025-01-23,true
CUST-009285,Mateo Moore,Warsaw,Masovian,Poland,2024-05-30,false
CUST-009286,Leo Andersson,Brussels,Brussels-Capital,Belgium,2024-12-17,true
CUST-009287,Leo Jensen,Prague,Prague,Czechia,2020-05-17,true
CUST-009288,Benjamin Virtanen,Lyon,Auvergne-Rhone-Alpes,France,2021-08-25,true
CUST-009289,Maya Santos,Prague,Prague,Czechia,2024-06-07,true
CUST-009290,Grace Khan,Vancouver,British Columbia,Canada,2025-06-11,true
CUST-009291,Elias Berg,Tokyo,Tokyo,Japan,2024-12-05,true
CUST-009292,Jonas Clark,Brussels,Brussels-Capital,Belgium,2025-09-29,false
CUST-009293,Samuel Brown,Oslo,Oslo,Norway,2022-10-03,true
CUST-009294,Eva Smith,Lyon,Auvergne-Rhone-Alpes,France,2026-02-02,true
CUST-009295,Samuel Khan,Prague,Prague,Czechia,2022-05-21,true
CUST-009296,Benjamin Ali,Lyon,Auvergne-Rhone-Alpes,France,2025-08-14,true
CUST-009297,Ada Muller,Brussels,Brussels-Capital,Belgium,2024-12-27,false
CUST-009298,Leo Ali,Gothenburg,Vastra Gotaland,Sweden,2026-08-09,true
CUST-009299,Isla Ahmed,Austin,Texas,United States,2025-02-18,true
CUST-009300,Mila Muller,Stockholm,Stockholm County,Sweden,2021-01-30,true
CUST-009301,Isla Garcia,Copenhagen,Capital Region,Denmark,2026-07-02,true
CUST-009302,Leila Williams,Prague,Prague,Czechia,2023-09-15,false
CUST-009303,Elias Andersson,Barcelona,Catalonia,Spain,2023-05-04,false
CUST-009304,Mateo Clark,Manchester,England,United Kingdom,2023-11-04,true
CUST-009305,Elias Jensen,Manchester,England,United Kingdom,2020-11-01,true
CUST-009306,Omar Andersson,Brussels,Brussels-Capital,Belgium,2024-06-09,true
CUST-009307,Lina Johnson,Berlin,Berlin,Germany,2021-08-19,true
CUST-009308,Chloe Schmidt,Helsinki,Uusimaa,Finland,2021-10-21,true
CUST-009309,Jonas Davis,New York,New York,United States,2026-01-06,true
CUST-009310,Oliver Virtanen,Brussels,Brussels-Capital,Belgium,2023-04-11,true
CUST-009311,Eva Brown,New York,New York,United States,2025-09-07,true
CUST-009312,David Andersson,Barcelona,Catalonia,Spain,2022-08-11,true
CUST-009313,Emma Schmidt,Paris,Ile-de-France,France,2026-06-26,true
CUST-009314,Isla Lopez,Madrid,Community of Madrid,Spain,2025-09-10,true
CUST-009315,Omar Khan,Paris,Ile-de-France,France,2020-11-26,true
CUST-009316,Nora Santos,Dublin,Leinster,Ireland,2026-03-26,true
CUST-009317,Leo Moore,Paris,Ile-de-France,France,2024-02-23,true
CUST-009318,Leila Ali,New York,New York,United States,2022-06-03,true
CUST-009319,Lucas Davis,Gothenburg,Vastra Gotaland,Sweden,2020-07-24,true
CUST-009320,Fatima Ahmed,Oslo,Oslo,Norway,2025-04-08,false
CUST-009321,Henry Silva,Madrid,Community of Madrid,Spain,2026-02-28,false
CUST-009322,Lina Schmidt,Madrid,Community of Madrid,Spain,2020-05-26,true
CUST-009323,Ada Johnson,Turku,Southwest Finland,Finland,2021-12-21,false
CUST-009324,Oliver Jensen,New York,New York,United States,2026-05-07,true
CUST-009325,Emma Ahmed,Milan,Lombardy,Italy,2025-12-13,true
CUST-009326,Nora Jensen,Vancouver,British Columbia,Canada,2024-08-05,true
CUST-009327,David Williams,Stockholm,Stockholm County,Sweden,2024-10-18,true
CUST-009328,Isla Berg,Warsaw,Masovian,Poland,2020-12-12,true
CUST-009329,Samuel Novak,Gothenburg,Vastra Gotaland,Sweden,2022-03-17,true
CUST-009330,David Ali,Helsinki,Uusimaa,Finland,2026-08-30,false
CUST-009331,Nora Schmidt,Lyon,Auvergne-Rhone-Alpes,France,2020-03-14,true
CUST-009332,Amina Brown,Toronto,Ontario,Canada,2022-08-17,true
CUST-009333,Jonas Johnson,Manchester,England,United Kingdom,2022-02-27,true
CUST-009334,Isla Berg,New York,New York,United States,2024-10-19,true
CUST-009335,Zara Brown,New York,New York,United States,2021-06-28,true
CUST-009336,Henry Lopez,Manchester,England,United Kingdom,2022-02-22,true
CUST-009337,Arthur Muller,Rome,Lazio,Italy,2023-09-29,true
CUST-009338,Oliver Petrov,Sydney,New South Wales,Australia,2020-08-20,true
CUST-009339,Fatima Jensen,Sydney,New South Wales,Australia,2021-07-23,false
CUST-009340,Nora Petrov,Madrid,Community of Madrid,Spain,2020-11-27,true
CUST-009341,Henry Nielsen,Milan,Lombardy,Italy,2026-07-04,false
CUST-009342,Amina Clark,Lisbon,Lisbon,Portugal,2020-10-06,true
CUST-009343,Emma Schmidt,Paris,Ile-de-France,France,2024-07-29,false
CUST-009344,Mateo Rossi,Sydney,New South Wales,Australia,2024-03-30,true
CUST-009345,Noah Andersson,Helsinki,Uusimaa,Finland,2022-06-12,true
CUST-009346,Lina Novak,Toronto,Ontario,Canada,2025-07-26,true
CUST-009347,Leo Martin,Manchester,England,United Kingdom,2020-07-26,true
CUST-009348,Nora Korhonen,Stockholm,Stockholm County,Sweden,2024-09-14,true
CUST-009349,Mateo Ali,Dublin,Leinster,Ireland,2026-08-23,false
CUST-009350,Oliver Berg,Dublin,Leinster,Ireland,2022-11-17,true
CUST-009351,Henry Wilson,Munich,Bavaria,Germany,2020-03-27,true
CUST-009352,Isla Silva,Vienna,Vienna,Austria,2020-07-26,false
CUST-009353,Elias Novak,Vienna,Vienna,Austria,2022-02-14,true
CUST-009354,Emma Dubois,Munich,Bavaria,Germany,2025-11-30,false
CUST-009355,Grace Andersson,Vancouver,British Columbia,Canada,2022-01-21,true
CUST-009356,Yusuf Ali,Milan,Lombardy,Italy,2022-11-21,true
CUST-009357,Henry Ibrahim,Lisbon,Lisbon,Portugal,2022-04-18,false
CUST-009358,David Schmidt,Helsinki,Uusimaa,Finland,2022-10-11,true
CUST-009359,Lina Virtanen,Gothenburg,Vastra Gotaland,Sweden,2025-08-11,true
CUST-009360,David Silva,Lyon,Auvergne-Rhone-Alpes,France,2026-03-04,true
CUST-009361,Leila Ibrahim,Dublin,Leinster,Ireland,2021-12-30,true
CUST-009362,Maya Brown,Amsterdam,North Holland,Netherlands,2020-06-25,false
CUST-009363,Henry Moore,Manchester,England,United Kingdom,2026-08-23,true
CUST-009364,Lucas Berg,London,England,United Kingdom,2026-03-27,true
CUST-009365,Lina Korhonen,Vienna,Vienna,Austria,2023-09-30,true
CUST-009366,Eva Ahmed,Stockholm,Stockholm County,Sweden,2020-10-28,true
CUST-009367,Lina Silva,Milan,Lombardy,Italy,2024-05-18,true
CUST-009368,Elias Muller,Helsinki,Uusimaa,Finland,2023-08-08,false
CUST-009369,Lina Andersson,Helsinki,Uusimaa,Finland,2020-05-28,true
CUST-009370,Oliver Ibrahim,Manchester,England,United Kingdom,2020-11-12,true
CUST-009371,Benjamin Novak,London,England,United Kingdom,2026-08-08,true
CUST-009372,Lina Dubois,Paris,Ile-de-France,France,2025-11-22,false
CUST-009373,Isla Brown,Lyon,Auvergne-Rhone-Alpes,France,2024-01-23,true
CUST-009374,Eva Rossi,Tampere,Pirkanmaa,Finland,2025-08-01,true
CUST-009375,Sofia Korhonen,Vancouver,British Columbia,Canada,2026-04-20,true
CUST-009376,Benjamin Novak,Berlin,Berlin,Germany,2024-04-02,true
CUST-009377,Benjamin Jensen,Toronto,Ontario,Canada,2025-08-19,true
CUST-009378,Arthur Clark,Austin,Texas,United States,2021-12-06,true
CUST-009379,Grace Berg,Manchester,England,United Kingdom,2025-07-21,true
CUST-009380,Eva Virtanen,Turku,Southwest Finland,Finland,2020-09-30,false
CUST-009381,Arthur Korhonen,Manchester,England,United Kingdom,2025-02-14,true
CUST-009382,Lucas Jensen,Turku,Southwest Finland,Finland,2025-05-09,true
CUST-009383,Daniel Novak,Milan,Lombardy,Italy,2023-08-30,true
CUST-009384,Chloe Rossi,Barcelona,Catalonia,Spain,2024-12-28,true
CUST-009385,Yusuf Moore,Austin,Texas,United States,2020-05-14,false
CUST-009386,Ada Garcia,Austin,Texas,United States,2024-06-24,false
CUST-009387,Jonas Virtanen,Dublin,Leinster,Ireland,2021-11-04,true
CUST-009388,Mateo Schmidt,New York,New York,United States,2020-02-25,false
CUST-009389,Fatima Andersson,Gothenburg,Vastra Gotaland,Sweden,2024-01-12,true
CUST-009390,Zara Ibrahim,Barcelona,Catalonia,Spain,2025-03-20,true
CUST-009391,Samuel Johnson,Tokyo,Tokyo,Japan,2024-12-11,true
CUST-009392,Nora Silva,Lisbon,Lisbon,Portugal,2020-04-05,true
CUST-009393,Ada Martin,Sydney,New South Wales,Australia,2020-02-16,false
CUST-009394,Maya Garcia,Rome,Lazio,Italy,2023-04-02,true
CUST-009395,Daniel Williams,Tokyo,Tokyo,Japan,2022-05-14,true
CUST-009396,Mateo Moore,Stockholm,Stockholm County,Sweden,2022-01-02,true
CUST-009397,Henry Martin,Turku,Southwest Finland,Finland,2026-08-18,false
CUST-009398,Oliver Silva,Vancouver,British Columbia,Canada,2022-10-01,true
CUST-009399,Isla Novak,Amsterdam,North Holland,Netherlands,2025-06-19,true
CUST-009400,Jonas Nielsen,Oslo,Oslo,Norway,2022-12-18,false
CUST-009401,Samuel Wilson,Rome,Lazio,Italy,2025-03-12,true
CUST-009402,Samuel Nielsen,Warsaw,Masovian,Poland,2020-05-28,true
CUST-009403,Amina Martin,Berlin,Berlin,Germany,2020-02-10,true
CUST-009404,Mila Virtanen,Barcelona,Catalonia,Spain,2026-05-10,true
CUST-009405,Maya Clark,Paris,Ile-de-France,France,2021-05-18,true
CUST-009406,Emma Clark,Amsterdam,North Holland,Netherlands,2022-07-15,true
CUST-009407,Fatima Wilson,Madrid,Community of Madrid,Spain,2021-11-02,true
CUST-009408,Arthur Ibrahim,Rome,Lazio,Italy,2020-08-25,true
CUST-009409,Elias Silva,Berlin,Berlin,Germany,2026-06-08,true
CUST-009410,Yusuf Muller,Paris,Ile-de-France,France,2024-05-21,false
CUST-009411,Emma Khan,Sydney,New South Wales,Australia,2022-03-02,true
CUST-009412,David Garcia,London,England,United Kingdom,2024-05-02,false
CUST-009413,Zara Ibrahim,Oslo,Oslo,Norway,2020-06-04,true
CUST-009414,Omar Smith,Rome,Lazio,Italy,2022-09-18,true
CUST-009415,Lucas Brown,Austin,Texas,United States,2023-07-08,false
CUST-009416,Zara Martin,Berlin,Berlin,Germany,2020-08-13,true
CUST-009417,Zara Muller,Helsinki,Uusimaa,Finland,2024-11-17,true
CUST-009418,Maya Williams,Oslo,Oslo,Norway,2020-10-26,true
CUST-009419,Maya Schmidt,Sydney,New South Wales,Australia,2021-06-05,true
CUST-009420,Henry Andersson,Gothenburg,Vastra Gotaland,Sweden,2022-08-07,true
CUST-009421,Emma Brown,Stockholm,Stockholm County,Sweden,2020-12-18,true
CUST-009422,Samuel Lopez,Helsinki,Uusimaa,Finland,2020-04-26,true
CUST-009423,Isla Dubois,Amsterdam,North Holland,Netherlands,2021-05-07,true
CUST-009424,Daniel Petrov,Tokyo,Tokyo,Japan,2023-08-11,true
CUST-009425,Ada Silva,Barcelona,Catalonia,Spain,2024-12-26,true
CUST-009426,Nora Dubois,Amsterdam,North Holland,Netherlands,2022-04-17,true
CUST-009427,Eva Muller,Sydney,New South Wales,Australia,2025-06-12,true
CUST-009428,Oliver Lopez,Vancouver,British Columbia,Canada,2023-02-03,false
CUST-009429,Nora Johnson,Tampere,Pirkanmaa,Finland,2020-06-05,true
CUST-009430,Noah Dubois,Helsinki,Uusimaa,Finland,2022-01-13,true
CUST-009431,Nora Jensen,Stockholm,Stockholm County,Sweden,2026-09-01,true
CUST-009432,Oliver Brown,Munich,Bavaria,Germany,2026-05-10,true
CUST-009433,Eva Jensen,Lyon,Auvergne-Rhone-Alpes,France,2021-09-07,false
CUST-009434,Eva Schmidt,Austin,Texas,United States,2023-05-31,true
CUST-009435,Emma Muller,Austin,Texas,United States,2022-04-11,true
CUST-009436,Yusuf Ibrahim,Lisbon,Lisbon,Portugal,2024-12-09,true
CUST-009437,Yusuf Silva,Brussels,Brussels-Capital,Belgium,2025-06-03,true
CUST-009438,Noah Andersson,Lisbon,Lisbon,Portugal,2020-04-28,true
CUST-009439,Maya Ibrahim,Rome,Lazio,Italy,2020-08-24,true
CUST-009440,Yusuf Wilson,New York,New York,United States,2026-02-28,true
CUST-009441,Daniel Jensen,Austin,Texas,United States,2021-03-13,true
CUST-009442,Henry Johnson,Paris,Ile-de-France,France,2021-05-10,true
CUST-009443,Mila Ibrahim,Austin,Texas,United States,2023-07-11,true
CUST-009444,Zara Jensen,Munich,Bavaria,Germany,2021-10-01,true
CUST-009445,Omar Taylor,Turku,Southwest Finland,Finland,2021-01-01,true
CUST-009446,Emma Taylor,Lisbon,Lisbon,Portugal,2021-09-15,false
CUST-009447,Grace Ali,Berlin,Berlin,Germany,2020-12-07,true
CUST-009448,Grace Smith,Milan,Lombardy,Italy,2020-12-01,true
CUST-009449,Mateo Berg,Manchester,England,United Kingdom,2022-03-19,true
CUST-009450,Daniel Muller,Helsinki,Uusimaa,Finland,2021-11-05,true
CUST-009451,Maya Korhonen,Berlin,Berlin,Germany,2024-05-11,true
CUST-009452,Leo Ali,Toronto,Ontario,Canada,2021-01-12,false
CUST-009453,Yusuf Smith,Warsaw,Masovian,Poland,2020-07-12,true
CUST-009454,Samuel Moore,Berlin,Berlin,Germany,2020-05-20,true
CUST-009455,Henry Williams,Prague,Prague,Czechia,2025-02-28,true
CUST-009456,Emma Santos,Warsaw,Masovian,Poland,2024-07-29,true
CUST-009457,Samuel Jensen,Vancouver,British Columbia,Canada,2024-03-14,true
CUST-009458,Grace Taylor,Prague,Prague,Czechia,2023-10-25,true
CUST-009459,Zara Berg,Manchester,England,United Kingdom,2020-09-01,true
CUST-009460,Eva Smith,Toronto,Ontario,Canada,2025-08-22,true
CUST-009461,Nora Lopez,Toronto,Ontario,Canada,2022-05-31,true
CUST-009462,Maya Silva,Milan,Lombardy,Italy,2024-01-05,false
CUST-009463,Leo Smith,Prague,Prague,Czechia,2024-12-29,true
CUST-009464,Eva Muller,Paris,Ile-de-France,France,2024-07-25,true
CUST-009465,Mila Rossi,Helsinki,Uusimaa,Finland,2022-10-14,true
CUST-009466,Oliver Dubois,Vienna,Vienna,Austria,2022-11-11,true
CUST-009467,Henry Novak,Tampere,Pirkanmaa,Finland,2023-05-04,true
CUST-009468,Arthur Korhonen,Munich,Bavaria,Germany,2023-12-23,true
CUST-009469,Benjamin Nielsen,Paris,Ile-de-France,France,2020-09-22,true
CUST-009470,Zara Brown,Rome,Lazio,Italy,2024-10-29,true
CUST-009471,Lucas Davis,Dublin,Leinster,Ireland,2023-12-08,true
CUST-009472,Daniel Ibrahim,Lyon,Auvergne-Rhone-Alpes,France,2021-06-22,false
CUST-009473,Leila Wilson,Austin,Texas,United States,2025-07-22,true
CUST-009474,Leila Martin,Gothenburg,Vastra Gotaland,Sweden,2020-02-21,false
CUST-009475,Nora Korhonen,Austin,Texas,United States,2022-10-26,true
CUST-009476,Daniel Jensen,Copenhagen,Capital Region,Denmark,2022-05-05,true
CUST-009477,Fatima Muller,Turku,Southwest Finland,Finland,2022-11-24,false
CUST-009478,Sofia Ahmed,Amsterdam,North Holland,Netherlands,2022-12-01,true
CUST-009479,Lina Lopez,Munich,Bavaria,Germany,2025-07-01,true
CUST-009480,Maya Ibrahim,Berlin,Berlin,Germany,2024-01-16,true
CUST-009481,Isla Clark,Gothenburg,Vastra Gotaland,Sweden,2021-07-26,true
CUST-009482,Lina Davis,Warsaw,Masovian,Poland,2023-04-24,true
CUST-009483,Grace Moore,Madrid,Community of Madrid,Spain,2024-04-08,true
CUST-009484,Sofia Santos,Turku,Southwest Finland,Finland,2025-12-22,true
CUST-009485,Samuel Santos,Munich,Bavaria,Germany,2021-02-02,true
CUST-009486,Noah Dubois,Warsaw,Masovian,Poland,2021-07-15,true
CUST-009487,Noah Brown,Tampere,Pirkanmaa,Finland,2025-02-14,true
CUST-009488,Emma Johnson,Gothenburg,Vastra Gotaland,Sweden,2026-03-26,true
CUST-009489,Yusuf Smith,Manchester,England,United Kingdom,2024-09-13,true
CUST-009490,Yusuf Ahmed,Sydney,New South Wales,Australia,2026-03-14,false
CUST-009491,Mateo Petrov,Madrid,Community of Madrid,Spain,2026-04-28,true
CUST-009492,Elias Martin,Munich,Bavaria,Germany,2022-02-24,false
CUST-009493,Jonas Virtanen,Lisbon,Lisbon,Portugal,2024-02-02,true
CUST-009494,Noah Schmidt,Tampere,Pirkanmaa,Finland,2021-03-09,true
CUST-009495,Chloe Dubois,Lyon,Auvergne-Rhone-Alpes,France,2025-11-27,true
CUST-009496,Samuel Moore,Warsaw,Masovian,Poland,2026-06-05,true
CUST-009497,Yusuf Taylor,New York,New York,United States,2023-12-22,true
CUST-009498,Omar Ali,Vienna,Vienna,Austria,2020-08-10,true
CUST-009499,Lina Khan,Paris,Ile-de-France,France,2023-08-30,true
CUST-009500,Mila Korhonen,Amsterdam,North Holland,Netherlands,2025-06-24,true
CUST-009501,Omar Johnson,Amsterdam,North Holland,Netherlands,2022-10-26,true
CUST-009502,Oliver Santos,Manchester,England,United Kingdom,2025-10-05,true
CUST-009503,Leila Williams,Helsinki,Uusimaa,Finland,2024-09-02,true
CUST-009504,Jonas Rossi,Copenhagen,Capital Region,Denmark,2022-01-09,true
CUST-009505,Sofia Davis,Tokyo,Tokyo,Japan,2021-01-13,true
CUST-009506,Mila Silva,Copenhagen,Capital Region,Denmark,2020-03-21,true
CUST-009507,Jonas Petrov,Vancouver,British Columbia,Canada,2020-01-08,true
CUST-009508,Samuel Garcia,Toronto,Ontario,Canada,2025-02-14,false
CUST-009509,Elias Ibrahim,Vienna,Vienna,Austria,2023-02-01,true
CUST-009510,Ada Taylor,Vienna,Vienna,Austria,2020-10-11,true
CUST-009511,Omar Johnson,Prague,Prague,Czechia,2021-11-09,true
CUST-009512,Fatima Clark,Austin,Texas,United States,2026-02-23,true
CUST-009513,Lucas Johnson,Paris,Ile-de-France,France,2021-05-25,true
CUST-009514,David Ibrahim,Gothenburg,Vastra Gotaland,Sweden,2023-02-25,true
CUST-009515,Emma Nielsen,Tokyo,Tokyo,Japan,2024-11-29,true
CUST-009516,Oliver Andersson,Dublin,Leinster,Ireland,2020-11-30,true
CUST-009517,Lina Taylor,Barcelona,Catalonia,Spain,2025-04-14,false
CUST-009518,Oliver Moore,Lisbon,Lisbon,Portugal,2023-10-09,true
CUST-009519,Eva Ali,Helsinki,Uusimaa,Finland,2021-10-09,true
CUST-009520,Leila Petrov,Brussels,Brussels-Capital,Belgium,2026-05-01,true
CUST-009521,Ada Davis,Lisbon,Lisbon,Portugal,2026-01-04,true
CUST-009522,Lina Moore,Rome,Lazio,Italy,2020-01-04,true
CUST-009523,Benjamin Ahmed,Berlin,Berlin,Germany,2020-09-21,true
CUST-009524,Fatima Ali,New York,New York,United States,2021-06-28,true
CUST-009525,Lina Smith,Helsinki,Uusimaa,Finland,2024-07-25,true
CUST-009526,Nora Ibrahim,Madrid,Community of Madrid,Spain,2026-08-11,true
CUST-009527,Samuel Davis,Gothenburg,Vastra Gotaland,Sweden,2023-04-15,false
CUST-009528,Leila Petrov,Lyon,Auvergne-Rhone-Alpes,France,2025-06-10,true
CUST-009529,Mateo Garcia,Turku,Southwest Finland,Finland,2023-05-03,true
CUST-009530,Lucas Wilson,Vancouver,British Columbia,Canada,2020-09-12,true
CUST-009531,Lina Schmidt,Lisbon,Lisbon,Portugal,2020-05-15,true
CUST-009532,Mateo Lopez,Amsterdam,North Holland,Netherlands,2024-06-21,true
CUST-009533,Sofia Jensen,Dublin,Leinster,Ireland,2024-10-15,true
CUST-009534,Sofia Andersson,London,England,United Kingdom,2023-05-15,true
CUST-009535,Amina Brown,New York,New York,United States,2020-12-08,true
CUST-009536,Leila Rossi,Amsterdam,North Holland,Netherlands,2024-07-29,true
CUST-009537,Amina Moore,Paris,Ile-de-France,France,2021-10-27,true
CUST-009538,Mila Virtanen,Tokyo,Tokyo,Japan,2026-08-09,true
CUST-009539,Maya Taylor,Tampere,Pirkanmaa,Finland,2021-11-17,true
CUST-009540,Benjamin Santos,Munich,Bavaria,Germany,2025-06-17,false
CUST-009541,Benjamin Lopez,Manchester,England,United Kingdom,2026-03-01,false
CUST-009542,Mateo Muller,Helsinki,Uusimaa,Finland,2023-08-06,true
CUST-009543,Eva Martin,Vienna,Vienna,Austria,2023-02-20,true
CUST-009544,Lucas Korhonen,Lyon,Auvergne-Rhone-Alpes,France,2021-05-30,true
CUST-009545,Arthur Dubois,Sydney,New South Wales,Australia,2022-10-05,false
CUST-009546,Samuel Schmidt,Helsinki,Uusimaa,Finland,2021-07-03,true
CUST-009547,Mateo Ibrahim,Tokyo,Tokyo,Japan,2020-02-17,true
CUST-009548,Samuel Lopez,Turku,Southwest Finland,Finland,2022-06-07,true
CUST-009549,Lina Lopez,Turku,Southwest Finland,Finland,2026-09-02,true
CUST-009550,Isla Khan,Barcelona,Catalonia,Spain,2024-04-01,true
CUST-009551,Amina Brown,Vancouver,British Columbia,Canada,2020-09-29,true
CUST-009552,Jonas Moore,Helsinki,Uusimaa,Finland,2023-12-24,true
CUST-009553,Leo Virtanen,Warsaw,Masovian,Poland,2020-03-29,false
CUST-009554,Daniel Muller,Vienna,Vienna,Austria,2021-05-11,true
CUST-009555,Lucas Santos,Gothenburg,Vastra Gotaland,Sweden,2022-05-14,true
CUST-009556,Leo Berg,Berlin,Berlin,Germany,2022-03-19,true
CUST-009557,Fatima Schmidt,Manchester,England,United Kingdom,2023-11-27,true
CUST-009558,Chloe Moore,Tampere,Pirkanmaa,Finland,2020-06-22,true
CUST-009559,Daniel Andersson,Prague,Prague,Czechia,2026-02-22,false
CUST-009560,Lina Ali,Austin,Texas,United States,2026-06-24,true
CUST-009561,Oliver Martin,Turku,Southwest Finland,Finland,2021-07-26,false
CUST-009562,Grace Martin,Sydney,New South Wales,Australia,2022-09-09,true
CUST-009563,Lucas Wilson,Warsaw,Masovian,Poland,2020-09-19,true
CUST-009564,Daniel Novak,Tokyo,Tokyo,Japan,2022-05-07,false
CUST-009565,Yusuf Ali,Rome,Lazio,Italy,2024-01-04,true
CUST-009566,Lina Taylor,Madrid,Community of Madrid,Spain,2021-10-05,true
CUST-009567,Daniel Taylor,Helsinki,Uusimaa,Finland,2022-08-07,true
CUST-009568,Grace Santos,Dublin,Leinster,Ireland,2020-07-25,true
CUST-009569,Ada Nielsen,London,England,United Kingdom,2021-04-28,false
CUST-009570,Leo Dubois,Gothenburg,Vastra Gotaland,Sweden,2023-02-13,true
CUST-009571,Yusuf Petrov,Berlin,Berlin,Germany,2021-11-25,true
CUST-009572,Maya Wilson,Warsaw,Masovian,Poland,2021-09-28,true
CUST-009573,Omar Rossi,Tampere,Pirkanmaa,Finland,2024-04-23,true
CUST-009574,Zara Nielsen,Warsaw,Masovian,Poland,2020-03-03,true
CUST-009575,Fatima Clark,Brussels,Brussels-Capital,Belgium,2024-03-20,true
CUST-009576,Daniel Davis,Oslo,Oslo,Norway,2022-01-22,true
CUST-009577,Eva Moore,Turku,Southwest Finland,Finland,2022-08-25,true
CUST-009578,Nora Andersson,Amsterdam,North Holland,Netherlands,2020-09-06,true
CUST-009579,Henry Muller,Tampere,Pirkanmaa,Finland,2020-07-23,true
CUST-009580,Leila Ahmed,Toronto,Ontario,Canada,2020-01-25,false
CUST-009581,Nora Davis,Stockholm,Stockholm County,Sweden,2023-02-03,false
CUST-009582,Leo Moore,Lyon,Auvergne-Rhone-Alpes,France,2024-01-05,true
CUST-009583,Sofia Virtanen,New York,New York,United States,2026-02-17,true
CUST-009584,Oliver Brown,Munich,Bavaria,Germany,2026-04-26,true
CUST-009585,Emma Berg,Tampere,Pirkanmaa,Finland,2025-06-26,true
CUST-009586,Eva Lopez,Gothenburg,Vastra Gotaland,Sweden,2025-03-12,false
CUST-009587,Yusuf Wilson,Madrid,Community of Madrid,Spain,2023-02-18,false
CUST-009588,Ada Clark,New York,New York,United States,2025-11-20,true
CUST-009589,Leo Smith,Sydney,New South Wales,Australia,2023-02-07,true
CUST-009590,Fatima Taylor,Milan,Lombardy,Italy,2023-07-22,true
CUST-009591,Zara Silva,Vancouver,British Columbia,Canada,2025-03-25,true
CUST-009592,Isla Brown,Gothenburg,Vastra Gotaland,Sweden,2025-10-03,true
CUST-009593,Grace Smith,Helsinki,Uusimaa,Finland,2021-12-20,true
CUST-009594,Eva Brown,Gothenburg,Vastra Gotaland,Sweden,2021-08-25,true
CUST-009595,Mila Andersson,Amsterdam,North Holland,Netherlands,2022-01-15,true
CUST-009596,Sofia Ahmed,Lyon,Auvergne-Rhone-Alpes,France,2020-03-07,true
CUST-009597,Daniel Berg,Lisbon,Lisbon,Portugal,2022-02-15,true
CUST-009598,Henry Jensen,Barcelona,Catalonia,Spain,2022-03-27,true
CUST-009599,Leila Rossi,Lyon,Auvergne-Rhone-Alpes,France,2024-08-11,true
CUST-009600,Maya Brown,Milan,Lombardy,Italy,2022-10-27,true
CUST-009601,Arthur Ibrahim,Berlin,Berlin,Germany,2025-08-03,true
CUST-009602,Jonas Ali,Barcelona,Catalonia,Spain,2025-11-02,true
CUST-009603,Elias Smith,Prague,Prague,Czechia,2020-05-15,true
CUST-009604,Omar Johnson,Dublin,Leinster,Ireland,2022-01-24,true
CUST-009605,Zara Andersson,London,England,United Kingdom,2023-12-31,true
CUST-009606,Mateo Santos,London,England,United Kingdom,2026-07-12,true
CUST-009607,Daniel Korhonen,Warsaw,Masovian,Poland,2021-09-26,true
CUST-009608,Mateo Taylor,London,England,United Kingdom,2024-12-26,true
CUST-009609,Nora Clark,Amsterdam,North Holland,Netherlands,2020-08-30,true
CUST-009610,Grace Ali,Brussels,Brussels-Capital,Belgium,2025-03-17,false
CUST-009611,Ada Santos,Madrid,Community of Madrid,Spain,2020-04-03,true
CUST-009612,Lina Ahmed,Oslo,Oslo,Norway,2023-02-02,false
CUST-009613,Isla Ahmed,Prague,Prague,Czechia,2023-05-05,true
CUST-009614,Zara Muller,Munich,Bavaria,Germany,2021-04-07,true
CUST-009615,Zara Moore,Warsaw,Masovian,Poland,2020-05-27,true
CUST-009616,David Clark,Tokyo,Tokyo,Japan,2021-10-23,true
CUST-009617,Eva Garcia,Vienna,Vienna,Austria,2025-09-20,true
CUST-009618,Daniel Virtanen,Paris,Ile-de-France,France,2025-04-22,true
CUST-009619,Mateo Virtanen,Amsterdam,North Holland,Netherlands,2021-09-11,true
CUST-009620,Amina Santos,Toronto,Ontario,Canada,2023-10-04,true
CUST-009621,Benjamin Davis,Manchester,England,United Kingdom,2024-02-03,true
CUST-009622,Chloe Andersson,Tampere,Pirkanmaa,Finland,2023-10-08,true
CUST-009623,Fatima Garcia,Sydney,New South Wales,Australia,2026-06-04,true
CUST-009624,Lucas Berg,Vienna,Vienna,Austria,2024-03-04,true
CUST-009625,Amina Khan,Tampere,Pirkanmaa,Finland,2023-10-12,true
CUST-009626,Isla Dubois,Rome,Lazio,Italy,2021-07-09,true
CUST-009627,Benjamin Garcia,Stockholm,Stockholm County,Sweden,2025-02-12,true
CUST-009628,Leo Berg,Vancouver,British Columbia,Canada,2025-05-31,false
CUST-009629,Grace Schmidt,Milan,Lombardy,Italy,2025-01-22,false
CUST-009630,Amina Garcia,Oslo,Oslo,Norway,2023-04-04,true
CUST-009631,Leo Ahmed,Manchester,England,United Kingdom,2020-05-10,true
CUST-009632,David Rossi,Rome,Lazio,Italy,2025-06-30,true
CUST-009633,Isla Khan,London,England,United Kingdom,2026-07-30,true
CUST-009634,Benjamin Martin,Helsinki,Uusimaa,Finland,2022-12-19,true
CUST-009635,Oliver Berg,Lisbon,Lisbon,Portugal,2024-05-09,true
CUST-009636,Emma Davis,New York,New York,United States,2024-03-10,true
CUST-009637,Isla Brown,Austin,Texas,United States,2025-12-17,true
CUST-009638,Fatima Williams,Gothenburg,Vastra Gotaland,Sweden,2025-11-02,true
CUST-009639,Noah Dubois,Barcelona,Catalonia,Spain,2020-10-18,true
CUST-009640,Zara Ibrahim,Barcelona,Catalonia,Spain,2025-02-05,true
CUST-009641,Chloe Ali,Manchester,England,United Kingdom,2025-09-08,true
CUST-009642,Ada Garcia,Turku,Southwest Finland,Finland,2021-09-30,false
CUST-009643,Mateo Dubois,Sydney,New South Wales,Australia,2023-05-22,true
CUST-009644,Nora Jensen,Toronto,Ontario,Canada,2020-06-02,true
CUST-009645,Mateo Taylor,Paris,Ile-de-France,France,2020-06-15,true
CUST-009646,Mila Lopez,Munich,Bavaria,Germany,2024-10-06,true
CUST-009647,Elias Berg,Munich,Bavaria,Germany,2024-07-20,false
CUST-009648,Leila Khan,Lisbon,Lisbon,Portugal,2020-04-24,false
CUST-009649,Ada Silva,Berlin,Berlin,Germany,2024-03-22,true
CUST-009650,Maya Ali,Helsinki,Uusimaa,Finland,2021-01-07,true
CUST-009651,Emma Williams,Turku,Southwest Finland,Finland,2023-07-03,false
CUST-009652,Grace Garcia,Stockholm,Stockholm County,Sweden,2023-06-13,true
CUST-009653,Grace Muller,London,England,United Kingdom,2023-01-24,false
CUST-009654,Benjamin Rossi,Helsinki,Uusimaa,Finland,2022-11-23,true
CUST-009655,Jonas Novak,London,England,United Kingdom,2024-01-10,true
CUST-009656,Mateo Ahmed,Prague,Prague,Czechia,2020-08-29,true
CUST-009657,Yusuf Wilson,Lyon,Auvergne-Rhone-Alpes,France,2022-03-01,true
CUST-009658,Elias Wilson,Lisbon,Lisbon,Portugal,2021-10-02,true
CUST-009659,Maya Williams,Lisbon,Lisbon,Portugal,2020-10-26,true
CUST-009660,Grace Johnson,Vienna,Vienna,Austria,2025-02-21,false
CUST-009661,Mateo Johnson,Helsinki,Uusimaa,Finland,2022-12-28,true
CUST-009662,Fatima Petrov,Berlin,Berlin,Germany,2020-06-28,true
CUST-009663,Grace Korhonen,Lisbon,Lisbon,Portugal,2021-09-09,true
CUST-009664,Leila Lopez,New York,New York,United States,2024-02-03,true
CUST-009665,Jonas Moore,Warsaw,Masovian,Poland,2022-03-09,false
CUST-009666,Leila Rossi,Vienna,Vienna,Austria,2021-08-08,false
CUST-009667,Oliver Dubois,Lyon,Auvergne-Rhone-Alpes,France,2020-12-26,true
CUST-009668,Noah Williams,London,England,United Kingdom,2022-03-25,true
CUST-009669,Maya Virtanen,Milan,Lombardy,Italy,2025-03-12,false
CUST-009670,Lina Garcia,Manchester,England,United Kingdom,2021-10-24,false
CUST-009671,Lina Petrov,Prague,Prague,Czechia,2021-08-03,true
CUST-009672,Samuel Garcia,Milan,Lombardy,Italy,2021-12-31,true
CUST-009673,Jonas Schmidt,London,England,United Kingdom,2022-07-05,true
CUST-009674,Sofia Johnson,Warsaw,Masovian,Poland,2025-11-16,false
CUST-009675,Benjamin Silva,Sydney,New South Wales,Australia,2024-03-19,true
CUST-009676,Daniel Ibrahim,Warsaw,Masovian,Poland,2020-09-13,false
CUST-009677,Lina Novak,Milan,Lombardy,Italy,2025-02-10,false
CUST-009678,Fatima Johnson,Gothenburg,Vastra Gotaland,Sweden,2020-05-30,true
CUST-009679,David Smith,Oslo,Oslo,Norway,2024-08-06,true
CUST-009680,Zara Smith,Prague,Prague,Czechia,2026-05-12,true
CUST-009681,Omar Andersson,Manchester,England,United Kingdom,2023-07-16,true
CUST-009682,Eva Johnson,Oslo,Oslo,Norway,2023-11-11,true
CUST-009683,Benjamin Novak,Milan,Lombardy,Italy,2020-09-30,true
CUST-009684,David Moore,Madrid,Community of Madrid,Spain,2022-04-03,false
CUST-009685,Henry Garcia,Helsinki,Uusimaa,Finland,2023-11-02,false
CUST-009686,Daniel Muller,London,England,United Kingdom,2023-03-31,true
CUST-009687,Omar Ahmed,Tampere,Pirkanmaa,Finland,2020-10-12,true
CUST-009688,Noah Dubois,Milan,Lombardy,Italy,2025-07-07,true
CUST-009689,Daniel Petrov,Vancouver,British Columbia,Canada,2021-07-28,true
CUST-009690,Mateo Moore,New York,New York,United States,2023-12-29,true
CUST-009691,Benjamin Nielsen,Tampere,Pirkanmaa,Finland,2023-06-26,false
CUST-009692,Ada Ibrahim,Warsaw,Masovian,Poland,2026-03-07,true
CUST-009693,Samuel Johnson,Sydney,New South Wales,Australia,2023-09-17,true
CUST-009694,Emma Novak,Oslo,Oslo,Norway,2020-02-18,true
CUST-009695,David Ali,Paris,Ile-de-France,France,2025-07-17,false
CUST-009696,Henry Andersson,Dublin,Leinster,Ireland,2022-02-27,true
CUST-009697,Elias Muller,Milan,Lombardy,Italy,2022-12-13,false
CUST-009698,Eva Dubois,Vancouver,British Columbia,Canada,2021-01-07,true
CUST-009699,David Schmidt,Oslo,Oslo,Norway,2024-03-22,true
CUST-009700,Chloe Khan,Lisbon,Lisbon,Portugal,2020-01-01,true
CUST-009701,Zara Santos,Lyon,Auvergne-Rhone-Alpes,France,2024-04-24,true
CUST-009702,Maya Muller,Tampere,Pirkanmaa,Finland,2025-05-16,false
CUST-009703,Maya Rossi,Turku,Southwest Finland,Finland,2026-01-29,true
CUST-009704,Sofia Dubois,Tampere,Pirkanmaa,Finland,2026-08-30,true
CUST-009705,Chloe Muller,Munich,Bavaria,Germany,2025-03-24,true
CUST-009706,David Khan,Madrid,Community of Madrid,Spain,2021-12-21,true
CUST-009707,Eva Korhonen,London,England,United Kingdom,2020-06-08,true
CUST-009708,Henry Lopez,Tokyo,Tokyo,Japan,2025-08-02,true
CUST-009709,Isla Khan,Copenhagen,Capital Region,Denmark,2025-07-19,true
CUST-009710,Isla Berg,Dublin,Leinster,Ireland,2024-09-05,true
CUST-009711,Leo Muller,Austin,Texas,United States,2025-01-16,true
CUST-009712,Yusuf Berg,Warsaw,Masovian,Poland,2025-10-21,true
CUST-009713,Sofia Andersson,Dublin,Leinster,Ireland,2025-06-26,true
CUST-009714,Isla Rossi,Austin,Texas,United States,2024-03-07,true
CUST-009715,Daniel Martin,Dublin,Leinster,Ireland,2025-10-08,true
CUST-009716,Sofia Brown,Stockholm,Stockholm County,Sweden,2020-06-29,true
CUST-009717,Isla Brown,Munich,Bavaria,Germany,2024-06-25,false
CUST-009718,Henry Johnson,London,England,United Kingdom,2020-12-23,false
CUST-009719,Samuel Virtanen,Gothenburg,Vastra Gotaland,Sweden,2021-03-19,true
CUST-009720,Mateo Ibrahim,Lyon,Auvergne-Rhone-Alpes,France,2020-05-04,true
CUST-009721,Amina Virtanen,New York,New York,United States,2022-05-22,true
CUST-009722,Zara Rossi,Toronto,Ontario,Canada,2025-05-26,true
CUST-009723,Mateo Virtanen,Toronto,Ontario,Canada,2024-03-11,true
CUST-009724,Grace Ibrahim,Berlin,Berlin,Germany,2021-09-05,true
CUST-009725,Zara Johnson,Milan,Lombardy,Italy,2025-12-15,false
CUST-009726,David Brown,Madrid,Community of Madrid,Spain,2025-07-22,false
CUST-009727,Henry Jensen,Rome,Lazio,Italy,2020-08-09,true
CUST-009728,Zara Silva,Copenhagen,Capital Region,Denmark,2024-08-02,false
CUST-009729,Omar Taylor,Brussels,Brussels-Capital,Belgium,2025-04-23,true
CUST-009730,Zara Williams,Sydney,New South Wales,Australia,2026-01-05,true
CUST-009731,Amina Muller,Dublin,Leinster,Ireland,2021-05-30,true
CUST-009732,Ada Davis,Gothenburg,Vastra Gotaland,Sweden,2024-05-06,true
CUST-009733,Amina Andersson,Prague,Prague,Czechia,2020-03-10,false
CUST-009734,Ada Ibrahim,Oslo,Oslo,Norway,2021-03-30,true
CUST-009735,Chloe Lopez,Vienna,Vienna,Austria,2024-08-27,true
CUST-009736,Jonas Khan,Gothenburg,Vastra Gotaland,Sweden,2021-05-15,false
CUST-009737,Elias Ali,Vancouver,British Columbia,Canada,2023-11-04,true
CUST-009738,Sofia Petrov,Austin,Texas,United States,2023-04-23,true
CUST-009739,Mateo Nielsen,New York,New York,United States,2026-07-23,true
CUST-009740,Arthur Dubois,Helsinki,Uusimaa,Finland,2023-01-19,true
CUST-009741,Fatima Lopez,Lyon,Auvergne-Rhone-Alpes,France,2020-12-16,false
CUST-009742,Arthur Berg,Paris,Ile-de-France,France,2024-07-07,false
CUST-009743,Amina Clark,Rome,Lazio,Italy,2022-02-22,true
CUST-009744,Elias Nielsen,Turku,Southwest Finland,Finland,2025-11-24,true
CUST-009745,Oliver Brown,Warsaw,Masovian,Poland,2024-06-22,true
CUST-009746,Ada Wilson,Oslo,Oslo,Norway,2024-07-15,true
CUST-009747,Amina Muller,Helsinki,Uusimaa,Finland,2024-04-18,true
CUST-009748,Arthur Korhonen,Rome,Lazio,Italy,2021-07-07,true
CUST-009749,Sofia Virtanen,Brussels,Brussels-Capital,Belgium,2024-01-07,true
CUST-009750,Samuel Ahmed,Warsaw,Masovian,Poland,2026-02-12,true
CUST-009751,Mila Garcia,Oslo,Oslo,Norway,2024-12-11,true
CUST-009752,Grace Korhonen,Prague,Prague,Czechia,2024-10-28,true
CUST-009753,Henry Petrov,Tampere,Pirkanmaa,Finland,2020-12-03,true
CUST-009754,Daniel Muller,Madrid,Community of Madrid,Spain,2025-04-26,true
CUST-009755,Arthur Ahmed,Oslo,Oslo,Norway,2024-02-22,true
CUST-009756,Fatima Novak,Austin,Texas,United States,2024-07-01,true
CUST-009757,Leo Taylor,Oslo,Oslo,Norway,2026-01-17,true
CUST-009758,Arthur Nielsen,Paris,Ile-de-France,France,2023-12-21,true
CUST-009759,Nora Lopez,Gothenburg,Vastra Gotaland,Sweden,2020-09-17,false
CUST-009760,Elias Moore,Toronto,Ontario,Canada,2024-04-12,true
CUST-009761,Isla Petrov,Warsaw,Masovian,Poland,2024-12-24,true
CUST-009762,Mila Martin,Munich,Bavaria,Germany,2020-03-16,true
CUST-009763,Ada Schmidt,Oslo,Oslo,Norway,2020-01-13,true
CUST-009764,Oliver Ali,Vienna,Vienna,Austria,2025-02-04,true
CUST-009765,Ada Wilson,Vancouver,British Columbia,Canada,2023-12-28,true
CUST-009766,Maya Smith,Barcelona,Catalonia,Spain,2021-05-22,true
CUST-009767,Samuel Johnson,Stockholm,Stockholm County,Sweden,2022-10-31,true
CUST-009768,Fatima Ahmed,London,England,United Kingdom,2026-06-29,true
CUST-009769,Mateo Wilson,Sydney,New South Wales,Australia,2024-04-27,true
CUST-009770,Lucas Clark,Sydney,New South Wales,Australia,2025-04-29,true
CUST-009771,Omar Lopez,Lyon,Auvergne-Rhone-Alpes,France,2020-06-14,true
CUST-009772,Yusuf Wilson,Brussels,Brussels-Capital,Belgium,2020-10-20,false
CUST-009773,Leila Korhonen,Stockholm,Stockholm County,Sweden,2021-06-30,true
CUST-009774,Fatima Khan,Brussels,Brussels-Capital,Belgium,2024-01-29,true
CUST-009775,Eva Khan,Berlin,Berlin,Germany,2023-12-11,false
CUST-009776,Chloe Moore,Manchester,England,United Kingdom,2021-11-17,true
CUST-009777,Fatima Dubois,New York,New York,United States,2020-11-10,true
CUST-009778,Sofia Muller,Milan,Lombardy,Italy,2026-05-04,true
CUST-009779,Elias Smith,Dublin,Leinster,Ireland,2022-03-14,true
CUST-009780,Noah Garcia,Madrid,Community of Madrid,Spain,2025-01-03,true
CUST-009781,Yusuf Wilson,Austin,Texas,United States,2022-05-21,true
CUST-009782,Henry Ibrahim,Paris,Ile-de-France,France,2022-07-05,true
CUST-009783,Leo Martin,Tampere,Pirkanmaa,Finland,2020-01-05,true
CUST-009784,Emma Johnson,Warsaw,Masovian,Poland,2023-04-15,true
CUST-009785,Arthur Khan,Milan,Lombardy,Italy,2022-10-11,true
CUST-009786,Omar Williams,Dublin,Leinster,Ireland,2025-04-16,true
CUST-009787,Isla Ibrahim,Dublin,Leinster,Ireland,2021-04-18,true
CUST-009788,Daniel Martin,Amsterdam,North Holland,Netherlands,2020-06-27,true
CUST-009789,Ada Santos,Manchester,England,United Kingdom,2024-08-01,true
CUST-009790,Eva Brown,Tampere,Pirkanmaa,Finland,2026-06-24,true
CUST-009791,Samuel Nielsen,Sydney,New South Wales,Australia,2024-10-11,true
CUST-009792,Omar Dubois,Toronto,Ontario,Canada,2022-03-04,true
CUST-009793,Lina Silva,Sydney,New South Wales,Australia,2023-08-16,true
CUST-009794,Elias Korhonen,Dublin,Leinster,Ireland,2026-02-18,true
CUST-009795,Amina Berg,Rome,Lazio,Italy,2020-12-31,true
CUST-009796,Jonas Petrov,Amsterdam,North Holland,Netherlands,2021-10-16,true
CUST-009797,Grace Lopez,Austin,Texas,United States,2021-02-11,false
CUST-009798,Elias Wilson,Vancouver,British Columbia,Canada,2024-12-07,true
CUST-009799,Yusuf Schmidt,Sydney,New South Wales,Australia,2021-03-20,true
CUST-009800,Elias Taylor,Austin,Texas,United States,2020-05-06,true
CUST-009801,Daniel Davis,Turku,Southwest Finland,Finland,2021-11-18,true
CUST-009802,Mateo Davis,Rome,Lazio,Italy,2025-08-25,true
CUST-009803,Samuel Lopez,Prague,Prague,Czechia,2023-07-06,true
CUST-009804,Emma Ibrahim,Helsinki,Uusimaa,Finland,2026-03-25,false
CUST-009805,Zara Ali,Sydney,New South Wales,Australia,2021-07-22,true
CUST-009806,Fatima Lopez,London,England,United Kingdom,2024-09-17,true
CUST-009807,Mila Davis,Tokyo,Tokyo,Japan,2023-07-26,true
CUST-009808,Elias Williams,Berlin,Berlin,Germany,2023-09-18,true
CUST-009809,Elias Jensen,Brussels,Brussels-Capital,Belgium,2020-12-11,true
CUST-009810,Fatima Petrov,London,England,United Kingdom,2023-03-03,false
CUST-009811,Elias Korhonen,Paris,Ile-de-France,France,2025-06-10,true
CUST-009812,Amina Lopez,Austin,Texas,United States,2020-05-06,true
CUST-009813,Jonas Andersson,Milan,Lombardy,Italy,2020-06-26,true
CUST-009814,Jonas Andersson,Vienna,Vienna,Austria,2021-03-23,true
CUST-009815,Arthur Ahmed,Austin,Texas,United States,2022-12-08,true
CUST-009816,Elias Wilson,Toronto,Ontario,Canada,2024-10-08,true
CUST-009817,Benjamin Schmidt,Gothenburg,Vastra Gotaland,Sweden,2022-10-21,true
CUST-009818,Mateo Martin,Berlin,Berlin,Germany,2022-05-16,false
CUST-009819,David Petrov,Manchester,England,United Kingdom,2023-09-26,true
CUST-009820,Mateo Wilson,Munich,Bavaria,Germany,2021-11-20,true
CUST-009821,Arthur Garcia,Helsinki,Uusimaa,Finland,2026-06-17,true
CUST-009822,Maya Jensen,Prague,Prague,Czechia,2021-04-28,false
CUST-009823,Ada Schmidt,Barcelona,Catalonia,Spain,2023-06-24,true
CUST-009824,Henry Moore,Rome,Lazio,Italy,2020-07-20,true
CUST-009825,Henry Brown,Austin,Texas,United States,2022-03-01,true
CUST-009826,Leo Ahmed,Prague,Prague,Czechia,2025-02-14,true
CUST-009827,Daniel Korhonen,Berlin,Berlin,Germany,2025-04-30,true
CUST-009828,Omar Andersson,Helsinki,Uusimaa,Finland,2023-09-03,true
CUST-009829,Noah Santos,Oslo,Oslo,Norway,2024-08-11,true
CUST-009830,Lina Johnson,Toronto,Ontario,Canada,2024-11-06,true
CUST-009831,Ada Berg,Lyon,Auvergne-Rhone-Alpes,France,2022-03-12,true
CUST-009832,David Ali,Gothenburg,Vastra Gotaland,Sweden,2026-01-03,true
CUST-009833,Leo Petrov,Toronto,Ontario,Canada,2021-01-10,true
CUST-009834,Leila Korhonen,Vancouver,British Columbia,Canada,2024-02-04,true
CUST-009835,Mateo Brown,Stockholm,Stockholm County,Sweden,2020-06-29,true
CUST-009836,Arthur Petrov,Copenhagen,Capital Region,Denmark,2026-05-16,true
CUST-009837,Eva Andersson,Rome,Lazio,Italy,2026-06-28,true
CUST-009838,Sofia Schmidt,Madrid,Community of Madrid,Spain,2024-12-11,true
CUST-009839,Oliver Clark,London,England,United Kingdom,2025-12-03,true
CUST-009840,Arthur Jensen,Stockholm,Stockholm County,Sweden,2022-09-05,true
CUST-009841,Lina Muller,Prague,Prague,Czechia,2023-08-18,true
CUST-009842,Mateo Silva,Paris,Ile-de-France,France,2020-10-27,true
CUST-009843,Lina Berg,Tampere,Pirkanmaa,Finland,2020-01-27,true
CUST-009844,Leo Brown,Tampere,Pirkanmaa,Finland,2026-08-15,true
CUST-009845,Nora Clark,Amsterdam,North Holland,Netherlands,2020-02-21,true
CUST-009846,Chloe Brown,Brussels,Brussels-Capital,Belgium,2020-07-03,true
CUST-009847,Emma Lopez,Oslo,Oslo,Norway,2025-04-21,false
CUST-009848,Samuel Dubois,Barcelona,Catalonia,Spain,2022-12-25,true
CUST-009849,Mateo Korhonen,Vienna,Vienna,Austria,2025-02-20,true
CUST-009850,Mateo Berg,Brussels,Brussels-Capital,Belgium,2022-06-24,true
CUST-009851,Henry Taylor,London,England,United Kingdom,2022-12-16,true
CUST-009852,Amina Brown,Lisbon,Lisbon,Portugal,2020-08-03,false
CUST-009853,Leo Dubois,Tokyo,Tokyo,Japan,2020-10-16,true
CUST-009854,Eva Ahmed,Paris,Ile-de-France,France,2020-08-27,false
CUST-009855,Benjamin Petrov,Gothenburg,Vastra Gotaland,Sweden,2025-12-12,true
CUST-009856,Eva Martin,Stockholm,Stockholm County,Sweden,2023-01-24,false
CUST-009857,Omar Petrov,Sydney,New South Wales,Australia,2020-10-21,true
CUST-009858,Eva Santos,Rome,Lazio,Italy,2024-01-22,true
CUST-009859,Chloe Garcia,Copenhagen,Capital Region,Denmark,2020-10-11,true
CUST-009860,Ada Davis,Warsaw,Masovian,Poland,2022-12-22,true
CUST-009861,Leo Wilson,Berlin,Berlin,Germany,2021-09-30,true
CUST-009862,Mila Schmidt,Gothenburg,Vastra Gotaland,Sweden,2021-04-21,true
CUST-009863,Lina Williams,Vienna,Vienna,Austria,2023-04-01,false
CUST-009864,Amina Virtanen,Barcelona,Catalonia,Spain,2024-07-06,true
CUST-009865,Mila Korhonen,Sydney,New South Wales,Australia,2022-03-10,true
CUST-009866,Daniel Clark,Copenhagen,Capital Region,Denmark,2022-09-04,true
CUST-009867,Sofia Rossi,Madrid,Community of Madrid,Spain,2026-04-28,true
CUST-009868,Leila Dubois,Warsaw,Masovian,Poland,2021-04-27,false
CUST-009869,Samuel Moore,Dublin,Leinster,Ireland,2025-11-22,true
CUST-009870,Noah Petrov,Gothenburg,Vastra Gotaland,Sweden,2020-06-27,false
CUST-009871,Benjamin Jensen,Stockholm,Stockholm County,Sweden,2021-01-04,true
CUST-009872,Omar Nielsen,Dublin,Leinster,Ireland,2024-10-09,true
CUST-009873,Mila Moore,Berlin,Berlin,Germany,2020-05-23,false
CUST-009874,Eva Khan,Stockholm,Stockholm County,Sweden,2023-12-09,true
CUST-009875,Arthur Silva,Toronto,Ontario,Canada,2025-08-15,true
CUST-009876,Grace Ahmed,Milan,Lombardy,Italy,2025-11-25,true
CUST-009877,Chloe Petrov,Manchester,England,United Kingdom,2024-02-16,true
CUST-009878,Nora Schmidt,Warsaw,Masovian,Poland,2025-10-15,false
CUST-009879,Grace Khan,Brussels,Brussels-Capital,Belgium,2020-06-22,true
CUST-009880,Jonas Rossi,Tampere,Pirkanmaa,Finland,2023-01-03,true
CUST-009881,Chloe Wilson,Stockholm,Stockholm County,Sweden,2023-03-06,false
CUST-009882,Chloe Taylor,Lyon,Auvergne-Rhone-Alpes,France,2020-05-16,false
CUST-009883,Noah Jensen,Vancouver,British Columbia,Canada,2020-07-29,true
CUST-009884,David Williams,Tampere,Pirkanmaa,Finland,2021-07-14,true
CUST-009885,Samuel Korhonen,Madrid,Community of Madrid,Spain,2021-01-07,true
CUST-009886,Yusuf Smith,Prague,Prague,Czechia,2020-06-10,true
CUST-009887,Jonas Schmidt,Oslo,Oslo,Norway,2026-05-31,true
CUST-009888,Yusuf Brown,Helsinki,Uusimaa,Finland,2021-05-11,true
CUST-009889,Daniel Schmidt,Manchester,England,United Kingdom,2025-09-11,true
CUST-009890,Yusuf Johnson,Stockholm,Stockholm County,Sweden,2022-01-02,true
CUST-009891,Nora Petrov,Copenhagen,Capital Region,Denmark,2021-12-06,true
CUST-009892,Leila Garcia,Rome,Lazio,Italy,2021-08-20,false
CUST-009893,Ada Schmidt,Stockholm,Stockholm County,Sweden,2020-10-11,true
CUST-009894,Omar Williams,Toronto,Ontario,Canada,2021-09-02,false
CUST-009895,Leila Nielsen,Austin,Texas,United States,2023-08-18,true
CUST-009896,Ada Muller,Madrid,Community of Madrid,Spain,2021-08-12,true
CUST-009897,Arthur Lopez,Brussels,Brussels-Capital,Belgium,2021-09-25,true
CUST-009898,Leila Muller,Tampere,Pirkanmaa,Finland,2025-08-03,true
CUST-009899,Noah Wilson,Gothenburg,Vastra Gotaland,Sweden,2025-12-19,true
CUST-009900,Maya Garcia,Manchester,England,United Kingdom,2024-03-14,true
CUST-009901,Jonas Smith,Munich,Bavaria,Germany,2020-04-25,true
CUST-009902,Grace Jensen,Milan,Lombardy,Italy,2024-04-06,true
CUST-009903,Nora Dubois,Barcelona,Catalonia,Spain,2023-12-20,true
CUST-009904,Ada Brown,Lyon,Auvergne-Rhone-Alpes,France,2023-12-27,true
CUST-009905,Lucas Berg,Madrid,Community of Madrid,Spain,2022-01-11,true
CUST-009906,Amina Andersson,Lisbon,Lisbon,Portugal,2022-08-29,true
CUST-009907,Daniel Ali,Tokyo,Tokyo,Japan,2021-08-31,true
CUST-009908,Zara Wilson,Stockholm,Stockholm County,Sweden,2023-04-21,true
CUST-009909,Jonas Ali,Oslo,Oslo,Norway,2022-10-16,true
CUST-009910,Grace Andersson,Helsinki,Uusimaa,Finland,2023-01-02,false
CUST-009911,Emma Lopez,Toronto,Ontario,Canada,2023-08-11,true
CUST-009912,Eva Brown,Brussels,Brussels-Capital,Belgium,2021-04-06,true
CUST-009913,David Wilson,Helsinki,Uusimaa,Finland,2026-04-09,true
CUST-009914,Zara Brown,Lisbon,Lisbon,Portugal,2026-05-11,true
CUST-009915,Yusuf Davis,Tokyo,Tokyo,Japan,2021-08-24,true
CUST-009916,Fatima Ibrahim,Lisbon,Lisbon,Portugal,2022-09-01,true
CUST-009917,Yusuf Virtanen,New York,New York,United States,2024-10-30,true
CUST-009918,Isla Virtanen,Prague,Prague,Czechia,2020-07-06,true
CUST-009919,Zara Williams,Lisbon,Lisbon,Portugal,2024-03-14,true
CUST-009920,Amina Khan,Milan,Lombardy,Italy,2021-10-16,true
CUST-009921,Henry Brown,Prague,Prague,Czechia,2022-03-20,true
CUST-009922,Grace Garcia,Warsaw,Masovian,Poland,2023-07-21,true
CUST-009923,Chloe Nielsen,Oslo,Oslo,Norway,2023-06-09,false
CUST-009924,Sofia Davis,Warsaw,Masovian,Poland,2024-08-12,true
CUST-009925,Jonas Ali,Madrid,Community of Madrid,Spain,2024-03-16,false
CUST-009926,Mila Williams,Lisbon,Lisbon,Portugal,2020-06-26,true
CUST-009927,Henry Martin,Vienna,Vienna,Austria,2024-05-13,true
CUST-009928,Mila Brown,Copenhagen,Capital Region,Denmark,2021-02-03,true
CUST-009929,Sofia Brown,Austin,Texas,United States,2025-04-25,true
CUST-009930,Lina Virtanen,Vienna,Vienna,Austria,2025-11-15,false
CUST-009931,Lina Virtanen,Oslo,Oslo,Norway,2021-03-14,false
CUST-009932,Mila Berg,Copenhagen,Capital Region,Denmark,2021-02-11,true
CUST-009933,Grace Rossi,Prague,Prague,Czechia,2021-04-09,true
CUST-009934,Daniel Rossi,Lisbon,Lisbon,Portugal,2026-05-09,true
CUST-009935,Grace Jensen,Prague,Prague,Czechia,2021-08-30,true
CUST-009936,Ada Dubois,Austin,Texas,United States,2022-05-08,true
CUST-009937,Elias Korhonen,Austin,Texas,United States,2025-03-31,true
CUST-009938,Chloe Andersson,Vancouver,British Columbia,Canada,2026-01-06,true
CUST-009939,Noah Wilson,Milan,Lombardy,Italy,2021-04-08,true
CUST-009940,Mateo Smith,Austin,Texas,United States,2020-04-18,true
CUST-009941,Oliver Ahmed,Prague,Prague,Czechia,2020-10-13,true
CUST-009942,Maya Johnson,Brussels,Brussels-Capital,Belgium,2025-04-24,false
CUST-009943,Oliver Andersson,Vancouver,British Columbia,Canada,2024-12-11,true
CUST-009944,Maya Williams,Lyon,Auvergne-Rhone-Alpes,France,2025-07-18,true
CUST-009945,Emma Berg,Gothenburg,Vastra Gotaland,Sweden,2026-05-09,true
CUST-009946,Elias Garcia,Turku,Southwest Finland,Finland,2026-03-21,true
CUST-009947,Sofia Wilson,Turku,Southwest Finland,Finland,2021-04-27,true
CUST-009948,Lucas Williams,Manchester,England,United Kingdom,2021-08-15,false
CUST-009949,Noah Korhonen,Warsaw,Masovian,Poland,2020-10-27,false
CUST-009950,Jonas Berg,Sydney,New South Wales,Australia,2024-07-23,true
CUST-009951,Mateo Moore,Madrid,Community of Madrid,Spain,2023-10-04,true
CUST-009952,Samuel Schmidt,Turku,Southwest Finland,Finland,2025-05-26,true
CUST-009953,David Dubois,Toronto,Ontario,Canada,2021-09-24,true
CUST-009954,Samuel Novak,Amsterdam,North Holland,Netherlands,2025-06-19,true
CUST-009955,Benjamin Santos,Stockholm,Stockholm County,Sweden,2020-01-18,true
CUST-009956,Grace Virtanen,Lisbon,Lisbon,Portugal,2026-07-20,true
CUST-009957,Ada Taylor,Brussels,Brussels-Capital,Belgium,2022-02-15,true
CUST-009958,Leo Petrov,Manchester,England,United Kingdom,2026-02-28,true
CUST-009959,Henry Moore,Toronto,Ontario,Canada,2021-08-01,true
CUST-009960,Arthur Andersson,Madrid,Community of Madrid,Spain,2024-09-28,true
CUST-009961,Benjamin Ali,Lisbon,Lisbon,Portugal,2021-02-27,true
CUST-009962,Grace Davis,Berlin,Berlin,Germany,2025-06-08,true
CUST-009963,Oliver Berg,Gothenburg,Vastra Gotaland,Sweden,2023-12-01,true
CUST-009964,Arthur Clark,Prague,Prague,Czechia,2024-07-26,true
CUST-009965,Zara Davis,Manchester,England,United Kingdom,2024-07-04,true
CUST-009966,Amina Khan,Munich,Bavaria,Germany,2020-09-07,true
CUST-009967,Nora Virtanen,Vancouver,British Columbia,Canada,2026-02-06,true
CUST-009968,Mila Schmidt,New York,New York,United States,2023-04-02,true
CUST-009969,Chloe Ali,Manchester,England,United Kingdom,2026-01-05,true
CUST-009970,Emma Ibrahim,Gothenburg,Vastra Gotaland,Sweden,2021-11-05,true
CUST-009971,Jonas Andersson,Austin,Texas,United States,2024-03-31,true
CUST-009972,Lucas Smith,Helsinki,Uusimaa,Finland,2021-05-16,true
CUST-009973,Lina Ali,Amsterdam,North Holland,Netherlands,2023-09-10,true
CUST-009974,Grace Ibrahim,Manchester,England,United Kingdom,2026-05-12,false
CUST-009975,Grace Rossi,Vienna,Vienna,Austria,2023-02-26,true
CUST-009976,Lucas Santos,Vancouver,British Columbia,Canada,2021-08-18,true
CUST-009977,Jonas Davis,Stockholm,Stockholm County,Sweden,2024-08-21,true
CUST-009978,Jonas Ibrahim,Lisbon,Lisbon,Portugal,2021-04-14,true
CUST-009979,Noah Johnson,Manchester,England,United Kingdom,2024-11-09,true
CUST-009980,Grace Wilson,Turku,Southwest Finland,Finland,2022-05-24,true
CUST-009981,Emma Petrov,New York,New York,United States,2021-12-01,false
CUST-009982,Grace Korhonen,Helsinki,Uusimaa,Finland,2020-02-08,false
CUST-009983,Samuel Davis,Copenhagen,Capital Region,Denmark,2021-04-15,true
CUST-009984,Elias Rossi,Tokyo,Tokyo,Japan,2021-03-24,true
CUST-009985,Emma Rossi,Manchester,England,United Kingdom,2021-07-08,true
CUST-009986,Leila Moore,Paris,Ile-de-France,France,2023-05-15,true
CUST-009987,Amina Johnson,Stockholm,Stockholm County,Sweden,2026-08-29,true
CUST-009988,Fatima Williams,Turku,Southwest Finland,Finland,2025-02-05,true
CUST-009989,Daniel Andersson,Berlin,Berlin,Germany,2025-08-07,true
CUST-009990,Ada Johnson,Madrid,Community of Madrid,Spain,2020-12-02,true
CUST-009991,Lucas Rossi,Vancouver,British Columbia,Canada,2026-07-15,true
CUST-009992,Ada Nielsen,London,England,United Kingdom,2025-09-12,true
CUST-009993,Mila Ahmed,Barcelona,Catalonia,Spain,2020-02-18,true
CUST-009994,Grace Nielsen,Gothenburg,Vastra Gotaland,Sweden,2021-09-08,true
CUST-009995,Emma Brown,Copenhagen,Capital Region,Denmark,2022-09-25,true
CUST-009996,Lina Johnson,Copenhagen,Capital Region,Denmark,2020-01-14,true
CUST-009997,Nora Martin,Tokyo,Tokyo,Japan,2023-05-18,true
CUST-009998,Fatima Jensen,Oslo,Oslo,Norway,2025-02-04,true
CUST-009999,Nora Davis,Vancouver,British Columbia,Canada,2021-01-06,false
CUST-010000,Maya Silva,Toronto,Ontario,Canada,2024-09-30,true