order_id,customer_id,order_date,product_name,category,quantity,unit_price,total_amount,status
ORD-0000001,CUST-005605,2026-06-12,Webcam,Electronics,4,79.46,317.84,Processing
ORD-0000002,CUST-005338,2026-07-23,Water Bottle,Lifestyle,2,18.16,36.32,Processing
ORD-0000003,CUST-000938,2022-06-14,Water Bottle,Lifestyle,2,17.49,34.98,Returned
ORD-0000004,CUST-003570,2026-02-26,Wireless Mouse,Electronics,5,31.76,158.8,Returned
ORD-0000005,CUST-007770,2025-01-13,Wireless Mouse,Electronics,1,27.7,27.7,Returned
ORD-0000006,CUST-005043,2025-07-09,Laptop Stand,Office,5,47.53,237.65,Completed
ORD-0000007,CUST-000039,2025-11-11,Notebook Set,Stationery,2,13.02,26.04,Cancelled
ORD-0000008,CUST-004522,2024-11-12,Wireless Mouse,Electronics,1,28.57,28.57,Completed
ORD-0000009,CUST-008495,2026-08-03,Water Bottle,Lifestyle,1,18.81,18.81,Completed
ORD-0000010,CUST-007910,2022-12-06,Notebook Set,Stationery,1,12.41,12.41,Cancelled
ORD-0000011,CUST-002431,2025-10-02,Ergonomic Chair,Furniture,6,271.53,1629.18,Completed
ORD-0000012,CUST-007847,2023-10-22,Mechanical Keyboard,Electronics,2,90.97,181.94,Cancelled
ORD-0000013,CUST-004113,2024-01-06,Water Bottle,Lifestyle,4,20.72,82.88,Cancelled
ORD-0000014,CUST-004748,2024-02-07,Mechanical Keyboard,Electronics,5,91.14,455.7,Cancelled
ORD-0000015,CUST-004511,2025-03-11,Noise-Canceling Headphones,Electronics,4,184.6,738.4,Cancelled
ORD-0000016,CUST-003130,2026-06-24,Mechanical Keyboard,Electronics,2,88.64,177.28,Returned
ORD-0000017,CUST-001425,2026-02-16,Ergonomic Chair,Furniture,5,256.51,1282.55,Returned
ORD-0000018,CUST-005557,2025-04-09,Water Bottle,Lifestyle,4,17.6,70.4,Completed
ORD-0000019,CUST-003596,2023-08-09,Backpack,Lifestyle,5,64.95,324.75,Cancelled
ORD-0000020,CUST-009063,2026-06-11,Notebook Set,Stationery,1,13.1,13.1,Processing
ORD-0000021,CUST-006896,2026-04-05,Water Bottle,Lifestyle,6,18.6,111.6,Processing
ORD-0000022,CUST-001384,2024-10-01,Noise-Canceling Headphones,Electronics,3,167.46,502.38,Shipped
ORD-0000023,CUST-001194,2026-05-14,Ergonomic Chair,Furniture,5,269.42,1347.1,Completed
ORD-0000024,CUST-006857,2023-05-29,Notebook Set,Stationery,2,11.54,23.08,Completed
ORD-0000025,CUST-008985,2023-02-05,USB-C Hub,Electronics,2,44.92,89.84,Cancelled
ORD-0000026,CUST-004307,2025-10-23,Water Bottle,Lifestyle,5,19.04,95.2,Processing
ORD-0000027,CUST-009387,2022-10-01,Webcam,Electronics,3,69.61,208.83,Completed
ORD-0000028,CUST-001793,2026-06-03,Webcam,Electronics,5,74.12,370.6,Completed
ORD-0000029,CUST-003588,2023-03-23,Notebook Set,Stationery,1,11.84,11.84,Completed
ORD-0000030,CUST-005536,2025-09-01,Notebook Set,Stationery,2,13.57,27.14,Cancelled
ORD-0000031,CUST-000343,2024-11-14,USB-C Hub,Electronics,4,51.22,204.88,Cancelled
ORD-0000032,CUST-002882,2025-10-19,USB-C Hub,Electronics,6,50.46,302.76,Completed
ORD-0000033,CUST-002615,2024-12-10,Water Bottle,Lifestyle,3,18.56,55.68,Cancelled
ORD-0000034,CUST-001645,2025-12-15,Mechanical Keyboard,Electronics,1,85.38,85.38,Shipped
ORD-0000035,CUST-008951,2024-01-11,Backpack,Lifestyle,1,56.76,56.76,Processing
ORD-0000036,CUST-000663,2023-07-07,USB-C Hub,Electronics,3,46.06,138.18,Processing
ORD-0000037,CUST-005690,2026-01-11,Laptop Stand,Office,4,41.58,166.32,Cancelled
ORD-0000038,CUST-008929,2021-06-18,Water Bottle,Lifestyle,2,18.14,36.28,Completed
ORD-0000039,CUST-008588,2026-07-09,Webcam,Electronics,1,75.06,75.06,Shipped
ORD-0000040,CUST-003120,2024-12-11,Webcam,Electronics,6,72.57,435.42,Processing
ORD-0000041,CUST-004972,2022-06-29,Backpack,Lifestyle,3,61.17,183.51,Returned
ORD-0000042,CUST-005884,2026-01-18,Webcam,Electronics,5,80.88,404.4,Shipped
ORD-0000043,CUST-009998,2026-06-13,Laptop Stand,Office,4,46.5,186,Shipped
ORD-0000044,CUST-009722,2025-05-30,Water Bottle,Lifestyle,5,17.53,87.65,Processing
ORD-0000045,CUST-003110,2025-10-29,Desk Organizer,Office,6,26.64,159.84,Completed
ORD-0000046,CUST-003809,2021-09-22,Ergonomic Chair,Furniture,2,246.04,492.08,Processing
ORD-0000047,CUST-003311,2024-10-21,Laptop Stand,Office,3,45.76,137.28,Processing
ORD-0000048,CUST-003597,2023-09-07,Water Bottle,Lifestyle,5,19.9,99.5,Cancelled
ORD-0000049,CUST-004311,2024-12-24,USB-C Hub,Electronics,1,52.14,52.14,Cancelled
ORD-0000050,CUST-005543,2026-02-05,Mechanical Keyboard,Electronics,5,96.29,481.45,Returned
ORD-0000051,CUST-003176,2023-12-31,Mechanical Keyboard,Electronics,5,85.88,429.4,Completed
ORD-0000052,CUST-001818,2023-01-05,USB-C Hub,Electronics,1,53.74,53.74,Shipped
ORD-0000053,CUST-008543,2025-05-01,Laptop Stand,Office,5,43.02,215.1,Completed
ORD-0000054,CUST-002314,2025-06-01,Laptop Stand,Office,3,44.37,133.11,Completed
ORD-0000055,CUST-007023,2024-04-13,Webcam,Electronics,2,66.9,133.8,Returned
ORD-0000056,CUST-003826,2026-07-28,Noise-Canceling Headphones,Electronics,3,176.76,530.28,Cancelled
ORD-0000057,CUST-008857,2020-10-19,Laptop Stand,Office,5,42.44,212.2,Cancelled
ORD-0000058,CUST-008722,2026-04-12,Wireless Mouse,Electronics,1,32.72,32.72,Shipped
ORD-0000059,CUST-006449,2023-07-21,Backpack,Lifestyle,6,63.57,381.42,Processing
ORD-0000060,CUST-007971,2025-04-28,Desk Organizer,Office,4,26.04,104.16,Completed
ORD-0000061,CUST-001839,2026-08-31,Webcam,Electronics,4,72.8,291.2,Completed
ORD-0000062,CUST-005847,2024-10-03,Noise-Canceling Headphones,Electronics,2,180.33,360.66,Completed
ORD-0000063,CUST-001734,2026-08-01,Backpack,Lifestyle,5,61,305,Shipped
ORD-0000064,CUST-006181,2026-01-01,Webcam,Electronics,2,72.61,145.22,Completed
ORD-0000065,CUST-001180,2025-11-19,Desk Organizer,Office,5,26.47,132.35,Cancelled
ORD-0000066,CUST-002476,2022-02-04,Wireless Mouse,Electronics,6,31.39,188.34,Returned
ORD-0000067,CUST-009471,2026-01-26,Standing Desk,Furniture,1,378.95,378.95,Processing
ORD-0000068,CUST-006753,2022-07-23,Webcam,Electronics,4,78.66,314.64,Completed
ORD-0000069,CUST-004381,2026-04-05,Desk Organizer,Office,3,24.83,74.49,Completed
ORD-0000070,CUST-004458,2023-03-25,Desk Organizer,Office,5,26.85,134.25,Processing
ORD-0000071,CUST-003333,2023-02-24,Mechanical Keyboard,Electronics,6,83.06,498.36,Cancelled
ORD-0000072,CUST-005273,2026-07-13,Ergonomic Chair,Furniture,2,268.64,537.28,Returned
ORD-0000073,CUST-002572,2023-08-25,Notebook Set,Stationery,6,11.79,70.74,Returned
ORD-0000074,CUST-002188,2025-08-12,Desk Organizer,Office,4,23.48,93.92,Processing
ORD-0000075,CUST-007959,2026-01-10,Water Bottle,Lifestyle,2,17.65,35.3,Completed
ORD-0000076,CUST-003658,2024-04-24,Water Bottle,Lifestyle,4,18.41,73.64,Processing
ORD-0000077,CUST-003464,2026-02-15,USB-C Hub,Electronics,5,47.8,239,Cancelled
ORD-0000078,CUST-006209,2024-08-16,Ergonomic Chair,Furniture,4,232.59,930.36,Completed
ORD-0000079,CUST-005962,2025-10-19,Backpack,Lifestyle,3,61.84,185.52,Shipped
ORD-0000080,CUST-007323,2025-02-17,Wireless Mouse,Electronics,4,27.94,111.76,Shipped
ORD-0000081,CUST-007420,2025-07-13,Wireless Mouse,Electronics,5,31.7,158.5,Cancelled
ORD-0000082,CUST-000947,2023-08-03,Water Bottle,Lifestyle,1,17.77,17.77,Shipped
ORD-0000083,CUST-008070,2025-09-22,Ergonomic Chair,Furniture,3,238.33,714.99,Shipped
ORD-0000084,CUST-000478,2026-05-02,Backpack,Lifestyle,2,63.65,127.3,Shipped
ORD-0000085,CUST-006660,2026-08-01,Desk Organizer,Office,5,23.81,119.05,Processing
ORD-0000086,CUST-006560,2023-12-18,Mechanical Keyboard,Electronics,2,86.69,173.38,Completed
ORD-0000087,CUST-006386,2024-04-14,Ergonomic Chair,Furniture,5,237.56,1187.8,Completed
ORD-0000088,CUST-009540,2025-10-22,Mechanical Keyboard,Electronics,2,90.05,180.1,Shipped
ORD-0000089,CUST-007581,2024-05-26,Ergonomic Chair,Furniture,3,266.78,800.34,Cancelled
ORD-0000090,CUST-008924,2023-12-03,Webcam,Electronics,3,71.95,215.85,Completed
ORD-0000091,CUST-000776,2025-11-14,Ergonomic Chair,Furniture,4,272.69,1090.76,Shipped
ORD-0000092,CUST-004681,2025-05-06,Wireless Mouse,Electronics,4,31.68,126.72,Completed
ORD-0000093,CUST-006206,2024-01-17,Standing Desk,Furniture,4,383.61,1534.44,Shipped
ORD-0000094,CUST-007736,2025-12-31,Laptop Stand,Office,4,46.24,184.96,Completed
ORD-0000095,CUST-008376,2026-04-26,Mechanical Keyboard,Electronics,5,82.61,413.05,Shipped
ORD-0000096,CUST-009493,2024-04-18,Mechanical Keyboard,Electronics,4,86.55,346.2,Completed
ORD-0000097,CUST-006759,2026-08-08,Ergonomic Chair,Furniture,2,265.17,530.34,Completed
ORD-0000098,CUST-002743,2025-07-15,Notebook Set,Stationery,2,11.85,23.7,Cancelled
ORD-0000099,CUST-006237,2025-10-02,Standing Desk,Furniture,4,400.88,1603.52,Completed
ORD-0000100,CUST-008783,2026-04-13,Ergonomic Chair,Furniture,6,252.38,1514.28,Processing
ORD-0000101,CUST-003367,2022-06-18,Webcam,Electronics,2,77.77,155.54,Returned
ORD-0000102,CUST-008103,2022-11-05,Notebook Set,Stationery,3,11.56,34.68,Cancelled
ORD-0000103,CUST-007078,2024-05-26,Desk Organizer,Office,5,23.03,115.15,Processing
ORD-0000104,CUST-004488,2024-12-16,Webcam,Electronics,5,78.76,393.8,Completed
ORD-0000105,CUST-004879,2026-08-10,Mechanical Keyboard,Electronics,5,82.77,413.85,Shipped
ORD-0000106,CUST-004859,2026-03-14,Laptop Stand,Office,3,41.64,124.92,Completed
ORD-0000107,CUST-008179,2026-07-20,Webcam,Electronics,3,76.53,229.59,Completed
ORD-0000108,CUST-009722,2026-07-06,Desk Organizer,Office,2,24.59,49.18,Completed
ORD-0000109,CUST-002819,2026-07-06,Desk Organizer,Office,4,24.02,96.08,Shipped
ORD-0000110,CUST-001548,2025-10-01,Ergonomic Chair,Furniture,2,235.34,470.68,Returned
ORD-0000111,CUST-003390,2025-12-19,Mechanical Keyboard,Electronics,1,92.18,92.18,Completed
ORD-0000112,CUST-000941,2026-05-02,Standing Desk,Furniture,2,367.38,734.76,Cancelled
ORD-0000113,CUST-002459,2025-12-29,Laptop Stand,Office,5,45.65,228.25,Completed
ORD-0000114,CUST-002931,2026-01-20,Noise-Canceling Headphones,Electronics,1,166.92,166.92,Processing
ORD-0000115,CUST-008268,2022-10-30,Laptop Stand,Office,2,40.73,81.46,Completed
ORD-0000116,CUST-008238,2025-02-05,Ergonomic Chair,Furniture,4,263.16,1052.64,Shipped
ORD-0000117,CUST-007020,2026-07-09,Ergonomic Chair,Furniture,2,251.63,503.26,Completed
ORD-0000118,CUST-006849,2026-05-25,USB-C Hub,Electronics,6,50.31,301.86,Shipped
ORD-0000119,CUST-008338,2025-05-17,Notebook Set,Stationery,3,11.92,35.76,Processing
ORD-0000120,CUST-003757,2023-12-23,Desk Organizer,Office,3,22.53,67.59,Shipped
ORD-0000121,CUST-004991,2025-03-30,Desk Organizer,Office,3,26.14,78.42,Shipped
ORD-0000122,CUST-009200,2024-02-05,Water Bottle,Lifestyle,6,17.64,105.84,Shipped
ORD-0000123,CUST-000482,2026-09-05,Desk Organizer,Office,6,24.63,147.78,Returned
ORD-0000124,CUST-008242,2022-05-28,Laptop Stand,Office,5,42.99,214.95,Processing
ORD-0000125,CUST-000586,2024-03-18,Backpack,Lifestyle,1,60.2,60.2,Shipped
ORD-0000126,CUST-007050,2024-09-30,Webcam,Electronics,5,70.94,354.7,Completed
ORD-0000127,CUST-007448,2025-04-09,Wireless Mouse,Electronics,2,30.12,60.24,Processing
ORD-0000128,CUST-005700,2026-08-23,Water Bottle,Lifestyle,1,18.83,18.83,Processing
ORD-0000129,CUST-007311,2026-06-25,Notebook Set,Stationery,2,13.53,27.06,Completed
ORD-0000130,CUST-009860,2023-07-25,Notebook Set,Stationery,2,12.07,24.14,Processing
ORD-0000131,CUST-005490,2026-03-13,Desk Organizer,Office,6,26.11,156.66,Processing
ORD-0000132,CUST-006196,2024-07-25,Ergonomic Chair,Furniture,6,255.85,1535.1,Completed
ORD-0000133,CUST-004668,2025-11-27,Desk Organizer,Office,4,23.28,93.12,Shipped
ORD-0000134,CUST-008840,2023-09-17,Mechanical Keyboard,Electronics,3,95.09,285.27,Completed
ORD-0000135,CUST-005125,2025-09-11,Notebook Set,Stationery,3,13.75,41.25,Completed
ORD-0000136,CUST-006770,2024-05-18,Noise-Canceling Headphones,Electronics,4,180.68,722.72,Returned
ORD-0000137,CUST-007976,2021-12-22,Desk Organizer,Office,1,22.56,22.56,Completed
ORD-0000138,CUST-004436,2023-10-14,Webcam,Electronics,2,74.35,148.7,Processing
ORD-0000139,CUST-005025,2026-08-01,Mechanical Keyboard,Electronics,3,94.7,284.1,Processing
ORD-0000140,CUST-000484,2024-06-06,Notebook Set,Stationery,5,11.79,58.95,Completed
ORD-0000141,CUST-001323,2026-05-28,USB-C Hub,Electronics,1,47.84,47.84,Returned
ORD-0000142,CUST-001925,2026-08-13,Webcam,Electronics,6,71.05,426.3,Completed
ORD-0000143,CUST-009025,2025-08-09,Mechanical Keyboard,Electronics,6,87.75,526.5,Returned
ORD-0000144,CUST-003582,2021-08-09,Notebook Set,Stationery,3,12.05,36.15,Processing
ORD-0000145,CUST-003638,2024-11-01,Ergonomic Chair,Furniture,2,247.86,495.72,Returned
ORD-0000146,CUST-005158,2025-03-14,Ergonomic Chair,Furniture,1,229.13,229.13,Shipped
ORD-0000147,CUST-006260,2026-01-28,Backpack,Lifestyle,5,64.15,320.75,Completed
ORD-0000148,CUST-000790,2026-08-17,Backpack,Lifestyle,3,60.63,181.89,Completed
ORD-0000149,CUST-007892,2025-05-15,Standing Desk,Furniture,2,363.5,727,Completed
ORD-0000150,CUST-008403,2021-10-25,Notebook Set,Stationery,1,12.27,12.27,Cancelled
ORD-0000151,CUST-004430,2026-06-14,Standing Desk,Furniture,2,399.09,798.18,Shipped
ORD-0000152,CUST-008732,2022-08-30,Ergonomic Chair,Furniture,2,227.71,455.42,Processing
ORD-0000153,CUST-003422,2023-03-08,Mechanical Keyboard,Electronics,1,85,85,Shipped
ORD-0000154,CUST-006336,2025-08-18,Wireless Mouse,Electronics,2,32.8,65.6,Processing
ORD-0000155,CUST-006183,2025-01-19,USB-C Hub,Electronics,4,50.61,202.44,Returned
ORD-0000156,CUST-007472,2025-06-06,Ergonomic Chair,Furniture,5,245.37,1226.85,Processing
ORD-0000157,CUST-001376,2024-09-20,Ergonomic Chair,Furniture,3,232.74,698.22,Cancelled
ORD-0000158,CUST-002140,2022-12-16,Ergonomic Chair,Furniture,6,262.91,1577.46,Completed
ORD-0000159,CUST-008627,2022-05-07,USB-C Hub,Electronics,5,48.22,241.1,Processing
ORD-0000160,CUST-000181,2024-01-13,Notebook Set,Stationery,4,11.6,46.4,Processing
ORD-0000161,CUST-003295,2026-07-16,Laptop Stand,Office,6,47.25,283.5,Completed
ORD-0000162,CUST-003737,2025-12-25,Ergonomic Chair,Furniture,6,272.63,1635.78,Returned
ORD-0000163,CUST-005969,2021-06-21,Laptop Stand,Office,6,41.77,250.62,Cancelled
ORD-0000164,CUST-000935,2026-08-24,Laptop Stand,Office,1,44.53,44.53,Shipped
ORD-0000165,CUST-002806,2023-12-26,Notebook Set,Stationery,1,13.69,13.69,Shipped
ORD-0000166,CUST-008144,2025-11-06,Noise-Canceling Headphones,Electronics,2,196.32,392.64,Shipped
ORD-0000167,CUST-005276,2026-04-05,Laptop Stand,Office,2,45.89,91.78,Processing
ORD-0000168,CUST-000626,2026-07-24,Backpack,Lifestyle,6,60.37,362.22,Completed
ORD-0000169,CUST-000448,2025-09-27,Wireless Mouse,Electronics,2,31.7,63.4,Cancelled
ORD-0000170,CUST-003954,2025-03-28,Notebook Set,Stationery,3,13.4,40.2,Processing
ORD-0000171,CUST-005361,2025-09-14,Ergonomic Chair,Furniture,2,239.17,478.34,Completed
ORD-0000172,CUST-001011,2025-06-25,Webcam,Electronics,6,79.94,479.64,Completed
ORD-0000173,CUST-001622,2023-03-30,Standing Desk,Furniture,1,434.31,434.31,Processing
ORD-0000174,CUST-001941,2023-07-31,Ergonomic Chair,Furniture,6,241.02,1446.12,Cancelled
ORD-0000175,CUST-008793,2026-05-15,Notebook Set,Stationery,6,11.87,71.22,Completed
ORD-0000176,CUST-006875,2026-08-21,Backpack,Lifestyle,4,58.52,234.08,Completed
ORD-0000177,CUST-007666,2025-12-03,Standing Desk,Furniture,4,360.19,1440.76,Shipped
ORD-0000178,CUST-003788,2024-12-30,Noise-Canceling Headphones,Electronics,1,186.2,186.2,Shipped
ORD-0000179,CUST-007037,2026-03-24,Laptop Stand,Office,6,44.72,268.32,Processing
ORD-0000180,CUST-006328,2025-12-18,Webcam,Electronics,3,71.56,214.68,Shipped
ORD-0000181,CUST-000050,2025-12-01,Laptop Stand,Office,4,43.17,172.68,Processing
ORD-0000182,CUST-008949,2024-07-03,Noise-Canceling Headphones,Electronics,1,184.89,184.89,Completed
ORD-0000183,CUST-008717,2023-12-06,Laptop Stand,Office,6,42.8,256.8,Shipped
ORD-0000184,CUST-009220,2026-02-03,Webcam,Electronics,6,76.43,458.58,Completed
ORD-0000185,CUST-007706,2024-07-14,Notebook Set,Stationery,6,12.6,75.6,Processing
ORD-0000186,CUST-009621,2024-03-30,Wireless Mouse,Electronics,3,31.45,94.35,Returned
ORD-0000187,CUST-000995,2025-07-08,Standing Desk,Furniture,4,423.86,1695.44,Completed
ORD-0000188,CUST-003688,2026-08-02,Ergonomic Chair,Furniture,6,253.24,1519.44,Shipped
ORD-0000189,CUST-007471,2026-04-02,Mechanical Keyboard,Electronics,2,87.7,175.4,Cancelled
ORD-0000190,CUST-003855,2023-08-23,Noise-Canceling Headphones,Electronics,1,186.12,186.12,Returned
ORD-0000191,CUST-004091,2023-03-05,Standing Desk,Furniture,2,410.2,820.4,Returned
ORD-0000192,CUST-000819,2026-05-08,Desk Organizer,Office,6,25.15,150.9,Shipped
ORD-0000193,CUST-007669,2026-09-04,Laptop Stand,Office,5,47.87,239.35,Completed
ORD-0000194,CUST-006787,2024-12-05,Ergonomic Chair,Furniture,5,253.51,1267.55,Returned
ORD-0000195,CUST-008916,2026-07-01,Water Bottle,Lifestyle,3,19.79,59.37,Completed
ORD-0000196,CUST-007445,2024-07-12,Ergonomic Chair,Furniture,5,258.6,1293,Shipped
ORD-0000197,CUST-004801,2025-01-28,Notebook Set,Stationery,1,13.18,13.18,Processing
ORD-0000198,CUST-009988,2025-03-03,Ergonomic Chair,Furniture,4,240.9,963.6,Processing
ORD-0000199,CUST-007835,2023-10-19,Noise-Canceling Headphones,Electronics,5,197.2,986,Completed
ORD-0000200,CUST-007061,2024-10-13,Notebook Set,Stationery,2,13.56,27.12,Completed
ORD-0000201,CUST-003378,2023-04-19,Ergonomic Chair,Furniture,5,230.8,1154,Processing
ORD-0000202,CUST-008951,2024-01-04,Desk Organizer,Office,1,23.85,23.85,Processing
ORD-0000203,CUST-008552,2025-02-01,Wireless Mouse,Electronics,5,28.5,142.5,Completed
ORD-0000204,CUST-008872,2025-11-13,USB-C Hub,Electronics,2,52.37,104.74,Returned
ORD-0000205,CUST-008863,2026-05-29,Desk Organizer,Office,5,26.74,133.7,Shipped
ORD-0000206,CUST-008693,2025-10-04,USB-C Hub,Electronics,3,49.37,148.11,Cancelled
ORD-0000207,CUST-001122,2026-01-01,Webcam,Electronics,5,71.95,359.75,Returned
ORD-0000208,CUST-004952,2025-10-02,Desk Organizer,Office,6,26.12,156.72,Processing
ORD-0000209,CUST-003751,2022-04-18,Laptop Stand,Office,5,49.15,245.75,Shipped
ORD-0000210,CUST-007486,2025-01-20,Mechanical Keyboard,Electronics,6,93.12,558.72,Completed
ORD-0000211,CUST-008089,2025-09-12,Desk Organizer,Office,5,25.19,125.95,Processing
ORD-0000212,CUST-005544,2023-05-22,Webcam,Electronics,1,71.14,71.14,Completed
ORD-0000213,CUST-006764,2026-03-05,Notebook Set,Stationery,3,13.97,41.91,Completed
ORD-0000214,CUST-008710,2025-04-02,Water Bottle,Lifestyle,5,17.52,87.6,Completed
ORD-0000215,CUST-007749,2024-09-26,Standing Desk,Furniture,4,416.53,1666.12,Shipped
ORD-0000216,CUST-002479,2026-07-31,Mechanical Keyboard,Electronics,2,86.51,173.02,Shipped
ORD-0000217,CUST-005178,2022-04-24,Webcam,Electronics,3,66.61,199.83,Completed
ORD-0000218,CUST-000840,2026-04-30,Noise-Canceling Headphones,Electronics,3,184.9,554.7,Completed
ORD-0000219,CUST-000532,2026-08-30,Desk Organizer,Office,6,25.18,151.08,Completed
ORD-0000220,CUST-000711,2022-06-30,Desk Organizer,Office,4,23.87,95.48,Cancelled
ORD-0000221,CUST-000270,2025-01-10,Noise-Canceling Headphones,Electronics,1,188.47,188.47,Cancelled
ORD-0000222,CUST-005545,2026-07-22,Standing Desk,Furniture,4,421.79,1687.16,Returned
ORD-0000223,CUST-008517,2025-02-02,Mechanical Keyboard,Electronics,6,85.18,511.08,Completed
ORD-0000224,CUST-007993,2026-04-10,Notebook Set,Stationery,3,13.96,41.88,Processing
ORD-0000225,CUST-005893,2026-03-11,Ergonomic Chair,Furniture,6,245.08,1470.48,Shipped
ORD-0000226,CUST-003921,2025-12-30,Standing Desk,Furniture,3,403.69,1211.07,Completed
ORD-0000227,CUST-008071,2025-10-11,Notebook Set,Stationery,6,11.49,68.94,Completed
ORD-0000228,CUST-002667,2026-07-27,Webcam,Electronics,1,70.83,70.83,Returned
ORD-0000229,CUST-000177,2025-10-10,Desk Organizer,Office,6,26.75,160.5,Completed
ORD-0000230,CUST-000847,2023-01-04,Ergonomic Chair,Furniture,3,228.87,686.61,Cancelled
ORD-0000231,CUST-005604,2026-08-11,Webcam,Electronics,5,79.94,399.7,Completed
ORD-0000232,CUST-009582,2026-03-10,Wireless Mouse,Electronics,2,29.02,58.04,Completed
ORD-0000233,CUST-000351,2025-12-15,USB-C Hub,Electronics,5,47.71,238.55,Processing
ORD-0000234,CUST-007465,2026-01-15,Mechanical Keyboard,Electronics,4,83.13,332.52,Completed
ORD-0000235,CUST-006464,2024-06-15,Standing Desk,Furniture,3,433.73,1301.19,Shipped
ORD-0000236,CUST-004135,2025-03-14,Desk Organizer,Office,6,22.99,137.94,Shipped
ORD-0000237,CUST-000693,2023-07-26,Noise-Canceling Headphones,Electronics,5,181.88,909.4,Completed
ORD-0000238,CUST-001783,2026-02-23,Desk Organizer,Office,5,23.7,118.5,Shipped
ORD-0000239,CUST-006940,2026-08-12,Water Bottle,Lifestyle,2,19.84,39.68,Completed
ORD-0000240,CUST-004443,2022-01-23,Ergonomic Chair,Furniture,5,266.97,1334.85,Completed
ORD-0000241,CUST-003603,2020-05-01,Noise-Canceling Headphones,Electronics,3,175.29,525.87,Processing
ORD-0000242,CUST-007411,2026-09-02,Mechanical Keyboard,Electronics,2,85.75,171.5,Returned
ORD-0000243,CUST-009406,2023-11-27,Noise-Canceling Headphones,Electronics,5,179.86,899.3,Completed
ORD-0000244,CUST-001634,2021-02-08,Mechanical Keyboard,Electronics,6,81.72,490.32,Returned
ORD-0000245,CUST-003807,2026-08-20,Noise-Canceling Headphones,Electronics,3,162.91,488.73,Completed
ORD-0000246,CUST-000412,2026-01-12,Noise-Canceling Headphones,Electronics,3,179.93,539.79,Shipped
ORD-0000247,CUST-000580,2021-05-18,Wireless Mouse,Electronics,5,29.34,146.7,Cancelled
ORD-0000248,CUST-008262,2024-02-29,USB-C Hub,Electronics,6,51.83,310.98,Completed
ORD-0000249,CUST-005672,2026-07-19,Wireless Mouse,Electronics,1,31.64,31.64,Cancelled
ORD-0000250,CUST-004282,2023-12-04,Laptop Stand,Office,4,40.98,163.92,Processing
ORD-0000251,CUST-002909,2023-11-10,Laptop Stand,Office,1,41.03,41.03,Completed
ORD-0000252,CUST-004857,2020-07-15,Webcam,Electronics,3,76.27,228.81,Completed
ORD-0000253,CUST-003667,2026-07-11,USB-C Hub,Electronics,3,53.23,159.69,Returned
ORD-0000254,CUST-003060,2025-11-20,Ergonomic Chair,Furniture,2,233.79,467.58,Cancelled
ORD-0000255,CUST-009084,2025-12-01,Wireless Mouse,Electronics,3,30.6,91.8,Processing
ORD-0000256,CUST-004585,2024-05-15,Laptop Stand,Office,2,41.4,82.8,Completed
ORD-0000257,CUST-005925,2025-07-01,Water Bottle,Lifestyle,1,17.85,17.85,Cancelled
ORD-0000258,CUST-002553,2024-10-14,Noise-Canceling Headphones,Electronics,1,183.76,183.76,Completed
ORD-0000259,CUST-009673,2022-08-11,Mechanical Keyboard,Electronics,5,94.19,470.95,Shipped
ORD-0000260,CUST-006046,2024-08-16,Water Bottle,Lifestyle,3,18.65,55.95,Shipped
ORD-0000261,CUST-000954,2024-08-13,Standing Desk,Furniture,2,383.44,766.88,Returned
ORD-0000262,CUST-009697,2025-12-05,Standing Desk,Furniture,1,407.82,407.82,Shipped
ORD-0000263,CUST-003886,2025-10-27,Standing Desk,Furniture,1,400.13,400.13,Returned
ORD-0000264,CUST-004193,2025-10-02,Laptop Stand,Office,6,44.67,268.02,Completed
ORD-0000265,CUST-007450,2025-04-22,Mechanical Keyboard,Electronics,2,97.67,195.34,Cancelled
ORD-0000266,CUST-000031,2025-12-16,Ergonomic Chair,Furniture,3,230.35,691.05,Shipped
ORD-0000267,CUST-003461,2026-03-24,Laptop Stand,Office,5,48.53,242.65,Completed
ORD-0000268,CUST-009369,2024-10-01,Laptop Stand,Office,6,44.37,266.22,Processing
ORD-0000269,CUST-007257,2024-10-25,Ergonomic Chair,Furniture,4,229.06,916.24,Returned
ORD-0000270,CUST-003310,2025-12-11,Desk Organizer,Office,6,24.18,145.08,Completed
ORD-0000271,CUST-009675,2026-07-03,Ergonomic Chair,Furniture,4,233.7,934.8,Processing
ORD-0000272,CUST-004480,2026-04-28,Laptop Stand,Office,4,41.86,167.44,Completed
ORD-0000273,CUST-001431,2024-11-11,Backpack,Lifestyle,1,59.49,59.49,Shipped
ORD-0000274,CUST-007227,2022-06-16,Laptop Stand,Office,2,47.54,95.08,Completed
ORD-0000275,CUST-003479,2024-11-16,Mechanical Keyboard,Electronics,3,87.73,263.19,Cancelled
ORD-0000276,CUST-000289,2025-05-29,Water Bottle,Lifestyle,1,18.66,18.66,Completed
ORD-0000277,CUST-009448,2022-12-16,Wireless Mouse,Electronics,1,30.74,30.74,Returned
ORD-0000278,CUST-009278,2025-10-16,Water Bottle,Lifestyle,2,20.13,40.26,Cancelled
ORD-0000279,CUST-008763,2022-07-16,Desk Organizer,Office,5,22.26,111.3,Processing
ORD-0000280,CUST-008827,2025-10-26,USB-C Hub,Electronics,1,53.82,53.82,Returned
ORD-0000281,CUST-001523,2025-04-24,USB-C Hub,Electronics,5,52.48,262.4,Cancelled
ORD-0000282,CUST-006733,2026-07-10,Water Bottle,Lifestyle,4,19.64,78.56,Completed
ORD-0000283,CUST-008743,2024-08-29,Wireless Mouse,Electronics,4,28.56,114.24,Returned
ORD-0000284,CUST-004945,2026-06-22,Wireless Mouse,Electronics,1,30.27,30.27,Shipped
ORD-0000285,CUST-004059,2026-04-27,Ergonomic Chair,Furniture,6,273.2,1639.2,Shipped
ORD-0000286,CUST-004748,2023-11-09,Laptop Stand,Office,6,42.4,254.4,Completed
ORD-0000287,CUST-005469,2026-05-15,Wireless Mouse,Electronics,1,28.48,28.48,Cancelled
ORD-0000288,CUST-005975,2024-11-15,Water Bottle,Lifestyle,3,18.2,54.6,Cancelled
ORD-0000289,CUST-008225,2021-11-23,Webcam,Electronics,6,67.54,405.24,Shipped
ORD-0000290,CUST-002594,2026-01-28,Laptop Stand,Office,4,46.79,187.16,Cancelled
ORD-0000291,CUST-002463,2021-04-16,Noise-Canceling Headphones,Electronics,4,196.78,787.12,Returned
ORD-0000292,CUST-009526,2026-09-01,Standing Desk,Furniture,1,398.63,398.63,Completed
ORD-0000293,CUST-001653,2020-12-19,Notebook Set,Stationery,5,12.79,63.95,Completed
ORD-0000294,CUST-008011,2025-07-24,Laptop Stand,Office,6,45.07,270.42,Completed
ORD-0000295,CUST-000484,2023-12-17,Noise-Canceling Headphones,Electronics,2,169.43,338.86,Cancelled
ORD-0000296,CUST-009401,2026-03-01,Mechanical Keyboard,Electronics,3,94.8,284.4,Processing
ORD-0000297,CUST-003260,2021-07-27,Notebook Set,Stationery,4,13.04,52.16,Processing
ORD-0000298,CUST-009688,2026-03-27,Webcam,Electronics,2,75.47,150.94,Cancelled
ORD-0000299,CUST-006410,2025-10-22,Ergonomic Chair,Furniture,3,270.71,812.13,Processing
ORD-0000300,CUST-009641,2025-11-04,Backpack,Lifestyle,2,57.34,114.68,Shipped
ORD-0000301,CUST-001202,2023-03-31,Backpack,Lifestyle,2,56.21,112.42,Processing
ORD-0000302,CUST-007873,2025-03-26,Wireless Mouse,Electronics,6,31.63,189.78,Completed
ORD-0000303,CUST-005254,2026-07-24,Standing Desk,Furniture,5,436.65,2183.25,Processing
ORD-0000304,CUST-006694,2023-05-27,Standing Desk,Furniture,3,408.05,1224.15,Returned
ORD-0000305,CUST-003944,2022-08-29,Standing Desk,Furniture,1,429.91,429.91,Completed
ORD-0000306,CUST-003096,2026-02-19,Wireless Mouse,Electronics,2,31.76,63.52,Shipped
ORD-0000307,CUST-005297,2023-06-13,Laptop Stand,Office,3,49.12,147.36,Completed
ORD-0000308,CUST-009703,2026-05-10,Backpack,Lifestyle,1,58.37,58.37,Shipped
ORD-0000309,CUST-004461,2024-06-22,Backpack,Lifestyle,5,56.11,280.55,Returned
ORD-0000310,CUST-003034,2026-03-19,Standing Desk,Furniture,5,381.01,1905.05,Processing
ORD-0000311,CUST-006351,2022-07-12,USB-C Hub,Electronics,6,50.83,304.98,Returned
ORD-0000312,CUST-008930,2024-08-11,Standing Desk,Furniture,2,371.16,742.32,Completed
ORD-0000313,CUST-007563,2026-08-14,Mechanical Keyboard,Electronics,2,91,182,Shipped
ORD-0000314,CUST-007480,2024-08-31,Desk Organizer,Office,3,23.96,71.88,Cancelled
ORD-0000315,CUST-001148,2024-03-23,Wireless Mouse,Electronics,4,30.9,123.6,Shipped
ORD-0000316,CUST-002294,2024-10-04,Mechanical Keyboard,Electronics,6,88,528,Completed
ORD-0000317,CUST-000344,2026-06-16,Backpack,Lifestyle,6,55.31,331.86,Processing
ORD-0000318,CUST-001461,2024-08-28,Laptop Stand,Office,5,44.24,221.2,Completed
ORD-0000319,CUST-009849,2025-05-05,Webcam,Electronics,2,66.94,133.88,Processing
ORD-0000320,CUST-000045,2023-10-14,Mechanical Keyboard,Electronics,4,81.56,326.24,Returned
ORD-0000321,CUST-005752,2025-04-05,Mechanical Keyboard,Electronics,6,83.59,501.54,Completed
ORD-0000322,CUST-006457,2023-05-19,USB-C Hub,Electronics,4,44.91,179.64,Completed
ORD-0000323,CUST-007681,2026-08-31,Desk Organizer,Office,4,26.22,104.88,Returned
ORD-0000324,CUST-007548,2025-04-20,Laptop Stand,Office,5,42.43,212.15,Returned
ORD-0000325,CUST-009296,2025-12-26,Notebook Set,Stationery,5,13.15,65.75,Cancelled
ORD-0000326,CUST-009764,2026-08-07,Backpack,Lifestyle,5,61.72,308.6,Processing
ORD-0000327,CUST-005700,2026-07-09,Standing Desk,Furniture,3,408.42,1225.26,Cancelled
ORD-0000328,CUST-006211,2024-02-07,USB-C Hub,Electronics,3,45.6,136.8,Completed
ORD-0000329,CUST-008864,2024-03-13,Backpack,Lifestyle,4,57.27,229.08,Completed
ORD-0000330,CUST-001973,2022-07-26,Noise-Canceling Headphones,Electronics,1,165.75,165.75,Completed
ORD-0000331,CUST-004675,2026-07-01,Mechanical Keyboard,Electronics,4,82.25,329,Completed
ORD-0000332,CUST-002522,2025-09-22,Wireless Mouse,Electronics,1,31.97,31.97,Completed
ORD-0000333,CUST-007675,2025-09-27,Notebook Set,Stationery,6,13.51,81.06,Shipped
ORD-0000334,CUST-002572,2023-02-25,USB-C Hub,Electronics,1,49.48,49.48,Returned
ORD-0000335,CUST-002105,2024-11-13,Desk Organizer,Office,5,24.56,122.8,Completed
ORD-0000336,CUST-005215,2026-05-12,Webcam,Electronics,6,72.23,433.38,Returned
ORD-0000337,CUST-000349,2023-10-19,Mechanical Keyboard,Electronics,6,86.17,517.02,Completed
ORD-0000338,CUST-003680,2023-08-30,Ergonomic Chair,Furniture,4,232.24,928.96,Completed
ORD-0000339,CUST-002350,2026-06-05,Mechanical Keyboard,Electronics,2,81.29,162.58,Returned
ORD-0000340,CUST-000570,2025-01-21,Webcam,Electronics,6,71.69,430.14,Returned
ORD-0000341,CUST-002116,2021-05-16,Wireless Mouse,Electronics,3,29.89,89.67,Shipped
ORD-0000342,CUST-001903,2022-06-28,Ergonomic Chair,Furniture,1,245.46,245.46,Completed
ORD-0000343,CUST-009896,2022-07-25,Wireless Mouse,Electronics,6,30.52,183.12,Processing
ORD-0000344,CUST-005825,2024-04-03,Laptop Stand,Office,5,47,235,Cancelled
ORD-0000345,CUST-001128,2026-08-25,Laptop Stand,Office,2,45.44,90.88,Returned
ORD-0000346,CUST-008311,2024-08-02,USB-C Hub,Electronics,1,47.81,47.81,Completed
ORD-0000347,CUST-005740,2022-07-14,Water Bottle,Lifestyle,2,20.53,41.06,Completed
ORD-0000348,CUST-000722,2025-05-29,Laptop Stand,Office,3,48.36,145.08,Completed
ORD-0000349,CUST-003916,2021-06-13,Notebook Set,Stationery,4,13.81,55.24,Returned
ORD-0000350,CUST-006546,2022-03-11,Backpack,Lifestyle,2,61.01,122.02,Cancelled
ORD-0000351,CUST-006903,2025-05-22,Water Bottle,Lifestyle,5,17.11,85.55,Cancelled
ORD-0000352,CUST-007174,2025-03-21,Laptop Stand,Office,6,42.02,252.12,Completed
ORD-0000353,CUST-003965,2025-06-13,Noise-Canceling Headphones,Electronics,5,195.27,976.35,Shipped
ORD-0000354,CUST-009053,2023-12-27,USB-C Hub,Electronics,4,46.21,184.84,Shipped
ORD-0000355,CUST-009068,2026-08-11,Wireless Mouse,Electronics,5,32.38,161.9,Processing
ORD-0000356,CUST-007058,2026-01-05,Standing Desk,Furniture,3,399.95,1199.85,Shipped
ORD-0000357,CUST-003406,2025-01-04,Ergonomic Chair,Furniture,4,225.9,903.6,Processing
ORD-0000358,CUST-001432,2025-03-03,Noise-Canceling Headphones,Electronics,3,171.39,514.17,Completed
ORD-0000359,CUST-002337,2023-01-09,Notebook Set,Stationery,5,13.1,65.5,Cancelled
ORD-0000360,CUST-008131,2026-06-28,USB-C Hub,Electronics,4,50.24,200.96,Completed
ORD-0000361,CUST-007847,2025-03-05,Laptop Stand,Office,1,42.85,42.85,Completed
ORD-0000362,CUST-004922,2026-04-13,Mechanical Keyboard,Electronics,1,88.21,88.21,Completed
ORD-0000363,CUST-000122,2025-08-29,Notebook Set,Stationery,3,13.19,39.57,Completed
ORD-0000364,CUST-008077,2021-05-15,Wireless Mouse,Electronics,6,28.26,169.56,Completed
ORD-0000365,CUST-004321,2023-04-04,Laptop Stand,Office,6,48.98,293.88,Shipped
ORD-0000366,CUST-007006,2026-02-21,Notebook Set,Stationery,5,11.99,59.95,Completed
ORD-0000367,CUST-001157,2024-09-20,Standing Desk,Furniture,6,400.37,2402.22,Completed
ORD-0000368,CUST-006674,2024-12-25,Water Bottle,Lifestyle,5,20.34,101.7,Completed
ORD-0000369,CUST-002358,2020-06-15,Laptop Stand,Office,6,47.73,286.38,Processing
ORD-0000370,CUST-000141,2026-03-09,Standing Desk,Furniture,3,438.3,1314.9,Processing
ORD-0000371,CUST-004630,2026-03-13,Mechanical Keyboard,Electronics,6,93.85,563.1,Completed
ORD-0000372,CUST-006082,2026-06-07,USB-C Hub,Electronics,4,51.79,207.16,Cancelled
ORD-0000373,CUST-008185,2025-07-02,Water Bottle,Lifestyle,5,18.47,92.35,Completed
ORD-0000374,CUST-008612,2023-09-17,Ergonomic Chair,Furniture,6,225.07,1350.42,Completed
ORD-0000375,CUST-008451,2026-07-26,Wireless Mouse,Electronics,4,28.56,114.24,Cancelled
ORD-0000376,CUST-009269,2026-06-07,Laptop Stand,Office,5,44.33,221.65,Completed
ORD-0000377,CUST-002050,2026-05-02,Mechanical Keyboard,Electronics,5,91.45,457.25,Shipped
ORD-0000378,CUST-003513,2024-11-04,Standing Desk,Furniture,6,362.86,2177.16,Completed
ORD-0000379,CUST-000633,2026-07-15,Noise-Canceling Headphones,Electronics,5,195.88,979.4,Completed
ORD-0000380,CUST-006548,2026-04-21,Ergonomic Chair,Furniture,1,264.09,264.09,Shipped
ORD-0000381,CUST-008674,2025-07-31,USB-C Hub,Electronics,4,44.5,178,Cancelled
ORD-0000382,CUST-005855,2026-02-22,Ergonomic Chair,Furniture,6,269.12,1614.72,Completed
ORD-0000383,CUST-003809,2025-02-03,Ergonomic Chair,Furniture,2,250.02,500.04,Completed
ORD-0000384,CUST-000245,2024-04-27,Wireless Mouse,Electronics,6,30.99,185.94,Completed
ORD-0000385,CUST-000822,2025-08-20,Desk Organizer,Office,5,26.86,134.3,Shipped
ORD-0000386,CUST-007794,2025-01-20,Backpack,Lifestyle,5,63.4,317,Completed
ORD-0000387,CUST-002863,2026-08-08,USB-C Hub,Electronics,4,52.37,209.48,Cancelled
ORD-0000388,CUST-007497,2026-08-24,Standing Desk,Furniture,2,403.05,806.1,Completed
ORD-0000389,CUST-006002,2025-07-24,Backpack,Lifestyle,5,56.12,280.6,Shipped
ORD-0000390,CUST-001987,2026-04-27,Backpack,Lifestyle,2,60.92,121.84,Processing
ORD-0000391,CUST-005698,2024-04-08,Water Bottle,Lifestyle,6,18.64,111.84,Completed
ORD-0000392,CUST-001164,2026-05-03,Laptop Stand,Office,6,45.4,272.4,Cancelled
ORD-0000393,CUST-006293,2026-06-13,Desk Organizer,Office,2,26.68,53.36,Completed
ORD-0000394,CUST-009073,2025-09-02,Backpack,Lifestyle,1,60.79,60.79,Completed
ORD-0000395,CUST-007116,2024-11-03,Water Bottle,Lifestyle,4,17.89,71.56,Shipped
ORD-0000396,CUST-008877,2026-07-06,Ergonomic Chair,Furniture,5,271.7,1358.5,Completed
ORD-0000397,CUST-001289,2026-05-16,Laptop Stand,Office,2,40.87,81.74,Returned
ORD-0000398,CUST-003276,2024-01-05,Water Bottle,Lifestyle,6,18.73,112.38,Returned
ORD-0000399,CUST-005836,2025-02-23,Wireless Mouse,Electronics,1,32.62,32.62,Completed
ORD-0000400,CUST-000202,2026-07-01,Notebook Set,Stationery,2,13.22,26.44,Returned
ORD-0000401,CUST-004178,2026-07-18,Desk Organizer,Office,1,25.26,25.26,Processing
ORD-0000402,CUST-006141,2024-10-25,Desk Organizer,Office,4,25.15,100.6,Shipped
ORD-0000403,CUST-004626,2023-07-08,Webcam,Electronics,2,72.92,145.84,Completed
ORD-0000404,CUST-001934,2026-06-27,Notebook Set,Stationery,2,12.82,25.64,Completed
ORD-0000405,CUST-000939,2025-04-25,Water Bottle,Lifestyle,3,17.26,51.78,Shipped
ORD-0000406,CUST-008383,2025-12-06,Laptop Stand,Office,1,40.94,40.94,Cancelled
ORD-0000407,CUST-003568,2023-01-08,Ergonomic Chair,Furniture,2,247.64,495.28,Cancelled
ORD-0000408,CUST-001519,2022-08-03,Water Bottle,Lifestyle,2,17.93,35.86,Returned
ORD-0000409,CUST-002664,2025-02-03,Webcam,Electronics,1,79.04,79.04,Completed
ORD-0000410,CUST-009872,2025-06-26,USB-C Hub,Electronics,5,44.69,223.45,Cancelled
ORD-0000411,CUST-006443,2025-05-10,Wireless Mouse,Electronics,6,32.59,195.54,Completed
ORD-0000412,CUST-008589,2023-09-30,Standing Desk,Furniture,5,383.22,1916.1,Shipped
ORD-0000413,CUST-001013,2022-07-25,Backpack,Lifestyle,3,59.73,179.19,Cancelled
ORD-0000414,CUST-007736,2026-07-28,Mechanical Keyboard,Electronics,5,90.78,453.9,Shipped
ORD-0000415,CUST-000243,2026-03-15,Mechanical Keyboard,Electronics,4,83.18,332.72,Completed
ORD-0000416,CUST-004638,2026-06-13,Mechanical Keyboard,Electronics,3,94.99,284.97,Completed
ORD-0000417,CUST-006782,2026-02-22,Ergonomic Chair,Furniture,2,236.37,472.74,Completed
ORD-0000418,CUST-002593,2021-12-30,Wireless Mouse,Electronics,2,32.37,64.74,Returned
ORD-0000419,CUST-007807,2023-11-11,Water Bottle,Lifestyle,1,19.63,19.63,Cancelled
ORD-0000420,CUST-000810,2023-05-11,Standing Desk,Furniture,5,420.15,2100.75,Returned
ORD-0000421,CUST-001607,2024-07-25,USB-C Hub,Electronics,2,44.18,88.36,Completed
ORD-0000422,CUST-002906,2021-10-10,USB-C Hub,Electronics,4,47.95,191.8,Cancelled
ORD-0000423,CUST-003585,2024-09-17,Desk Organizer,Office,4,23.58,94.32,Returned
ORD-0000424,CUST-003818,2025-09-13,Desk Organizer,Office,4,24.55,98.2,Returned
ORD-0000425,CUST-002784,2026-07-05,Mechanical Keyboard,Electronics,2,81.72,163.44,Shipped
ORD-0000426,CUST-007462,2026-08-22,Standing Desk,Furniture,3,433.57,1300.71,Completed
ORD-0000427,CUST-002521,2024-11-03,USB-C Hub,Electronics,5,49.1,245.5,Processing
ORD-0000428,CUST-009989,2026-03-18,Noise-Canceling Headphones,Electronics,3,190.87,572.61,Shipped
ORD-0000429,CUST-001224,2025-02-20,Backpack,Lifestyle,3,62.09,186.27,Shipped
ORD-0000430,CUST-005981,2025-07-07,Wireless Mouse,Electronics,3,28.08,84.24,Completed
ORD-0000431,CUST-002070,2026-06-12,Wireless Mouse,Electronics,4,32.85,131.4,Completed
ORD-0000432,CUST-007429,2026-07-05,Notebook Set,Stationery,3,13.43,40.29,Cancelled
ORD-0000433,CUST-002519,2026-08-03,Ergonomic Chair,Furniture,6,242.95,1457.7,Shipped
ORD-0000434,CUST-007842,2026-03-12,Webcam,Electronics,3,76.75,230.25,Cancelled
ORD-0000435,CUST-007328,2024-08-24,Laptop Stand,Office,6,46.76,280.56,Returned
ORD-0000436,CUST-006319,2025-12-25,Standing Desk,Furniture,5,409.56,2047.8,Completed
ORD-0000437,CUST-001150,2024-07-06,Backpack,Lifestyle,2,65.01,130.02,Completed
ORD-0000438,CUST-008942,2025-08-28,Noise-Canceling Headphones,Electronics,5,190.35,951.75,Returned
ORD-0000439,CUST-009301,2026-08-10,Water Bottle,Lifestyle,5,17.98,89.9,Shipped
ORD-0000440,CUST-007329,2026-02-09,Noise-Canceling Headphones,Electronics,3,173.11,519.33,Cancelled
ORD-0000441,CUST-007805,2026-08-08,Water Bottle,Lifestyle,5,19.34,96.7,Shipped
ORD-0000442,CUST-006676,2025-10-14,Backpack,Lifestyle,2,57.5,115,Processing
ORD-0000443,CUST-006286,2026-08-24,Wireless Mouse,Electronics,5,28.79,143.95,Cancelled
ORD-0000444,CUST-008164,2024-05-25,USB-C Hub,Electronics,5,51.39,256.95,Completed
ORD-0000445,CUST-009830,2026-07-19,Laptop Stand,Office,4,45.87,183.48,Shipped
ORD-0000446,CUST-003039,2024-08-13,Ergonomic Chair,Furniture,6,234,1404,Completed
ORD-0000447,CUST-008384,2024-02-01,Notebook Set,Stationery,2,13.29,26.58,Cancelled
ORD-0000448,CUST-008233,2025-04-01,Wireless Mouse,Electronics,1,27.69,27.69,Completed
ORD-0000449,CUST-004805,2023-07-28,USB-C Hub,Electronics,5,52.67,263.35,Cancelled
ORD-0000450,CUST-005862,2025-03-09,Mechanical Keyboard,Electronics,3,92.12,276.36,Cancelled
ORD-0000451,CUST-005141,2026-07-07,Notebook Set,Stationery,6,13.03,78.18,Completed
ORD-0000452,CUST-001439,2026-03-06,Laptop Stand,Office,5,47.95,239.75,Completed
ORD-0000453,CUST-007242,2025-06-20,Noise-Canceling Headphones,Electronics,2,179.04,358.08,Processing
ORD-0000454,CUST-008162,2025-03-06,Webcam,Electronics,3,73.48,220.44,Completed
ORD-0000455,CUST-006302,2025-01-15,Laptop Stand,Office,5,49.42,247.1,Completed
ORD-0000456,CUST-007098,2026-01-03,USB-C Hub,Electronics,1,47.43,47.43,Completed
ORD-0000457,CUST-008407,2024-03-18,Mechanical Keyboard,Electronics,1,91.22,91.22,Shipped
ORD-0000458,CUST-005627,2024-08-08,Water Bottle,Lifestyle,3,20.67,62.01,Processing
ORD-0000459,CUST-005704,2025-10-16,Notebook Set,Stationery,1,13.04,13.04,Processing
ORD-0000460,CUST-008982,2025-09-28,Wireless Mouse,Electronics,2,31.45,62.9,Processing
ORD-0000461,CUST-009272,2026-05-09,Standing Desk,Furniture,6,425.82,2554.92,Completed
ORD-0000462,CUST-002220,2024-07-26,Ergonomic Chair,Furniture,5,256.07,1280.35,Completed
ORD-0000463,CUST-008287,2025-12-13,Backpack,Lifestyle,6,54.58,327.48,Completed
ORD-0000464,CUST-002488,2025-02-11,Ergonomic Chair,Furniture,6,236.35,1418.1,Completed
ORD-0000465,CUST-006589,2023-05-28,Water Bottle,Lifestyle,1,19.99,19.99,Completed
ORD-0000466,CUST-003906,2024-04-28,Water Bottle,Lifestyle,3,17.1,51.3,Completed
ORD-0000467,CUST-000227,2026-08-18,USB-C Hub,Electronics,2,48.27,96.54,Completed
ORD-0000468,CUST-009929,2026-02-13,Laptop Stand,Office,5,44.03,220.15,Processing
ORD-0000469,CUST-002089,2026-03-13,Wireless Mouse,Electronics,5,31.82,159.1,Completed
ORD-0000470,CUST-000514,2026-03-04,Water Bottle,Lifestyle,6,19.86,119.16,Processing
ORD-0000471,CUST-002202,2026-03-07,Ergonomic Chair,Furniture,4,264.61,1058.44,Cancelled
ORD-0000472,CUST-003955,2023-03-02,Noise-Canceling Headphones,Electronics,2,167.49,334.98,Completed
ORD-0000473,CUST-004805,2023-12-07,Notebook Set,Stationery,3,12.64,37.92,Completed
ORD-0000474,CUST-005712,2026-08-27,Mechanical Keyboard,Electronics,5,80.98,404.9,Completed
ORD-0000475,CUST-005776,2023-12-03,Water Bottle,Lifestyle,2,19.8,39.6,Shipped
ORD-0000476,CUST-009092,2023-09-15,Webcam,Electronics,3,77.61,232.83,Cancelled
ORD-0000477,CUST-006521,2026-08-17,Notebook Set,Stationery,6,13.48,80.88,Returned
ORD-0000478,CUST-005114,2026-08-30,Wireless Mouse,Electronics,5,30.62,153.1,Processing
ORD-0000479,CUST-002910,2025-11-23,Mechanical Keyboard,Electronics,6,85.76,514.56,Completed
ORD-0000480,CUST-001412,2024-07-26,Notebook Set,Stationery,2,12.41,24.82,Completed
ORD-0000481,CUST-000350,2023-11-21,Webcam,Electronics,6,70.62,423.72,Completed
ORD-0000482,CUST-002512,2024-01-28,Desk Organizer,Office,6,24.76,148.56,Processing
ORD-0000483,CUST-008603,2025-08-29,Notebook Set,Stationery,3,11.84,35.52,Returned
ORD-0000484,CUST-006329,2025-10-01,Desk Organizer,Office,6,25.4,152.4,Completed
ORD-0000485,CUST-002429,2023-03-06,Laptop Stand,Office,6,48.77,292.62,Processing
ORD-0000486,CUST-004231,2025-12-15,Notebook Set,Stationery,3,13.94,41.82,Returned
ORD-0000487,CUST-006650,2024-11-05,Backpack,Lifestyle,4,57.7,230.8,Shipped
ORD-0000488,CUST-004510,2025-12-29,Ergonomic Chair,Furniture,2,230.34,460.68,Processing
ORD-0000489,CUST-006743,2024-06-11,Wireless Mouse,Electronics,4,31.51,126.04,Processing
ORD-0000490,CUST-001606,2022-05-16,Noise-Canceling Headphones,Electronics,1,177.13,177.13,Shipped
ORD-0000491,CUST-008530,2021-08-15,Desk Organizer,Office,6,26.06,156.36,Completed
ORD-0000492,CUST-005924,2026-06-12,Ergonomic Chair,Furniture,5,225.03,1125.15,Processing
ORD-0000493,CUST-003080,2026-07-20,Standing Desk,Furniture,6,401.02,2406.12,Cancelled
ORD-0000494,CUST-001593,2025-09-18,Mechanical Keyboard,Electronics,2,85.21,170.42,Completed
ORD-0000495,CUST-005415,2026-07-11,Desk Organizer,Office,2,26.8,53.6,Completed
ORD-0000496,CUST-002008,2026-03-12,Backpack,Lifestyle,4,59.78,239.12,Shipped
ORD-0000497,CUST-008098,2026-03-05,Webcam,Electronics,5,78.97,394.85,Completed
ORD-0000498,CUST-005496,2023-10-23,Wireless Mouse,Electronics,5,31.07,155.35,Completed
ORD-0000499,CUST-003314,2024-11-10,Mechanical Keyboard,Electronics,3,93.21,279.63,Cancelled
ORD-0000500,CUST-005959,2021-09-02,Laptop Stand,Office,3,43.86,131.58,Cancelled
ORD-0000501,CUST-009528,2025-10-01,Desk Organizer,Office,2,24.53,49.06,Completed
ORD-0000502,CUST-005823,2026-06-02,Wireless Mouse,Electronics,5,30.8,154,Completed
ORD-0000503,CUST-001324,2025-12-24,Noise-Canceling Headphones,Electronics,5,188.01,940.05,Returned
ORD-0000504,CUST-001154,2026-03-02,Laptop Stand,Office,2,44.62,89.24,Completed
ORD-0000505,CUST-003499,2026-08-15,Mechanical Keyboard,Electronics,3,85.48,256.44,Completed
ORD-0000506,CUST-001267,2023-10-19,Mechanical Keyboard,Electronics,3,90.39,271.17,Completed
ORD-0000507,CUST-003028,2025-09-21,Backpack,Lifestyle,6,54.68,328.08,Completed
ORD-0000508,CUST-007690,2026-06-07,Standing Desk,Furniture,2,372.53,745.06,Completed
ORD-0000509,CUST-004983,2022-09-19,Desk Organizer,Office,3,26.09,78.27,Shipped
ORD-0000510,CUST-009810,2025-04-23,Laptop Stand,Office,6,48.18,289.08,Completed
ORD-0000511,CUST-000998,2023-10-11,Noise-Canceling Headphones,Electronics,5,169.68,848.4,Returned
ORD-0000512,CUST-007056,2023-10-22,Standing Desk,Furniture,3,405.69,1217.07,Processing
ORD-0000513,CUST-001375,2023-05-08,Webcam,Electronics,1,67.97,67.97,Completed
ORD-0000514,CUST-009957,2024-09-18,Webcam,Electronics,5,71.66,358.3,Completed
ORD-0000515,CUST-004435,2024-12-21,USB-C Hub,Electronics,1,44.21,44.21,Processing
ORD-0000516,CUST-004922,2023-08-30,Wireless Mouse,Electronics,4,29.97,119.88,Completed
ORD-0000517,CUST-009188,2021-06-25,Mechanical Keyboard,Electronics,6,97.06,582.36,Completed
ORD-0000518,CUST-000086,2026-08-25,Mechanical Keyboard,Electronics,6,85.5,513,Shipped
ORD-0000519,CUST-009934,2026-06-28,Noise-Canceling Headphones,Electronics,5,180.26,901.3,Completed
ORD-0000520,CUST-002059,2026-07-23,Laptop Stand,Office,1,42.26,42.26,Processing
ORD-0000521,CUST-003878,2026-08-25,Water Bottle,Lifestyle,5,17.12,85.6,Completed
ORD-0000522,CUST-005934,2026-06-13,Notebook Set,Stationery,2,12.52,25.04,Returned
ORD-0000523,CUST-005363,2023-02-22,Desk Organizer,Office,4,25.33,101.32,Completed
ORD-0000524,CUST-003383,2025-12-02,Notebook Set,Stationery,5,11.78,58.9,Completed
ORD-0000525,CUST-002795,2024-06-20,Ergonomic Chair,Furniture,3,232.04,696.12,Returned
ORD-0000526,CUST-006200,2025-06-14,Standing Desk,Furniture,5,417.43,2087.15,Processing
ORD-0000527,CUST-006882,2026-03-07,Desk Organizer,Office,1,24.87,24.87,Cancelled
ORD-0000528,CUST-005120,2026-06-30,Backpack,Lifestyle,3,56.48,169.44,Returned
ORD-0000529,CUST-001255,2022-12-25,Mechanical Keyboard,Electronics,6,96.3,577.8,Processing
ORD-0000530,CUST-006273,2023-04-03,Notebook Set,Stationery,1,11.66,11.66,Shipped
ORD-0000531,CUST-009077,2024-04-29,Laptop Stand,Office,1,48.59,48.59,Completed
ORD-0000532,CUST-000101,2022-10-16,Webcam,Electronics,1,72.22,72.22,Cancelled
ORD-0000533,CUST-001739,2026-07-15,Laptop Stand,Office,4,42.73,170.92,Completed
ORD-0000534,CUST-000094,2025-07-14,Standing Desk,Furniture,4,399.81,1599.24,Processing
ORD-0000535,CUST-008220,2023-04-14,Wireless Mouse,Electronics,1,31.36,31.36,Completed
ORD-0000536,CUST-001181,2025-03-28,Ergonomic Chair,Furniture,5,234.1,1170.5,Shipped
ORD-0000537,CUST-006221,2024-11-09,Standing Desk,Furniture,4,370.49,1481.96,Shipped
ORD-0000538,CUST-000128,2025-03-28,Laptop Stand,Office,6,45.6,273.6,Completed
ORD-0000539,CUST-008658,2025-05-27,Ergonomic Chair,Furniture,3,254.71,764.13,Shipped
ORD-0000540,CUST-002778,2026-01-01,Backpack,Lifestyle,2,55.14,110.28,Completed
ORD-0000541,CUST-001613,2026-07-21,Mechanical Keyboard,Electronics,4,93.29,373.16,Shipped
ORD-0000542,CUST-005477,2022-07-27,Standing Desk,Furniture,3,381.59,1144.77,Completed
ORD-0000543,CUST-002325,2026-08-24,Webcam,Electronics,4,67.42,269.68,Completed
ORD-0000544,CUST-000545,2025-10-11,Laptop Stand,Office,6,40.79,244.74,Processing
ORD-0000545,CUST-008340,2026-03-06,Backpack,Lifestyle,4,56.43,225.72,Processing
ORD-0000546,CUST-008107,2023-11-29,USB-C Hub,Electronics,1,53.8,53.8,Returned
ORD-0000547,CUST-001377,2025-04-03,Laptop Stand,Office,5,42.18,210.9,Returned
ORD-0000548,CUST-009162,2024-01-12,Laptop Stand,Office,3,46.74,140.22,Returned
ORD-0000549,CUST-002042,2026-07-31,Desk Organizer,Office,2,23.41,46.82,Cancelled
ORD-0000550,CUST-007203,2024-07-09,Notebook Set,Stationery,3,11.55,34.65,Completed
ORD-0000551,CUST-003955,2024-11-19,Wireless Mouse,Electronics,6,32.16,192.96,Completed
ORD-0000552,CUST-008253,2026-09-02,Standing Desk,Furniture,4,371.27,1485.08,Completed
ORD-0000553,CUST-008396,2024-12-19,Wireless Mouse,Electronics,1,27.44,27.44,Shipped
ORD-0000554,CUST-001650,2026-07-01,Desk Organizer,Office,2,23,46,Completed
ORD-0000555,CUST-003069,2025-07-24,Mechanical Keyboard,Electronics,1,97.77,97.77,Shipped
ORD-0000556,CUST-006429,2021-10-26,USB-C Hub,Electronics,1,51.85,51.85,Processing
ORD-0000557,CUST-001063,2025-03-16,Mechanical Keyboard,Electronics,1,87.04,87.04,Completed
ORD-0000558,CUST-000640,2026-08-12,Ergonomic Chair,Furniture,3,273.77,821.31,Completed
ORD-0000559,CUST-008615,2026-05-29,Mechanical Keyboard,Electronics,2,82.49,164.98,Shipped
ORD-0000560,CUST-003456,2026-02-17,Mechanical Keyboard,Electronics,5,86.11,430.55,Shipped
ORD-0000561,CUST-002767,2026-04-11,Webcam,Electronics,1,72.88,72.88,Completed
ORD-0000562,CUST-002400,2021-05-05,Notebook Set,Stationery,5,13.47,67.35,Returned
ORD-0000563,CUST-002508,2026-04-06,Mechanical Keyboard,Electronics,2,91.77,183.54,Completed
ORD-0000564,CUST-000550,2022-06-09,Standing Desk,Furniture,3,395.35,1186.05,Processing
ORD-0000565,CUST-009492,2023-08-19,Mechanical Keyboard,Electronics,4,89.19,356.76,Completed
ORD-0000566,CUST-001051,2024-12-23,Standing Desk,Furniture,1,408.05,408.05,Completed
ORD-0000567,CUST-006942,2026-07-14,Standing Desk,Furniture,3,426.37,1279.11,Completed
ORD-0000568,CUST-008792,2024-10-10,Ergonomic Chair,Furniture,6,252.72,1516.32,Completed
ORD-0000569,CUST-007805,2026-08-20,USB-C Hub,Electronics,6,48.03,288.18,Completed
ORD-0000570,CUST-001583,2026-02-19,Noise-Canceling Headphones,Electronics,3,162.18,486.54,Completed
ORD-0000571,CUST-005782,2026-04-08,Noise-Canceling Headphones,Electronics,4,186.96,747.84,Completed
ORD-0000572,CUST-005673,2023-07-18,Water Bottle,Lifestyle,4,17.11,68.44,Completed
ORD-0000573,CUST-005306,2025-10-13,Backpack,Lifestyle,4,61.87,247.48,Processing
ORD-0000574,CUST-002965,2023-05-26,Backpack,Lifestyle,2,58.8,117.6,Completed
ORD-0000575,CUST-009071,2025-07-24,Notebook Set,Stationery,2,13.12,26.24,Processing
ORD-0000576,CUST-009760,2024-04-13,Wireless Mouse,Electronics,1,28.49,28.49,Shipped
ORD-0000577,CUST-004203,2025-02-13,Notebook Set,Stationery,6,13.71,82.26,Completed
ORD-0000578,CUST-009376,2024-06-05,USB-C Hub,Electronics,3,51.16,153.48,Completed
ORD-0000579,CUST-000669,2021-10-20,Laptop Stand,Office,2,48.72,97.44,Completed
ORD-0000580,CUST-003492,2026-04-07,Notebook Set,Stationery,5,13.95,69.75,Cancelled
ORD-0000581,CUST-008013,2025-11-12,USB-C Hub,Electronics,6,44.63,267.78,Completed
ORD-0000582,CUST-009556,2023-02-25,Wireless Mouse,Electronics,5,27.65,138.25,Cancelled
ORD-0000583,CUST-009016,2026-02-26,Noise-Canceling Headphones,Electronics,2,163.93,327.86,Completed
ORD-0000584,CUST-004096,2025-03-25,Mechanical Keyboard,Electronics,3,95.12,285.36,Completed
ORD-0000585,CUST-001380,2025-12-06,Standing Desk,Furniture,1,432.73,432.73,Completed
ORD-0000586,CUST-004290,2025-04-28,Laptop Stand,Office,3,43.29,129.87,Completed
ORD-0000587,CUST-001014,2025-09-18,Backpack,Lifestyle,2,62.41,124.82,Shipped
ORD-0000588,CUST-002628,2025-03-25,USB-C Hub,Electronics,2,44.29,88.58,Completed
ORD-0000589,CUST-003031,2025-03-05,Ergonomic Chair,Furniture,2,224.54,449.08,Completed
ORD-0000590,CUST-002013,2024-11-17,Noise-Canceling Headphones,Electronics,4,171.15,684.6,Cancelled
ORD-0000591,CUST-009042,2025-03-25,Backpack,Lifestyle,1,53.8,53.8,Completed
ORD-0000592,CUST-001146,2026-04-29,USB-C Hub,Electronics,2,52.57,105.14,Cancelled
ORD-0000593,CUST-001846,2022-10-24,Noise-Canceling Headphones,Electronics,6,170.98,1025.88,Shipped
ORD-0000594,CUST-002539,2025-06-15,Ergonomic Chair,Furniture,4,256.67,1026.68,Completed
ORD-0000595,CUST-001096,2026-01-03,Wireless Mouse,Electronics,5,31.38,156.9,Completed
ORD-0000596,CUST-007998,2026-01-23,Ergonomic Chair,Furniture,6,269.19,1615.14,Completed
ORD-0000597,CUST-006060,2023-12-05,Webcam,Electronics,5,79.65,398.25,Returned
ORD-0000598,CUST-008918,2021-09-04,Webcam,Electronics,6,73.28,439.68,Processing
ORD-0000599,CUST-004043,2025-10-15,Mechanical Keyboard,Electronics,6,86.51,519.06,Completed
ORD-0000600,CUST-001243,2026-01-07,Desk Organizer,Office,4,22.27,89.08,Shipped
ORD-0000601,CUST-005585,2022-05-10,Mechanical Keyboard,Electronics,5,92.06,460.3,Returned
ORD-0000602,CUST-007417,2025-08-22,Standing Desk,Furniture,4,360,1440,Returned
ORD-0000603,CUST-000013,2026-08-09,Noise-Canceling Headphones,Electronics,4,162.09,648.36,Cancelled
ORD-0000604,CUST-000194,2023-06-29,Wireless Mouse,Electronics,4,29.4,117.6,Shipped
ORD-0000605,CUST-007459,2025-06-13,Notebook Set,Stationery,5,12.2,61,Completed
ORD-0000606,CUST-005623,2025-10-13,Standing Desk,Furniture,1,371.62,371.62,Completed
ORD-0000607,CUST-005912,2022-03-03,Backpack,Lifestyle,1,54.21,54.21,Completed
ORD-0000608,CUST-005082,2022-03-23,Backpack,Lifestyle,5,65.37,326.85,Processing
ORD-0000609,CUST-004424,2026-08-24,Backpack,Lifestyle,6,58.31,349.86,Completed
ORD-0000610,CUST-008675,2026-07-13,Webcam,Electronics,3,66.75,200.25,Shipped
ORD-0000611,CUST-006052,2026-06-30,Ergonomic Chair,Furniture,6,257.86,1547.16,Completed
ORD-0000612,CUST-004856,2026-07-14,Notebook Set,Stationery,6,12.09,72.54,Shipped
ORD-0000613,CUST-006621,2025-03-12,Standing Desk,Furniture,3,403.86,1211.58,Completed
ORD-0000614,CUST-003620,2026-02-27,Noise-Canceling Headphones,Electronics,4,185.23,740.92,Shipped
ORD-0000615,CUST-007920,2023-03-27,Ergonomic Chair,Furniture,5,272.46,1362.3,Processing
ORD-0000616,CUST-003094,2025-03-03,Water Bottle,Lifestyle,2,18.12,36.24,Completed
ORD-0000617,CUST-006414,2022-09-17,Water Bottle,Lifestyle,6,20.01,120.06,Cancelled
ORD-0000618,CUST-001891,2026-07-01,Wireless Mouse,Electronics,6,30.35,182.1,Returned
ORD-0000619,CUST-001061,2026-06-12,Ergonomic Chair,Furniture,4,239.57,958.28,Cancelled
ORD-0000620,CUST-002050,2026-02-10,Desk Organizer,Office,4,22.29,89.16,Cancelled
ORD-0000621,CUST-006344,2022-03-04,Water Bottle,Lifestyle,2,17.93,35.86,Processing
ORD-0000622,CUST-009918,2021-04-03,Noise-Canceling Headphones,Electronics,3,196.05,588.15,Returned
ORD-0000623,CUST-009091,2024-08-27,Water Bottle,Lifestyle,3,17.15,51.45,Completed
ORD-0000624,CUST-004821,2026-01-16,Notebook Set,Stationery,2,12.25,24.5,Completed
ORD-0000625,CUST-000199,2026-08-20,Water Bottle,Lifestyle,4,18.56,74.24,Completed
ORD-0000626,CUST-007851,2024-10-27,Standing Desk,Furniture,2,422.34,844.68,Cancelled
ORD-0000627,CUST-004832,2020-06-27,Notebook Set,Stationery,6,12.31,73.86,Shipped
ORD-0000628,CUST-005638,2026-05-02,Water Bottle,Lifestyle,1,18.18,18.18,Processing
ORD-0000629,CUST-007213,2026-03-24,Ergonomic Chair,Furniture,3,243.39,730.17,Completed
ORD-0000630,CUST-006422,2026-08-13,Water Bottle,Lifestyle,2,20.05,40.1,Processing
ORD-0000631,CUST-008576,2024-11-29,Noise-Canceling Headphones,Electronics,6,187.64,1125.84,Completed
ORD-0000632,CUST-008290,2026-09-05,Mechanical Keyboard,Electronics,4,86.32,345.28,Completed
ORD-0000633,CUST-009394,2023-09-08,Ergonomic Chair,Furniture,3,259.54,778.62,Cancelled
ORD-0000634,CUST-001920,2026-08-27,Ergonomic Chair,Furniture,1,224.27,224.27,Completed
ORD-0000635,CUST-009469,2026-04-03,Laptop Stand,Office,1,44.62,44.62,Shipped
ORD-0000636,CUST-002659,2023-02-07,Webcam,Electronics,6,69.36,416.16,Completed
ORD-0000637,CUST-001969,2024-09-13,USB-C Hub,Electronics,4,46.24,184.96,Completed
ORD-0000638,CUST-009301,2026-08-05,Mechanical Keyboard,Electronics,3,89.47,268.41,Completed
ORD-0000639,CUST-000026,2022-09-23,Notebook Set,Stationery,3,13.05,39.15,Processing
ORD-0000640,CUST-009392,2024-12-18,Mechanical Keyboard,Electronics,4,85.78,343.12,Completed
ORD-0000641,CUST-006961,2024-11-13,Standing Desk,Furniture,5,396.54,1982.7,Shipped
ORD-0000642,CUST-003416,2021-12-29,Desk Organizer,Office,1,24.91,24.91,Returned
ORD-0000643,CUST-003765,2022-06-25,Ergonomic Chair,Furniture,1,234.09,234.09,Completed
ORD-0000644,CUST-002697,2023-11-14,USB-C Hub,Electronics,5,50.82,254.1,Returned
ORD-0000645,CUST-009887,2026-09-06,Ergonomic Chair,Furniture,2,242.07,484.14,Cancelled
ORD-0000646,CUST-008369,2026-04-10,Mechanical Keyboard,Electronics,3,80.9,242.7,Cancelled
ORD-0000647,CUST-005970,2026-06-26,Water Bottle,Lifestyle,2,19.95,39.9,Completed
ORD-0000648,CUST-001254,2024-08-19,Water Bottle,Lifestyle,2,20.35,40.7,Completed
ORD-0000649,CUST-009582,2024-03-03,Notebook Set,Stationery,4,11.69,46.76,Cancelled
ORD-0000650,CUST-004991,2021-12-21,Ergonomic Chair,Furniture,1,272.16,272.16,Returned
ORD-0000651,CUST-007578,2026-08-19,Notebook Set,Stationery,4,12,48,Cancelled
ORD-0000652,CUST-007263,2022-12-13,USB-C Hub,Electronics,6,47.72,286.32,Returned
ORD-0000653,CUST-001150,2025-02-05,USB-C Hub,Electronics,6,47.79,286.74,Completed
ORD-0000654,CUST-006456,2026-03-21,Wireless Mouse,Electronics,1,31.59,31.59,Completed
ORD-0000655,CUST-002190,2024-12-18,Backpack,Lifestyle,3,54.05,162.15,Cancelled
ORD-0000656,CUST-003611,2025-07-21,Laptop Stand,Office,3,42.97,128.91,Returned
ORD-0000657,CUST-002035,2026-08-28,Water Bottle,Lifestyle,1,17.52,17.52,Cancelled
ORD-0000658,CUST-002000,2026-08-11,Desk Organizer,Office,6,24.73,148.38,Completed
ORD-0000659,CUST-006207,2021-04-15,Backpack,Lifestyle,5,62.74,313.7,Cancelled
ORD-0000660,CUST-009165,2026-02-11,USB-C Hub,Electronics,6,48.06,288.36,Completed
ORD-0000661,CUST-001224,2024-10-13,Noise-Canceling Headphones,Electronics,3,168.65,505.95,Shipped
ORD-0000662,CUST-008785,2022-10-23,Wireless Mouse,Electronics,3,30.63,91.89,Completed
ORD-0000663,CUST-002093,2025-12-06,Laptop Stand,Office,1,47.16,47.16,Returned
ORD-0000664,CUST-002189,2025-10-14,Laptop Stand,Office,5,43.75,218.75,Completed
ORD-0000665,CUST-001568,2026-07-27,Water Bottle,Lifestyle,1,19.75,19.75,Completed
ORD-0000666,CUST-001877,2026-03-10,USB-C Hub,Electronics,4,50.42,201.68,Completed
ORD-0000667,CUST-004763,2022-05-24,Noise-Canceling Headphones,Electronics,3,170.81,512.43,Completed
ORD-0000668,CUST-001886,2021-03-25,Notebook Set,Stationery,3,12.69,38.07,Completed
ORD-0000669,CUST-005233,2026-07-04,Water Bottle,Lifestyle,6,18.99,113.94,Cancelled
ORD-0000670,CUST-002348,2023-09-19,Webcam,Electronics,1,78.22,78.22,Returned
ORD-0000671,CUST-001090,2025-05-27,Noise-Canceling Headphones,Electronics,1,194.75,194.75,Completed
ORD-0000672,CUST-008071,2026-04-25,Desk Organizer,Office,1,24.1,24.1,Cancelled
ORD-0000673,CUST-002274,2026-01-11,Webcam,Electronics,4,81.23,324.92,Cancelled
ORD-0000674,CUST-003512,2025-06-23,Notebook Set,Stationery,3,12.55,37.65,Processing
ORD-0000675,CUST-002548,2024-08-14,Desk Organizer,Office,4,24.36,97.44,Completed
ORD-0000676,CUST-008958,2023-08-12,Backpack,Lifestyle,1,62.31,62.31,Cancelled
ORD-0000677,CUST-002335,2026-06-20,Desk Organizer,Office,2,23.35,46.7,Processing
ORD-0000678,CUST-005278,2024-01-10,Backpack,Lifestyle,4,63.83,255.32,Completed
ORD-0000679,CUST-000968,2023-12-22,Mechanical Keyboard,Electronics,2,94.73,189.46,Completed
ORD-0000680,CUST-007080,2025-11-21,Laptop Stand,Office,3,41.9,125.7,Processing
ORD-0000681,CUST-009469,2024-12-29,Ergonomic Chair,Furniture,3,253,759,Returned
ORD-0000682,CUST-006627,2025-11-19,Notebook Set,Stationery,6,13.57,81.42,Completed
ORD-0000683,CUST-007429,2026-06-03,Water Bottle,Lifestyle,6,17.97,107.82,Shipped
ORD-0000684,CUST-003335,2025-07-31,USB-C Hub,Electronics,2,51.17,102.34,Returned
ORD-0000685,CUST-000095,2024-11-09,Webcam,Electronics,1,68.02,68.02,Completed
ORD-0000686,CUST-006225,2022-10-25,USB-C Hub,Electronics,3,50.58,151.74,Completed
ORD-0000687,CUST-004265,2025-11-28,Notebook Set,Stationery,3,12.25,36.75,Completed
ORD-0000688,CUST-009149,2026-06-14,Wireless Mouse,Electronics,4,31.11,124.44,Cancelled
ORD-0000689,CUST-004064,2021-09-12,USB-C Hub,Electronics,1,53.54,53.54,Completed
ORD-0000690,CUST-001146,2025-05-15,Mechanical Keyboard,Electronics,4,89.84,359.36,Shipped
ORD-0000691,CUST-000210,2026-01-04,Notebook Set,Stationery,5,13.2,66,Cancelled
ORD-0000692,CUST-006771,2024-11-15,Noise-Canceling Headphones,Electronics,2,173.08,346.16,Completed
ORD-0000693,CUST-008863,2026-07-21,Noise-Canceling Headphones,Electronics,4,187.6,750.4,Completed
ORD-0000694,CUST-003733,2022-05-01,Water Bottle,Lifestyle,6,17.81,106.86,Returned
ORD-0000695,CUST-008648,2025-06-12,Desk Organizer,Office,3,24.25,72.75,Shipped
ORD-0000696,CUST-007695,2025-04-26,Water Bottle,Lifestyle,5,18.56,92.8,Returned
ORD-0000697,CUST-006939,2025-01-13,Desk Organizer,Office,3,26.7,80.1,Completed
ORD-0000698,CUST-006575,2024-06-12,Laptop Stand,Office,5,48.08,240.4,Completed
ORD-0000699,CUST-009011,2026-06-16,Webcam,Electronics,5,78,390,Completed
ORD-0000700,CUST-009195,2025-02-11,Ergonomic Chair,Furniture,3,255.98,767.94,Processing
ORD-0000701,CUST-006146,2021-07-27,Backpack,Lifestyle,6,58.03,348.18,Completed
ORD-0000702,CUST-005614,2026-05-01,Mechanical Keyboard,Electronics,3,91.03,273.09,Shipped
ORD-0000703,CUST-001284,2026-07-21,USB-C Hub,Electronics,5,51.51,257.55,Completed
ORD-0000704,CUST-009000,2024-04-07,Mechanical Keyboard,Electronics,3,96.53,289.59,Returned
ORD-0000705,CUST-003321,2025-08-26,Noise-Canceling Headphones,Electronics,2,166.05,332.1,Shipped
ORD-0000706,CUST-001375,2023-11-28,Desk Organizer,Office,1,25.68,25.68,Completed
ORD-0000707,CUST-003643,2022-04-18,Mechanical Keyboard,Electronics,3,93.47,280.41,Completed
ORD-0000708,CUST-008083,2023-03-20,Standing Desk,Furniture,2,364.74,729.48,Cancelled
ORD-0000709,CUST-000984,2025-03-17,Wireless Mouse,Electronics,5,29,145,Completed
ORD-0000710,CUST-008321,2026-06-22,Standing Desk,Furniture,6,363.88,2183.28,Completed
ORD-0000711,CUST-003218,2026-01-04,Mechanical Keyboard,Electronics,5,93.53,467.65,Completed
ORD-0000712,CUST-001580,2026-03-25,Wireless Mouse,Electronics,3,27.07,81.21,Returned
ORD-0000713,CUST-007159,2023-01-19,Ergonomic Chair,Furniture,1,235.56,235.56,Processing
ORD-0000714,CUST-002335,2026-06-09,Mechanical Keyboard,Electronics,2,92.42,184.84,Shipped
ORD-0000715,CUST-009978,2022-10-17,Water Bottle,Lifestyle,5,18.71,93.55,Returned
ORD-0000716,CUST-007835,2022-12-02,Ergonomic Chair,Furniture,6,229,1374,Completed
ORD-0000717,CUST-008326,2026-07-25,Standing Desk,Furniture,5,379.4,1897,Processing
ORD-0000718,CUST-006325,2024-08-26,USB-C Hub,Electronics,5,52.17,260.85,Returned
ORD-0000719,CUST-003746,2025-08-09,Webcam,Electronics,5,70.36,351.8,Returned
ORD-0000720,CUST-005564,2024-04-11,Backpack,Lifestyle,5,61.55,307.75,Processing
ORD-0000721,CUST-005494,2026-08-22,Webcam,Electronics,1,77.17,77.17,Processing
ORD-0000722,CUST-003953,2025-09-21,Mechanical Keyboard,Electronics,2,90.54,181.08,Shipped
ORD-0000723,CUST-004331,2026-06-29,Wireless Mouse,Electronics,1,32.36,32.36,Returned
ORD-0000724,CUST-009150,2026-05-10,Backpack,Lifestyle,4,57.17,228.68,Cancelled
ORD-0000725,CUST-003403,2025-09-20,Noise-Canceling Headphones,Electronics,3,185.51,556.53,Shipped
ORD-0000726,CUST-001491,2025-01-22,Notebook Set,Stationery,6,11.56,69.36,Returned
ORD-0000727,CUST-004793,2025-03-26,Water Bottle,Lifestyle,5,17.41,87.05,Completed
ORD-0000728,CUST-002065,2025-11-06,Desk Organizer,Office,2,26.18,52.36,Completed
ORD-0000729,CUST-002842,2022-04-22,Water Bottle,Lifestyle,6,17.29,103.74,Processing
ORD-0000730,CUST-007803,2024-10-19,Notebook Set,Stationery,5,13.46,67.3,Returned
ORD-0000731,CUST-007829,2025-06-18,Laptop Stand,Office,1,46.83,46.83,Returned
ORD-0000732,CUST-008403,2021-11-18,Backpack,Lifestyle,1,57.01,57.01,Returned
ORD-0000733,CUST-006105,2026-09-04,Noise-Canceling Headphones,Electronics,4,174.5,698,Processing
ORD-0000734,CUST-002449,2022-11-02,Standing Desk,Furniture,4,416.59,1666.36,Completed
ORD-0000735,CUST-005284,2025-03-29,Laptop Stand,Office,6,42.57,255.42,Returned
ORD-0000736,CUST-002559,2024-10-12,Water Bottle,Lifestyle,3,18.95,56.85,Completed
ORD-0000737,CUST-005562,2021-08-22,Laptop Stand,Office,3,42.69,128.07,Cancelled
ORD-0000738,CUST-001916,2026-04-14,Water Bottle,Lifestyle,4,17.18,68.72,Cancelled
ORD-0000739,CUST-000789,2026-05-06,Wireless Mouse,Electronics,4,29.61,118.44,Completed
ORD-0000740,CUST-007014,2026-03-24,Notebook Set,Stationery,3,13.05,39.15,Completed
ORD-0000741,CUST-005357,2026-08-12,Notebook Set,Stationery,6,13.73,82.38,Returned
ORD-0000742,CUST-003974,2022-06-17,Notebook Set,Stationery,2,13.36,26.72,Processing
ORD-0000743,CUST-005521,2026-03-19,Wireless Mouse,Electronics,1,29.64,29.64,Completed
ORD-0000744,CUST-008259,2022-08-20,Laptop Stand,Office,6,44.97,269.82,Shipped
ORD-0000745,CUST-006234,2026-02-19,Backpack,Lifestyle,5,56.52,282.6,Returned
ORD-0000746,CUST-000154,2025-09-09,Laptop Stand,Office,3,42.99,128.97,Completed
ORD-0000747,CUST-007092,2025-08-28,Noise-Canceling Headphones,Electronics,2,165.16,330.32,Shipped
ORD-0000748,CUST-000830,2024-05-12,Backpack,Lifestyle,2,62.35,124.7,Completed
ORD-0000749,CUST-003488,2023-07-27,Standing Desk,Furniture,5,436.98,2184.9,Completed
ORD-0000750,CUST-006357,2026-04-24,Desk Organizer,Office,4,25.47,101.88,Cancelled
ORD-0000751,CUST-001559,2025-11-24,Standing Desk,Furniture,4,406.46,1625.84,Processing
ORD-0000752,CUST-009487,2026-04-23,Laptop Stand,Office,2,46.17,92.34,Cancelled
ORD-0000753,CUST-008035,2026-07-04,Standing Desk,Furniture,2,390.83,781.66,Shipped
ORD-0000754,CUST-001582,2023-05-11,Backpack,Lifestyle,3,62.66,187.98,Processing
ORD-0000755,CUST-008561,2022-12-05,Backpack,Lifestyle,2,59.98,119.96,Completed
ORD-0000756,CUST-009496,2026-06-07,Noise-Canceling Headphones,Electronics,3,196.06,588.18,Returned
ORD-0000757,CUST-000614,2022-12-16,Desk Organizer,Office,1,26.69,26.69,Shipped
ORD-0000758,CUST-004782,2026-03-21,Wireless Mouse,Electronics,2,32.36,64.72,Cancelled
ORD-0000759,CUST-009580,2024-05-22,Notebook Set,Stationery,5,11.9,59.5,Completed
ORD-0000760,CUST-005054,2024-04-28,Backpack,Lifestyle,5,58.86,294.3,Cancelled
ORD-0000761,CUST-009111,2025-12-25,Standing Desk,Furniture,5,427.34,2136.7,Shipped
ORD-0000762,CUST-009846,2024-02-18,Notebook Set,Stationery,2,13.63,27.26,Completed
ORD-0000763,CUST-009331,2026-07-28,Ergonomic Chair,Furniture,6,273.03,1638.18,Completed
ORD-0000764,CUST-005829,2025-06-01,Standing Desk,Furniture,2,382.71,765.42,Completed
ORD-0000765,CUST-009007,2026-02-01,Wireless Mouse,Electronics,6,27.97,167.82,Processing
ORD-0000766,CUST-008702,2021-08-02,Noise-Canceling Headphones,Electronics,4,171.28,685.12,Cancelled
ORD-0000767,CUST-000267,2025-12-02,Standing Desk,Furniture,6,412.87,2477.22,Completed
ORD-0000768,CUST-001629,2021-12-14,Water Bottle,Lifestyle,5,17.97,89.85,Completed
ORD-0000769,CUST-006955,2023-02-20,Backpack,Lifestyle,2,54.14,108.28,Completed
ORD-0000770,CUST-002548,2023-06-12,Desk Organizer,Office,6,26.92,161.52,Returned
ORD-0000771,CUST-000226,2022-07-28,Ergonomic Chair,Furniture,6,241.56,1449.36,Cancelled
ORD-0000772,CUST-005197,2025-09-22,Backpack,Lifestyle,6,60.16,360.96,Completed
ORD-0000773,CUST-007474,2026-05-02,Notebook Set,Stationery,3,12.67,38.01,Cancelled
ORD-0000774,CUST-001210,2023-06-02,Noise-Canceling Headphones,Electronics,5,172.28,861.4,Returned
ORD-0000775,CUST-003181,2025-05-30,Ergonomic Chair,Furniture,6,228.28,1369.68,Processing
ORD-0000776,CUST-003122,2026-05-27,Desk Organizer,Office,6,26.75,160.5,Completed
ORD-0000777,CUST-002780,2023-03-25,Laptop Stand,Office,2,41.42,82.84,Shipped
ORD-0000778,CUST-000619,2025-02-08,Notebook Set,Stationery,6,13.3,79.8,Processing
ORD-0000779,CUST-003136,2026-05-19,Backpack,Lifestyle,1,62.65,62.65,Returned
ORD-0000780,CUST-004891,2026-01-20,Mechanical Keyboard,Electronics,3,83.01,249.03,Completed
ORD-0000781,CUST-005729,2022-10-20,Notebook Set,Stationery,3,13.09,39.27,Completed
ORD-0000782,CUST-008419,2026-08-01,Mechanical Keyboard,Electronics,5,98.07,490.35,Completed
ORD-0000783,CUST-001133,2025-11-17,Mechanical Keyboard,Electronics,4,85.47,341.88,Completed
ORD-0000784,CUST-000050,2025-01-04,Ergonomic Chair,Furniture,3,235.17,705.51,Completed
ORD-0000785,CUST-005895,2023-03-10,Ergonomic Chair,Furniture,4,238.71,954.84,Completed
ORD-0000786,CUST-007695,2024-02-05,Laptop Stand,Office,2,44.87,89.74,Completed
ORD-0000787,CUST-005390,2023-02-13,Wireless Mouse,Electronics,5,32.8,164,Completed
ORD-0000788,CUST-003501,2024-09-22,Desk Organizer,Office,5,22.23,111.15,Completed
ORD-0000789,CUST-008768,2025-06-25,USB-C Hub,Electronics,5,51.74,258.7,Completed
ORD-0000790,CUST-008832,2023-12-03,Mechanical Keyboard,Electronics,2,94.55,189.1,Cancelled
ORD-0000791,CUST-004563,2024-09-03,Noise-Canceling Headphones,Electronics,1,178.72,178.72,Completed
ORD-0000792,CUST-008918,2023-01-19,Desk Organizer,Office,4,22.81,91.24,Processing
ORD-0000793,CUST-008080,2026-05-29,Water Bottle,Lifestyle,2,18.79,37.58,Completed
ORD-0000794,CUST-009492,2023-01-08,Ergonomic Chair,Furniture,3,259.7,779.1,Completed
ORD-0000795,CUST-004132,2024-12-03,Standing Desk,Furniture,1,419.87,419.87,Completed
ORD-0000796,CUST-000290,2026-06-30,Notebook Set,Stationery,5,13.44,67.2,Completed
ORD-0000797,CUST-001249,2025-09-05,Laptop Stand,Office,2,47.84,95.68,Completed
ORD-0000798,CUST-002723,2024-06-27,USB-C Hub,Electronics,1,49.18,49.18,Processing
ORD-0000799,CUST-005913,2025-03-05,USB-C Hub,Electronics,3,50.46,151.38,Completed
ORD-0000800,CUST-001592,2020-10-07,Wireless Mouse,Electronics,1,29.32,29.32,Completed
ORD-0000801,CUST-007959,2026-02-25,Ergonomic Chair,Furniture,1,245.12,245.12,Processing
ORD-0000802,CUST-003183,2024-10-02,Mechanical Keyboard,Electronics,3,91.74,275.22,Shipped
ORD-0000803,CUST-000695,2024-04-18,Mechanical Keyboard,Electronics,1,88.51,88.51,Completed
ORD-0000804,CUST-004572,2025-12-08,USB-C Hub,Electronics,6,47.17,283.02,Shipped
ORD-0000805,CUST-001858,2021-09-20,Standing Desk,Furniture,2,431.49,862.98,Cancelled
ORD-0000806,CUST-001505,2024-03-17,Mechanical Keyboard,Electronics,2,86.44,172.88,Returned
ORD-0000807,CUST-004000,2024-09-02,Mechanical Keyboard,Electronics,5,81.25,406.25,Completed
ORD-0000808,CUST-004676,2022-02-08,Laptop Stand,Office,4,49.2,196.8,Completed
ORD-0000809,CUST-005380,2021-07-24,Noise-Canceling Headphones,Electronics,1,180.71,180.71,Completed
ORD-0000810,CUST-006768,2025-09-29,Wireless Mouse,Electronics,4,28.49,113.96,Cancelled
ORD-0000811,CUST-004975,2026-06-04,Mechanical Keyboard,Electronics,6,85.05,510.3,Cancelled
ORD-0000812,CUST-005083,2025-02-17,Laptop Stand,Office,6,40.75,244.5,Cancelled
ORD-0000813,CUST-007695,2026-07-29,Standing Desk,Furniture,6,427.31,2563.86,Completed
ORD-0000814,CUST-007111,2026-01-24,USB-C Hub,Electronics,2,50.08,100.16,Completed
ORD-0000815,CUST-008395,2026-06-20,Webcam,Electronics,4,74.01,296.04,Completed
ORD-0000816,CUST-008882,2025-05-24,Webcam,Electronics,2,71.5,143,Completed
ORD-0000817,CUST-005783,2025-11-24,Webcam,Electronics,4,80.39,321.56,Completed
ORD-0000818,CUST-008455,2024-01-05,Desk Organizer,Office,1,23.7,23.7,Shipped
ORD-0000819,CUST-009809,2022-12-01,Noise-Canceling Headphones,Electronics,3,190.33,570.99,Shipped
ORD-0000820,CUST-009358,2023-07-11,Desk Organizer,Office,3,25.14,75.42,Completed
ORD-0000821,CUST-008637,2024-11-16,Ergonomic Chair,Furniture,6,253.33,1519.98,Completed
ORD-0000822,CUST-001365,2026-01-12,Wireless Mouse,Electronics,5,32.7,163.5,Returned
ORD-0000823,CUST-003795,2025-03-04,Standing Desk,Furniture,3,438,1314,Completed
ORD-0000824,CUST-008413,2026-03-07,Wireless Mouse,Electronics,2,28.08,56.16,Returned
ORD-0000825,CUST-004582,2026-01-22,Standing Desk,Furniture,6,372.88,2237.28,Cancelled
ORD-0000826,CUST-006029,2025-08-25,Noise-Canceling Headphones,Electronics,4,172.75,691,Completed
ORD-0000827,CUST-005349,2025-08-23,Water Bottle,Lifestyle,1,18.86,18.86,Completed
ORD-0000828,CUST-003106,2023-05-28,Ergonomic Chair,Furniture,4,228.26,913.04,Completed
ORD-0000829,CUST-001725,2026-01-16,Notebook Set,Stationery,1,12.93,12.93,Cancelled
ORD-0000830,CUST-005361,2026-06-26,Wireless Mouse,Electronics,2,27.41,54.82,Completed
ORD-0000831,CUST-004398,2023-05-17,Water Bottle,Lifestyle,3,20.84,62.52,Cancelled
ORD-0000832,CUST-000328,2026-08-22,Mechanical Keyboard,Electronics,3,89.22,267.66,Shipped
ORD-0000833,CUST-001534,2025-02-22,USB-C Hub,Electronics,3,49.21,147.63,Completed
ORD-0000834,CUST-006233,2025-07-05,Standing Desk,Furniture,2,370.74,741.48,Completed
ORD-0000835,CUST-003435,2026-05-20,Wireless Mouse,Electronics,5,32.71,163.55,Returned
ORD-0000836,CUST-009585,2025-08-03,USB-C Hub,Electronics,2,49.68,99.36,Processing
ORD-0000837,CUST-005530,2026-03-10,Water Bottle,Lifestyle,2,18.06,36.12,Completed
ORD-0000838,CUST-008832,2025-09-28,Notebook Set,Stationery,1,13.39,13.39,Processing
ORD-0000839,CUST-008282,2024-11-07,Notebook Set,Stationery,6,13.89,83.34,Completed
ORD-0000840,CUST-003926,2025-10-29,Laptop Stand,Office,3,43.84,131.52,Completed
ORD-0000841,CUST-005118,2026-07-14,Ergonomic Chair,Furniture,6,246.81,1480.86,Returned
ORD-0000842,CUST-004139,2026-07-02,Water Bottle,Lifestyle,1,18.7,18.7,Completed
ORD-0000843,CUST-001973,2026-07-10,Water Bottle,Lifestyle,1,19.35,19.35,Completed
ORD-0000844,CUST-008977,2023-08-14,Water Bottle,Lifestyle,3,18.67,56.01,Cancelled
ORD-0000845,CUST-004532,2026-02-06,USB-C Hub,Electronics,2,49.1,98.2,Returned
ORD-0000846,CUST-009532,2025-06-06,Water Bottle,Lifestyle,4,20.08,80.32,Completed
ORD-0000847,CUST-001773,2024-10-24,USB-C Hub,Electronics,5,51.18,255.9,Completed
ORD-0000848,CUST-000116,2023-07-01,Laptop Stand,Office,6,41.43,248.58,Completed
ORD-0000849,CUST-006909,2022-04-10,Desk Organizer,Office,2,22.51,45.02,Processing
ORD-0000850,CUST-002523,2025-09-17,Notebook Set,Stationery,3,11.86,35.58,Completed
ORD-0000851,CUST-009307,2021-09-30,Water Bottle,Lifestyle,2,20.34,40.68,Completed
ORD-0000852,CUST-007762,2023-03-16,Notebook Set,Stationery,6,11.56,69.36,Shipped
ORD-0000853,CUST-003493,2026-03-06,Desk Organizer,Office,2,22.32,44.64,Completed
ORD-0000854,CUST-002606,2025-08-22,Noise-Canceling Headphones,Electronics,2,194.76,389.52,Completed
ORD-0000855,CUST-003827,2026-02-10,USB-C Hub,Electronics,6,44.15,264.9,Returned
ORD-0000856,CUST-000794,2026-08-31,Laptop Stand,Office,1,49.3,49.3,Completed
ORD-0000857,CUST-005952,2023-03-03,USB-C Hub,Electronics,3,50.21,150.63,Shipped
ORD-0000858,CUST-001243,2025-10-16,Desk Organizer,Office,4,25.78,103.12,Completed
ORD-0000859,CUST-008596,2024-01-26,Water Bottle,Lifestyle,3,20.02,60.06,Completed
ORD-0000860,CUST-008095,2026-03-14,Water Bottle,Lifestyle,2,20.31,40.62,Cancelled
ORD-0000861,CUST-001835,2021-03-28,USB-C Hub,Electronics,3,53.04,159.12,Shipped
ORD-0000862,CUST-009966,2025-03-22,Webcam,Electronics,4,77.45,309.8,Returned
ORD-0000863,CUST-000401,2025-12-25,Laptop Stand,Office,2,47.36,94.72,Cancelled
ORD-0000864,CUST-008217,2026-04-19,Notebook Set,Stationery,4,12.22,48.88,Completed
ORD-0000865,CUST-003138,2023-08-01,Desk Organizer,Office,1,25.74,25.74,Processing
ORD-0000866,CUST-006610,2025-06-09,Laptop Stand,Office,3,40.73,122.19,Completed
ORD-0000867,CUST-002188,2024-06-19,Desk Organizer,Office,4,23.82,95.28,Processing
ORD-0000868,CUST-007179,2026-07-15,Notebook Set,Stationery,6,12.12,72.72,Completed
ORD-0000869,CUST-008012,2024-04-05,Ergonomic Chair,Furniture,1,265.39,265.39,Processing
ORD-0000870,CUST-009668,2024-12-17,Laptop Stand,Office,3,46.62,139.86,Completed
ORD-0000871,CUST-008828,2025-01-01,Notebook Set,Stationery,2,13.26,26.52,Completed
ORD-0000872,CUST-004378,2026-01-17,Water Bottle,Lifestyle,2,18.06,36.12,Completed
ORD-0000873,CUST-005579,2025-03-28,Ergonomic Chair,Furniture,5,230.73,1153.65,Completed
ORD-0000874,CUST-000768,2026-06-29,Webcam,Electronics,1,66.99,66.99,Returned
ORD-0000875,CUST-005997,2026-08-30,Webcam,Electronics,3,67.9,203.7,Cancelled
ORD-0000876,CUST-006640,2026-03-28,Backpack,Lifestyle,3,59.85,179.55,Processing
ORD-0000877,CUST-003887,2022-10-25,Water Bottle,Lifestyle,6,19.84,119.04,Processing
ORD-0000878,CUST-005284,2025-08-30,Water Bottle,Lifestyle,6,20.71,124.26,Completed
ORD-0000879,CUST-002195,2026-06-27,Laptop Stand,Office,1,46.23,46.23,Processing
ORD-0000880,CUST-000382,2026-06-15,Wireless Mouse,Electronics,3,32.71,98.13,Returned
ORD-0000881,CUST-000981,2021-09-19,Wireless Mouse,Electronics,2,31.84,63.68,Returned
ORD-0000882,CUST-001062,2025-09-17,Notebook Set,Stationery,2,11.57,23.14,Processing
ORD-0000883,CUST-003875,2025-08-21,Standing Desk,Furniture,6,381.75,2290.5,Shipped
ORD-0000884,CUST-001906,2025-12-29,USB-C Hub,Electronics,5,51.88,259.4,Completed
ORD-0000885,CUST-009106,2026-06-23,Ergonomic Chair,Furniture,6,230.22,1381.32,Shipped
ORD-0000886,CUST-005279,2023-12-31,USB-C Hub,Electronics,1,48.17,48.17,Completed
ORD-0000887,CUST-003713,2024-07-18,Backpack,Lifestyle,1,53.88,53.88,Completed
ORD-0000888,CUST-005819,2024-12-14,Wireless Mouse,Electronics,1,28.62,28.62,Completed
ORD-0000889,CUST-002024,2025-04-17,Webcam,Electronics,1,76.13,76.13,Processing
ORD-0000890,CUST-009421,2021-04-28,Laptop Stand,Office,6,45.07,270.42,Completed
ORD-0000891,CUST-001988,2026-01-30,Water Bottle,Lifestyle,3,19.34,58.02,Cancelled
ORD-0000892,CUST-001575,2024-05-19,Ergonomic Chair,Furniture,4,270.57,1082.28,Returned
ORD-0000893,CUST-005472,2026-08-11,Desk Organizer,Office,6,24.96,149.76,Processing
ORD-0000894,CUST-002388,2026-02-09,Water Bottle,Lifestyle,4,19.28,77.12,Completed
ORD-0000895,CUST-001098,2026-07-08,Backpack,Lifestyle,1,57.31,57.31,Returned
ORD-0000896,CUST-008142,2026-06-08,Mechanical Keyboard,Electronics,2,95.49,190.98,Cancelled
ORD-0000897,CUST-000731,2024-11-29,Standing Desk,Furniture,3,420.6,1261.8,Completed
ORD-0000898,CUST-001727,2024-03-13,Backpack,Lifestyle,4,53.6,214.4,Completed
ORD-0000899,CUST-003194,2026-04-08,Standing Desk,Furniture,4,390.89,1563.56,Shipped
ORD-0000900,CUST-006796,2022-11-20,Mechanical Keyboard,Electronics,1,90.27,90.27,Cancelled
ORD-0000901,CUST-001324,2025-08-11,Notebook Set,Stationery,2,11.95,23.9,Cancelled
ORD-0000902,CUST-002985,2025-12-13,USB-C Hub,Electronics,3,49.12,147.36,Returned
ORD-0000903,CUST-000942,2026-04-11,Noise-Canceling Headphones,Electronics,4,177.63,710.52,Returned
ORD-0000904,CUST-002039,2026-03-06,Wireless Mouse,Electronics,1,32.65,32.65,Shipped
ORD-0000905,CUST-002845,2020-06-02,Desk Organizer,Office,4,22.14,88.56,Processing
ORD-0000906,CUST-007192,2025-02-16,Noise-Canceling Headphones,Electronics,6,165.41,992.46,Processing
ORD-0000907,CUST-001412,2024-06-11,Noise-Canceling Headphones,Electronics,6,172.03,1032.18,Cancelled
ORD-0000908,CUST-000641,2024-08-21,Wireless Mouse,Electronics,3,32.17,96.51,Completed
ORD-0000909,CUST-005906,2025-03-24,Mechanical Keyboard,Electronics,5,96.16,480.8,Cancelled
ORD-0000910,CUST-006464,2026-01-18,Water Bottle,Lifestyle,1,20.14,20.14,Completed
ORD-0000911,CUST-003087,2024-11-28,Ergonomic Chair,Furniture,4,234.7,938.8,Completed
ORD-0000912,CUST-008810,2021-04-08,USB-C Hub,Electronics,3,49.11,147.33,Returned
ORD-0000913,CUST-002209,2026-02-18,Webcam,Electronics,5,71.87,359.35,Completed
ORD-0000914,CUST-007734,2025-05-10,Mechanical Keyboard,Electronics,3,86.7,260.1,Completed
ORD-0000915,CUST-006003,2026-04-10,Standing Desk,Furniture,5,393.27,1966.35,Completed
ORD-0000916,CUST-007483,2024-12-28,Notebook Set,Stationery,6,13.31,79.86,Cancelled
ORD-0000917,CUST-003748,2025-09-30,Standing Desk,Furniture,6,436.85,2621.1,Cancelled
ORD-0000918,CUST-004610,2025-10-11,Laptop Stand,Office,4,44.7,178.8,Completed
ORD-0000919,CUST-005005,2026-02-11,Noise-Canceling Headphones,Electronics,4,191.56,766.24,Completed
ORD-0000920,CUST-005742,2026-08-06,Notebook Set,Stationery,3,11.49,34.47,Processing
ORD-0000921,CUST-005132,2023-06-08,Backpack,Lifestyle,5,57.42,287.1,Returned
ORD-0000922,CUST-007351,2025-08-14,Standing Desk,Furniture,1,376.68,376.68,Completed
ORD-0000923,CUST-006142,2026-02-27,Wireless Mouse,Electronics,4,27.6,110.4,Completed
ORD-0000924,CUST-002364,2025-06-12,Wireless Mouse,Electronics,1,29.71,29.71,Returned
ORD-0000925,CUST-009035,2026-08-29,Backpack,Lifestyle,3,60.85,182.55,Processing
ORD-0000926,CUST-000976,2024-10-17,Notebook Set,Stationery,3,13.82,41.46,Completed
ORD-0000927,CUST-006169,2026-05-15,Laptop Stand,Office,5,42.34,211.7,Completed
ORD-0000928,CUST-005482,2021-02-10,Water Bottle,Lifestyle,2,18.55,37.1,Cancelled
ORD-0000929,CUST-004770,2020-12-07,Desk Organizer,Office,3,24.41,73.23,Cancelled
ORD-0000930,CUST-001495,2025-03-30,Water Bottle,Lifestyle,1,17.26,17.26,Shipped
ORD-0000931,CUST-005192,2026-08-30,Desk Organizer,Office,6,22.3,133.8,Cancelled
ORD-0000932,CUST-000380,2024-02-25,Desk Organizer,Office,1,26.3,26.3,Processing
ORD-0000933,CUST-009989,2026-08-25,Desk Organizer,Office,4,22.74,90.96,Cancelled
ORD-0000934,CUST-000259,2025-12-18,Water Bottle,Lifestyle,4,20.37,81.48,Processing
ORD-0000935,CUST-002426,2025-02-20,Ergonomic Chair,Furniture,4,251.07,1004.28,Shipped
ORD-0000936,CUST-005414,2024-12-19,Standing Desk,Furniture,6,361.2,2167.2,Returned
ORD-0000937,CUST-005502,2025-05-15,Ergonomic Chair,Furniture,6,265.49,1592.94,Returned
ORD-0000938,CUST-006449,2023-09-05,Noise-Canceling Headphones,Electronics,2,195.03,390.06,Processing
ORD-0000939,CUST-005082,2025-09-01,USB-C Hub,Electronics,1,53.54,53.54,Completed
ORD-0000940,CUST-006049,2026-06-16,Laptop Stand,Office,4,41.9,167.6,Returned
ORD-0000941,CUST-003236,2025-08-10,Water Bottle,Lifestyle,3,19.28,57.84,Cancelled
ORD-0000942,CUST-007672,2026-07-19,Desk Organizer,Office,3,23.43,70.29,Shipped
ORD-0000943,CUST-000379,2024-02-03,Ergonomic Chair,Furniture,5,255.77,1278.85,Completed
ORD-0000944,CUST-007032,2024-09-05,Laptop Stand,Office,6,46.58,279.48,Cancelled
ORD-0000945,CUST-007301,2025-11-20,Notebook Set,Stationery,4,12.16,48.64,Completed
ORD-0000946,CUST-008701,2023-03-24,Webcam,Electronics,3,76.54,229.62,Completed
ORD-0000947,CUST-000681,2024-09-20,Backpack,Lifestyle,5,64.23,321.15,Processing
ORD-0000948,CUST-002685,2022-12-15,Mechanical Keyboard,Electronics,1,95.98,95.98,Completed
ORD-0000949,CUST-008190,2021-04-17,Water Bottle,Lifestyle,2,17.27,34.54,Completed
ORD-0000950,CUST-008321,2024-02-16,Noise-Canceling Headphones,Electronics,3,174.2,522.6,Shipped
ORD-0000951,CUST-001757,2024-01-06,Ergonomic Chair,Furniture,1,244.09,244.09,Completed
ORD-0000952,CUST-005320,2025-06-26,Webcam,Electronics,3,72.47,217.41,Completed
ORD-0000953,CUST-000109,2025-12-01,Mechanical Keyboard,Electronics,2,80.73,161.46,Shipped
ORD-0000954,CUST-004319,2024-12-15,Noise-Canceling Headphones,Electronics,1,190.58,190.58,Completed
ORD-0000955,CUST-004171,2026-05-11,Water Bottle,Lifestyle,2,19.83,39.66,Completed
ORD-0000956,CUST-001781,2025-12-26,Laptop Stand,Office,2,47.41,94.82,Returned
ORD-0000957,CUST-001419,2026-05-04,Notebook Set,Stationery,5,12.04,60.2,Completed
ORD-0000958,CUST-006580,2024-02-06,Ergonomic Chair,Furniture,1,240.6,240.6,Completed
ORD-0000959,CUST-007789,2025-09-26,Webcam,Electronics,1,70.68,70.68,Processing
ORD-0000960,CUST-008119,2026-08-05,Wireless Mouse,Electronics,1,29.76,29.76,Processing
ORD-0000961,CUST-008217,2026-05-11,Backpack,Lifestyle,6,54.02,324.12,Completed
ORD-0000962,CUST-008326,2025-10-03,Water Bottle,Lifestyle,2,18.51,37.02,Completed
ORD-0000963,CUST-009423,2025-08-03,Noise-Canceling Headphones,Electronics,3,181.86,545.58,Completed
ORD-0000964,CUST-002375,2026-04-23,Notebook Set,Stationery,6,13.78,82.68,Completed
ORD-0000965,CUST-001027,2025-08-19,Ergonomic Chair,Furniture,2,261.63,523.26,Cancelled
ORD-0000966,CUST-005465,2021-05-30,Wireless Mouse,Electronics,4,30.73,122.92,Shipped
ORD-0000967,CUST-003583,2024-05-03,Laptop Stand,Office,2,46.39,92.78,Completed
ORD-0000968,CUST-005508,2026-06-17,USB-C Hub,Electronics,4,47.43,189.72,Completed
ORD-0000969,CUST-004634,2022-03-30,Backpack,Lifestyle,2,59.95,119.9,Completed
ORD-0000970,CUST-004075,2026-08-30,Desk Organizer,Office,2,22.21,44.42,Shipped
ORD-0000971,CUST-006374,2025-07-01,Standing Desk,Furniture,6,374.05,2244.3,Shipped
ORD-0000972,CUST-000430,2025-01-14,Noise-Canceling Headphones,Electronics,2,176.76,353.52,Returned
ORD-0000973,CUST-001024,2025-08-19,Webcam,Electronics,2,77.15,154.3,Shipped
ORD-0000974,CUST-006009,2022-04-08,Backpack,Lifestyle,1,60.49,60.49,Cancelled
ORD-0000975,CUST-002498,2023-08-31,Notebook Set,Stationery,5,12.4,62,Returned
ORD-0000976,CUST-009179,2025-10-19,Desk Organizer,Office,5,25.04,125.2,Processing
ORD-0000977,CUST-005466,2025-10-28,Webcam,Electronics,1,71.39,71.39,Processing
ORD-0000978,CUST-002625,2026-03-01,Mechanical Keyboard,Electronics,4,96.16,384.64,Shipped
ORD-0000979,CUST-005400,2025-10-02,Desk Organizer,Office,6,24.75,148.5,Cancelled
ORD-0000980,CUST-008208,2025-11-10,Notebook Set,Stationery,2,12.82,25.64,Returned
ORD-0000981,CUST-005705,2025-06-11,Backpack,Lifestyle,6,53.87,323.22,Completed
ORD-0000982,CUST-006640,2024-10-25,Notebook Set,Stationery,1,12.81,12.81,Processing
ORD-0000983,CUST-000521,2024-02-17,Standing Desk,Furniture,6,361.66,2169.96,Shipped
ORD-0000984,CUST-001808,2026-08-31,Notebook Set,Stationery,4,13.78,55.12,Returned
ORD-0000985,CUST-004290,2024-09-28,Desk Organizer,Office,2,23.48,46.96,Shipped
ORD-0000986,CUST-002113,2026-04-09,Laptop Stand,Office,1,44.03,44.03,Returned
ORD-0000987,CUST-001691,2023-04-23,Wireless Mouse,Electronics,1,27.73,27.73,Shipped
ORD-0000988,CUST-003645,2023-01-06,Backpack,Lifestyle,3,59.65,178.95,Processing
ORD-0000989,CUST-004022,2026-03-06,Webcam,Electronics,4,80.17,320.68,Completed
ORD-0000990,CUST-002550,2026-08-18,Standing Desk,Furniture,6,409.53,2457.18,Processing
ORD-0000991,CUST-000638,2026-06-19,Ergonomic Chair,Furniture,4,253.52,1014.08,Returned
ORD-0000992,CUST-006433,2022-08-22,Noise-Canceling Headphones,Electronics,3,192.25,576.75,Returned
ORD-0000993,CUST-006528,2024-04-05,Standing Desk,Furniture,5,427,2135,Completed
ORD-0000994,CUST-007133,2026-02-10,Backpack,Lifestyle,6,59.13,354.78,Processing
ORD-0000995,CUST-009627,2025-03-06,Webcam,Electronics,1,72.29,72.29,Returned
ORD-0000996,CUST-009724,2024-07-26,USB-C Hub,Electronics,2,49.83,99.66,Cancelled
ORD-0000997,CUST-003961,2026-05-29,Standing Desk,Furniture,5,385.89,1929.45,Shipped
ORD-0000998,CUST-005077,2024-08-03,Wireless Mouse,Electronics,3,32.51,97.53,Shipped
ORD-0000999,CUST-007216,2025-11-13,Water Bottle,Lifestyle,6,19.68,118.08,Shipped
ORD-0001000,CUST-005828,2025-03-27,Notebook Set,Stationery,4,13.94,55.76,Completed
ORD-0001001,CUST-003823,2026-01-13,Ergonomic Chair,Furniture,4,241.85,967.4,Returned
ORD-0001002,CUST-008108,2026-02-01,Desk Organizer,Office,1,23.17,23.17,Returned
ORD-0001003,CUST-007151,2026-05-08,USB-C Hub,Electronics,1,46.52,46.52,Shipped
ORD-0001004,CUST-003855,2025-01-14,Desk Organizer,Office,6,26.24,157.44,Cancelled
ORD-0001005,CUST-006916,2025-08-16,Notebook Set,Stationery,4,12.51,50.04,Completed
ORD-0001006,CUST-001074,2025-10-31,Standing Desk,Furniture,3,371.13,1113.39,Completed
ORD-0001007,CUST-000372,2022-05-07,Standing Desk,Furniture,6,366.97,2201.82,Shipped
ORD-0001008,CUST-001881,2023-06-02,Notebook Set,Stationery,2,13.25,26.5,Completed
ORD-0001009,CUST-008413,2026-06-26,Standing Desk,Furniture,2,403.32,806.64,Processing
ORD-0001010,CUST-000668,2026-04-04,Desk Organizer,Office,6,22.27,133.62,Completed
ORD-0001011,CUST-000149,2026-05-20,Water Bottle,Lifestyle,4,18.97,75.88,Completed
ORD-0001012,CUST-007244,2025-01-25,Noise-Canceling Headphones,Electronics,2,171.59,343.18,Processing
ORD-0001013,CUST-002063,2026-08-27,USB-C Hub,Electronics,4,52.44,209.76,Processing
ORD-0001014,CUST-002288,2025-11-21,Mechanical Keyboard,Electronics,1,94.49,94.49,Completed
ORD-0001015,CUST-000349,2026-04-14,Wireless Mouse,Electronics,3,28.36,85.08,Cancelled
ORD-0001016,CUST-004962,2026-03-06,Ergonomic Chair,Furniture,6,235.88,1415.28,Cancelled
ORD-0001017,CUST-007509,2026-07-20,Noise-Canceling Headphones,Electronics,5,162.51,812.55,Completed
ORD-0001018,CUST-005019,2022-06-18,Water Bottle,Lifestyle,3,18.78,56.34,Completed
ORD-0001019,CUST-006817,2024-07-06,Laptop Stand,Office,6,42.49,254.94,Returned
ORD-0001020,CUST-004272,2025-03-11,Ergonomic Chair,Furniture,6,250.79,1504.74,Cancelled
ORD-0001021,CUST-000739,2024-07-23,Laptop Stand,Office,3,44.49,133.47,Completed
ORD-0001022,CUST-004734,2026-05-20,Desk Organizer,Office,5,26.41,132.05,Shipped
ORD-0001023,CUST-001893,2022-09-15,Webcam,Electronics,3,73.75,221.25,Returned
ORD-0001024,CUST-003305,2025-11-26,Ergonomic Chair,Furniture,2,251.18,502.36,Shipped
ORD-0001025,CUST-007664,2023-09-01,Standing Desk,Furniture,6,404.61,2427.66,Processing
ORD-0001026,CUST-005327,2025-06-04,Webcam,Electronics,1,67.44,67.44,Returned
ORD-0001027,CUST-002044,2026-03-14,Notebook Set,Stationery,5,12.19,60.95,Processing
ORD-0001028,CUST-001870,2026-02-28,Water Bottle,Lifestyle,3,17.42,52.26,Completed
ORD-0001029,CUST-000811,2024-01-07,Water Bottle,Lifestyle,3,18.8,56.4,Cancelled
ORD-0001030,CUST-008069,2026-07-30,USB-C Hub,Electronics,2,45.45,90.9,Completed
ORD-0001031,CUST-008628,2024-09-21,Backpack,Lifestyle,6,62.4,374.4,Completed
ORD-0001032,CUST-002380,2024-05-17,Desk Organizer,Office,6,23.25,139.5,Processing
ORD-0001033,CUST-009154,2025-06-08,Noise-Canceling Headphones,Electronics,2,189.17,378.34,Shipped
ORD-0001034,CUST-009085,2025-05-20,Backpack,Lifestyle,1,60.02,60.02,Returned
ORD-0001035,CUST-001781,2025-03-21,Mechanical Keyboard,Electronics,5,92.84,464.2,Returned
ORD-0001036,CUST-008890,2026-01-13,Backpack,Lifestyle,2,65.27,130.54,Shipped
ORD-0001037,CUST-001057,2020-12-31,Notebook Set,Stationery,2,11.54,23.08,Completed
ORD-0001038,CUST-004966,2022-10-24,Standing Desk,Furniture,3,413.33,1239.99,Shipped
ORD-0001039,CUST-007428,2025-06-26,USB-C Hub,Electronics,5,51.87,259.35,Cancelled
ORD-0001040,CUST-004269,2023-08-19,Noise-Canceling Headphones,Electronics,6,183.03,1098.18,Shipped
ORD-0001041,CUST-000352,2023-08-14,Desk Organizer,Office,4,23.22,92.88,Shipped
ORD-0001042,CUST-006492,2026-08-08,Standing Desk,Furniture,4,402.29,1609.16,Completed
ORD-0001043,CUST-007419,2026-05-10,Noise-Canceling Headphones,Electronics,4,165.26,661.04,Completed
ORD-0001044,CUST-005486,2026-09-05,Webcam,Electronics,3,79.71,239.13,Completed
ORD-0001045,CUST-005537,2024-12-29,Wireless Mouse,Electronics,1,31.23,31.23,Completed
ORD-0001046,CUST-000493,2022-03-22,Noise-Canceling Headphones,Electronics,4,166.15,664.6,Processing
ORD-0001047,CUST-002794,2025-03-05,USB-C Hub,Electronics,2,51.49,102.98,Completed
ORD-0001048,CUST-007038,2024-04-19,Standing Desk,Furniture,3,387.48,1162.44,Cancelled
ORD-0001049,CUST-002099,2022-01-21,Backpack,Lifestyle,2,56.75,113.5,Processing
ORD-0001050,CUST-009826,2026-04-24,Desk Organizer,Office,4,24.98,99.92,Cancelled
ORD-0001051,CUST-000165,2025-08-12,Noise-Canceling Headphones,Electronics,1,169.28,169.28,Processing
ORD-0001052,CUST-002483,2025-09-17,Ergonomic Chair,Furniture,1,271.86,271.86,Completed
ORD-0001053,CUST-007967,2022-07-26,Noise-Canceling Headphones,Electronics,5,191.32,956.6,Completed
ORD-0001054,CUST-001484,2025-11-03,USB-C Hub,Electronics,3,48.27,144.81,Completed
ORD-0001055,CUST-001232,2026-07-21,Standing Desk,Furniture,2,401.32,802.64,Shipped
ORD-0001056,CUST-004116,2026-03-02,Mechanical Keyboard,Electronics,3,95.64,286.92,Completed
ORD-0001057,CUST-002083,2023-12-30,Webcam,Electronics,5,68.13,340.65,Completed
ORD-0001058,CUST-002822,2023-11-17,Noise-Canceling Headphones,Electronics,5,166.02,830.1,Completed
ORD-0001059,CUST-005415,2021-10-30,Water Bottle,Lifestyle,6,17.95,107.7,Completed
ORD-0001060,CUST-000757,2025-03-06,Standing Desk,Furniture,6,425.83,2554.98,Returned
ORD-0001061,CUST-006100,2026-07-04,Notebook Set,Stationery,2,13.78,27.56,Shipped
ORD-0001062,CUST-005916,2026-07-03,Ergonomic Chair,Furniture,5,269.3,1346.5,Completed
ORD-0001063,CUST-005621,2025-06-15,Water Bottle,Lifestyle,2,17.99,35.98,Processing
ORD-0001064,CUST-003669,2025-02-10,Wireless Mouse,Electronics,6,31.54,189.24,Completed
ORD-0001065,CUST-009212,2025-08-08,Wireless Mouse,Electronics,3,29.7,89.1,Cancelled
ORD-0001066,CUST-000043,2026-08-26,Desk Organizer,Office,3,23.34,70.02,Processing
ORD-0001067,CUST-007127,2024-10-27,Mechanical Keyboard,Electronics,5,85.99,429.95,Cancelled
ORD-0001068,CUST-000606,2025-07-17,Mechanical Keyboard,Electronics,2,90.26,180.52,Completed
ORD-0001069,CUST-006096,2023-01-11,Standing Desk,Furniture,2,375.02,750.04,Completed
ORD-0001070,CUST-002285,2026-09-01,Noise-Canceling Headphones,Electronics,6,166.09,996.54,Completed
ORD-0001071,CUST-009593,2025-09-17,Desk Organizer,Office,2,25.22,50.44,Completed
ORD-0001072,CUST-007973,2025-11-19,Desk Organizer,Office,4,22.91,91.64,Processing
ORD-0001073,CUST-007991,2025-07-10,Webcam,Electronics,3,80.05,240.15,Cancelled
ORD-0001074,CUST-006260,2022-09-07,Laptop Stand,Office,4,49.1,196.4,Returned
ORD-0001075,CUST-002201,2023-08-02,USB-C Hub,Electronics,4,53.36,213.44,Shipped
ORD-0001076,CUST-001128,2026-08-30,Backpack,Lifestyle,4,58.75,235,Completed
ORD-0001077,CUST-006896,2026-02-18,Water Bottle,Lifestyle,1,17.2,17.2,Completed
ORD-0001078,CUST-008977,2024-12-07,Laptop Stand,Office,1,47.55,47.55,Returned
ORD-0001079,CUST-001910,2023-08-08,Standing Desk,Furniture,2,408.9,817.8,Cancelled
ORD-0001080,CUST-002791,2026-06-14,Webcam,Electronics,4,73.57,294.28,Completed
ORD-0001081,CUST-002895,2026-02-11,Standing Desk,Furniture,6,390.92,2345.52,Completed
ORD-0001082,CUST-005820,2026-02-15,Noise-Canceling Headphones,Electronics,4,189.76,759.04,Processing
ORD-0001083,CUST-004851,2025-01-25,Mechanical Keyboard,Electronics,5,89,445,Completed
ORD-0001084,CUST-009595,2026-06-30,Wireless Mouse,Electronics,5,27.88,139.4,Completed
ORD-0001085,CUST-004603,2026-08-23,Ergonomic Chair,Furniture,6,237.31,1423.86,Shipped
ORD-0001086,CUST-003647,2021-12-19,Desk Organizer,Office,6,26.01,156.06,Shipped
ORD-0001087,CUST-000832,2026-04-15,Desk Organizer,Office,2,24.78,49.56,Cancelled
ORD-0001088,CUST-006747,2022-12-27,Webcam,Electronics,6,70.47,422.82,Completed
ORD-0001089,CUST-002744,2024-06-28,Ergonomic Chair,Furniture,5,254.23,1271.15,Cancelled
ORD-0001090,CUST-002028,2022-04-30,Water Bottle,Lifestyle,2,20.36,40.72,Cancelled
ORD-0001091,CUST-000979,2026-06-29,Noise-Canceling Headphones,Electronics,5,178.34,891.7,Shipped
ORD-0001092,CUST-000827,2026-02-24,Webcam,Electronics,3,74.22,222.66,Returned
ORD-0001093,CUST-006849,2025-10-10,Wireless Mouse,Electronics,3,31.58,94.74,Completed
ORD-0001094,CUST-002594,2026-03-17,Backpack,Lifestyle,3,54.88,164.64,Processing
ORD-0001095,CUST-008497,2026-02-10,Water Bottle,Lifestyle,5,20.13,100.65,Cancelled
ORD-0001096,CUST-000702,2026-02-23,Ergonomic Chair,Furniture,1,241.05,241.05,Completed
ORD-0001097,CUST-005080,2026-04-27,Desk Organizer,Office,5,24.07,120.35,Returned
ORD-0001098,CUST-006519,2026-03-13,Mechanical Keyboard,Electronics,5,97.19,485.95,Processing
ORD-0001099,CUST-002555,2025-10-08,Laptop Stand,Office,2,41.75,83.5,Returned
ORD-0001100,CUST-006569,2024-07-10,Noise-Canceling Headphones,Electronics,3,180.65,541.95,Completed
ORD-0001101,CUST-007178,2022-03-16,Wireless Mouse,Electronics,3,31.8,95.4,Processing
ORD-0001102,CUST-000131,2024-03-05,USB-C Hub,Electronics,3,50.45,151.35,Returned
ORD-0001103,CUST-005297,2026-04-15,Water Bottle,Lifestyle,3,17.53,52.59,Processing
ORD-0001104,CUST-007126,2026-02-13,Webcam,Electronics,3,75.69,227.07,Completed
ORD-0001105,CUST-000539,2026-07-16,Water Bottle,Lifestyle,2,18.4,36.8,Returned
ORD-0001106,CUST-008633,2024-09-25,Desk Organizer,Office,5,22.82,114.1,Shipped
ORD-0001107,CUST-001984,2026-03-27,Ergonomic Chair,Furniture,4,269.73,1078.92,Completed
ORD-0001108,CUST-004863,2023-02-06,Webcam,Electronics,3,69.93,209.79,Processing
ORD-0001109,CUST-009414,2024-02-12,Mechanical Keyboard,Electronics,2,89.58,179.16,Returned
ORD-0001110,CUST-007966,2025-04-25,Laptop Stand,Office,5,43.21,216.05,Completed
ORD-0001111,CUST-004248,2026-06-24,Webcam,Electronics,4,68.13,272.52,Completed
ORD-0001112,CUST-009479,2026-08-12,Wireless Mouse,Electronics,5,27.24,136.2,Completed
ORD-0001113,CUST-007230,2026-08-30,Ergonomic Chair,Furniture,6,273.73,1642.38,Returned
ORD-0001114,CUST-004787,2026-09-06,USB-C Hub,Electronics,3,45.34,136.02,Completed
ORD-0001115,CUST-006488,2023-04-19,Ergonomic Chair,Furniture,6,259.28,1555.68,Completed
ORD-0001116,CUST-009427,2026-06-06,Webcam,Electronics,3,77.27,231.81,Completed
ORD-0001117,CUST-002042,2025-11-19,Desk Organizer,Office,1,23.51,23.51,Cancelled
ORD-0001118,CUST-004575,2023-04-12,Desk Organizer,Office,1,26.24,26.24,Cancelled
ORD-0001119,CUST-005371,2024-08-19,Desk Organizer,Office,4,25.19,100.76,Shipped
ORD-0001120,CUST-001580,2026-03-07,Mechanical Keyboard,Electronics,6,90.77,544.62,Processing
ORD-0001121,CUST-005106,2023-07-18,Standing Desk,Furniture,6,397.47,2384.82,Processing
ORD-0001122,CUST-007859,2023-09-21,Desk Organizer,Office,5,25.86,129.3,Shipped
ORD-0001123,CUST-002478,2025-05-01,Mechanical Keyboard,Electronics,2,88.54,177.08,Completed
ORD-0001124,CUST-009025,2023-04-12,Backpack,Lifestyle,6,54.15,324.9,Cancelled
ORD-0001125,CUST-002579,2024-04-09,Webcam,Electronics,2,71.64,143.28,Returned
ORD-0001126,CUST-004575,2023-08-02,USB-C Hub,Electronics,3,52.74,158.22,Processing
ORD-0001127,CUST-000061,2026-03-29,Ergonomic Chair,Furniture,5,240.26,1201.3,Processing
ORD-0001128,CUST-006983,2026-07-03,Laptop Stand,Office,1,41.15,41.15,Completed
ORD-0001129,CUST-000342,2025-02-10,Standing Desk,Furniture,1,427.52,427.52,Completed
ORD-0001130,CUST-006551,2025-10-09,USB-C Hub,Electronics,3,47.32,141.96,Cancelled
ORD-0001131,CUST-009930,2026-06-03,USB-C Hub,Electronics,4,49.02,196.08,Returned
ORD-0001132,CUST-006849,2025-10-08,Mechanical Keyboard,Electronics,1,83.3,83.3,Completed
ORD-0001133,CUST-001949,2024-04-04,Mechanical Keyboard,Electronics,3,97.63,292.89,Completed
ORD-0001134,CUST-008103,2022-08-07,Wireless Mouse,Electronics,3,31.35,94.05,Completed
ORD-0001135,CUST-005466,2026-03-12,Ergonomic Chair,Furniture,3,268.92,806.76,Completed
ORD-0001136,CUST-008358,2022-01-21,Desk Organizer,Office,4,23.52,94.08,Shipped
ORD-0001137,CUST-009706,2026-04-09,Ergonomic Chair,Furniture,2,252.7,505.4,Returned
ORD-0001138,CUST-004773,2025-11-02,USB-C Hub,Electronics,5,46.32,231.6,Shipped
ORD-0001139,CUST-006758,2022-04-14,Ergonomic Chair,Furniture,1,229.72,229.72,Cancelled
ORD-0001140,CUST-009885,2021-10-29,Ergonomic Chair,Furniture,6,264.09,1584.54,Completed
ORD-0001141,CUST-008862,2021-04-29,Mechanical Keyboard,Electronics,5,81.81,409.05,Completed
ORD-0001142,CUST-000184,2022-04-27,Noise-Canceling Headphones,Electronics,2,177.25,354.5,Cancelled
ORD-0001143,CUST-008863,2026-03-23,Wireless Mouse,Electronics,4,31.23,124.92,Shipped
ORD-0001144,CUST-006856,2025-09-22,Wireless Mouse,Electronics,2,31.66,63.32,Cancelled
ORD-0001145,CUST-004940,2023-09-10,Webcam,Electronics,6,80,480,Processing
ORD-0001146,CUST-001016,2022-10-09,Backpack,Lifestyle,5,54.47,272.35,Completed
ORD-0001147,CUST-003192,2023-11-07,Wireless Mouse,Electronics,2,31.95,63.9,Completed
ORD-0001148,CUST-008296,2024-05-11,Water Bottle,Lifestyle,4,19.15,76.6,Shipped
ORD-0001149,CUST-004183,2025-03-17,Desk Organizer,Office,6,25.31,151.86,Completed
ORD-0001150,CUST-000116,2022-10-27,USB-C Hub,Electronics,1,50.35,50.35,Processing
ORD-0001151,CUST-002027,2025-03-01,Webcam,Electronics,4,68.26,273.04,Completed
ORD-0001152,CUST-001493,2022-03-12,Laptop Stand,Office,5,47.6,238,Cancelled
ORD-0001153,CUST-007129,2026-07-19,Water Bottle,Lifestyle,3,18.56,55.68,Shipped
ORD-0001154,CUST-007725,2025-12-21,Mechanical Keyboard,Electronics,4,91.07,364.28,Completed
ORD-0001155,CUST-006151,2026-06-13,Wireless Mouse,Electronics,6,32.61,195.66,Completed
ORD-0001156,CUST-004794,2024-08-20,Water Bottle,Lifestyle,3,19.45,58.35,Shipped
ORD-0001157,CUST-005312,2026-08-14,Backpack,Lifestyle,3,55.85,167.55,Returned
ORD-0001158,CUST-000836,2025-10-23,Laptop Stand,Office,5,45.84,229.2,Processing
ORD-0001159,CUST-005614,2026-07-18,Water Bottle,Lifestyle,5,20.69,103.45,Shipped
ORD-0001160,CUST-008520,2026-08-04,Desk Organizer,Office,6,23.54,141.24,Completed
ORD-0001161,CUST-001082,2025-06-13,Desk Organizer,Office,6,23.29,139.74,Completed
ORD-0001162,CUST-000674,2026-03-18,Water Bottle,Lifestyle,6,18.98,113.88,Returned
ORD-0001163,CUST-003617,2023-07-03,Ergonomic Chair,Furniture,1,270.2,270.2,Completed
ORD-0001164,CUST-004013,2023-10-10,Water Bottle,Lifestyle,6,20.66,123.96,Completed
ORD-0001165,CUST-000557,2023-10-08,Mechanical Keyboard,Electronics,1,81.13,81.13,Cancelled
ORD-0001166,CUST-008300,2023-10-26,Noise-Canceling Headphones,Electronics,4,163.55,654.2,Completed
ORD-0001167,CUST-003529,2023-07-18,Webcam,Electronics,1,80.68,80.68,Processing
ORD-0001168,CUST-000799,2023-11-27,Mechanical Keyboard,Electronics,5,96.28,481.4,Processing
ORD-0001169,CUST-009700,2021-05-07,Ergonomic Chair,Furniture,4,267.94,1071.76,Returned
ORD-0001170,CUST-008344,2024-08-28,Backpack,Lifestyle,5,59.76,298.8,Completed
ORD-0001171,CUST-009014,2024-11-25,USB-C Hub,Electronics,5,52.86,264.3,Returned
ORD-0001172,CUST-001886,2021-02-19,Backpack,Lifestyle,5,65.15,325.75,Shipped
ORD-0001173,CUST-003510,2026-05-12,Desk Organizer,Office,4,26.53,106.12,Cancelled
ORD-0001174,CUST-000856,2026-04-08,Notebook Set,Stationery,2,11.86,23.72,Completed
ORD-0001175,CUST-007305,2026-08-31,Desk Organizer,Office,6,23.02,138.12,Completed
ORD-0001176,CUST-007179,2025-08-09,Webcam,Electronics,5,76.09,380.45,Returned
ORD-0001177,CUST-008356,2025-11-02,USB-C Hub,Electronics,3,46.23,138.69,Completed
ORD-0001178,CUST-001294,2025-01-04,Noise-Canceling Headphones,Electronics,6,172.33,1033.98,Processing
ORD-0001179,CUST-005579,2025-09-09,Notebook Set,Stationery,1,11.48,11.48,Shipped
ORD-0001180,CUST-005022,2026-07-02,Ergonomic Chair,Furniture,3,260.36,781.08,Shipped
ORD-0001181,CUST-007420,2026-03-25,Standing Desk,Furniture,1,387.97,387.97,Shipped
ORD-0001182,CUST-008620,2024-08-22,Webcam,Electronics,1,73.63,73.63,Returned
ORD-0001183,CUST-000478,2025-03-02,Desk Organizer,Office,6,24.72,148.32,Completed
ORD-0001184,CUST-001870,2026-05-09,Desk Organizer,Office,2,23.05,46.1,Returned
ORD-0001185,CUST-009271,2024-12-21,Ergonomic Chair,Furniture,3,235.34,706.02,Returned
ORD-0001186,CUST-001540,2024-09-03,Water Bottle,Lifestyle,3,18.11,54.33,Completed
ORD-0001187,CUST-000738,2021-12-25,USB-C Hub,Electronics,5,53.02,265.1,Cancelled
ORD-0001188,CUST-000077,2025-08-13,Ergonomic Chair,Furniture,4,256.85,1027.4,Completed
ORD-0001189,CUST-009569,2024-03-06,Laptop Stand,Office,5,41.67,208.35,Completed
ORD-0001190,CUST-002851,2020-04-24,Water Bottle,Lifestyle,1,20.49,20.49,Completed
ORD-0001191,CUST-002959,2024-12-31,Backpack,Lifestyle,3,54.29,162.87,Returned
ORD-0001192,CUST-003818,2026-03-26,Notebook Set,Stationery,5,13.02,65.1,Shipped
ORD-0001193,CUST-005884,2026-07-25,Noise-Canceling Headphones,Electronics,2,173.42,346.84,Returned
ORD-0001194,CUST-001927,2026-09-06,Water Bottle,Lifestyle,1,19.85,19.85,Completed
ORD-0001195,CUST-000483,2026-03-28,Ergonomic Chair,Furniture,5,234.54,1172.7,Returned
ORD-0001196,CUST-003130,2026-08-28,Noise-Canceling Headphones,Electronics,2,184.21,368.42,Completed
ORD-0001197,CUST-005648,2025-12-11,Noise-Canceling Headphones,Electronics,1,185.76,185.76,Completed
ORD-0001198,CUST-005323,2023-03-21,USB-C Hub,Electronics,1,49.42,49.42,Completed
ORD-0001199,CUST-005412,2026-09-03,Mechanical Keyboard,Electronics,6,89.02,534.12,Returned
ORD-0001200,CUST-006081,2026-02-12,Noise-Canceling Headphones,Electronics,4,170.97,683.88,Returned
ORD-0001201,CUST-007229,2020-06-18,USB-C Hub,Electronics,5,51.87,259.35,Completed
ORD-0001202,CUST-005506,2026-02-01,Noise-Canceling Headphones,Electronics,1,185.17,185.17,Cancelled
ORD-0001203,CUST-003743,2024-01-25,Wireless Mouse,Electronics,3,32.19,96.57,Completed
ORD-0001204,CUST-009061,2023-02-23,Backpack,Lifestyle,1,63,63,Completed
ORD-0001205,CUST-004131,2025-05-25,Backpack,Lifestyle,3,59.14,177.42,Completed
ORD-0001206,CUST-007707,2026-03-28,Noise-Canceling Headphones,Electronics,2,188.58,377.16,Completed
ORD-0001207,CUST-003628,2026-08-02,Desk Organizer,Office,4,24.96,99.84,Shipped
ORD-0001208,CUST-005203,2025-08-19,Wireless Mouse,Electronics,5,32.03,160.15,Cancelled
ORD-0001209,CUST-002315,2024-09-13,Notebook Set,Stationery,6,12.18,73.08,Processing
ORD-0001210,CUST-004907,2026-06-26,Laptop Stand,Office,1,46.47,46.47,Completed
ORD-0001211,CUST-006764,2024-10-03,Laptop Stand,Office,4,46.35,185.4,Completed
ORD-0001212,CUST-000923,2022-08-03,Ergonomic Chair,Furniture,6,256.24,1537.44,Cancelled
ORD-0001213,CUST-000650,2025-08-25,Notebook Set,Stationery,6,13.1,78.6,Completed
ORD-0001214,CUST-000937,2026-07-17,Noise-Canceling Headphones,Electronics,2,195.68,391.36,Completed
ORD-0001215,CUST-002901,2024-07-07,Laptop Stand,Office,5,47.36,236.8,Processing
ORD-0001216,CUST-000589,2025-06-14,Ergonomic Chair,Furniture,1,240.15,240.15,Completed
ORD-0001217,CUST-004491,2025-01-29,Mechanical Keyboard,Electronics,3,83.33,249.99,Completed
ORD-0001218,CUST-001715,2023-04-21,Ergonomic Chair,Furniture,4,226.3,905.2,Processing
ORD-0001219,CUST-007480,2025-02-27,Water Bottle,Lifestyle,3,19.36,58.08,Processing
ORD-0001220,CUST-009317,2025-02-09,Water Bottle,Lifestyle,1,20.27,20.27,Processing
ORD-0001221,CUST-002371,2025-08-05,Laptop Stand,Office,3,42.5,127.5,Completed
ORD-0001222,CUST-004594,2025-09-18,Webcam,Electronics,6,76.29,457.74,Cancelled
ORD-0001223,CUST-002399,2025-12-30,Laptop Stand,Office,6,43.19,259.14,Cancelled
ORD-0001224,CUST-003882,2025-12-02,Notebook Set,Stationery,1,13.56,13.56,Completed
ORD-0001225,CUST-005832,2025-06-17,USB-C Hub,Electronics,6,44.28,265.68,Completed
ORD-0001226,CUST-005847,2025-05-10,Backpack,Lifestyle,5,60.1,300.5,Shipped
ORD-0001227,CUST-009891,2023-07-16,Standing Desk,Furniture,4,391.02,1564.08,Cancelled
ORD-0001228,CUST-001768,2026-04-24,Water Bottle,Lifestyle,1,17.77,17.77,Shipped
ORD-0001229,CUST-002368,2024-04-08,Mechanical Keyboard,Electronics,4,93.29,373.16,Completed
ORD-0001230,CUST-006272,2026-03-10,Notebook Set,Stationery,1,12.55,12.55,Shipped
ORD-0001231,CUST-009544,2024-04-29,Standing Desk,Furniture,3,432.23,1296.69,Shipped
ORD-0001232,CUST-008334,2021-09-16,Mechanical Keyboard,Electronics,2,90.55,181.1,Processing
ORD-0001233,CUST-001504,2026-08-29,Mechanical Keyboard,Electronics,4,82.18,328.72,Processing
ORD-0001234,CUST-004922,2022-10-24,Mechanical Keyboard,Electronics,1,88.47,88.47,Cancelled
ORD-0001235,CUST-008434,2025-09-02,Water Bottle,Lifestyle,1,20.47,20.47,Completed
ORD-0001236,CUST-002102,2025-03-20,Wireless Mouse,Electronics,6,30.38,182.28,Shipped
ORD-0001237,CUST-003996,2026-05-12,Mechanical Keyboard,Electronics,5,88.16,440.8,Completed
ORD-0001238,CUST-000961,2022-08-05,Backpack,Lifestyle,1,61.87,61.87,Completed
ORD-0001239,CUST-004386,2025-03-27,Laptop Stand,Office,3,41.87,125.61,Returned
ORD-0001240,CUST-008184,2025-01-04,Wireless Mouse,Electronics,6,32,192,Cancelled
ORD-0001241,CUST-004149,2022-09-09,Backpack,Lifestyle,1,61.57,61.57,Returned
ORD-0001242,CUST-003642,2026-03-26,Noise-Canceling Headphones,Electronics,1,175.84,175.84,Completed
ORD-0001243,CUST-002362,2026-07-31,Notebook Set,Stationery,5,12.64,63.2,Returned
ORD-0001244,CUST-009816,2025-10-09,Desk Organizer,Office,4,26.51,106.04,Processing
ORD-0001245,CUST-005271,2025-11-06,Mechanical Keyboard,Electronics,3,98.37,295.11,Completed
ORD-0001246,CUST-000417,2024-10-10,Ergonomic Chair,Furniture,1,265.92,265.92,Returned
ORD-0001247,CUST-003974,2021-12-06,Webcam,Electronics,1,79.29,79.29,Cancelled
ORD-0001248,CUST-008033,2026-05-20,Notebook Set,Stationery,4,13.83,55.32,Completed
ORD-0001249,CUST-008249,2025-09-25,Webcam,Electronics,3,75.18,225.54,Completed
ORD-0001250,CUST-003163,2024-02-03,Noise-Canceling Headphones,Electronics,4,176.06,704.24,Shipped
ORD-0001251,CUST-000118,2026-02-09,Ergonomic Chair,Furniture,3,248.23,744.69,Shipped
ORD-0001252,CUST-009458,2025-03-18,Standing Desk,Furniture,6,366.05,2196.3,Completed
ORD-0001253,CUST-003241,2026-03-12,Backpack,Lifestyle,4,62.85,251.4,Returned
ORD-0001254,CUST-002539,2025-05-11,Wireless Mouse,Electronics,3,27.03,81.09,Completed
ORD-0001255,CUST-006736,2026-05-28,USB-C Hub,Electronics,3,49.65,148.95,Completed
ORD-0001256,CUST-002219,2026-08-26,Laptop Stand,Office,5,40.65,203.25,Cancelled
ORD-0001257,CUST-004510,2023-01-19,Mechanical Keyboard,Electronics,6,90.81,544.86,Completed
ORD-0001258,CUST-000470,2026-08-15,Notebook Set,Stationery,3,13.42,40.26,Completed
ORD-0001259,CUST-003707,2026-03-16,USB-C Hub,Electronics,5,51.87,259.35,Completed
ORD-0001260,CUST-009997,2024-02-21,USB-C Hub,Electronics,1,52.56,52.56,Cancelled
ORD-0001261,CUST-008363,2025-08-11,Desk Organizer,Office,2,23.57,47.14,Completed
ORD-0001262,CUST-000745,2026-08-30,Mechanical Keyboard,Electronics,1,82.67,82.67,Completed
ORD-0001263,CUST-006853,2026-06-30,Webcam,Electronics,4,81.16,324.64,Completed
ORD-0001264,CUST-004189,2025-05-31,Mechanical Keyboard,Electronics,1,84.2,84.2,Completed
ORD-0001265,CUST-004234,2025-02-01,USB-C Hub,Electronics,5,52,260,Cancelled
ORD-0001266,CUST-007754,2026-05-08,Laptop Stand,Office,6,40.62,243.72,Returned
ORD-0001267,CUST-003077,2026-05-26,Water Bottle,Lifestyle,1,17.37,17.37,Completed
ORD-0001268,CUST-004204,2024-03-06,USB-C Hub,Electronics,3,52.33,156.99,Shipped
ORD-0001269,CUST-008876,2022-05-24,Ergonomic Chair,Furniture,1,259.84,259.84,Completed
ORD-0001270,CUST-003342,2023-07-03,Wireless Mouse,Electronics,6,31.71,190.26,Returned
ORD-0001271,CUST-008629,2025-09-01,Ergonomic Chair,Furniture,1,244.13,244.13,Shipped
ORD-0001272,CUST-005878,2023-03-10,Noise-Canceling Headphones,Electronics,2,174.05,348.1,Cancelled
ORD-0001273,CUST-003692,2025-07-14,Desk Organizer,Office,1,23.29,23.29,Returned
ORD-0001274,CUST-001787,2024-06-25,Water Bottle,Lifestyle,3,20.31,60.93,Completed
ORD-0001275,CUST-000488,2024-12-03,USB-C Hub,Electronics,1,47.31,47.31,Processing
ORD-0001276,CUST-008021,2022-04-03,Webcam,Electronics,6,72.35,434.1,Returned
ORD-0001277,CUST-005178,2024-04-18,Webcam,Electronics,2,69.27,138.54,Completed
ORD-0001278,CUST-002908,2025-08-26,Backpack,Lifestyle,6,56.6,339.6,Shipped
ORD-0001279,CUST-000875,2024-08-16,Notebook Set,Stationery,3,11.83,35.49,Shipped
ORD-0001280,CUST-007082,2025-11-26,Water Bottle,Lifestyle,1,17.18,17.18,Processing
ORD-0001281,CUST-008502,2024-05-04,Mechanical Keyboard,Electronics,4,83.32,333.28,Cancelled
ORD-0001282,CUST-003295,2026-08-02,Laptop Stand,Office,4,40.76,163.04,Processing
ORD-0001283,CUST-004890,2024-09-29,Notebook Set,Stationery,6,12.25,73.5,Completed
ORD-0001284,CUST-009942,2026-07-02,Noise-Canceling Headphones,Electronics,1,183.17,183.17,Returned
ORD-0001285,CUST-004200,2025-12-03,Water Bottle,Lifestyle,2,18.45,36.9,Processing
ORD-0001286,CUST-005662,2022-06-20,Noise-Canceling Headphones,Electronics,6,173.98,1043.88,Cancelled
ORD-0001287,CUST-001274,2023-01-24,Backpack,Lifestyle,3,65.29,195.87,Completed
ORD-0001288,CUST-004834,2026-09-05,Mechanical Keyboard,Electronics,5,90.53,452.65,Completed
ORD-0001289,CUST-008002,2024-06-25,Ergonomic Chair,Furniture,1,246.54,246.54,Completed
ORD-0001290,CUST-006333,2026-02-25,Noise-Canceling Headphones,Electronics,3,176.2,528.6,Completed
ORD-0001291,CUST-006297,2025-04-23,USB-C Hub,Electronics,6,53.25,319.5,Completed
ORD-0001292,CUST-000383,2022-11-25,Wireless Mouse,Electronics,6,27.98,167.88,Completed
ORD-0001293,CUST-003781,2025-01-14,Wireless Mouse,Electronics,4,31.98,127.92,Shipped
ORD-0001294,CUST-000842,2024-02-25,Desk Organizer,Office,1,23.68,23.68,Completed
ORD-0001295,CUST-000765,2026-07-01,Wireless Mouse,Electronics,6,30.76,184.56,Shipped
ORD-0001296,CUST-002777,2025-03-20,Notebook Set,Stationery,3,13.6,40.8,Completed
ORD-0001297,CUST-009626,2021-12-24,Standing Desk,Furniture,4,376.44,1505.76,Completed
ORD-0001298,CUST-007664,2024-06-04,USB-C Hub,Electronics,2,51.19,102.38,Shipped
ORD-0001299,CUST-000163,2021-01-04,Notebook Set,Stationery,2,13.45,26.9,Returned
ORD-0001300,CUST-001058,2026-07-31,Water Bottle,Lifestyle,5,18.7,93.5,Completed
ORD-0001301,CUST-007043,2025-06-05,Noise-Canceling Headphones,Electronics,1,181.17,181.17,Cancelled
ORD-0001302,CUST-000076,2025-06-25,Mechanical Keyboard,Electronics,1,80.74,80.74,Processing
ORD-0001303,CUST-007912,2023-11-01,Noise-Canceling Headphones,Electronics,2,165.4,330.8,Returned
ORD-0001304,CUST-000541,2024-01-25,Desk Organizer,Office,4,23.53,94.12,Processing
ORD-0001305,CUST-003279,2022-08-18,Mechanical Keyboard,Electronics,1,82.47,82.47,Completed
ORD-0001306,CUST-006129,2026-08-08,Webcam,Electronics,4,77.31,309.24,Completed
ORD-0001307,CUST-001758,2025-07-14,Noise-Canceling Headphones,Electronics,2,177.75,355.5,Completed
ORD-0001308,CUST-004356,2025-08-07,Backpack,Lifestyle,5,55.89,279.45,Cancelled
ORD-0001309,CUST-006768,2025-08-25,Noise-Canceling Headphones,Electronics,2,168.92,337.84,Completed
ORD-0001310,CUST-006761,2024-04-14,Mechanical Keyboard,Electronics,6,89.58,537.48,Completed
ORD-0001311,CUST-003281,2025-06-30,Ergonomic Chair,Furniture,4,233.84,935.36,Returned
ORD-0001312,CUST-003117,2026-08-26,Desk Organizer,Office,3,26.48,79.44,Cancelled
ORD-0001313,CUST-005711,2026-02-01,Water Bottle,Lifestyle,1,20.08,20.08,Completed
ORD-0001314,CUST-002024,2026-03-22,Backpack,Lifestyle,4,64.85,259.4,Completed
ORD-0001315,CUST-000538,2024-04-22,Water Bottle,Lifestyle,6,17.23,103.38,Processing
ORD-0001316,CUST-002715,2023-12-13,Mechanical Keyboard,Electronics,2,94.31,188.62,Shipped
ORD-0001317,CUST-009769,2025-08-17,Wireless Mouse,Electronics,6,31.61,189.66,Completed
ORD-0001318,CUST-005438,2024-02-16,Backpack,Lifestyle,4,56.73,226.92,Shipped
ORD-0001319,CUST-003816,2024-09-07,Backpack,Lifestyle,5,64.91,324.55,Shipped
ORD-0001320,CUST-000234,2023-02-16,Mechanical Keyboard,Electronics,3,80.67,242.01,Cancelled
ORD-0001321,CUST-004892,2022-07-29,USB-C Hub,Electronics,2,47.7,95.4,Completed
ORD-0001322,CUST-006475,2026-05-22,Laptop Stand,Office,3,47.1,141.3,Completed
ORD-0001323,CUST-004525,2026-06-20,Standing Desk,Furniture,5,408.48,2042.4,Completed
ORD-0001324,CUST-007996,2026-03-16,Laptop Stand,Office,4,47.84,191.36,Shipped
ORD-0001325,CUST-001267,2023-05-07,Laptop Stand,Office,4,48.52,194.08,Shipped
ORD-0001326,CUST-001163,2025-04-10,Laptop Stand,Office,6,40.52,243.12,Processing
ORD-0001327,CUST-007210,2026-08-18,Mechanical Keyboard,Electronics,4,81.44,325.76,Returned
ORD-0001328,CUST-005729,2022-01-14,Backpack,Lifestyle,1,57.62,57.62,Completed
ORD-0001329,CUST-004391,2025-03-06,Standing Desk,Furniture,4,427.41,1709.64,Returned
ORD-0001330,CUST-000815,2024-01-03,Backpack,Lifestyle,5,55.41,277.05,Processing
ORD-0001331,CUST-004683,2026-04-23,Backpack,Lifestyle,1,60.69,60.69,Returned
ORD-0001332,CUST-000859,2025-08-01,Webcam,Electronics,4,72.09,288.36,Shipped
ORD-0001333,CUST-009269,2023-01-11,Wireless Mouse,Electronics,5,28.83,144.15,Completed
ORD-0001334,CUST-008886,2021-08-21,Webcam,Electronics,6,75.86,455.16,Cancelled
ORD-0001335,CUST-006287,2026-06-11,USB-C Hub,Electronics,4,46.54,186.16,Cancelled
ORD-0001336,CUST-006929,2026-06-24,Notebook Set,Stationery,3,13.88,41.64,Processing
ORD-0001337,CUST-007743,2024-07-25,Noise-Canceling Headphones,Electronics,4,182.84,731.36,Completed
ORD-0001338,CUST-005955,2023-09-16,Ergonomic Chair,Furniture,5,270.06,1350.3,Processing
ORD-0001339,CUST-009286,2025-10-08,Noise-Canceling Headphones,Electronics,1,169.52,169.52,Cancelled
ORD-0001340,CUST-000139,2025-10-09,Backpack,Lifestyle,3,61.9,185.7,Completed
ORD-0001341,CUST-008938,2023-08-11,Wireless Mouse,Electronics,4,28.68,114.72,Completed
ORD-0001342,CUST-002825,2026-08-07,Standing Desk,Furniture,2,371.36,742.72,Shipped
ORD-0001343,CUST-003371,2024-06-26,Mechanical Keyboard,Electronics,2,95.74,191.48,Completed
ORD-0001344,CUST-004019,2024-08-18,Laptop Stand,Office,3,41.18,123.54,Processing
ORD-0001345,CUST-002833,2026-09-05,Ergonomic Chair,Furniture,4,255.35,1021.4,Shipped
ORD-0001346,CUST-001761,2023-03-29,Wireless Mouse,Electronics,2,29.17,58.34,Shipped
ORD-0001347,CUST-008301,2025-06-03,Water Bottle,Lifestyle,3,20.59,61.77,Processing
ORD-0001348,CUST-002218,2026-08-15,Laptop Stand,Office,1,43.22,43.22,Completed
ORD-0001349,CUST-006969,2023-09-20,Backpack,Lifestyle,5,54.49,272.45,Completed
ORD-0001350,CUST-005840,2023-12-29,Laptop Stand,Office,2,46.65,93.3,Completed
ORD-0001351,CUST-004663,2026-03-30,Notebook Set,Stationery,3,11.76,35.28,Completed
ORD-0001352,CUST-009424,2025-09-22,Noise-Canceling Headphones,Electronics,6,169.4,1016.4,Processing
ORD-0001353,CUST-006264,2025-05-10,Laptop Stand,Office,5,43.08,215.4,Returned
ORD-0001354,CUST-006432,2026-03-11,Laptop Stand,Office,4,43.45,173.8,Shipped
ORD-0001355,CUST-007758,2024-06-26,Standing Desk,Furniture,3,430.44,1291.32,Completed
ORD-0001356,CUST-000404,2026-01-31,USB-C Hub,Electronics,3,52.21,156.63,Completed
ORD-0001357,CUST-005969,2024-03-27,Standing Desk,Furniture,2,389.63,779.26,Completed
ORD-0001358,CUST-008807,2021-11-25,Wireless Mouse,Electronics,6,29.01,174.06,Completed
ORD-0001359,CUST-004615,2021-11-02,Water Bottle,Lifestyle,3,19.76,59.28,Processing
ORD-0001360,CUST-007176,2025-01-12,Mechanical Keyboard,Electronics,3,96.31,288.93,Processing
ORD-0001361,CUST-007736,2026-02-02,Noise-Canceling Headphones,Electronics,4,180.07,720.28,Cancelled
ORD-0001362,CUST-005868,2024-08-11,Notebook Set,Stationery,6,11.9,71.4,Returned
ORD-0001363,CUST-004125,2026-03-08,Wireless Mouse,Electronics,1,29.46,29.46,Returned
ORD-0001364,CUST-004300,2025-02-18,Water Bottle,Lifestyle,5,20.83,104.15,Returned
ORD-0001365,CUST-008825,2021-11-29,Standing Desk,Furniture,3,417.15,1251.45,Processing
ORD-0001366,CUST-009998,2026-04-10,Mechanical Keyboard,Electronics,5,83.03,415.15,Processing
ORD-0001367,CUST-000307,2025-01-13,Ergonomic Chair,Furniture,2,230.54,461.08,Completed
ORD-0001368,CUST-002297,2023-03-18,Wireless Mouse,Electronics,2,31.31,62.62,Completed
ORD-0001369,CUST-004419,2023-07-25,Notebook Set,Stationery,3,12.14,36.42,Returned
ORD-0001370,CUST-003051,2026-02-20,Standing Desk,Furniture,6,407.72,2446.32,Shipped
ORD-0001371,CUST-008688,2025-02-19,Backpack,Lifestyle,6,57.26,343.56,Completed
ORD-0001372,CUST-009188,2022-02-26,Desk Organizer,Office,1,24.59,24.59,Returned
ORD-0001373,CUST-003083,2026-08-22,Desk Organizer,Office,2,26.68,53.36,Completed
ORD-0001374,CUST-004450,2022-02-22,Laptop Stand,Office,1,40.67,40.67,Completed
ORD-0001375,CUST-005822,2021-07-18,Desk Organizer,Office,5,22.92,114.6,Cancelled
ORD-0001376,CUST-000169,2023-07-31,Mechanical Keyboard,Electronics,2,86.45,172.9,Completed
ORD-0001377,CUST-005329,2024-05-06,Backpack,Lifestyle,6,54.57,327.42,Cancelled
ORD-0001378,CUST-007420,2023-08-30,USB-C Hub,Electronics,1,51.44,51.44,Completed
ORD-0001379,CUST-001920,2025-10-31,Desk Organizer,Office,3,24.19,72.57,Completed
ORD-0001380,CUST-005396,2022-01-09,Webcam,Electronics,3,68.56,205.68,Completed
ORD-0001381,CUST-005323,2025-07-04,USB-C Hub,Electronics,3,49.94,149.82,Cancelled
ORD-0001382,CUST-003343,2023-11-13,Water Bottle,Lifestyle,6,19.87,119.22,Shipped
ORD-0001383,CUST-006618,2026-06-26,Notebook Set,Stationery,4,12.35,49.4,Returned
ORD-0001384,CUST-005909,2023-03-09,Desk Organizer,Office,1,23.22,23.22,Shipped
ORD-0001385,CUST-005703,2025-06-13,Water Bottle,Lifestyle,4,18.77,75.08,Completed
ORD-0001386,CUST-004240,2023-03-15,Standing Desk,Furniture,2,436.14,872.28,Cancelled
ORD-0001387,CUST-007859,2024-10-03,Laptop Stand,Office,2,40.95,81.9,Cancelled
ORD-0001388,CUST-007674,2024-12-03,Standing Desk,Furniture,1,392.75,392.75,Completed
ORD-0001389,CUST-005532,2022-03-10,Water Bottle,Lifestyle,3,18.65,55.95,Completed
ORD-0001390,CUST-003375,2024-05-29,Laptop Stand,Office,5,47.32,236.6,Processing
ORD-0001391,CUST-003906,2024-11-04,Notebook Set,Stationery,6,12.21,73.26,Completed
ORD-0001392,CUST-003748,2024-02-25,Laptop Stand,Office,3,48.05,144.15,Shipped
ORD-0001393,CUST-001372,2023-05-10,Notebook Set,Stationery,2,11.95,23.9,Processing
ORD-0001394,CUST-003985,2026-05-19,Noise-Canceling Headphones,Electronics,3,192.95,578.85,Completed
ORD-0001395,CUST-008481,2023-06-04,Standing Desk,Furniture,2,384.18,768.36,Processing
ORD-0001396,CUST-004575,2025-09-28,Webcam,Electronics,3,78.67,236.01,Shipped
ORD-0001397,CUST-001482,2026-07-19,Webcam,Electronics,3,77.41,232.23,Completed
ORD-0001398,CUST-006137,2022-09-01,Noise-Canceling Headphones,Electronics,2,173.05,346.1,Completed
ORD-0001399,CUST-009024,2026-07-19,Water Bottle,Lifestyle,6,18.04,108.24,Returned
ORD-0001400,CUST-006402,2026-02-01,Standing Desk,Furniture,1,386.51,386.51,Completed
ORD-0001401,CUST-003141,2024-06-30,Webcam,Electronics,5,81.34,406.7,Completed
ORD-0001402,CUST-001706,2024-11-07,Water Bottle,Lifestyle,2,17.83,35.66,Returned
ORD-0001403,CUST-008080,2026-06-01,Standing Desk,Furniture,1,412.39,412.39,Shipped
ORD-0001404,CUST-007823,2023-02-18,Wireless Mouse,Electronics,5,30.07,150.35,Cancelled
ORD-0001405,CUST-003101,2025-02-28,Water Bottle,Lifestyle,1,20.63,20.63,Completed
ORD-0001406,CUST-007485,2025-01-31,Ergonomic Chair,Furniture,3,233.21,699.63,Shipped
ORD-0001407,CUST-007812,2025-05-17,Water Bottle,Lifestyle,4,19.02,76.08,Shipped
ORD-0001408,CUST-004447,2025-01-18,Notebook Set,Stationery,3,13.19,39.57,Processing
ORD-0001409,CUST-001157,2026-05-27,Ergonomic Chair,Furniture,2,264.68,529.36,Shipped
ORD-0001410,CUST-006411,2024-05-03,Standing Desk,Furniture,6,425.67,2554.02,Cancelled
ORD-0001411,CUST-007636,2024-12-03,Desk Organizer,Office,3,23.6,70.8,Shipped
ORD-0001412,CUST-001691,2024-07-27,USB-C Hub,Electronics,4,48.24,192.96,Shipped
ORD-0001413,CUST-006851,2022-06-04,Wireless Mouse,Electronics,2,32.28,64.56,Returned
ORD-0001414,CUST-006922,2024-10-09,USB-C Hub,Electronics,6,51.72,310.32,Completed
ORD-0001415,CUST-004985,2024-09-13,Water Bottle,Lifestyle,6,20.11,120.66,Completed
ORD-0001416,CUST-005697,2022-11-26,Notebook Set,Stationery,1,12.6,12.6,Completed
ORD-0001417,CUST-009291,2025-11-29,Water Bottle,Lifestyle,6,18.17,109.02,Completed
ORD-0001418,CUST-000438,2026-08-29,Notebook Set,Stationery,4,13.19,52.76,Returned
ORD-0001419,CUST-009194,2025-02-19,Noise-Canceling Headphones,Electronics,4,185.32,741.28,Shipped
ORD-0001420,CUST-002377,2026-03-21,USB-C Hub,Electronics,1,45.05,45.05,Returned
ORD-0001421,CUST-000103,2022-10-11,Ergonomic Chair,Furniture,3,241.95,725.85,Cancelled
ORD-0001422,CUST-006966,2024-11-26,USB-C Hub,Electronics,6,53.75,322.5,Returned
ORD-0001423,CUST-008513,2026-02-16,Backpack,Lifestyle,3,62.57,187.71,Returned
ORD-0001424,CUST-004577,2026-06-24,Wireless Mouse,Electronics,6,32.28,193.68,Processing
ORD-0001425,CUST-009507,2022-08-05,Wireless Mouse,Electronics,1,28.12,28.12,Processing
ORD-0001426,CUST-008829,2025-04-21,Desk Organizer,Office,3,24.9,74.7,Shipped
ORD-0001427,CUST-000241,2021-07-02,Ergonomic Chair,Furniture,3,257.41,772.23,Shipped
ORD-0001428,CUST-007376,2023-05-01,Noise-Canceling Headphones,Electronics,5,186.16,930.8,Cancelled
ORD-0001429,CUST-005511,2024-07-24,Noise-Canceling Headphones,Electronics,4,180.06,720.24,Completed
ORD-0001430,CUST-002526,2022-03-08,Notebook Set,Stationery,6,11.83,70.98,Cancelled
ORD-0001431,CUST-003992,2025-06-18,Noise-Canceling Headphones,Electronics,5,175.61,878.05,Returned
ORD-0001432,CUST-001499,2021-12-30,Backpack,Lifestyle,1,62.74,62.74,Shipped
ORD-0001433,CUST-006242,2022-03-08,Wireless Mouse,Electronics,5,32.25,161.25,Completed
ORD-0001434,CUST-008706,2023-02-02,Ergonomic Chair,Furniture,5,241.32,1206.6,Cancelled
ORD-0001435,CUST-008076,2025-03-07,Webcam,Electronics,2,73.22,146.44,Cancelled
ORD-0001436,CUST-004860,2026-08-07,Webcam,Electronics,6,78.49,470.94,Shipped
ORD-0001437,CUST-005387,2024-11-02,Noise-Canceling Headphones,Electronics,6,170.78,1024.68,Returned
ORD-0001438,CUST-000281,2023-12-22,Wireless Mouse,Electronics,6,32.7,196.2,Completed
ORD-0001439,CUST-009018,2025-03-13,Notebook Set,Stationery,3,12.54,37.62,Completed
ORD-0001440,CUST-002234,2026-01-09,Wireless Mouse,Electronics,4,29.27,117.08,Completed
ORD-0001441,CUST-000776,2024-03-30,Noise-Canceling Headphones,Electronics,5,187.95,939.75,Processing
ORD-0001442,CUST-008648,2026-01-09,Laptop Stand,Office,2,45.79,91.58,Returned
ORD-0001443,CUST-004188,2025-12-27,Desk Organizer,Office,3,24.73,74.19,Cancelled
ORD-0001444,CUST-003047,2023-11-19,Standing Desk,Furniture,1,407.56,407.56,Completed
ORD-0001445,CUST-006075,2026-08-18,Noise-Canceling Headphones,Electronics,2,188.92,377.84,Cancelled
ORD-0001446,CUST-008052,2025-04-25,Ergonomic Chair,Furniture,4,246.9,987.6,Processing
ORD-0001447,CUST-007566,2026-03-03,Wireless Mouse,Electronics,1,32.11,32.11,Cancelled
ORD-0001448,CUST-007292,2024-05-07,Ergonomic Chair,Furniture,1,243.97,243.97,Processing
ORD-0001449,CUST-005613,2024-01-21,Noise-Canceling Headphones,Electronics,1,181.41,181.41,Completed
ORD-0001450,CUST-008062,2026-09-05,Desk Organizer,Office,5,25.69,128.45,Shipped
ORD-0001451,CUST-008630,2025-06-11,Webcam,Electronics,3,73.54,220.62,Completed
ORD-0001452,CUST-009579,2023-11-05,Webcam,Electronics,4,75.38,301.52,Returned
ORD-0001453,CUST-002329,2025-04-12,Webcam,Electronics,3,79.13,237.39,Returned
ORD-0001454,CUST-004178,2024-03-15,Mechanical Keyboard,Electronics,5,97.44,487.2,Shipped
ORD-0001455,CUST-004363,2025-06-07,Noise-Canceling Headphones,Electronics,5,173.34,866.7,Completed
ORD-0001456,CUST-001294,2025-04-28,Noise-Canceling Headphones,Electronics,3,194.07,582.21,Returned
ORD-0001457,CUST-008850,2026-04-04,Ergonomic Chair,Furniture,3,225.95,677.85,Completed
ORD-0001458,CUST-006561,2026-01-20,Notebook Set,Stationery,1,13.86,13.86,Completed
ORD-0001459,CUST-004395,2025-12-31,USB-C Hub,Electronics,3,44.91,134.73,Cancelled
ORD-0001460,CUST-000898,2023-08-17,Noise-Canceling Headphones,Electronics,3,183.75,551.25,Completed
ORD-0001461,CUST-001686,2025-12-12,Notebook Set,Stationery,6,12.7,76.2,Shipped
ORD-0001462,CUST-006890,2025-07-16,Wireless Mouse,Electronics,3,32.31,96.93,Shipped
ORD-0001463,CUST-009262,2026-08-03,Standing Desk,Furniture,1,401.08,401.08,Shipped
ORD-0001464,CUST-002344,2026-06-25,Water Bottle,Lifestyle,3,17.91,53.73,Completed
ORD-0001465,CUST-008556,2023-10-18,Desk Organizer,Office,5,23.25,116.25,Processing
ORD-0001466,CUST-003339,2022-09-10,Webcam,Electronics,6,80.99,485.94,Processing
ORD-0001467,CUST-001792,2024-01-22,Laptop Stand,Office,2,41.09,82.18,Shipped
ORD-0001468,CUST-001619,2024-07-04,Notebook Set,Stationery,6,13.4,80.4,Shipped
ORD-0001469,CUST-008839,2022-06-13,Desk Organizer,Office,4,22.68,90.72,Returned
ORD-0001470,CUST-003686,2026-01-25,Water Bottle,Lifestyle,5,20.5,102.5,Processing
ORD-0001471,CUST-001618,2026-08-24,USB-C Hub,Electronics,2,51.3,102.6,Processing
ORD-0001472,CUST-001412,2024-03-17,Laptop Stand,Office,3,49.22,147.66,Cancelled
ORD-0001473,CUST-007145,2026-09-07,Backpack,Lifestyle,1,64.97,64.97,Returned
ORD-0001474,CUST-006542,2023-11-02,Desk Organizer,Office,3,23.29,69.87,Completed
ORD-0001475,CUST-002816,2021-05-13,USB-C Hub,Electronics,1,47.63,47.63,Shipped
ORD-0001476,CUST-003907,2026-03-20,Wireless Mouse,Electronics,3,29.18,87.54,Cancelled
ORD-0001477,CUST-000017,2025-12-08,Mechanical Keyboard,Electronics,3,85.16,255.48,Shipped
ORD-0001478,CUST-000707,2023-12-14,Ergonomic Chair,Furniture,4,256.66,1026.64,Completed
ORD-0001479,CUST-004664,2025-12-10,Noise-Canceling Headphones,Electronics,6,167.64,1005.84,Completed
ORD-0001480,CUST-001702,2026-04-21,Noise-Canceling Headphones,Electronics,4,196.03,784.12,Shipped
ORD-0001481,CUST-005753,2024-03-24,Standing Desk,Furniture,5,372.83,1864.15,Shipped
ORD-0001482,CUST-002650,2026-08-22,Notebook Set,Stationery,3,13.3,39.9,Processing
ORD-0001483,CUST-005530,2026-01-31,USB-C Hub,Electronics,5,49.62,248.1,Completed
ORD-0001484,CUST-006849,2026-06-05,Ergonomic Chair,Furniture,5,269.05,1345.25,Completed
ORD-0001485,CUST-007356,2021-07-07,Laptop Stand,Office,3,47.21,141.63,Processing
ORD-0001486,CUST-002113,2026-06-29,Water Bottle,Lifestyle,3,20.26,60.78,Shipped
ORD-0001487,CUST-009883,2021-03-29,Notebook Set,Stationery,2,12.52,25.04,Completed
ORD-0001488,CUST-008028,2026-06-27,Laptop Stand,Office,1,40.62,40.62,Completed
ORD-0001489,CUST-008610,2023-03-10,Mechanical Keyboard,Electronics,1,89.77,89.77,Returned
ORD-0001490,CUST-005845,2024-10-20,Laptop Stand,Office,2,47.38,94.76,Processing
ORD-0001491,CUST-008433,2026-08-17,Notebook Set,Stationery,2,12.53,25.06,Completed
ORD-0001492,CUST-005833,2022-09-03,Laptop Stand,Office,2,48.71,97.42,Returned
ORD-0001493,CUST-003276,2025-03-22,Noise-Canceling Headphones,Electronics,4,174.53,698.12,Completed
ORD-0001494,CUST-009454,2022-12-12,Backpack,Lifestyle,3,54.3,162.9,Cancelled
ORD-0001495,CUST-001388,2024-01-03,Water Bottle,Lifestyle,6,20.73,124.38,Returned
ORD-0001496,CUST-006193,2026-08-02,Mechanical Keyboard,Electronics,6,82.99,497.94,Completed
ORD-0001497,CUST-007418,2024-05-23,Backpack,Lifestyle,5,61.84,309.2,Cancelled
ORD-0001498,CUST-007391,2025-09-26,USB-C Hub,Electronics,2,46.43,92.86,Completed
ORD-0001499,CUST-004842,2024-02-16,Webcam,Electronics,3,69.7,209.1,Processing
ORD-0001500,CUST-001918,2023-11-06,Noise-Canceling Headphones,Electronics,2,197.35,394.7,Completed
ORD-0001501,CUST-004853,2026-04-03,Noise-Canceling Headphones,Electronics,3,164.98,494.94,Shipped
ORD-0001502,CUST-001050,2026-08-26,Backpack,Lifestyle,3,63.59,190.77,Shipped
ORD-0001503,CUST-000290,2024-12-07,Desk Organizer,Office,2,24.68,49.36,Cancelled
ORD-0001504,CUST-002361,2022-02-01,Water Bottle,Lifestyle,3,17.97,53.91,Completed
ORD-0001505,CUST-005723,2026-05-30,USB-C Hub,Electronics,1,53.26,53.26,Completed
ORD-0001506,CUST-005005,2026-04-25,Standing Desk,Furniture,1,382.13,382.13,Returned
ORD-0001507,CUST-007261,2026-07-08,USB-C Hub,Electronics,6,46.44,278.64,Shipped
ORD-0001508,CUST-001215,2026-02-12,Webcam,Electronics,5,75.83,379.15,Processing
ORD-0001509,CUST-008198,2024-10-24,Wireless Mouse,Electronics,2,31.31,62.62,Processing
ORD-0001510,CUST-001362,2024-10-18,Noise-Canceling Headphones,Electronics,6,179.9,1079.4,Cancelled
ORD-0001511,CUST-009081,2022-03-30,USB-C Hub,Electronics,1,49.95,49.95,Shipped
ORD-0001512,CUST-002430,2023-10-06,Ergonomic Chair,Furniture,1,232.37,232.37,Completed
ORD-0001513,CUST-003295,2026-06-22,Desk Organizer,Office,6,24.02,144.12,Shipped
ORD-0001514,CUST-002238,2025-07-30,Webcam,Electronics,1,72.2,72.2,Completed
ORD-0001515,CUST-001760,2025-09-20,USB-C Hub,Electronics,6,46.32,277.92,Shipped
ORD-0001516,CUST-004256,2024-03-04,Wireless Mouse,Electronics,2,28.59,57.18,Returned
ORD-0001517,CUST-002831,2025-07-28,USB-C Hub,Electronics,6,46.01,276.06,Completed
ORD-0001518,CUST-000369,2021-11-19,Noise-Canceling Headphones,Electronics,3,165.61,496.83,Completed
ORD-0001519,CUST-006002,2026-06-30,Mechanical Keyboard,Electronics,1,93.96,93.96,Completed
ORD-0001520,CUST-001412,2025-11-08,Webcam,Electronics,2,76.38,152.76,Cancelled
ORD-0001521,CUST-000496,2026-06-10,Mechanical Keyboard,Electronics,5,92.22,461.1,Processing
ORD-0001522,CUST-007841,2026-01-12,Ergonomic Chair,Furniture,4,233.43,933.72,Returned
ORD-0001523,CUST-002346,2026-04-28,Water Bottle,Lifestyle,2,20.03,40.06,Shipped
ORD-0001524,CUST-005375,2026-01-10,Standing Desk,Furniture,3,372.41,1117.23,Completed
ORD-0001525,CUST-006053,2026-08-01,Water Bottle,Lifestyle,2,17.27,34.54,Cancelled
ORD-0001526,CUST-002943,2024-05-29,Wireless Mouse,Electronics,2,29.51,59.02,Cancelled
ORD-0001527,CUST-009422,2024-12-31,Wireless Mouse,Electronics,3,28.14,84.42,Completed
ORD-0001528,CUST-002803,2024-05-21,Desk Organizer,Office,1,23.23,23.23,Completed
ORD-0001529,CUST-002661,2025-12-11,Noise-Canceling Headphones,Electronics,5,164.55,822.75,Returned
ORD-0001530,CUST-005149,2025-12-23,Webcam,Electronics,5,74.83,374.15,Completed
ORD-0001531,CUST-005343,2024-08-08,Ergonomic Chair,Furniture,6,263.19,1579.14,Cancelled
ORD-0001532,CUST-002075,2021-11-14,Mechanical Keyboard,Electronics,3,86.88,260.64,Shipped
ORD-0001533,CUST-007325,2025-08-21,Wireless Mouse,Electronics,2,32.14,64.28,Shipped
ORD-0001534,CUST-008223,2022-10-18,Webcam,Electronics,4,79.26,317.04,Completed
ORD-0001535,CUST-002212,2021-12-15,USB-C Hub,Electronics,5,45.55,227.75,Shipped
ORD-0001536,CUST-007962,2024-09-08,Standing Desk,Furniture,6,372.88,2237.28,Completed
ORD-0001537,CUST-004470,2026-06-03,Wireless Mouse,Electronics,6,28.81,172.86,Returned
ORD-0001538,CUST-001450,2024-02-14,Standing Desk,Furniture,1,393.01,393.01,Shipped
ORD-0001539,CUST-003764,2026-08-18,Webcam,Electronics,1,80.16,80.16,Cancelled
ORD-0001540,CUST-004414,2024-08-26,Noise-Canceling Headphones,Electronics,2,182.24,364.48,Processing
ORD-0001541,CUST-002640,2026-02-22,Water Bottle,Lifestyle,3,19.75,59.25,Completed
ORD-0001542,CUST-008991,2025-04-01,Backpack,Lifestyle,1,57.97,57.97,Completed
ORD-0001543,CUST-006121,2025-03-30,Webcam,Electronics,5,71.23,356.15,Completed
ORD-0001544,CUST-005484,2025-03-28,Wireless Mouse,Electronics,6,29.37,176.22,Processing
ORD-0001545,CUST-004323,2026-01-22,Mechanical Keyboard,Electronics,4,92.98,371.92,Processing
ORD-0001546,CUST-007363,2025-12-13,USB-C Hub,Electronics,1,51.63,51.63,Shipped
ORD-0001547,CUST-001685,2026-06-27,Noise-Canceling Headphones,Electronics,2,162.22,324.44,Returned
ORD-0001548,CUST-004368,2023-11-24,Mechanical Keyboard,Electronics,5,83.67,418.35,Shipped
ORD-0001549,CUST-008900,2022-05-24,Backpack,Lifestyle,4,60.12,240.48,Processing
ORD-0001550,CUST-001046,2026-08-06,Mechanical Keyboard,Electronics,3,88.39,265.17,Completed
ORD-0001551,CUST-006147,2021-03-09,Mechanical Keyboard,Electronics,5,85.57,427.85,Cancelled
ORD-0001552,CUST-000575,2023-11-17,Standing Desk,Furniture,3,396.33,1188.99,Processing
ORD-0001553,CUST-008717,2023-09-29,Notebook Set,Stationery,6,13.33,79.98,Processing
ORD-0001554,CUST-006212,2026-01-24,Desk Organizer,Office,1,24.68,24.68,Returned
ORD-0001555,CUST-008623,2024-06-27,USB-C Hub,Electronics,1,49.16,49.16,Completed
ORD-0001556,CUST-005216,2026-05-04,Notebook Set,Stationery,1,11.87,11.87,Completed
ORD-0001557,CUST-008289,2025-11-05,Noise-Canceling Headphones,Electronics,3,189.3,567.9,Completed
ORD-0001558,CUST-002581,2025-12-19,Water Bottle,Lifestyle,1,20.77,20.77,Completed
ORD-0001559,CUST-004918,2025-09-12,Backpack,Lifestyle,3,65.3,195.9,Processing
ORD-0001560,CUST-004428,2025-11-27,Standing Desk,Furniture,3,398.36,1195.08,Shipped
ORD-0001561,CUST-006620,2023-10-21,Ergonomic Chair,Furniture,1,247.14,247.14,Completed
ORD-0001562,CUST-003401,2024-09-15,Standing Desk,Furniture,3,406.22,1218.66,Shipped
ORD-0001563,CUST-003909,2025-03-05,Backpack,Lifestyle,5,65.06,325.3,Processing
ORD-0001564,CUST-000909,2023-05-12,Notebook Set,Stationery,2,13.99,27.98,Completed
ORD-0001565,CUST-002652,2025-06-13,USB-C Hub,Electronics,4,48.55,194.2,Processing
ORD-0001566,CUST-003555,2026-07-27,Ergonomic Chair,Furniture,2,236.75,473.5,Cancelled
ORD-0001567,CUST-007062,2026-01-30,Notebook Set,Stationery,4,11.85,47.4,Returned
ORD-0001568,CUST-003596,2023-11-23,Desk Organizer,Office,4,22.39,89.56,Processing
ORD-0001569,CUST-003843,2026-04-03,Notebook Set,Stationery,5,13.95,69.75,Completed
ORD-0001570,CUST-005788,2025-07-18,Webcam,Electronics,5,76.04,380.2,Completed
ORD-0001571,CUST-001063,2022-05-28,Noise-Canceling Headphones,Electronics,4,175.55,702.2,Processing
ORD-0001572,CUST-005447,2023-07-31,Water Bottle,Lifestyle,2,19.41,38.82,Cancelled
ORD-0001573,CUST-007863,2025-08-24,Desk Organizer,Office,4,22.08,88.32,Cancelled
ORD-0001574,CUST-005069,2025-02-22,Wireless Mouse,Electronics,1,32.43,32.43,Completed
ORD-0001575,CUST-003585,2024-09-15,Laptop Stand,Office,6,46.69,280.14,Processing
ORD-0001576,CUST-009369,2023-08-28,Notebook Set,Stationery,1,12.04,12.04,Cancelled
ORD-0001577,CUST-007421,2023-06-10,Backpack,Lifestyle,2,62.71,125.42,Returned
ORD-0001578,CUST-001064,2024-01-11,Water Bottle,Lifestyle,1,17.76,17.76,Completed
ORD-0001579,CUST-002171,2026-05-07,Webcam,Electronics,4,76.91,307.64,Completed
ORD-0001580,CUST-002254,2026-06-19,USB-C Hub,Electronics,3,47.72,143.16,Completed
ORD-0001581,CUST-008209,2025-08-24,Water Bottle,Lifestyle,2,18.79,37.58,Cancelled
ORD-0001582,CUST-008744,2026-05-27,Ergonomic Chair,Furniture,5,263.44,1317.2,Completed
ORD-0001583,CUST-006245,2025-01-24,Standing Desk,Furniture,2,375.63,751.26,Shipped
ORD-0001584,CUST-007149,2026-05-11,Notebook Set,Stationery,3,12.32,36.96,Completed
ORD-0001585,CUST-009982,2022-06-05,Notebook Set,Stationery,6,12.17,73.02,Completed
ORD-0001586,CUST-007121,2022-10-02,Standing Desk,Furniture,2,392.62,785.24,Completed
ORD-0001587,CUST-002255,2026-03-29,Desk Organizer,Office,5,23.29,116.45,Completed
ORD-0001588,CUST-003552,2024-12-03,Water Bottle,Lifestyle,5,20.63,103.15,Cancelled
ORD-0001589,CUST-000756,2026-08-07,USB-C Hub,Electronics,3,53.14,159.42,Completed
ORD-0001590,CUST-006093,2021-01-15,USB-C Hub,Electronics,5,53.52,267.6,Returned
ORD-0001591,CUST-001927,2026-09-02,Webcam,Electronics,5,71.97,359.85,Completed
ORD-0001592,CUST-005824,2025-12-30,Webcam,Electronics,2,68.05,136.1,Cancelled
ORD-0001593,CUST-004127,2023-12-21,Laptop Stand,Office,1,42.38,42.38,Returned
ORD-0001594,CUST-001434,2025-03-27,Mechanical Keyboard,Electronics,5,85.09,425.45,Returned
ORD-0001595,CUST-003656,2022-10-22,Wireless Mouse,Electronics,4,28.06,112.24,Completed
ORD-0001596,CUST-009738,2023-10-04,Water Bottle,Lifestyle,1,18.01,18.01,Completed
ORD-0001597,CUST-009730,2026-07-04,Standing Desk,Furniture,4,368.5,1474,Shipped
ORD-0001598,CUST-007894,2023-07-21,Wireless Mouse,Electronics,2,30.64,61.28,Cancelled
ORD-0001599,CUST-007016,2023-07-01,Notebook Set,Stationery,5,12.4,62,Completed
ORD-0001600,CUST-007143,2023-12-10,Notebook Set,Stationery,2,12.6,25.2,Returned
ORD-0001601,CUST-006802,2022-10-18,Webcam,Electronics,3,67.91,203.73,Cancelled
ORD-0001602,CUST-000432,2025-05-02,Notebook Set,Stationery,3,11.87,35.61,Returned
ORD-0001603,CUST-000400,2026-03-14,Webcam,Electronics,3,79.23,237.69,Processing
ORD-0001604,CUST-008758,2023-07-20,Desk Organizer,Office,4,24.24,96.96,Shipped
ORD-0001605,CUST-000891,2026-07-26,Noise-Canceling Headphones,Electronics,6,187.17,1123.02,Completed
ORD-0001606,CUST-003571,2022-07-30,Wireless Mouse,Electronics,1,32.9,32.9,Completed
ORD-0001607,CUST-001777,2024-02-11,Laptop Stand,Office,3,43.87,131.61,Cancelled
ORD-0001608,CUST-005091,2025-11-14,USB-C Hub,Electronics,2,48.73,97.46,Completed
ORD-0001609,CUST-003672,2024-09-10,Wireless Mouse,Electronics,4,30.56,122.24,Completed
ORD-0001610,CUST-008876,2026-03-27,Laptop Stand,Office,3,41.67,125.01,Shipped
ORD-0001611,CUST-002582,2025-08-05,Noise-Canceling Headphones,Electronics,2,174.4,348.8,Completed
ORD-0001612,CUST-005481,2025-06-25,Desk Organizer,Office,2,26.18,52.36,Completed
ORD-0001613,CUST-005905,2025-11-18,Mechanical Keyboard,Electronics,3,94.05,282.15,Shipped
ORD-0001614,CUST-000563,2026-08-23,Laptop Stand,Office,3,43.61,130.83,Shipped
ORD-0001615,CUST-004725,2024-10-03,Webcam,Electronics,3,81.13,243.39,Shipped
ORD-0001616,CUST-005265,2022-03-10,Backpack,Lifestyle,3,58.41,175.23,Shipped
ORD-0001617,CUST-003500,2025-04-23,Standing Desk,Furniture,4,364.51,1458.04,Returned
ORD-0001618,CUST-009228,2026-02-24,Ergonomic Chair,Furniture,3,258.31,774.93,Cancelled
ORD-0001619,CUST-000732,2024-01-16,Noise-Canceling Headphones,Electronics,1,192.24,192.24,Shipped
ORD-0001620,CUST-001074,2023-10-18,USB-C Hub,Electronics,4,52.01,208.04,Completed
ORD-0001621,CUST-006724,2026-02-10,USB-C Hub,Electronics,1,46.31,46.31,Cancelled
ORD-0001622,CUST-003703,2023-01-08,Standing Desk,Furniture,5,431.57,2157.85,Completed
ORD-0001623,CUST-007003,2026-03-02,Water Bottle,Lifestyle,5,19.3,96.5,Shipped
ORD-0001624,CUST-004248,2026-02-02,Mechanical Keyboard,Electronics,6,89.85,539.1,Cancelled
ORD-0001625,CUST-002519,2026-07-28,Notebook Set,Stationery,5,13.81,69.05,Cancelled
ORD-0001626,CUST-001035,2026-06-06,Webcam,Electronics,2,77.08,154.16,Returned
ORD-0001627,CUST-000198,2024-11-08,Ergonomic Chair,Furniture,5,228.43,1142.15,Completed
ORD-0001628,CUST-002380,2025-12-31,Water Bottle,Lifestyle,1,19.9,19.9,Returned
ORD-0001629,CUST-009956,2026-09-05,Noise-Canceling Headphones,Electronics,4,174.56,698.24,Completed
ORD-0001630,CUST-004591,2025-09-24,Notebook Set,Stationery,2,13.36,26.72,Completed
ORD-0001631,CUST-006754,2025-02-28,Notebook Set,Stationery,2,13.7,27.4,Returned
ORD-0001632,CUST-008985,2025-07-03,Laptop Stand,Office,2,41.06,82.12,Completed
ORD-0001633,CUST-008806,2026-03-12,Wireless Mouse,Electronics,4,27.39,109.56,Cancelled
ORD-0001634,CUST-000294,2023-09-15,Noise-Canceling Headphones,Electronics,5,178.08,890.4,Processing
ORD-0001635,CUST-005515,2022-11-13,Standing Desk,Furniture,4,425.27,1701.08,Shipped
ORD-0001636,CUST-001290,2024-10-15,Standing Desk,Furniture,1,438.77,438.77,Completed
ORD-0001637,CUST-001243,2026-04-30,Backpack,Lifestyle,6,54.67,328.02,Processing
ORD-0001638,CUST-000971,2023-12-07,Standing Desk,Furniture,5,418.08,2090.4,Completed
ORD-0001639,CUST-003500,2023-02-06,Desk Organizer,Office,3,23.33,69.99,Cancelled
ORD-0001640,CUST-006156,2023-02-12,Wireless Mouse,Electronics,1,28.43,28.43,Shipped
ORD-0001641,CUST-006662,2026-07-10,Backpack,Lifestyle,4,58.16,232.64,Completed
ORD-0001642,CUST-008837,2026-01-25,Notebook Set,Stationery,1,12.59,12.59,Shipped
ORD-0001643,CUST-004784,2025-08-31,Wireless Mouse,Electronics,1,28.47,28.47,Cancelled
ORD-0001644,CUST-004118,2026-03-11,Water Bottle,Lifestyle,6,20.26,121.56,Cancelled
ORD-0001645,CUST-009635,2024-06-18,Laptop Stand,Office,2,45.82,91.64,Returned
ORD-0001646,CUST-006101,2025-11-08,Mechanical Keyboard,Electronics,2,90.68,181.36,Returned
ORD-0001647,CUST-002515,2026-02-23,Laptop Stand,Office,6,43.21,259.26,Processing
ORD-0001648,CUST-001553,2026-08-01,Water Bottle,Lifestyle,3,17.43,52.29,Shipped
ORD-0001649,CUST-000980,2026-09-01,Wireless Mouse,Electronics,5,27.84,139.2,Returned
ORD-0001650,CUST-003697,2024-11-02,Water Bottle,Lifestyle,4,18.76,75.04,Returned
ORD-0001651,CUST-004045,2022-05-09,Notebook Set,Stationery,5,12.46,62.3,Returned
ORD-0001652,CUST-000977,2025-11-11,Backpack,Lifestyle,3,57.49,172.47,Returned
ORD-0001653,CUST-001965,2025-12-05,Notebook Set,Stationery,2,13.01,26.02,Shipped
ORD-0001654,CUST-008136,2022-11-29,Noise-Canceling Headphones,Electronics,3,182.32,546.96,Cancelled
ORD-0001655,CUST-009198,2025-12-26,Mechanical Keyboard,Electronics,3,83.41,250.23,Completed
ORD-0001656,CUST-009456,2025-07-18,Mechanical Keyboard,Electronics,3,88.89,266.67,Cancelled
ORD-0001657,CUST-001628,2025-07-06,Standing Desk,Furniture,6,392.3,2353.8,Completed
ORD-0001658,CUST-006490,2026-03-05,Notebook Set,Stationery,6,12.41,74.46,Completed
ORD-0001659,CUST-001652,2026-03-12,Ergonomic Chair,Furniture,3,254.78,764.34,Returned
ORD-0001660,CUST-005154,2026-06-08,Wireless Mouse,Electronics,1,29.07,29.07,Completed
ORD-0001661,CUST-007226,2026-08-07,Water Bottle,Lifestyle,1,20.5,20.5,Completed
ORD-0001662,CUST-009496,2026-06-21,Backpack,Lifestyle,6,62.02,372.12,Returned
ORD-0001663,CUST-003452,2026-05-10,Water Bottle,Lifestyle,4,17.1,68.4,Cancelled
ORD-0001664,CUST-002002,2026-07-11,Desk Organizer,Office,5,26.78,133.9,Cancelled
ORD-0001665,CUST-007814,2025-06-07,Desk Organizer,Office,2,24.78,49.56,Completed
ORD-0001666,CUST-002786,2026-04-04,Water Bottle,Lifestyle,6,18.02,108.12,Shipped
ORD-0001667,CUST-002648,2025-12-18,Mechanical Keyboard,Electronics,4,81.23,324.92,Completed
ORD-0001668,CUST-002487,2026-07-07,Standing Desk,Furniture,1,394.65,394.65,Completed
ORD-0001669,CUST-000941,2025-12-14,Backpack,Lifestyle,2,62.48,124.96,Completed
ORD-0001670,CUST-006243,2026-07-26,Wireless Mouse,Electronics,3,30.29,90.87,Cancelled
ORD-0001671,CUST-004056,2025-03-01,Notebook Set,Stationery,5,12.69,63.45,Cancelled
ORD-0001672,CUST-008570,2026-03-12,Notebook Set,Stationery,3,13.66,40.98,Completed
ORD-0001673,CUST-002473,2025-04-17,Water Bottle,Lifestyle,1,19.43,19.43,Cancelled
ORD-0001674,CUST-001484,2026-08-29,Ergonomic Chair,Furniture,4,230.1,920.4,Shipped
ORD-0001675,CUST-003143,2022-01-10,Ergonomic Chair,Furniture,1,271.2,271.2,Completed
ORD-0001676,CUST-000733,2021-08-27,Standing Desk,Furniture,2,425.75,851.5,Completed
ORD-0001677,CUST-009545,2023-03-24,Webcam,Electronics,3,71.78,215.34,Completed
ORD-0001678,CUST-007459,2023-10-13,USB-C Hub,Electronics,5,45.36,226.8,Completed
ORD-0001679,CUST-003041,2026-08-27,Wireless Mouse,Electronics,6,27.78,166.68,Shipped
ORD-0001680,CUST-005145,2025-12-01,Standing Desk,Furniture,2,360.86,721.72,Completed
ORD-0001681,CUST-006631,2026-09-07,Backpack,Lifestyle,5,62.79,313.95,Completed
ORD-0001682,CUST-004190,2026-08-18,Wireless Mouse,Electronics,5,27.14,135.7,Processing
ORD-0001683,CUST-004684,2024-02-18,Webcam,Electronics,1,70.36,70.36,Processing
ORD-0001684,CUST-008953,2024-04-15,USB-C Hub,Electronics,5,47.12,235.6,Completed
ORD-0001685,CUST-004752,2023-07-14,Notebook Set,Stationery,4,12.09,48.36,Shipped
ORD-0001686,CUST-004617,2025-08-15,Mechanical Keyboard,Electronics,6,97.35,584.1,Cancelled
ORD-0001687,CUST-000065,2023-08-07,Water Bottle,Lifestyle,5,20.36,101.8,Completed
ORD-0001688,CUST-003702,2026-06-19,Backpack,Lifestyle,6,64.24,385.44,Returned
ORD-0001689,CUST-003788,2025-07-24,Webcam,Electronics,6,78.48,470.88,Processing
ORD-0001690,CUST-004588,2025-05-04,Backpack,Lifestyle,5,64.21,321.05,Completed
ORD-0001691,CUST-008632,2026-09-02,Ergonomic Chair,Furniture,4,270.71,1082.84,Processing
ORD-0001692,CUST-006878,2025-02-27,Backpack,Lifestyle,6,55.68,334.08,Completed
ORD-0001693,CUST-007937,2023-12-25,Notebook Set,Stationery,6,13.41,80.46,Shipped
ORD-0001694,CUST-000957,2021-12-05,Notebook Set,Stationery,1,13.64,13.64,Completed
ORD-0001695,CUST-006789,2026-04-17,Webcam,Electronics,4,71.43,285.72,Cancelled
ORD-0001696,CUST-001576,2024-08-11,USB-C Hub,Electronics,5,48.11,240.55,Returned
ORD-0001697,CUST-004286,2024-05-16,Water Bottle,Lifestyle,1,18.87,18.87,Processing
ORD-0001698,CUST-007819,2026-08-17,Desk Organizer,Office,6,24.6,147.6,Completed
ORD-0001699,CUST-000540,2025-10-23,Notebook Set,Stationery,3,12.66,37.98,Completed
ORD-0001700,CUST-004291,2026-08-06,Notebook Set,Stationery,6,12.03,72.18,Returned
ORD-0001701,CUST-004508,2025-10-16,USB-C Hub,Electronics,4,48.8,195.2,Processing
ORD-0001702,CUST-000863,2025-05-27,Water Bottle,Lifestyle,4,17.28,69.12,Completed
ORD-0001703,CUST-001248,2024-12-15,Notebook Set,Stationery,6,12.53,75.18,Completed
ORD-0001704,CUST-000838,2025-06-29,Water Bottle,Lifestyle,4,20.53,82.12,Returned
ORD-0001705,CUST-009690,2024-07-09,Wireless Mouse,Electronics,5,32.97,164.85,Shipped
ORD-0001706,CUST-009854,2022-04-09,Ergonomic Chair,Furniture,6,247.58,1485.48,Cancelled
ORD-0001707,CUST-004523,2025-04-04,Backpack,Lifestyle,5,56.42,282.1,Completed
ORD-0001708,CUST-000395,2026-07-23,Water Bottle,Lifestyle,1,19.32,19.32,Cancelled
ORD-0001709,CUST-008281,2024-09-18,Desk Organizer,Office,6,25.17,151.02,Completed
ORD-0001710,CUST-009237,2025-09-12,Water Bottle,Lifestyle,1,20.83,20.83,Completed
ORD-0001711,CUST-002232,2026-09-01,Backpack,Lifestyle,4,61.44,245.76,Completed
ORD-0001712,CUST-007671,2024-07-09,Notebook Set,Stationery,4,11.75,47,Completed
ORD-0001713,CUST-007162,2025-12-07,Standing Desk,Furniture,6,399.14,2394.84,Returned
ORD-0001714,CUST-006867,2023-01-21,Noise-Canceling Headphones,Electronics,2,163.68,327.36,Completed
ORD-0001715,CUST-007638,2024-04-20,Webcam,Electronics,6,67.29,403.74,Completed
ORD-0001716,CUST-003196,2026-05-02,Notebook Set,Stationery,6,13.5,81,Completed
ORD-0001717,CUST-005854,2024-06-16,USB-C Hub,Electronics,6,49.75,298.5,Cancelled
ORD-0001718,CUST-000870,2025-01-29,USB-C Hub,Electronics,1,46.9,46.9,Returned
ORD-0001719,CUST-003658,2026-05-25,Water Bottle,Lifestyle,3,19.74,59.22,Shipped
ORD-0001720,CUST-001744,2026-07-31,Mechanical Keyboard,Electronics,6,81,486,Processing
ORD-0001721,CUST-003833,2026-01-23,Backpack,Lifestyle,3,58.55,175.65,Completed
ORD-0001722,CUST-004615,2023-09-21,Backpack,Lifestyle,3,55.98,167.94,Completed
ORD-0001723,CUST-004253,2026-03-18,Mechanical Keyboard,Electronics,6,88.92,533.52,Completed
ORD-0001724,CUST-008871,2025-05-07,Laptop Stand,Office,5,45.86,229.3,Processing
ORD-0001725,CUST-000985,2024-03-23,Mechanical Keyboard,Electronics,2,83.92,167.84,Completed
ORD-0001726,CUST-009825,2026-04-08,Water Bottle,Lifestyle,6,19.83,118.98,Completed
ORD-0001727,CUST-008941,2025-05-02,Webcam,Electronics,2,76.59,153.18,Completed
ORD-0001728,CUST-005587,2026-01-23,Desk Organizer,Office,6,26.56,159.36,Completed
ORD-0001729,CUST-001179,2022-09-22,Noise-Canceling Headphones,Electronics,2,196.28,392.56,Completed
ORD-0001730,CUST-007807,2026-05-02,Noise-Canceling Headphones,Electronics,2,180.02,360.04,Cancelled
ORD-0001731,CUST-000429,2026-01-16,Mechanical Keyboard,Electronics,5,86.6,433,Completed
ORD-0001732,CUST-001146,2026-01-15,Webcam,Electronics,3,81.25,243.75,Completed
ORD-0001733,CUST-008964,2026-09-06,Desk Organizer,Office,1,23.73,23.73,Completed
ORD-0001734,CUST-008806,2026-03-01,Desk Organizer,Office,6,22.64,135.84,Completed
ORD-0001735,CUST-005379,2023-11-11,Ergonomic Chair,Furniture,1,259.83,259.83,Shipped
ORD-0001736,CUST-003967,2025-09-23,Mechanical Keyboard,Electronics,2,84.59,169.18,Cancelled
ORD-0001737,CUST-009397,2026-08-22,Standing Desk,Furniture,1,398.9,398.9,Completed
ORD-0001738,CUST-009485,2022-06-07,Backpack,Lifestyle,5,53.9,269.5,Processing
ORD-0001739,CUST-008290,2026-09-07,Webcam,Electronics,2,69.21,138.42,Shipped
ORD-0001740,CUST-000673,2023-05-23,Noise-Canceling Headphones,Electronics,6,164.99,989.94,Completed
ORD-0001741,CUST-000990,2025-07-29,Mechanical Keyboard,Electronics,1,86.46,86.46,Cancelled
ORD-0001742,CUST-008533,2024-05-15,Ergonomic Chair,Furniture,3,240.3,720.9,Shipped
ORD-0001743,CUST-008516,2023-07-05,Webcam,Electronics,6,71.77,430.62,Processing
ORD-0001744,CUST-003262,2021-07-20,Laptop Stand,Office,3,44.85,134.55,Processing
ORD-0001745,CUST-001782,2022-09-23,Ergonomic Chair,Furniture,1,228.94,228.94,Completed
ORD-0001746,CUST-000393,2025-10-02,Notebook Set,Stationery,4,12.38,49.52,Returned
ORD-0001747,CUST-000398,2024-02-05,Wireless Mouse,Electronics,4,30.74,122.96,Cancelled
ORD-0001748,CUST-004400,2026-08-14,Backpack,Lifestyle,6,54.59,327.54,Returned
ORD-0001749,CUST-008544,2026-03-31,Notebook Set,Stationery,5,12.23,61.15,Returned
ORD-0001750,CUST-007120,2024-01-30,Laptop Stand,Office,4,41.47,165.88,Completed
ORD-0001751,CUST-006527,2021-04-29,Webcam,Electronics,4,80.47,321.88,Completed
ORD-0001752,CUST-000836,2026-05-12,Wireless Mouse,Electronics,4,28.84,115.36,Completed
ORD-0001753,CUST-009098,2026-03-19,Noise-Canceling Headphones,Electronics,1,192.99,192.99,Completed
ORD-0001754,CUST-008358,2025-09-29,Desk Organizer,Office,1,24.29,24.29,Shipped
ORD-0001755,CUST-004132,2021-11-13,USB-C Hub,Electronics,4,52.74,210.96,Completed
ORD-0001756,CUST-004950,2024-03-12,Laptop Stand,Office,6,42.52,255.12,Returned
ORD-0001757,CUST-007767,2026-08-14,Water Bottle,Lifestyle,2,19.67,39.34,Completed
ORD-0001758,CUST-009449,2023-04-01,Ergonomic Chair,Furniture,5,231.25,1156.25,Returned
ORD-0001759,CUST-004588,2024-07-27,Standing Desk,Furniture,3,369.11,1107.33,Shipped
ORD-0001760,CUST-004416,2020-09-18,Notebook Set,Stationery,4,12.17,48.68,Shipped
ORD-0001761,CUST-003953,2025-12-30,Wireless Mouse,Electronics,6,29.49,176.94,Shipped
ORD-0001762,CUST-007661,2024-07-23,Noise-Canceling Headphones,Electronics,4,185.82,743.28,Completed
ORD-0001763,CUST-006058,2024-01-27,Laptop Stand,Office,1,41.77,41.77,Completed
ORD-0001764,CUST-009996,2022-03-08,Laptop Stand,Office,3,46.7,140.1,Completed
ORD-0001765,CUST-003831,2023-09-02,Desk Organizer,Office,2,25.25,50.5,Completed
ORD-0001766,CUST-006544,2025-10-23,Laptop Stand,Office,3,48.5,145.5,Completed
ORD-0001767,CUST-009251,2026-06-30,Notebook Set,Stationery,3,12.17,36.51,Completed
ORD-0001768,CUST-001462,2021-11-18,Wireless Mouse,Electronics,6,32.38,194.28,Completed
ORD-0001769,CUST-005178,2023-05-06,Laptop Stand,Office,2,43.51,87.02,Completed
ORD-0001770,CUST-008413,2026-06-30,Laptop Stand,Office,3,45.68,137.04,Completed
ORD-0001771,CUST-006309,2025-11-19,Noise-Canceling Headphones,Electronics,6,163.76,982.56,Processing
ORD-0001772,CUST-001634,2021-01-08,Notebook Set,Stationery,1,12.91,12.91,Shipped
ORD-0001773,CUST-005319,2026-09-07,Desk Organizer,Office,1,24.78,24.78,Returned
ORD-0001774,CUST-004947,2024-08-13,Webcam,Electronics,3,75.45,226.35,Returned
ORD-0001775,CUST-002820,2024-12-24,Water Bottle,Lifestyle,6,20.49,122.94,Returned
ORD-0001776,CUST-008549,2026-03-26,Webcam,Electronics,2,74.98,149.96,Cancelled
ORD-0001777,CUST-002200,2024-09-27,Laptop Stand,Office,1,45.79,45.79,Processing
ORD-0001778,CUST-005928,2025-12-20,USB-C Hub,Electronics,4,44.6,178.4,Returned
ORD-0001779,CUST-002955,2026-02-02,Backpack,Lifestyle,3,54.69,164.07,Returned
ORD-0001780,CUST-005757,2021-05-09,Notebook Set,Stationery,5,13.38,66.9,Cancelled
ORD-0001781,CUST-008594,2025-04-14,USB-C Hub,Electronics,2,47.4,94.8,Processing
ORD-0001782,CUST-006091,2022-07-30,Noise-Canceling Headphones,Electronics,4,168.39,673.56,Completed
ORD-0001783,CUST-007727,2023-12-01,Desk Organizer,Office,5,22.51,112.55,Completed
ORD-0001784,CUST-000736,2026-05-03,Noise-Canceling Headphones,Electronics,2,178.39,356.78,Completed
ORD-0001785,CUST-009416,2025-04-24,Standing Desk,Furniture,5,436.38,2181.9,Returned
ORD-0001786,CUST-000105,2023-02-25,Noise-Canceling Headphones,Electronics,1,164.44,164.44,Completed
ORD-0001787,CUST-006382,2026-07-10,Wireless Mouse,Electronics,1,27.59,27.59,Returned
ORD-0001788,CUST-001435,2026-08-21,Noise-Canceling Headphones,Electronics,1,195.53,195.53,Returned
ORD-0001789,CUST-002179,2026-06-01,Noise-Canceling Headphones,Electronics,4,197.41,789.64,Shipped
ORD-0001790,CUST-005679,2023-03-09,Noise-Canceling Headphones,Electronics,3,168.79,506.37,Cancelled
ORD-0001791,CUST-000906,2025-10-02,Notebook Set,Stationery,6,11.48,68.88,Completed
ORD-0001792,CUST-000943,2026-01-13,Laptop Stand,Office,2,44.84,89.68,Completed
ORD-0001793,CUST-000567,2024-05-31,Backpack,Lifestyle,1,59.68,59.68,Returned
ORD-0001794,CUST-004793,2023-05-19,Noise-Canceling Headphones,Electronics,6,188.23,1129.38,Completed
ORD-0001795,CUST-003665,2025-02-09,Standing Desk,Furniture,5,408.59,2042.95,Completed
ORD-0001796,CUST-000284,2026-05-14,USB-C Hub,Electronics,2,49.09,98.18,Cancelled
ORD-0001797,CUST-001131,2024-03-08,Desk Organizer,Office,3,26.81,80.43,Completed
ORD-0001798,CUST-003054,2025-02-03,Desk Organizer,Office,2,25.74,51.48,Returned
ORD-0001799,CUST-008167,2021-08-12,USB-C Hub,Electronics,4,46.28,185.12,Shipped
ORD-0001800,CUST-009330,2026-08-31,Noise-Canceling Headphones,Electronics,5,171.39,856.95,Completed
ORD-0001801,CUST-003117,2026-08-25,Desk Organizer,Office,6,26.88,161.28,Cancelled
ORD-0001802,CUST-007175,2023-01-16,Webcam,Electronics,4,69.05,276.2,Cancelled
ORD-0001803,CUST-002944,2025-02-19,Notebook Set,Stationery,1,12.51,12.51,Cancelled
ORD-0001804,CUST-005846,2023-01-25,Ergonomic Chair,Furniture,3,249.8,749.4,Returned
ORD-0001805,CUST-001413,2026-08-28,Water Bottle,Lifestyle,6,19.71,118.26,Returned
ORD-0001806,CUST-000580,2024-07-20,Notebook Set,Stationery,6,12.74,76.44,Returned
ORD-0001807,CUST-008572,2025-11-07,Wireless Mouse,Electronics,4,28.5,114,Completed
ORD-0001808,CUST-002663,2026-04-02,Wireless Mouse,Electronics,3,32.91,98.73,Processing
ORD-0001809,CUST-002625,2024-12-25,Notebook Set,Stationery,2,12.17,24.34,Completed
ORD-0001810,CUST-007136,2024-10-13,Desk Organizer,Office,3,24.42,73.26,Completed
ORD-0001811,CUST-007798,2024-06-10,Backpack,Lifestyle,6,63.29,379.74,Completed
ORD-0001812,CUST-002961,2025-10-05,Notebook Set,Stationery,6,12.94,77.64,Completed
ORD-0001813,CUST-004274,2024-11-11,Water Bottle,Lifestyle,4,20.45,81.8,Processing
ORD-0001814,CUST-003009,2024-12-12,Laptop Stand,Office,3,44.83,134.49,Completed
ORD-0001815,CUST-008810,2022-05-16,Notebook Set,Stationery,3,13.85,41.55,Cancelled
ORD-0001816,CUST-003698,2026-08-05,Desk Organizer,Office,5,24.15,120.75,Cancelled
ORD-0001817,CUST-007121,2023-10-02,Water Bottle,Lifestyle,1,20.26,20.26,Completed
ORD-0001818,CUST-006642,2023-10-09,Noise-Canceling Headphones,Electronics,1,187.14,187.14,Processing
ORD-0001819,CUST-001619,2022-10-08,Webcam,Electronics,2,70.9,141.8,Completed
ORD-0001820,CUST-007143,2023-04-13,Backpack,Lifestyle,2,63.34,126.68,Shipped
ORD-0001821,CUST-000618,2023-06-17,Standing Desk,Furniture,6,367.07,2202.42,Cancelled
ORD-0001822,CUST-006864,2026-08-19,Water Bottle,Lifestyle,5,17.76,88.8,Completed
ORD-0001823,CUST-007573,2025-04-10,Water Bottle,Lifestyle,2,20.46,40.92,Completed
ORD-0001824,CUST-000551,2025-08-08,Standing Desk,Furniture,2,426,852,Completed
ORD-0001825,CUST-001480,2026-02-20,Notebook Set,Stationery,1,11.87,11.87,Processing
ORD-0001826,CUST-009116,2025-11-26,USB-C Hub,Electronics,3,50.74,152.22,Completed
ORD-0001827,CUST-001992,2026-01-11,Desk Organizer,Office,3,25.7,77.1,Returned
ORD-0001828,CUST-003953,2026-05-19,Ergonomic Chair,Furniture,2,267.03,534.06,Completed
ORD-0001829,CUST-005384,2025-06-06,Laptop Stand,Office,6,41.43,248.58,Shipped
ORD-0001830,CUST-009810,2024-03-13,USB-C Hub,Electronics,6,47.3,283.8,Completed
ORD-0001831,CUST-009930,2025-12-25,Notebook Set,Stationery,1,13.91,13.91,Completed
ORD-0001832,CUST-006075,2025-03-11,Notebook Set,Stationery,6,13.76,82.56,Cancelled
ORD-0001833,CUST-001797,2026-08-20,Water Bottle,Lifestyle,1,17.69,17.69,Completed
ORD-0001834,CUST-008809,2026-08-27,Laptop Stand,Office,1,41.09,41.09,Completed
ORD-0001835,CUST-005062,2025-04-08,Water Bottle,Lifestyle,5,17.24,86.2,Shipped
ORD-0001836,CUST-008379,2024-10-10,Wireless Mouse,Electronics,1,31.11,31.11,Processing
ORD-0001837,CUST-001920,2026-04-17,Water Bottle,Lifestyle,1,18.42,18.42,Processing
ORD-0001838,CUST-000030,2025-08-01,Water Bottle,Lifestyle,5,20.75,103.75,Completed
ORD-0001839,CUST-001699,2025-02-10,Notebook Set,Stationery,4,13.06,52.24,Completed
ORD-0001840,CUST-007234,2025-05-22,Noise-Canceling Headphones,Electronics,6,185.3,1111.8,Completed
ORD-0001841,CUST-009766,2024-04-26,Water Bottle,Lifestyle,6,19.6,117.6,Cancelled
ORD-0001842,CUST-000177,2025-04-09,Backpack,Lifestyle,3,56.57,169.71,Cancelled
ORD-0001843,CUST-009918,2021-04-18,USB-C Hub,Electronics,5,48.04,240.2,Cancelled
ORD-0001844,CUST-004206,2026-05-22,Laptop Stand,Office,5,46.05,230.25,Processing
ORD-0001845,CUST-006356,2025-09-28,Laptop Stand,Office,3,43.83,131.49,Completed
ORD-0001846,CUST-005597,2026-09-03,Wireless Mouse,Electronics,5,28.77,143.85,Completed
ORD-0001847,CUST-003829,2025-04-29,USB-C Hub,Electronics,4,48.68,194.72,Completed
ORD-0001848,CUST-004478,2022-05-31,Mechanical Keyboard,Electronics,4,88.35,353.4,Completed
ORD-0001849,CUST-007047,2020-05-18,Noise-Canceling Headphones,Electronics,2,190.89,381.78,Cancelled
ORD-0001850,CUST-007257,2024-08-01,Desk Organizer,Office,6,23.34,140.04,Cancelled
ORD-0001851,CUST-002959,2025-06-24,Desk Organizer,Office,5,26.35,131.75,Processing
ORD-0001852,CUST-003392,2024-12-30,Standing Desk,Furniture,2,380.6,761.2,Returned
ORD-0001853,CUST-001980,2023-10-15,Ergonomic Chair,Furniture,3,237.87,713.61,Returned
ORD-0001854,CUST-003854,2021-07-26,Notebook Set,Stationery,5,13.19,65.95,Cancelled
ORD-0001855,CUST-006768,2024-08-14,Desk Organizer,Office,3,25.01,75.03,Processing
ORD-0001856,CUST-001119,2026-04-13,Backpack,Lifestyle,6,63.63,381.78,Processing
ORD-0001857,CUST-009650,2022-01-20,Wireless Mouse,Electronics,4,29.92,119.68,Completed
ORD-0001858,CUST-003041,2026-06-09,Noise-Canceling Headphones,Electronics,3,188.37,565.11,Completed
ORD-0001859,CUST-002278,2021-09-16,USB-C Hub,Electronics,2,51.47,102.94,Completed
ORD-0001860,CUST-005447,2025-07-09,Desk Organizer,Office,2,24.17,48.34,Returned
ORD-0001861,CUST-003613,2022-07-10,USB-C Hub,Electronics,3,45.33,135.99,Shipped
ORD-0001862,CUST-000787,2026-02-13,Desk Organizer,Office,2,24.5,49,Completed
ORD-0001863,CUST-004842,2025-07-30,Ergonomic Chair,Furniture,1,229.43,229.43,Completed
ORD-0001864,CUST-002704,2025-02-21,Desk Organizer,Office,5,25.19,125.95,Shipped
ORD-0001865,CUST-002303,2025-11-26,Laptop Stand,Office,6,47.83,286.98,Shipped
ORD-0001866,CUST-008851,2024-12-24,Webcam,Electronics,4,78.95,315.8,Returned
ORD-0001867,CUST-002028,2024-12-15,Webcam,Electronics,6,81.34,488.04,Returned
ORD-0001868,CUST-006801,2025-01-09,Noise-Canceling Headphones,Electronics,1,164.28,164.28,Completed
ORD-0001869,CUST-001986,2022-03-26,USB-C Hub,Electronics,1,48.18,48.18,Processing
ORD-0001870,CUST-000397,2026-03-24,Laptop Stand,Office,3,42.2,126.6,Shipped
ORD-0001871,CUST-000630,2024-12-23,Noise-Canceling Headphones,Electronics,6,178.31,1069.86,Cancelled
ORD-0001872,CUST-006394,2026-08-15,Backpack,Lifestyle,4,61.84,247.36,Completed
ORD-0001873,CUST-002831,2026-01-12,Desk Organizer,Office,6,24.7,148.2,Cancelled
ORD-0001874,CUST-003714,2025-06-16,Notebook Set,Stationery,6,12.02,72.12,Processing
ORD-0001875,CUST-006805,2025-09-17,Notebook Set,Stationery,3,13.27,39.81,Shipped
ORD-0001876,CUST-000184,2024-08-22,Backpack,Lifestyle,3,55.89,167.67,Completed
ORD-0001877,CUST-008112,2023-11-16,Standing Desk,Furniture,6,398.82,2392.92,Cancelled
ORD-0001878,CUST-004080,2026-04-29,Ergonomic Chair,Furniture,2,229.8,459.6,Completed
ORD-0001879,CUST-009336,2022-09-24,Noise-Canceling Headphones,Electronics,2,196.62,393.24,Returned
ORD-0001880,CUST-000333,2025-10-06,Noise-Canceling Headphones,Electronics,2,195.79,391.58,Completed
ORD-0001881,CUST-006529,2023-06-17,Backpack,Lifestyle,2,59.09,118.18,Completed
ORD-0001882,CUST-003737,2025-09-01,Laptop Stand,Office,6,48.76,292.56,Processing
ORD-0001883,CUST-006017,2026-09-03,Standing Desk,Furniture,5,401.48,2007.4,Returned
ORD-0001884,CUST-004003,2024-01-24,Wireless Mouse,Electronics,6,32.32,193.92,Returned
ORD-0001885,CUST-007661,2022-02-16,Webcam,Electronics,2,66.79,133.58,Cancelled
ORD-0001886,CUST-009999,2022-07-20,Standing Desk,Furniture,1,398.87,398.87,Completed
ORD-0001887,CUST-003167,2025-03-12,Standing Desk,Furniture,4,377.51,1510.04,Shipped
ORD-0001888,CUST-003028,2026-04-19,Desk Organizer,Office,1,23.45,23.45,Completed
ORD-0001889,CUST-000538,2026-03-31,Ergonomic Chair,Furniture,2,270.08,540.16,Completed
ORD-0001890,CUST-001481,2023-08-23,Water Bottle,Lifestyle,4,18.5,74,Cancelled
ORD-0001891,CUST-008263,2020-12-21,Mechanical Keyboard,Electronics,2,82.8,165.6,Completed
ORD-0001892,CUST-001708,2023-08-16,Notebook Set,Stationery,2,11.85,23.7,Completed
ORD-0001893,CUST-005339,2025-07-16,Water Bottle,Lifestyle,4,18.37,73.48,Completed
ORD-0001894,CUST-002458,2021-06-11,Desk Organizer,Office,1,24.02,24.02,Processing
ORD-0001895,CUST-005707,2023-09-20,USB-C Hub,Electronics,5,49.71,248.55,Processing
ORD-0001896,CUST-002723,2023-06-12,Notebook Set,Stationery,2,12.95,25.9,Cancelled
ORD-0001897,CUST-008219,2026-08-02,USB-C Hub,Electronics,4,46,184,Cancelled
ORD-0001898,CUST-005340,2024-10-18,Wireless Mouse,Electronics,3,28.46,85.38,Shipped
ORD-0001899,CUST-005707,2023-06-30,Laptop Stand,Office,5,45.62,228.1,Shipped
ORD-0001900,CUST-001179,2022-12-31,Backpack,Lifestyle,1,64.13,64.13,Processing
ORD-0001901,CUST-009257,2025-02-03,Noise-Canceling Headphones,Electronics,3,162.36,487.08,Completed
ORD-0001902,CUST-001281,2024-12-21,Noise-Canceling Headphones,Electronics,2,184.79,369.58,Completed
ORD-0001903,CUST-006292,2025-10-12,USB-C Hub,Electronics,1,48.55,48.55,Completed
ORD-0001904,CUST-006773,2026-08-17,Standing Desk,Furniture,6,401.45,2408.7,Completed
ORD-0001905,CUST-003531,2021-07-13,Desk Organizer,Office,2,26.67,53.34,Returned
ORD-0001906,CUST-008910,2023-07-26,Mechanical Keyboard,Electronics,6,88.81,532.86,Completed
ORD-0001907,CUST-008449,2023-07-14,Mechanical Keyboard,Electronics,1,95.48,95.48,Cancelled
ORD-0001908,CUST-004090,2025-12-26,Notebook Set,Stationery,4,13.64,54.56,Completed
ORD-0001909,CUST-005313,2023-05-19,Webcam,Electronics,6,69.36,416.16,Completed
ORD-0001910,CUST-001183,2026-06-18,USB-C Hub,Electronics,2,50.93,101.86,Shipped
ORD-0001911,CUST-004384,2023-08-26,Mechanical Keyboard,Electronics,6,97.24,583.44,Completed
ORD-0001912,CUST-001018,2026-09-01,USB-C Hub,Electronics,5,50.44,252.2,Returned
ORD-0001913,CUST-005400,2026-04-29,Notebook Set,Stationery,1,13.17,13.17,Processing
ORD-0001914,CUST-000368,2026-06-08,Notebook Set,Stationery,2,11.71,23.42,Cancelled
ORD-0001915,CUST-008908,2025-03-18,Ergonomic Chair,Furniture,5,232.62,1163.1,Completed
ORD-0001916,CUST-005291,2024-07-06,USB-C Hub,Electronics,4,49.43,197.72,Returned
ORD-0001917,CUST-001559,2025-06-22,Webcam,Electronics,2,67.45,134.9,Shipped
ORD-0001918,CUST-001147,2022-03-15,Mechanical Keyboard,Electronics,2,93.51,187.02,Shipped
ORD-0001919,CUST-003949,2025-07-06,Standing Desk,Furniture,1,366.59,366.59,Processing
ORD-0001920,CUST-009160,2026-07-23,Ergonomic Chair,Furniture,3,232.92,698.76,Processing
ORD-0001921,CUST-002101,2026-08-16,Mechanical Keyboard,Electronics,2,82.59,165.18,Processing
ORD-0001922,CUST-001848,2026-09-01,Webcam,Electronics,1,71.29,71.29,Processing
ORD-0001923,CUST-006189,2021-05-14,Laptop Stand,Office,1,45.85,45.85,Cancelled
ORD-0001924,CUST-002181,2024-06-30,Backpack,Lifestyle,1,55.81,55.81,Completed
ORD-0001925,CUST-002583,2026-03-29,Notebook Set,Stationery,5,12.24,61.2,Completed
ORD-0001926,CUST-003799,2026-06-06,Webcam,Electronics,5,72.75,363.75,Completed
ORD-0001927,CUST-007827,2026-05-30,Mechanical Keyboard,Electronics,5,89.31,446.55,Shipped
ORD-0001928,CUST-002138,2025-06-18,Laptop Stand,Office,1,40.88,40.88,Processing
ORD-0001929,CUST-005629,2024-03-05,Backpack,Lifestyle,1,62.41,62.41,Cancelled
ORD-0001930,CUST-008811,2020-08-19,Ergonomic Chair,Furniture,2,241.09,482.18,Returned
ORD-0001931,CUST-000463,2024-09-27,Noise-Canceling Headphones,Electronics,6,173.48,1040.88,Processing
ORD-0001932,CUST-004083,2025-07-27,Backpack,Lifestyle,5,61.34,306.7,Completed
ORD-0001933,CUST-003881,2025-04-23,Laptop Stand,Office,3,45.01,135.03,Cancelled
ORD-0001934,CUST-004782,2024-09-05,Desk Organizer,Office,2,26.83,53.66,Completed
ORD-0001935,CUST-002113,2026-07-06,Water Bottle,Lifestyle,3,19.27,57.81,Cancelled
ORD-0001936,CUST-007502,2026-01-02,Backpack,Lifestyle,3,63.04,189.12,Cancelled
ORD-0001937,CUST-006073,2025-07-25,Noise-Canceling Headphones,Electronics,1,167.35,167.35,Shipped
ORD-0001938,CUST-009426,2022-05-20,Notebook Set,Stationery,3,12.37,37.11,Completed
ORD-0001939,CUST-007341,2026-05-07,Noise-Canceling Headphones,Electronics,2,167.35,334.7,Processing
ORD-0001940,CUST-001616,2024-09-05,Laptop Stand,Office,6,43.93,263.58,Completed
ORD-0001941,CUST-006230,2022-09-24,Desk Organizer,Office,1,25.13,25.13,Completed
ORD-0001942,CUST-002131,2026-07-24,Desk Organizer,Office,6,22.3,133.8,Cancelled
ORD-0001943,CUST-000526,2025-10-28,Desk Organizer,Office,1,22.75,22.75,Cancelled
ORD-0001944,CUST-008789,2020-11-24,Standing Desk,Furniture,1,400.56,400.56,Cancelled
ORD-0001945,CUST-005994,2026-02-18,USB-C Hub,Electronics,6,48.96,293.76,Returned
ORD-0001946,CUST-003939,2025-01-12,Webcam,Electronics,4,73.07,292.28,Completed
ORD-0001947,CUST-002247,2026-05-16,Standing Desk,Furniture,4,436.45,1745.8,Completed
ORD-0001948,CUST-006077,2026-09-07,Mechanical Keyboard,Electronics,1,86.89,86.89,Completed
ORD-0001949,CUST-000069,2026-02-27,Ergonomic Chair,Furniture,6,244.54,1467.24,Cancelled
ORD-0001950,CUST-005650,2026-06-18,USB-C Hub,Electronics,2,50.65,101.3,Returned
ORD-0001951,CUST-008791,2025-06-17,Noise-Canceling Headphones,Electronics,6,189.75,1138.5,Returned
ORD-0001952,CUST-004895,2026-08-23,Notebook Set,Stationery,3,13.5,40.5,Returned
ORD-0001953,CUST-004800,2023-06-08,Water Bottle,Lifestyle,6,20.76,124.56,Completed
ORD-0001954,CUST-004054,2024-06-05,USB-C Hub,Electronics,1,49.46,49.46,Returned
ORD-0001955,CUST-004795,2026-07-06,Standing Desk,Furniture,2,371.68,743.36,Cancelled
ORD-0001956,CUST-008809,2025-03-19,Wireless Mouse,Electronics,4,32.9,131.6,Processing
ORD-0001957,CUST-009867,2026-07-04,Desk Organizer,Office,2,26.11,52.22,Completed
ORD-0001958,CUST-006285,2023-07-20,Laptop Stand,Office,4,42.01,168.04,Cancelled
ORD-0001959,CUST-009005,2024-09-11,Mechanical Keyboard,Electronics,5,84.98,424.9,Shipped
ORD-0001960,CUST-009455,2025-07-26,USB-C Hub,Electronics,6,50.26,301.56,Returned
ORD-0001961,CUST-003116,2023-11-08,Wireless Mouse,Electronics,6,28.13,168.78,Completed
ORD-0001962,CUST-002303,2026-02-03,Desk Organizer,Office,6,24.06,144.36,Processing
ORD-0001963,CUST-003163,2025-12-04,USB-C Hub,Electronics,1,44.35,44.35,Shipped
ORD-0001964,CUST-000580,2025-09-17,Desk Organizer,Office,3,22.55,67.65,Completed
ORD-0001965,CUST-008502,2026-07-23,Noise-Canceling Headphones,Electronics,3,181,543,Returned
ORD-0001966,CUST-005499,2024-09-18,Notebook Set,Stationery,2,11.89,23.78,Completed
ORD-0001967,CUST-004020,2024-06-26,Wireless Mouse,Electronics,6,27.08,162.48,Completed
ORD-0001968,CUST-000213,2026-05-14,Laptop Stand,Office,5,44.01,220.05,Shipped
ORD-0001969,CUST-007167,2024-04-23,Backpack,Lifestyle,5,61.72,308.6,Returned
ORD-0001970,CUST-001424,2026-04-07,Backpack,Lifestyle,5,59.24,296.2,Completed
ORD-0001971,CUST-008471,2026-05-19,Water Bottle,Lifestyle,6,18.07,108.42,Completed
ORD-0001972,CUST-000956,2024-02-18,Noise-Canceling Headphones,Electronics,5,192.93,964.65,Completed
ORD-0001973,CUST-001636,2025-01-23,Mechanical Keyboard,Electronics,2,85.21,170.42,Processing
ORD-0001974,CUST-004648,2020-10-24,Water Bottle,Lifestyle,6,18.73,112.38,Completed
ORD-0001975,CUST-001815,2022-07-27,Wireless Mouse,Electronics,6,30.64,183.84,Completed
ORD-0001976,CUST-008402,2022-04-29,Wireless Mouse,Electronics,4,31.59,126.36,Cancelled
ORD-0001977,CUST-003146,2025-09-07,Standing Desk,Furniture,2,382.96,765.92,Returned
ORD-0001978,CUST-003735,2026-06-05,Notebook Set,Stationery,5,13.68,68.4,Returned
ORD-0001979,CUST-009149,2026-03-31,Desk Organizer,Office,6,23.75,142.5,Completed
ORD-0001980,CUST-007678,2026-09-04,Mechanical Keyboard,Electronics,6,92.81,556.86,Cancelled
ORD-0001981,CUST-002089,2022-09-04,Backpack,Lifestyle,4,57.36,229.44,Completed
ORD-0001982,CUST-004356,2025-09-09,Mechanical Keyboard,Electronics,1,96.67,96.67,Completed
ORD-0001983,CUST-009871,2024-03-31,USB-C Hub,Electronics,6,44.98,269.88,Processing
ORD-0001984,CUST-008114,2024-08-31,Webcam,Electronics,1,76.34,76.34,Shipped
ORD-0001985,CUST-001592,2026-06-01,Mechanical Keyboard,Electronics,5,91.9,459.5,Returned
ORD-0001986,CUST-000510,2024-04-16,Notebook Set,Stationery,5,12.21,61.05,Completed
ORD-0001987,CUST-005321,2026-07-14,Laptop Stand,Office,1,40.74,40.74,Cancelled
ORD-0001988,CUST-006035,2025-12-20,Noise-Canceling Headphones,Electronics,3,169.62,508.86,Returned
ORD-0001989,CUST-004212,2026-01-14,Noise-Canceling Headphones,Electronics,5,197.44,987.2,Shipped
ORD-0001990,CUST-003889,2022-07-19,Wireless Mouse,Electronics,3,30.33,90.99,Completed
ORD-0001991,CUST-009543,2023-03-19,USB-C Hub,Electronics,5,48.87,244.35,Shipped
ORD-0001992,CUST-005678,2024-08-02,Webcam,Electronics,6,68.94,413.64,Completed
ORD-0001993,CUST-001765,2023-05-21,Noise-Canceling Headphones,Electronics,4,179.94,719.76,Completed
ORD-0001994,CUST-001351,2026-03-13,Desk Organizer,Office,1,26.9,26.9,Returned
ORD-0001995,CUST-003172,2026-08-27,USB-C Hub,Electronics,4,51.36,205.44,Returned
ORD-0001996,CUST-008239,2026-07-16,USB-C Hub,Electronics,6,46.26,277.56,Completed
ORD-0001997,CUST-008269,2022-01-13,Webcam,Electronics,2,80.66,161.32,Completed
ORD-0001998,CUST-000531,2025-01-09,Desk Organizer,Office,5,23.98,119.9,Returned
ORD-0001999,CUST-000442,2026-06-11,Backpack,Lifestyle,4,56.29,225.16,Completed
ORD-0002000,CUST-009035,2026-02-12,Standing Desk,Furniture,1,396.59,396.59,Cancelled
ORD-0002001,CUST-006022,2026-03-28,Water Bottle,Lifestyle,1,18.37,18.37,Returned
ORD-0002002,CUST-003567,2026-04-10,Desk Organizer,Office,4,25.47,101.88,Cancelled
ORD-0002003,CUST-009328,2021-04-19,Mechanical Keyboard,Electronics,1,80.88,80.88,Cancelled
ORD-0002004,CUST-002803,2025-05-13,USB-C Hub,Electronics,2,49.71,99.42,Returned
ORD-0002005,CUST-004802,2022-10-17,Desk Organizer,Office,5,25.81,129.05,Processing
ORD-0002006,CUST-008958,2024-09-30,Laptop Stand,Office,6,43.6,261.6,Completed
ORD-0002007,CUST-004804,2023-12-26,Webcam,Electronics,2,75.38,150.76,Returned
ORD-0002008,CUST-007113,2026-01-02,Desk Organizer,Office,6,26.21,157.26,Shipped
ORD-0002009,CUST-004188,2026-01-24,Wireless Mouse,Electronics,1,31,31,Returned
ORD-0002010,CUST-001545,2025-10-16,Noise-Canceling Headphones,Electronics,1,181.56,181.56,Returned
ORD-0002011,CUST-005230,2026-05-26,Backpack,Lifestyle,6,65.13,390.78,Completed
ORD-0002012,CUST-003912,2025-07-28,Standing Desk,Furniture,1,371.23,371.23,Completed
ORD-0002013,CUST-009014,2025-11-29,Wireless Mouse,Electronics,3,28.7,86.1,Processing
ORD-0002014,CUST-000615,2023-06-24,Ergonomic Chair,Furniture,3,236.04,708.12,Completed
ORD-0002015,CUST-001866,2025-03-06,Noise-Canceling Headphones,Electronics,1,166.54,166.54,Completed
ORD-0002016,CUST-009198,2023-05-28,Noise-Canceling Headphones,Electronics,4,181.54,726.16,Cancelled
ORD-0002017,CUST-007936,2026-03-25,Webcam,Electronics,5,74.36,371.8,Returned
ORD-0002018,CUST-006130,2026-01-21,Mechanical Keyboard,Electronics,6,80.75,484.5,Shipped
ORD-0002019,CUST-001507,2025-08-01,Notebook Set,Stationery,4,13.28,53.12,Shipped
ORD-0002020,CUST-000802,2024-05-19,Desk Organizer,Office,3,25.97,77.91,Cancelled
ORD-0002021,CUST-005141,2026-08-28,Notebook Set,Stationery,5,11.68,58.4,Cancelled
ORD-0002022,CUST-003087,2023-11-22,Ergonomic Chair,Furniture,1,258.81,258.81,Processing
ORD-0002023,CUST-002245,2025-09-13,Noise-Canceling Headphones,Electronics,1,165.43,165.43,Shipped
ORD-0002024,CUST-004315,2025-02-07,Webcam,Electronics,6,77.27,463.62,Completed
ORD-0002025,CUST-005160,2022-08-05,Laptop Stand,Office,2,48.44,96.88,Completed
ORD-0002026,CUST-003994,2024-10-24,Notebook Set,Stationery,2,13.69,27.38,Processing
ORD-0002027,CUST-002354,2026-07-04,Desk Organizer,Office,3,25.77,77.31,Completed
ORD-0002028,CUST-007129,2025-10-29,Ergonomic Chair,Furniture,6,236.67,1420.02,Completed
ORD-0002029,CUST-000826,2025-07-12,Desk Organizer,Office,4,26.44,105.76,Completed
ORD-0002030,CUST-009479,2026-03-21,Webcam,Electronics,1,68.23,68.23,Cancelled
ORD-0002031,CUST-002306,2026-07-13,Wireless Mouse,Electronics,5,32.51,162.55,Completed
ORD-0002032,CUST-000601,2024-05-28,Water Bottle,Lifestyle,5,18.69,93.45,Completed
ORD-0002033,CUST-004346,2026-01-14,Standing Desk,Furniture,1,369.48,369.48,Completed
ORD-0002034,CUST-007016,2024-05-20,Desk Organizer,Office,4,22.58,90.32,Completed
ORD-0002035,CUST-009904,2024-09-05,Notebook Set,Stationery,2,12.85,25.7,Processing
ORD-0002036,CUST-000351,2026-04-23,Backpack,Lifestyle,1,54.5,54.5,Completed
ORD-0002037,CUST-001498,2025-05-18,Laptop Stand,Office,6,41.26,247.56,Completed
ORD-0002038,CUST-007787,2022-11-22,Noise-Canceling Headphones,Electronics,3,182.12,546.36,Shipped
ORD-0002039,CUST-008544,2023-12-04,Webcam,Electronics,4,75.66,302.64,Returned
ORD-0002040,CUST-004677,2026-01-13,Ergonomic Chair,Furniture,1,247.87,247.87,Processing
ORD-0002041,CUST-008956,2023-08-09,Mechanical Keyboard,Electronics,3,88.52,265.56,Completed
ORD-0002042,CUST-001655,2023-11-10,Webcam,Electronics,5,79.67,398.35,Completed
ORD-0002043,CUST-008605,2025-07-30,Notebook Set,Stationery,1,13.44,13.44,Processing
ORD-0002044,CUST-001099,2024-02-29,Desk Organizer,Office,4,25.1,100.4,Processing
ORD-0002045,CUST-004741,2026-04-14,Ergonomic Chair,Furniture,6,226.87,1361.22,Processing
ORD-0002046,CUST-000276,2024-10-29,Wireless Mouse,Electronics,5,31.52,157.6,Returned
ORD-0002047,CUST-001955,2024-01-02,Webcam,Electronics,2,69.69,139.38,Cancelled
ORD-0002048,CUST-001027,2025-02-28,Water Bottle,Lifestyle,3,18.88,56.64,Processing
ORD-0002049,CUST-001793,2026-06-19,Notebook Set,Stationery,1,12.22,12.22,Completed
ORD-0002050,CUST-008325,2026-04-27,Backpack,Lifestyle,5,58.86,294.3,Completed
ORD-0002051,CUST-009595,2026-03-18,Webcam,Electronics,2,80.15,160.3,Completed
ORD-0002052,CUST-002553,2020-12-20,Standing Desk,Furniture,5,433.08,2165.4,Returned
ORD-0002053,CUST-004673,2026-07-18,Mechanical Keyboard,Electronics,6,92.6,555.6,Completed
ORD-0002054,CUST-002853,2026-09-04,Ergonomic Chair,Furniture,6,272.74,1636.44,Shipped
ORD-0002055,CUST-002412,2026-01-13,Ergonomic Chair,Furniture,2,234.8,469.6,Returned
ORD-0002056,CUST-001371,2025-10-03,Noise-Canceling Headphones,Electronics,5,185.49,927.45,Completed
ORD-0002057,CUST-009384,2025-03-22,Laptop Stand,Office,6,47.88,287.28,Returned
ORD-0002058,CUST-000768,2026-03-30,USB-C Hub,Electronics,5,44.93,224.65,Cancelled
ORD-0002059,CUST-005075,2024-08-19,Desk Organizer,Office,1,25.13,25.13,Completed
ORD-0002060,CUST-009817,2023-11-09,Noise-Canceling Headphones,Electronics,3,186.8,560.4,Completed
ORD-0002061,CUST-006322,2026-08-17,Standing Desk,Furniture,6,418.17,2509.02,Completed
ORD-0002062,CUST-004441,2026-08-01,Desk Organizer,Office,6,22.08,132.48,Completed
ORD-0002063,CUST-003040,2025-08-07,USB-C Hub,Electronics,1,44.48,44.48,Cancelled
ORD-0002064,CUST-004040,2024-07-05,USB-C Hub,Electronics,1,52.85,52.85,Completed
ORD-0002065,CUST-006350,2025-02-01,Webcam,Electronics,6,71.73,430.38,Returned
ORD-0002066,CUST-005435,2023-10-12,Noise-Canceling Headphones,Electronics,6,164.2,985.2,Completed
ORD-0002067,CUST-002688,2026-05-16,Backpack,Lifestyle,6,55.71,334.26,Completed
ORD-0002068,CUST-009292,2026-07-25,USB-C Hub,Electronics,6,45.91,275.46,Shipped
ORD-0002069,CUST-009997,2024-07-10,Webcam,Electronics,5,72.66,363.3,Returned
ORD-0002070,CUST-006359,2024-08-07,Backpack,Lifestyle,3,54.35,163.05,Processing
ORD-0002071,CUST-004590,2026-02-17,Notebook Set,Stationery,4,12.57,50.28,Completed
ORD-0002072,CUST-003351,2024-12-13,Desk Organizer,Office,6,25.04,150.24,Completed
ORD-0002073,CUST-009783,2020-03-08,Wireless Mouse,Electronics,2,31.33,62.66,Returned
ORD-0002074,CUST-000853,2026-05-31,USB-C Hub,Electronics,3,49.47,148.41,Completed
ORD-0002075,CUST-009889,2025-11-28,Backpack,Lifestyle,1,64.36,64.36,Completed
ORD-0002076,CUST-008056,2025-09-20,Standing Desk,Furniture,6,375.91,2255.46,Processing
ORD-0002077,CUST-005666,2025-03-03,Desk Organizer,Office,6,25.14,150.84,Completed
ORD-0002078,CUST-001690,2026-03-11,Mechanical Keyboard,Electronics,6,94.28,565.68,Processing
ORD-0002079,CUST-009816,2024-12-21,Backpack,Lifestyle,4,64.42,257.68,Cancelled
ORD-0002080,CUST-008983,2023-12-28,Desk Organizer,Office,2,25.54,51.08,Returned
ORD-0002081,CUST-003621,2026-06-07,Mechanical Keyboard,Electronics,5,95.59,477.95,Shipped
ORD-0002082,CUST-007007,2024-08-16,Desk Organizer,Office,1,24.83,24.83,Cancelled
ORD-0002083,CUST-008323,2025-09-30,Mechanical Keyboard,Electronics,5,92.02,460.1,Returned
ORD-0002084,CUST-003233,2026-08-22,Wireless Mouse,Electronics,1,27.13,27.13,Shipped
ORD-0002085,CUST-007331,2025-07-01,Water Bottle,Lifestyle,2,19.29,38.58,Cancelled
ORD-0002086,CUST-004661,2025-08-11,Backpack,Lifestyle,4,53.88,215.52,Processing
ORD-0002087,CUST-007849,2025-09-22,USB-C Hub,Electronics,5,46.39,231.95,Completed
ORD-0002088,CUST-005352,2024-11-30,Desk Organizer,Office,6,24.69,148.14,Completed
ORD-0002089,CUST-003022,2024-12-11,Noise-Canceling Headphones,Electronics,6,163.11,978.66,Cancelled
ORD-0002090,CUST-004711,2026-08-17,Desk Organizer,Office,4,26.59,106.36,Shipped
ORD-0002091,CUST-008201,2025-09-17,Notebook Set,Stationery,5,11.84,59.2,Processing
ORD-0002092,CUST-001372,2025-02-27,Water Bottle,Lifestyle,2,18.12,36.24,Processing
ORD-0002093,CUST-007402,2026-01-28,Notebook Set,Stationery,3,11.75,35.25,Completed
ORD-0002094,CUST-000018,2025-11-25,Standing Desk,Furniture,5,361.13,1805.65,Completed
ORD-0002095,CUST-008571,2024-03-25,Water Bottle,Lifestyle,2,20.08,40.16,Processing
ORD-0002096,CUST-000983,2025-12-15,Backpack,Lifestyle,2,62.9,125.8,Returned
ORD-0002097,CUST-008741,2025-02-27,Wireless Mouse,Electronics,6,30.09,180.54,Shipped
ORD-0002098,CUST-004984,2026-01-15,Laptop Stand,Office,5,41.87,209.35,Completed
ORD-0002099,CUST-002671,2024-12-24,Laptop Stand,Office,6,45.39,272.34,Completed
ORD-0002100,CUST-007821,2026-08-07,Ergonomic Chair,Furniture,1,270.95,270.95,Shipped
ORD-0002101,CUST-001070,2023-08-24,Backpack,Lifestyle,2,55.53,111.06,Shipped
ORD-0002102,CUST-002398,2021-07-05,Backpack,Lifestyle,4,55.11,220.44,Shipped
ORD-0002103,CUST-006993,2023-07-18,Standing Desk,Furniture,1,363.9,363.9,Completed
ORD-0002104,CUST-007890,2025-11-28,Water Bottle,Lifestyle,6,18.83,112.98,Processing
ORD-0002105,CUST-001503,2023-02-21,Water Bottle,Lifestyle,3,20.3,60.9,Shipped
ORD-0002106,CUST-008425,2026-06-10,Laptop Stand,Office,6,44.51,267.06,Returned
ORD-0002107,CUST-002197,2025-05-10,Ergonomic Chair,Furniture,6,264.43,1586.58,Completed
ORD-0002108,CUST-006102,2026-01-26,Notebook Set,Stationery,4,12.2,48.8,Processing
ORD-0002109,CUST-000687,2026-08-28,USB-C Hub,Electronics,4,46.61,186.44,Cancelled
ORD-0002110,CUST-005705,2025-05-30,Backpack,Lifestyle,1,63.59,63.59,Completed
ORD-0002111,CUST-007625,2025-09-11,Webcam,Electronics,4,67.61,270.44,Cancelled
ORD-0002112,CUST-000947,2025-05-06,USB-C Hub,Electronics,5,51.87,259.35,Completed
ORD-0002113,CUST-006378,2026-03-22,Standing Desk,Furniture,4,385.2,1540.8,Returned
ORD-0002114,CUST-004588,2026-08-25,Mechanical Keyboard,Electronics,4,91.3,365.2,Shipped
ORD-0002115,CUST-008933,2024-01-19,Backpack,Lifestyle,2,54.94,109.88,Completed
ORD-0002116,CUST-007284,2026-03-19,Wireless Mouse,Electronics,6,31.58,189.48,Cancelled
ORD-0002117,CUST-000137,2026-08-14,Standing Desk,Furniture,4,427.55,1710.2,Processing
ORD-0002118,CUST-002487,2026-07-07,Notebook Set,Stationery,3,13.34,40.02,Returned
ORD-0002119,CUST-008857,2021-06-08,Wireless Mouse,Electronics,1,31.74,31.74,Completed
ORD-0002120,CUST-007263,2026-01-02,Water Bottle,Lifestyle,6,17.9,107.4,Cancelled
ORD-0002121,CUST-007158,2021-03-08,Notebook Set,Stationery,1,12.67,12.67,Completed
ORD-0002122,CUST-001359,2024-04-06,Ergonomic Chair,Furniture,3,270.5,811.5,Completed
ORD-0002123,CUST-001096,2020-06-26,Desk Organizer,Office,1,23.75,23.75,Shipped
ORD-0002124,CUST-009363,2026-09-06,Backpack,Lifestyle,4,65.34,261.36,Cancelled
ORD-0002125,CUST-009212,2025-12-02,Standing Desk,Furniture,1,428.43,428.43,Returned
ORD-0002126,CUST-003310,2026-08-18,Desk Organizer,Office,3,23.83,71.49,Processing
ORD-0002127,CUST-007328,2025-08-08,Noise-Canceling Headphones,Electronics,3,184.22,552.66,Returned
ORD-0002128,CUST-005562,2026-08-30,Standing Desk,Furniture,6,378.72,2272.32,Completed
ORD-0002129,CUST-000729,2024-01-15,Water Bottle,Lifestyle,1,18.69,18.69,Processing
ORD-0002130,CUST-004326,2024-04-11,Standing Desk,Furniture,5,378.73,1893.65,Returned
ORD-0002131,CUST-007343,2026-06-16,Wireless Mouse,Electronics,3,30.01,90.03,Processing
ORD-0002132,CUST-006631,2026-09-04,Standing Desk,Furniture,4,411.14,1644.56,Shipped
ORD-0002133,CUST-007988,2024-05-28,Mechanical Keyboard,Electronics,3,81.35,244.05,Completed
ORD-0002134,CUST-006129,2026-01-14,Ergonomic Chair,Furniture,6,236.91,1421.46,Completed
ORD-0002135,CUST-002306,2026-02-27,Standing Desk,Furniture,2,420.45,840.9,Processing
ORD-0002136,CUST-005551,2026-02-01,Water Bottle,Lifestyle,5,18.91,94.55,Returned
ORD-0002137,CUST-001450,2024-05-31,Laptop Stand,Office,3,44.1,132.3,Shipped
ORD-0002138,CUST-006158,2026-03-27,Water Bottle,Lifestyle,4,19.96,79.84,Completed
ORD-0002139,CUST-001145,2026-05-21,Laptop Stand,Office,5,41.75,208.75,Shipped
ORD-0002140,CUST-009055,2021-12-24,USB-C Hub,Electronics,6,48.61,291.66,Completed
ORD-0002141,CUST-001199,2026-08-29,Desk Organizer,Office,1,24.18,24.18,Returned
ORD-0002142,CUST-005672,2026-03-03,Mechanical Keyboard,Electronics,6,94.96,569.76,Cancelled
ORD-0002143,CUST-000061,2025-12-11,Laptop Stand,Office,1,47.2,47.2,Completed
ORD-0002144,CUST-007299,2026-02-24,Water Bottle,Lifestyle,3,18.93,56.79,Returned
ORD-0002145,CUST-005524,2023-08-26,Water Bottle,Lifestyle,3,17.69,53.07,Completed
ORD-0002146,CUST-005982,2025-12-29,USB-C Hub,Electronics,6,44.3,265.8,Completed
ORD-0002147,CUST-005164,2025-08-08,Laptop Stand,Office,6,47.88,287.28,Completed
ORD-0002148,CUST-001651,2025-01-03,Noise-Canceling Headphones,Electronics,2,165.01,330.02,Completed
ORD-0002149,CUST-002611,2026-08-28,Noise-Canceling Headphones,Electronics,4,191.54,766.16,Shipped
ORD-0002150,CUST-002805,2021-08-29,Noise-Canceling Headphones,Electronics,4,169.88,679.52,Cancelled
ORD-0002151,CUST-008239,2026-05-30,Notebook Set,Stationery,1,13.46,13.46,Returned
ORD-0002152,CUST-000612,2025-03-19,Laptop Stand,Office,2,47.28,94.56,Returned
ORD-0002153,CUST-005375,2022-12-05,Noise-Canceling Headphones,Electronics,1,174.96,174.96,Completed
ORD-0002154,CUST-008750,2026-08-06,Notebook Set,Stationery,6,13.74,82.44,Completed
ORD-0002155,CUST-005625,2023-02-06,Mechanical Keyboard,Electronics,3,90.23,270.69,Completed
ORD-0002156,CUST-003858,2023-07-21,Webcam,Electronics,1,67.91,67.91,Completed
ORD-0002157,CUST-009400,2025-11-02,Ergonomic Chair,Furniture,3,231.64,694.92,Completed
ORD-0002158,CUST-003915,2026-06-05,Mechanical Keyboard,Electronics,4,88.88,355.52,Cancelled
ORD-0002159,CUST-000237,2025-08-13,Desk Organizer,Office,6,23.19,139.14,Completed
ORD-0002160,CUST-004407,2025-06-26,Wireless Mouse,Electronics,4,31.02,124.08,Shipped
ORD-0002161,CUST-004023,2026-07-26,Water Bottle,Lifestyle,2,17.43,34.86,Completed
ORD-0002162,CUST-004623,2023-08-13,Webcam,Electronics,5,72.95,364.75,Returned
ORD-0002163,CUST-006694,2023-03-18,Laptop Stand,Office,4,41.82,167.28,Returned
ORD-0002164,CUST-008915,2022-09-07,USB-C Hub,Electronics,3,52.65,157.95,Completed
ORD-0002165,CUST-006524,2026-06-25,Mechanical Keyboard,Electronics,6,98.14,588.84,Completed
ORD-0002166,CUST-000278,2023-08-06,Standing Desk,Furniture,2,375.29,750.58,Cancelled
ORD-0002167,CUST-009582,2026-03-20,Wireless Mouse,Electronics,4,27.41,109.64,Completed
ORD-0002168,CUST-006088,2026-04-20,Desk Organizer,Office,3,23.94,71.82,Completed
ORD-0002169,CUST-009458,2024-03-19,Standing Desk,Furniture,3,378.61,1135.83,Completed
ORD-0002170,CUST-008341,2025-06-13,Desk Organizer,Office,4,26.33,105.32,Cancelled
ORD-0002171,CUST-004848,2024-10-26,Backpack,Lifestyle,5,63.46,317.3,Processing
ORD-0002172,CUST-003233,2026-05-27,Mechanical Keyboard,Electronics,2,91.34,182.68,Returned
ORD-0002173,CUST-001099,2025-01-04,Webcam,Electronics,1,80.14,80.14,Cancelled
ORD-0002174,CUST-007440,2026-07-14,Ergonomic Chair,Furniture,6,259.97,1559.82,Cancelled
ORD-0002175,CUST-004301,2023-10-03,Laptop Stand,Office,4,43.02,172.08,Cancelled
ORD-0002176,CUST-000920,2021-02-26,Mechanical Keyboard,Electronics,4,94.97,379.88,Cancelled
ORD-0002177,CUST-009017,2026-05-01,Backpack,Lifestyle,3,65.26,195.78,Completed
ORD-0002178,CUST-008598,2024-04-12,Webcam,Electronics,6,74.79,448.74,Cancelled
ORD-0002179,CUST-003257,2026-07-11,Water Bottle,Lifestyle,1,19,19,Processing
ORD-0002180,CUST-005775,2025-12-15,Wireless Mouse,Electronics,3,27.93,83.79,Returned
ORD-0002181,CUST-006776,2024-03-15,Desk Organizer,Office,4,22.2,88.8,Completed
ORD-0002182,CUST-004590,2026-01-05,Wireless Mouse,Electronics,2,32.23,64.46,Completed
ORD-0002183,CUST-001298,2024-07-09,Laptop Stand,Office,3,43.48,130.44,Returned
ORD-0002184,CUST-001403,2022-04-23,Mechanical Keyboard,Electronics,6,89.77,538.62,Completed
ORD-0002185,CUST-003757,2021-06-08,Wireless Mouse,Electronics,2,28.02,56.04,Completed
ORD-0002186,CUST-007421,2025-01-31,Webcam,Electronics,2,78.95,157.9,Cancelled
ORD-0002187,CUST-006155,2023-01-22,Desk Organizer,Office,4,23.36,93.44,Shipped
ORD-0002188,CUST-007424,2022-11-14,Backpack,Lifestyle,3,54.22,162.66,Returned
ORD-0002189,CUST-008112,2025-10-12,Standing Desk,Furniture,1,385.28,385.28,Returned
ORD-0002190,CUST-003933,2026-07-09,USB-C Hub,Electronics,2,44.34,88.68,Completed
ORD-0002191,CUST-000728,2025-04-20,USB-C Hub,Electronics,2,49.82,99.64,Completed
ORD-0002192,CUST-006649,2025-11-12,Webcam,Electronics,6,77.1,462.6,Completed
ORD-0002193,CUST-002831,2025-10-03,Wireless Mouse,Electronics,3,31.81,95.43,Shipped
ORD-0002194,CUST-009537,2023-02-26,Laptop Stand,Office,6,40.96,245.76,Completed
ORD-0002195,CUST-003214,2025-12-29,Webcam,Electronics,3,79.23,237.69,Returned
ORD-0002196,CUST-000365,2026-04-29,Noise-Canceling Headphones,Electronics,6,176.58,1059.48,Completed
ORD-0002197,CUST-004948,2024-10-21,Standing Desk,Furniture,4,372.34,1489.36,Completed
ORD-0002198,CUST-000067,2026-02-21,Standing Desk,Furniture,2,436.87,873.74,Completed
ORD-0002199,CUST-000375,2024-03-09,Ergonomic Chair,Furniture,3,260.39,781.17,Completed
ORD-0002200,CUST-001759,2026-04-05,Backpack,Lifestyle,4,55.17,220.68,Completed
ORD-0002201,CUST-007861,2022-10-17,Standing Desk,Furniture,5,395.46,1977.3,Shipped
ORD-0002202,CUST-001759,2026-08-30,Water Bottle,Lifestyle,5,18.88,94.4,Cancelled
ORD-0002203,CUST-003921,2026-04-04,Standing Desk,Furniture,5,362.82,1814.1,Shipped
ORD-0002204,CUST-007456,2022-09-22,Backpack,Lifestyle,6,63.42,380.52,Returned
ORD-0002205,CUST-006784,2024-12-24,Noise-Canceling Headphones,Electronics,3,187,561,Completed
ORD-0002206,CUST-009359,2025-11-24,USB-C Hub,Electronics,6,53,318,Completed
ORD-0002207,CUST-000024,2025-06-11,Ergonomic Chair,Furniture,6,236.67,1420.02,Shipped
ORD-0002208,CUST-007191,2026-02-03,Webcam,Electronics,6,67.09,402.54,Returned
ORD-0002209,CUST-007318,2026-07-13,Notebook Set,Stationery,4,13.3,53.2,Returned
ORD-0002210,CUST-002351,2024-01-27,Water Bottle,Lifestyle,6,17.76,106.56,Completed
ORD-0002211,CUST-001952,2025-11-01,Water Bottle,Lifestyle,4,17.59,70.36,Cancelled
ORD-0002212,CUST-001601,2024-10-11,Ergonomic Chair,Furniture,5,244.67,1223.35,Processing
ORD-0002213,CUST-007152,2025-11-07,Backpack,Lifestyle,4,57.08,228.32,Processing
ORD-0002214,CUST-009316,2026-07-06,Wireless Mouse,Electronics,1,28.95,28.95,Shipped
ORD-0002215,CUST-005836,2024-10-14,Wireless Mouse,Electronics,6,32.09,192.54,Shipped
ORD-0002216,CUST-008142,2026-03-26,Laptop Stand,Office,2,41.03,82.06,Completed
ORD-0002217,CUST-000890,2025-07-27,Notebook Set,Stationery,6,13.05,78.3,Returned
ORD-0002218,CUST-000408,2026-04-06,Water Bottle,Lifestyle,2,17.31,34.62,Processing
ORD-0002219,CUST-009550,2024-06-17,Mechanical Keyboard,Electronics,1,86.35,86.35,Completed
ORD-0002220,CUST-005132,2024-06-27,Laptop Stand,Office,5,46.15,230.75,Completed
ORD-0002221,CUST-007994,2023-06-29,Water Bottle,Lifestyle,6,17.18,103.08,Completed
ORD-0002222,CUST-007964,2023-03-18,Ergonomic Chair,Furniture,1,273.12,273.12,Processing
ORD-0002223,CUST-004727,2026-08-27,Standing Desk,Furniture,2,428.76,857.52,Processing
ORD-0002224,CUST-003920,2024-12-16,Ergonomic Chair,Furniture,3,236.9,710.7,Completed
ORD-0002225,CUST-003863,2024-12-11,Notebook Set,Stationery,3,11.71,35.13,Processing
ORD-0002226,CUST-005231,2022-09-29,Mechanical Keyboard,Electronics,2,93.59,187.18,Shipped
ORD-0002227,CUST-001894,2026-01-02,Webcam,Electronics,3,69.79,209.37,Completed
ORD-0002228,CUST-009177,2025-08-28,Noise-Canceling Headphones,Electronics,5,172.94,864.7,Completed
ORD-0002229,CUST-004032,2024-01-28,Standing Desk,Furniture,1,361.6,361.6,Processing
ORD-0002230,CUST-003223,2026-09-02,Webcam,Electronics,2,78.87,157.74,Completed
ORD-0002231,CUST-008736,2026-04-06,Notebook Set,Stationery,1,13.41,13.41,Shipped
ORD-0002232,CUST-007318,2023-10-02,Webcam,Electronics,1,80.54,80.54,Shipped
ORD-0002233,CUST-001494,2025-08-09,Ergonomic Chair,Furniture,6,243.12,1458.72,Completed
ORD-0002234,CUST-005700,2026-09-02,Ergonomic Chair,Furniture,5,246.82,1234.1,Cancelled
ORD-0002235,CUST-001479,2026-08-21,Wireless Mouse,Electronics,5,28.23,141.15,Cancelled
ORD-0002236,CUST-003040,2022-06-09,Wireless Mouse,Electronics,5,30.03,150.15,Completed
ORD-0002237,CUST-007150,2021-02-13,Ergonomic Chair,Furniture,1,225.27,225.27,Completed
ORD-0002238,CUST-002277,2026-08-18,Laptop Stand,Office,1,48.9,48.9,Completed
ORD-0002239,CUST-009406,2025-07-02,Noise-Canceling Headphones,Electronics,6,179.19,1075.14,Cancelled
ORD-0002240,CUST-003993,2025-07-25,Webcam,Electronics,2,76.79,153.58,Processing
ORD-0002241,CUST-003384,2026-02-11,Water Bottle,Lifestyle,6,19.01,114.06,Completed
ORD-0002242,CUST-009651,2025-11-18,Notebook Set,Stationery,2,11.76,23.52,Completed
ORD-0002243,CUST-002490,2026-02-14,Standing Desk,Furniture,3,434.3,1302.9,Completed
ORD-0002244,CUST-003572,2026-06-23,Mechanical Keyboard,Electronics,1,90.05,90.05,Returned
ORD-0002245,CUST-000762,2023-08-25,Backpack,Lifestyle,5,61.67,308.35,Completed
ORD-0002246,CUST-000957,2024-05-05,Wireless Mouse,Electronics,4,29.75,119,Completed
ORD-0002247,CUST-002157,2024-10-05,Ergonomic Chair,Furniture,3,272.07,816.21,Shipped
ORD-0002248,CUST-001835,2022-03-30,Ergonomic Chair,Furniture,6,236.13,1416.78,Cancelled
ORD-0002249,CUST-007856,2026-04-20,Water Bottle,Lifestyle,5,19.64,98.2,Processing
ORD-0002250,CUST-003250,2026-08-07,Mechanical Keyboard,Electronics,1,82.3,82.3,Completed
ORD-0002251,CUST-005175,2021-09-21,Laptop Stand,Office,1,47.24,47.24,Completed
ORD-0002252,CUST-004548,2023-10-27,Wireless Mouse,Electronics,2,31.87,63.74,Returned
ORD-0002253,CUST-004192,2022-12-13,Standing Desk,Furniture,2,367.88,735.76,Cancelled
ORD-0002254,CUST-003108,2021-11-11,Noise-Canceling Headphones,Electronics,5,181.45,907.25,Completed
ORD-0002255,CUST-000662,2026-06-01,Webcam,Electronics,1,74.79,74.79,Completed
ORD-0002256,CUST-000349,2025-05-28,Noise-Canceling Headphones,Electronics,2,178.63,357.26,Cancelled
ORD-0002257,CUST-006328,2025-03-15,Backpack,Lifestyle,4,62.28,249.12,Shipped
ORD-0002258,CUST-000366,2023-10-20,Standing Desk,Furniture,5,382.75,1913.75,Returned
ORD-0002259,CUST-000224,2026-08-27,Notebook Set,Stationery,6,11.72,70.32,Shipped
ORD-0002260,CUST-006043,2026-01-13,Webcam,Electronics,4,79.52,318.08,Shipped
ORD-0002261,CUST-007048,2024-04-27,Desk Organizer,Office,1,23.35,23.35,Completed
ORD-0002262,CUST-009969,2026-04-15,Standing Desk,Furniture,2,380.95,761.9,Cancelled
ORD-0002263,CUST-001218,2024-05-14,Mechanical Keyboard,Electronics,2,88.18,176.36,Completed
ORD-0002264,CUST-000022,2023-01-26,Standing Desk,Furniture,1,380.04,380.04,Completed
ORD-0002265,CUST-007689,2025-01-21,USB-C Hub,Electronics,5,50.14,250.7,Completed
ORD-0002266,CUST-001952,2023-10-28,Backpack,Lifestyle,5,65.41,327.05,Completed
ORD-0002267,CUST-003138,2024-11-11,Ergonomic Chair,Furniture,5,273.06,1365.3,Returned
ORD-0002268,CUST-003805,2023-06-23,Webcam,Electronics,2,70.29,140.58,Returned
ORD-0002269,CUST-003593,2025-04-03,Ergonomic Chair,Furniture,2,244.02,488.04,Cancelled
ORD-0002270,CUST-009546,2026-07-10,Ergonomic Chair,Furniture,6,255.58,1533.48,Processing
ORD-0002271,CUST-007126,2026-01-27,Laptop Stand,Office,6,40.8,244.8,Completed
ORD-0002272,CUST-001706,2026-02-14,Water Bottle,Lifestyle,5,19.15,95.75,Completed
ORD-0002273,CUST-002675,2024-12-24,USB-C Hub,Electronics,6,51.53,309.18,Returned
ORD-0002274,CUST-005412,2026-08-11,Webcam,Electronics,4,78.98,315.92,Processing
ORD-0002275,CUST-008610,2022-10-23,Water Bottle,Lifestyle,5,18.69,93.45,Processing
ORD-0002276,CUST-008631,2022-09-02,Standing Desk,Furniture,1,394.16,394.16,Completed
ORD-0002277,CUST-007126,2024-06-21,Ergonomic Chair,Furniture,4,248.93,995.72,Completed
ORD-0002278,CUST-005989,2026-08-13,Desk Organizer,Office,5,24.03,120.15,Cancelled
ORD-0002279,CUST-003064,2026-08-04,Notebook Set,Stationery,3,12.91,38.73,Completed
ORD-0002280,CUST-005989,2026-08-24,Water Bottle,Lifestyle,2,17.59,35.18,Processing
ORD-0002281,CUST-008239,2025-11-22,Noise-Canceling Headphones,Electronics,4,181.71,726.84,Returned
ORD-0002282,CUST-003982,2026-04-22,Wireless Mouse,Electronics,5,31.44,157.2,Cancelled
ORD-0002283,CUST-004896,2025-10-28,Standing Desk,Furniture,5,427.51,2137.55,Cancelled
ORD-0002284,CUST-005741,2024-07-04,Mechanical Keyboard,Electronics,3,95.52,286.56,Completed
ORD-0002285,CUST-004354,2025-01-14,Standing Desk,Furniture,4,416.04,1664.16,Cancelled
ORD-0002286,CUST-008964,2026-04-25,Desk Organizer,Office,3,22.72,68.16,Completed
ORD-0002287,CUST-009461,2026-05-18,Laptop Stand,Office,1,43.39,43.39,Returned
ORD-0002288,CUST-002567,2024-12-05,Laptop Stand,Office,6,46.95,281.7,Completed
ORD-0002289,CUST-001934,2026-07-30,Wireless Mouse,Electronics,2,31.56,63.12,Cancelled
ORD-0002290,CUST-006105,2026-05-23,Standing Desk,Furniture,5,427.77,2138.85,Completed
ORD-0002291,CUST-008193,2022-06-12,Backpack,Lifestyle,1,60.78,60.78,Shipped
ORD-0002292,CUST-004156,2023-06-17,Wireless Mouse,Electronics,5,30.99,154.95,Processing
ORD-0002293,CUST-009766,2025-10-01,Standing Desk,Furniture,5,423.27,2116.35,Shipped
ORD-0002294,CUST-003030,2024-12-26,Desk Organizer,Office,2,22.37,44.74,Completed
ORD-0002295,CUST-006874,2025-01-21,Mechanical Keyboard,Electronics,4,84.92,339.68,Completed
ORD-0002296,CUST-009627,2025-02-25,Backpack,Lifestyle,6,63.16,378.96,Completed
ORD-0002297,CUST-006282,2024-11-30,Backpack,Lifestyle,1,53.56,53.56,Processing
ORD-0002298,CUST-004800,2026-01-19,Laptop Stand,Office,2,44.98,89.96,Cancelled
ORD-0002299,CUST-007012,2024-03-04,Webcam,Electronics,3,71,213,Completed
ORD-0002300,CUST-006069,2026-03-21,Desk Organizer,Office,1,26.58,26.58,Completed
ORD-0002301,CUST-000010,2026-06-23,Water Bottle,Lifestyle,5,19.27,96.35,Completed
ORD-0002302,CUST-007014,2025-09-21,Desk Organizer,Office,6,22.32,133.92,Processing
ORD-0002303,CUST-000361,2024-09-28,Standing Desk,Furniture,2,380.02,760.04,Returned
ORD-0002304,CUST-003213,2025-09-15,Webcam,Electronics,1,75.78,75.78,Completed
ORD-0002305,CUST-003149,2024-09-02,Standing Desk,Furniture,6,369.52,2217.12,Cancelled
ORD-0002306,CUST-007044,2026-07-22,Standing Desk,Furniture,6,365.24,2191.44,Returned
ORD-0002307,CUST-006552,2024-12-03,Desk Organizer,Office,2,23.53,47.06,Completed
ORD-0002308,CUST-006221,2022-04-11,USB-C Hub,Electronics,2,47.21,94.42,Processing
ORD-0002309,CUST-008267,2024-07-06,Standing Desk,Furniture,2,383.59,767.18,Completed
ORD-0002310,CUST-003386,2026-06-11,Water Bottle,Lifestyle,6,19.16,114.96,Completed
ORD-0002311,CUST-003858,2025-02-28,USB-C Hub,Electronics,2,51.85,103.7,Processing
ORD-0002312,CUST-006608,2024-02-22,Standing Desk,Furniture,4,364.79,1459.16,Returned
ORD-0002313,CUST-008124,2024-09-27,Standing Desk,Furniture,5,416.12,2080.6,Shipped
ORD-0002314,CUST-003143,2025-09-04,Water Bottle,Lifestyle,6,17.19,103.14,Returned
ORD-0002315,CUST-003078,2025-04-19,Desk Organizer,Office,5,22.92,114.6,Cancelled
ORD-0002316,CUST-001280,2025-12-31,Desk Organizer,Office,1,23,23,Shipped
ORD-0002317,CUST-008626,2025-06-14,USB-C Hub,Electronics,3,46.13,138.39,Shipped
ORD-0002318,CUST-007632,2020-06-16,Webcam,Electronics,2,73.53,147.06,Cancelled
ORD-0002319,CUST-004551,2023-12-14,Mechanical Keyboard,Electronics,4,83.14,332.56,Processing
ORD-0002320,CUST-009706,2024-06-17,Laptop Stand,Office,5,46.61,233.05,Shipped
ORD-0002321,CUST-004891,2025-10-01,Water Bottle,Lifestyle,3,18.82,56.46,Processing
ORD-0002322,CUST-006109,2026-03-17,Wireless Mouse,Electronics,5,31.62,158.1,Completed
ORD-0002323,CUST-008294,2025-12-01,Webcam,Electronics,4,68.13,272.52,Shipped
ORD-0002324,CUST-009210,2026-09-06,Ergonomic Chair,Furniture,2,248.3,496.6,Cancelled
ORD-0002325,CUST-000459,2024-11-17,Webcam,Electronics,6,78.95,473.7,Cancelled
ORD-0002326,CUST-007631,2025-09-01,Webcam,Electronics,4,69.7,278.8,Completed
ORD-0002327,CUST-007257,2025-01-30,Desk Organizer,Office,4,26.84,107.36,Returned
ORD-0002328,CUST-008387,2021-07-02,USB-C Hub,Electronics,3,49.36,148.08,Completed
ORD-0002329,CUST-009605,2026-08-15,USB-C Hub,Electronics,2,50.27,100.54,Processing
ORD-0002330,CUST-001033,2025-05-30,USB-C Hub,Electronics,5,50.37,251.85,Returned
ORD-0002331,CUST-003717,2024-01-07,Laptop Stand,Office,1,43.34,43.34,Cancelled
ORD-0002332,CUST-008650,2025-04-22,Desk Organizer,Office,1,25.23,25.23,Completed
ORD-0002333,CUST-002797,2024-01-14,Mechanical Keyboard,Electronics,1,90.28,90.28,Cancelled
ORD-0002334,CUST-003032,2022-12-18,Standing Desk,Furniture,2,401.42,802.84,Returned
ORD-0002335,CUST-008789,2023-08-13,Webcam,Electronics,4,77.34,309.36,Shipped
ORD-0002336,CUST-003893,2026-04-02,Standing Desk,Furniture,5,374.44,1872.2,Shipped
ORD-0002337,CUST-005266,2025-12-25,Desk Organizer,Office,1,24.64,24.64,Completed
ORD-0002338,CUST-004461,2024-09-14,Backpack,Lifestyle,4,63.17,252.68,Shipped
ORD-0002339,CUST-005057,2026-09-04,Desk Organizer,Office,3,24.82,74.46,Completed
ORD-0002340,CUST-008287,2024-05-13,Wireless Mouse,Electronics,6,30.55,183.3,Returned
ORD-0002341,CUST-008705,2024-07-03,Water Bottle,Lifestyle,1,20.58,20.58,Completed
ORD-0002342,CUST-004622,2024-04-16,Webcam,Electronics,3,74.13,222.39,Completed
ORD-0002343,CUST-002342,2025-10-30,Wireless Mouse,Electronics,5,27.2,136,Processing
ORD-0002344,CUST-002199,2023-03-14,USB-C Hub,Electronics,1,50.41,50.41,Shipped
ORD-0002345,CUST-006095,2026-07-10,Backpack,Lifestyle,3,64.14,192.42,Returned
ORD-0002346,CUST-003770,2026-07-16,Mechanical Keyboard,Electronics,2,84.89,169.78,Processing
ORD-0002347,CUST-006586,2025-01-31,Desk Organizer,Office,6,24.54,147.24,Completed
ORD-0002348,CUST-006233,2021-09-01,Standing Desk,Furniture,2,409.04,818.08,Completed
ORD-0002349,CUST-009653,2025-01-15,Mechanical Keyboard,Electronics,5,84.4,422,Shipped
ORD-0002350,CUST-003711,2024-03-07,Webcam,Electronics,6,73.68,442.08,Completed
ORD-0002351,CUST-001862,2026-07-12,Notebook Set,Stationery,5,12.01,60.05,Completed
ORD-0002352,CUST-003397,2025-09-05,Notebook Set,Stationery,4,12.1,48.4,Processing
ORD-0002353,CUST-001908,2026-03-30,Wireless Mouse,Electronics,4,29.06,116.24,Processing
ORD-0002354,CUST-006541,2022-12-01,Notebook Set,Stationery,5,13.08,65.4,Completed
ORD-0002355,CUST-005514,2026-07-13,Standing Desk,Furniture,3,374.57,1123.71,Returned
ORD-0002356,CUST-009398,2025-11-14,Water Bottle,Lifestyle,1,18.56,18.56,Returned
ORD-0002357,CUST-009898,2026-01-10,Ergonomic Chair,Furniture,4,263.61,1054.44,Completed
ORD-0002358,CUST-001497,2021-12-16,Ergonomic Chair,Furniture,6,272.15,1632.9,Cancelled
ORD-0002359,CUST-006419,2021-10-01,Standing Desk,Furniture,2,410.41,820.82,Completed
ORD-0002360,CUST-001061,2026-08-19,Laptop Stand,Office,6,46.39,278.34,Completed
ORD-0002361,CUST-002494,2021-11-16,Water Bottle,Lifestyle,6,20.3,121.8,Shipped
ORD-0002362,CUST-009937,2026-04-15,Standing Desk,Furniture,2,384.52,769.04,Cancelled
ORD-0002363,CUST-006369,2024-07-30,Water Bottle,Lifestyle,6,18.89,113.34,Completed
ORD-0002364,CUST-002867,2024-08-23,Notebook Set,Stationery,3,13.48,40.44,Shipped
ORD-0002365,CUST-000852,2022-07-07,Notebook Set,Stationery,4,12.9,51.6,Cancelled
ORD-0002366,CUST-008447,2025-09-19,Notebook Set,Stationery,6,13.07,78.42,Completed
ORD-0002367,CUST-004588,2025-02-23,Desk Organizer,Office,6,23.3,139.8,Completed
ORD-0002368,CUST-001627,2026-09-03,Laptop Stand,Office,4,47.48,189.92,Completed
ORD-0002369,CUST-001985,2023-01-10,Noise-Canceling Headphones,Electronics,2,165.75,331.5,Returned
ORD-0002370,CUST-000074,2022-03-21,Laptop Stand,Office,5,42.76,213.8,Cancelled
ORD-0002371,CUST-005366,2022-08-22,Noise-Canceling Headphones,Electronics,2,178.09,356.18,Completed
ORD-0002372,CUST-009271,2024-12-23,Wireless Mouse,Electronics,6,32.66,195.96,Completed
ORD-0002373,CUST-005462,2026-01-25,Ergonomic Chair,Furniture,1,243.81,243.81,Completed
ORD-0002374,CUST-003673,2026-01-29,USB-C Hub,Electronics,1,45.87,45.87,Processing
ORD-0002375,CUST-008821,2021-08-14,Webcam,Electronics,5,80.46,402.3,Cancelled
ORD-0002376,CUST-003768,2024-09-24,Ergonomic Chair,Furniture,1,258.16,258.16,Cancelled
ORD-0002377,CUST-003235,2025-10-22,Notebook Set,Stationery,3,11.58,34.74,Shipped
ORD-0002378,CUST-001398,2022-08-17,Mechanical Keyboard,Electronics,5,97.13,485.65,Shipped
ORD-0002379,CUST-004785,2025-06-30,Laptop Stand,Office,2,48.54,97.08,Processing
ORD-0002380,CUST-008168,2026-05-15,Desk Organizer,Office,2,22.66,45.32,Completed
ORD-0002381,CUST-002584,2026-05-07,Desk Organizer,Office,5,25.05,125.25,Returned
ORD-0002382,CUST-004301,2021-10-31,Desk Organizer,Office,6,23.82,142.92,Completed
ORD-0002383,CUST-009819,2025-01-18,Standing Desk,Furniture,2,436.87,873.74,Completed
ORD-0002384,CUST-007770,2025-11-07,USB-C Hub,Electronics,4,49.55,198.2,Processing
ORD-0002385,CUST-002194,2025-06-03,Wireless Mouse,Electronics,3,28.25,84.75,Completed
ORD-0002386,CUST-006063,2025-05-23,Ergonomic Chair,Furniture,3,238.35,715.05,Completed
ORD-0002387,CUST-007346,2025-06-02,Ergonomic Chair,Furniture,3,260.83,782.49,Completed
ORD-0002388,CUST-005414,2022-11-13,Notebook Set,Stationery,4,13.19,52.76,Cancelled
ORD-0002389,CUST-001354,2026-05-27,Ergonomic Chair,Furniture,1,242.36,242.36,Cancelled
ORD-0002390,CUST-004851,2024-01-25,Backpack,Lifestyle,1,63.51,63.51,Processing
ORD-0002391,CUST-000913,2023-07-04,USB-C Hub,Electronics,4,49.03,196.12,Completed
ORD-0002392,CUST-004902,2026-08-24,Wireless Mouse,Electronics,1,30.82,30.82,Cancelled
ORD-0002393,CUST-002281,2022-09-29,Mechanical Keyboard,Electronics,5,84.8,424,Completed
ORD-0002394,CUST-003299,2024-11-09,Backpack,Lifestyle,5,61.92,309.6,Completed
ORD-0002395,CUST-000582,2025-11-17,Ergonomic Chair,Furniture,6,245.35,1472.1,Cancelled
ORD-0002396,CUST-002537,2026-05-09,Water Bottle,Lifestyle,4,20.73,82.92,Completed
ORD-0002397,CUST-005570,2024-12-03,Laptop Stand,Office,3,41.51,124.53,Completed
ORD-0002398,CUST-006612,2026-04-06,Desk Organizer,Office,3,22.82,68.46,Returned
ORD-0002399,CUST-002436,2026-04-09,Notebook Set,Stationery,3,13.85,41.55,Completed
ORD-0002400,CUST-006796,2025-07-01,Backpack,Lifestyle,6,55.46,332.76,Cancelled
ORD-0002401,CUST-008764,2026-01-13,Wireless Mouse,Electronics,6,28.59,171.54,Shipped
ORD-0002402,CUST-008795,2025-06-18,Backpack,Lifestyle,2,64.21,128.42,Completed
ORD-0002403,CUST-001218,2026-01-24,Water Bottle,Lifestyle,1,18.72,18.72,Cancelled
ORD-0002404,CUST-006117,2025-09-12,Standing Desk,Furniture,1,383.31,383.31,Cancelled
ORD-0002405,CUST-008060,2023-11-29,Noise-Canceling Headphones,Electronics,3,163.77,491.31,Shipped
ORD-0002406,CUST-007013,2025-05-10,Mechanical Keyboard,Electronics,5,92.94,464.7,Completed
ORD-0002407,CUST-006095,2026-08-19,Mechanical Keyboard,Electronics,5,87.41,437.05,Completed
ORD-0002408,CUST-004821,2022-04-07,Water Bottle,Lifestyle,3,18.15,54.45,Completed
ORD-0002409,CUST-003128,2025-05-29,USB-C Hub,Electronics,4,47.9,191.6,Completed
ORD-0002410,CUST-004067,2026-01-23,Ergonomic Chair,Furniture,6,267.24,1603.44,Completed
ORD-0002411,CUST-009541,2026-03-29,Webcam,Electronics,6,76.15,456.9,Cancelled
ORD-0002412,CUST-007154,2024-07-10,Wireless Mouse,Electronics,3,32.58,97.74,Completed
ORD-0002413,CUST-005063,2026-06-10,Mechanical Keyboard,Electronics,5,89.86,449.3,Processing
ORD-0002414,CUST-009002,2026-03-28,Laptop Stand,Office,5,45.51,227.55,Completed
ORD-0002415,CUST-009351,2020-11-20,Standing Desk,Furniture,6,370.32,2221.92,Processing
ORD-0002416,CUST-009456,2024-10-01,Water Bottle,Lifestyle,6,17.13,102.78,Completed
ORD-0002417,CUST-007457,2026-03-09,Notebook Set,Stationery,1,11.68,11.68,Processing
ORD-0002418,CUST-005837,2026-04-10,Desk Organizer,Office,5,26.17,130.85,Completed
ORD-0002419,CUST-003778,2025-10-30,Desk Organizer,Office,1,26.18,26.18,Processing
ORD-0002420,CUST-000451,2025-06-30,Notebook Set,Stationery,2,13.76,27.52,Processing
ORD-0002421,CUST-000599,2026-07-12,Ergonomic Chair,Furniture,5,248.56,1242.8,Cancelled
ORD-0002422,CUST-000419,2025-07-06,Desk Organizer,Office,1,24.91,24.91,Shipped
ORD-0002423,CUST-009793,2025-07-22,Ergonomic Chair,Furniture,1,227.69,227.69,Completed
ORD-0002424,CUST-009667,2025-07-20,Wireless Mouse,Electronics,6,28.08,168.48,Completed
ORD-0002425,CUST-008802,2023-07-09,Webcam,Electronics,5,76.26,381.3,Shipped
ORD-0002426,CUST-005408,2024-10-10,Noise-Canceling Headphones,Electronics,5,169.47,847.35,Returned
ORD-0002427,CUST-004472,2026-02-09,Ergonomic Chair,Furniture,4,229.15,916.6,Returned
ORD-0002428,CUST-003980,2024-01-13,Mechanical Keyboard,Electronics,1,80.99,80.99,Shipped
ORD-0002429,CUST-000847,2025-01-11,USB-C Hub,Electronics,2,53.6,107.2,Shipped
ORD-0002430,CUST-003374,2022-08-20,Standing Desk,Furniture,2,375.06,750.12,Completed
ORD-0002431,CUST-009510,2025-09-03,Laptop Stand,Office,4,41.14,164.56,Shipped
ORD-0002432,CUST-002281,2024-10-17,Noise-Canceling Headphones,Electronics,1,174.65,174.65,Cancelled
ORD-0002433,CUST-003563,2021-11-27,Ergonomic Chair,Furniture,3,257.37,772.11,Cancelled
ORD-0002434,CUST-008037,2026-04-07,Backpack,Lifestyle,6,58.95,353.7,Completed
ORD-0002435,CUST-008854,2025-08-24,Ergonomic Chair,Furniture,3,236.42,709.26,Completed
ORD-0002436,CUST-008268,2026-03-25,USB-C Hub,Electronics,3,52.39,157.17,Returned
ORD-0002437,CUST-008520,2026-08-07,Backpack,Lifestyle,6,58.8,352.8,Completed
ORD-0002438,CUST-003616,2023-08-25,USB-C Hub,Electronics,5,48.26,241.3,Shipped
ORD-0002439,CUST-009468,2024-02-10,Desk Organizer,Office,2,24.58,49.16,Shipped
ORD-0002440,CUST-001363,2026-04-08,Mechanical Keyboard,Electronics,2,94.14,188.28,Returned
ORD-0002441,CUST-001859,2025-03-21,Standing Desk,Furniture,1,390.65,390.65,Completed
ORD-0002442,CUST-002311,2022-05-30,Notebook Set,Stationery,6,11.73,70.38,Processing
ORD-0002443,CUST-005219,2024-05-02,Laptop Stand,Office,4,43.08,172.32,Completed
ORD-0002444,CUST-005759,2022-04-13,Mechanical Keyboard,Electronics,4,90.19,360.76,Shipped
ORD-0002445,CUST-007238,2025-07-16,Webcam,Electronics,5,71.26,356.3,Returned
ORD-0002446,CUST-009913,2026-04-19,USB-C Hub,Electronics,1,51.7,51.7,Returned
ORD-0002447,CUST-003886,2025-05-18,Desk Organizer,Office,6,25.29,151.74,Processing
ORD-0002448,CUST-007586,2025-03-18,Noise-Canceling Headphones,Electronics,1,171.23,171.23,Shipped
ORD-0002449,CUST-001906,2026-09-06,Mechanical Keyboard,Electronics,4,84.85,339.4,Shipped
ORD-0002450,CUST-009525,2025-01-27,Noise-Canceling Headphones,Electronics,4,185.21,740.84,Completed
ORD-0002451,CUST-007302,2026-04-27,Standing Desk,Furniture,1,428.36,428.36,Completed
ORD-0002452,CUST-000201,2025-01-03,Wireless Mouse,Electronics,2,32.18,64.36,Returned
ORD-0002453,CUST-005904,2025-12-06,Notebook Set,Stationery,3,12.38,37.14,Completed
ORD-0002454,CUST-003426,2023-03-21,Wireless Mouse,Electronics,4,28.25,113,Processing
ORD-0002455,CUST-004610,2025-11-28,Ergonomic Chair,Furniture,3,229.88,689.64,Cancelled
ORD-0002456,CUST-007612,2025-02-16,Backpack,Lifestyle,2,56.51,113.02,Completed
ORD-0002457,CUST-004389,2026-08-13,Ergonomic Chair,Furniture,3,233.18,699.54,Returned
ORD-0002458,CUST-003048,2025-04-19,Noise-Canceling Headphones,Electronics,5,179.78,898.9,Completed
ORD-0002459,CUST-008654,2026-06-25,Backpack,Lifestyle,5,61.5,307.5,Shipped
ORD-0002460,CUST-006014,2025-06-20,Noise-Canceling Headphones,Electronics,5,165.78,828.9,Returned
ORD-0002461,CUST-003081,2025-03-19,Webcam,Electronics,5,68.27,341.35,Returned
ORD-0002462,CUST-007083,2024-12-10,Webcam,Electronics,3,67.63,202.89,Returned
ORD-0002463,CUST-005487,2025-01-05,Ergonomic Chair,Furniture,1,237.56,237.56,Returned
ORD-0002464,CUST-003464,2026-04-09,Desk Organizer,Office,5,25.12,125.6,Shipped
ORD-0002465,CUST-006840,2026-02-01,Wireless Mouse,Electronics,6,28.28,169.68,Completed
ORD-0002466,CUST-007711,2025-04-18,USB-C Hub,Electronics,1,52.96,52.96,Cancelled
ORD-0002467,CUST-007013,2025-07-04,Backpack,Lifestyle,5,64.05,320.25,Processing
ORD-0002468,CUST-007667,2026-08-04,Webcam,Electronics,6,66.61,399.66,Cancelled
ORD-0002469,CUST-001364,2024-06-19,Notebook Set,Stationery,3,12.45,37.35,Cancelled
ORD-0002470,CUST-004957,2022-08-21,Desk Organizer,Office,4,22.1,88.4,Returned
ORD-0002471,CUST-006742,2023-12-10,Standing Desk,Furniture,6,416.94,2501.64,Cancelled
ORD-0002472,CUST-001900,2025-10-28,Laptop Stand,Office,3,46.87,140.61,Returned
ORD-0002473,CUST-008012,2024-05-31,USB-C Hub,Electronics,2,51.77,103.54,Completed
ORD-0002474,CUST-009170,2024-08-01,Noise-Canceling Headphones,Electronics,4,195,780,Completed
ORD-0002475,CUST-008683,2026-08-19,Notebook Set,Stationery,6,13.09,78.54,Cancelled
ORD-0002476,CUST-009051,2023-01-24,Wireless Mouse,Electronics,6,31.1,186.6,Completed
ORD-0002477,CUST-001755,2026-08-25,Desk Organizer,Office,2,25.09,50.18,Processing
ORD-0002478,CUST-001633,2026-06-06,Laptop Stand,Office,1,48.94,48.94,Processing
ORD-0002479,CUST-009351,2023-06-11,Mechanical Keyboard,Electronics,1,93.72,93.72,Returned
ORD-0002480,CUST-003791,2025-11-04,USB-C Hub,Electronics,1,45.99,45.99,Completed
ORD-0002481,CUST-002251,2024-11-21,Webcam,Electronics,2,69.79,139.58,Processing
ORD-0002482,CUST-003289,2026-02-12,Backpack,Lifestyle,2,57.1,114.2,Completed
ORD-0002483,CUST-002907,2022-12-04,Mechanical Keyboard,Electronics,2,88.09,176.18,Completed
ORD-0002484,CUST-002860,2023-08-24,Webcam,Electronics,1,75.88,75.88,Shipped
ORD-0002485,CUST-008042,2026-06-23,Wireless Mouse,Electronics,2,29.33,58.66,Returned
ORD-0002486,CUST-001595,2024-06-03,Standing Desk,Furniture,5,436.91,2184.55,Returned
ORD-0002487,CUST-009418,2022-05-01,Noise-Canceling Headphones,Electronics,2,185.36,370.72,Completed
ORD-0002488,CUST-003493,2026-07-22,Wireless Mouse,Electronics,5,27.29,136.45,Completed
ORD-0002489,CUST-003878,2025-09-20,Desk Organizer,Office,6,22.88,137.28,Completed
ORD-0002490,CUST-005509,2026-08-20,Backpack,Lifestyle,5,59.21,296.05,Returned
ORD-0002491,CUST-006243,2026-07-31,Water Bottle,Lifestyle,1,19.17,19.17,Shipped
ORD-0002492,CUST-009957,2022-06-09,Backpack,Lifestyle,6,60.28,361.68,Returned
ORD-0002493,CUST-001168,2023-04-16,Mechanical Keyboard,Electronics,1,94.84,94.84,Completed
ORD-0002494,CUST-008590,2023-07-05,Noise-Canceling Headphones,Electronics,1,174.12,174.12,Cancelled
ORD-0002495,CUST-002547,2025-10-09,Wireless Mouse,Electronics,6,29.03,174.18,Returned
ORD-0002496,CUST-008224,2023-12-13,Laptop Stand,Office,6,45.04,270.24,Returned
ORD-0002497,CUST-001555,2026-05-01,Water Bottle,Lifestyle,2,17.33,34.66,Completed
ORD-0002498,CUST-000230,2022-02-08,Desk Organizer,Office,2,24.37,48.74,Completed
ORD-0002499,CUST-006937,2026-06-09,Mechanical Keyboard,Electronics,3,90.73,272.19,Processing
ORD-0002500,CUST-008758,2022-06-19,Standing Desk,Furniture,5,394.76,1973.8,Processing
ORD-0002501,CUST-003613,2022-09-09,Desk Organizer,Office,6,26.64,159.84,Returned
ORD-0002502,CUST-005010,2026-06-28,Noise-Canceling Headphones,Electronics,6,173.91,1043.46,Cancelled
ORD-0002503,CUST-008221,2023-02-19,Laptop Stand,Office,5,46.29,231.45,Completed
ORD-0002504,CUST-007438,2026-08-07,Ergonomic Chair,Furniture,5,272.74,1363.7,Shipped
ORD-0002505,CUST-002670,2021-09-28,Laptop Stand,Office,6,45.11,270.66,Processing
ORD-0002506,CUST-000180,2025-11-25,Water Bottle,Lifestyle,1,20.33,20.33,Completed
ORD-0002507,CUST-009300,2025-08-23,Laptop Stand,Office,2,46.93,93.86,Shipped
ORD-0002508,CUST-004599,2026-04-26,Webcam,Electronics,4,71.97,287.88,Returned
ORD-0002509,CUST-003761,2026-02-05,Ergonomic Chair,Furniture,6,239.56,1437.36,Processing
ORD-0002510,CUST-001264,2022-07-18,USB-C Hub,Electronics,1,46.69,46.69,Cancelled
ORD-0002511,CUST-004175,2026-02-25,USB-C Hub,Electronics,5,52.13,260.65,Shipped
ORD-0002512,CUST-002201,2024-01-22,Webcam,Electronics,5,80.89,404.45,Completed
ORD-0002513,CUST-007701,2024-06-27,Mechanical Keyboard,Electronics,2,94.65,189.3,Shipped
ORD-0002514,CUST-005791,2020-09-21,USB-C Hub,Electronics,3,50.5,151.5,Cancelled
ORD-0002515,CUST-008084,2026-03-11,Webcam,Electronics,4,71.95,287.8,Shipped
ORD-0002516,CUST-009119,2026-03-31,Standing Desk,Furniture,5,398.16,1990.8,Returned
ORD-0002517,CUST-000282,2026-02-11,Noise-Canceling Headphones,Electronics,2,172.31,344.62,Returned
ORD-0002518,CUST-005152,2026-04-08,Standing Desk,Furniture,5,389.78,1948.9,Processing
ORD-0002519,CUST-000769,2025-11-03,USB-C Hub,Electronics,1,53.27,53.27,Cancelled
ORD-0002520,CUST-004565,2026-07-05,Wireless Mouse,Electronics,6,27.26,163.56,Shipped
ORD-0002521,CUST-004601,2022-03-18,Noise-Canceling Headphones,Electronics,2,169.43,338.86,Returned
ORD-0002522,CUST-004577,2026-07-10,Desk Organizer,Office,5,23.59,117.95,Completed
ORD-0002523,CUST-002854,2026-08-21,Notebook Set,Stationery,5,12.53,62.65,Completed
ORD-0002524,CUST-009627,2025-12-20,USB-C Hub,Electronics,6,44.31,265.86,Completed
ORD-0002525,CUST-006505,2022-10-29,Ergonomic Chair,Furniture,3,250.18,750.54,Cancelled
ORD-0002526,CUST-001244,2022-03-07,Webcam,Electronics,5,78.74,393.7,Completed
ORD-0002527,CUST-005366,2023-01-24,Noise-Canceling Headphones,Electronics,2,175.03,350.06,Returned
ORD-0002528,CUST-006942,2026-08-07,Desk Organizer,Office,5,25.84,129.2,Cancelled
ORD-0002529,CUST-003167,2025-12-20,Standing Desk,Furniture,1,408.43,408.43,Returned
ORD-0002530,CUST-000506,2025-12-23,Standing Desk,Furniture,6,409.95,2459.7,Completed
ORD-0002531,CUST-002365,2025-07-17,Mechanical Keyboard,Electronics,2,94.68,189.36,Completed
ORD-0002532,CUST-008484,2025-01-31,Laptop Stand,Office,1,41.48,41.48,Completed
ORD-0002533,CUST-004788,2025-01-21,Notebook Set,Stationery,6,12.52,75.12,Completed
ORD-0002534,CUST-000251,2025-09-08,Backpack,Lifestyle,5,59.72,298.6,Completed
ORD-0002535,CUST-006707,2026-03-10,Notebook Set,Stationery,6,11.93,71.58,Processing
ORD-0002536,CUST-001483,2024-02-21,Water Bottle,Lifestyle,5,19.49,97.45,Completed
ORD-0002537,CUST-009417,2025-05-17,Ergonomic Chair,Furniture,5,264.82,1324.1,Shipped
ORD-0002538,CUST-003377,2025-07-04,Standing Desk,Furniture,3,414.94,1244.82,Returned
ORD-0002539,CUST-008935,2021-12-30,Laptop Stand,Office,4,48.04,192.16,Processing
ORD-0002540,CUST-002472,2024-12-15,Laptop Stand,Office,1,47.77,47.77,Completed
ORD-0002541,CUST-000902,2025-02-03,Standing Desk,Furniture,5,399.69,1998.45,Cancelled
ORD-0002542,CUST-008403,2023-08-17,Webcam,Electronics,3,69.25,207.75,Completed
ORD-0002543,CUST-009284,2025-07-18,Notebook Set,Stationery,1,13.04,13.04,Completed
ORD-0002544,CUST-009448,2026-05-07,Water Bottle,Lifestyle,4,20.79,83.16,Completed
ORD-0002545,CUST-009964,2025-09-27,Noise-Canceling Headphones,Electronics,2,197.55,395.1,Completed
ORD-0002546,CUST-008194,2022-04-18,USB-C Hub,Electronics,6,52.01,312.06,Completed
ORD-0002547,CUST-002823,2024-09-25,Ergonomic Chair,Furniture,4,263.77,1055.08,Cancelled
ORD-0002548,CUST-002173,2025-06-08,Wireless Mouse,Electronics,2,27.02,54.04,Returned
ORD-0002549,CUST-008398,2026-03-31,Notebook Set,Stationery,6,13.98,83.88,Shipped
ORD-0002550,CUST-006821,2025-10-13,Notebook Set,Stationery,3,11.97,35.91,Completed
ORD-0002551,CUST-007715,2026-08-09,Standing Desk,Furniture,6,398.29,2389.74,Completed
ORD-0002552,CUST-000584,2026-07-08,Laptop Stand,Office,3,48.95,146.85,Returned
ORD-0002553,CUST-006393,2025-03-27,Laptop Stand,Office,3,41.68,125.04,Completed
ORD-0002554,CUST-004539,2026-01-29,Water Bottle,Lifestyle,2,18.71,37.42,Returned
ORD-0002555,CUST-006603,2026-05-20,USB-C Hub,Electronics,2,45.88,91.76,Processing
ORD-0002556,CUST-001344,2026-05-14,USB-C Hub,Electronics,3,47.43,142.29,Completed
ORD-0002557,CUST-002987,2021-11-22,Webcam,Electronics,3,67.17,201.51,Completed
ORD-0002558,CUST-000894,2026-01-02,Wireless Mouse,Electronics,5,30.53,152.65,Completed
ORD-0002559,CUST-001122,2024-10-30,Noise-Canceling Headphones,Electronics,3,185.92,557.76,Processing
ORD-0002560,CUST-002500,2026-03-18,Webcam,Electronics,5,73.07,365.35,Returned
ORD-0002561,CUST-009634,2024-04-10,USB-C Hub,Electronics,3,49.33,147.99,Returned
ORD-0002562,CUST-005951,2026-01-11,Wireless Mouse,Electronics,1,27.72,27.72,Cancelled
ORD-0002563,CUST-009537,2025-03-07,Ergonomic Chair,Furniture,1,237.97,237.97,Cancelled
ORD-0002564,CUST-006288,2025-06-18,Webcam,Electronics,2,69.25,138.5,Completed
ORD-0002565,CUST-006912,2023-07-27,Wireless Mouse,Electronics,1,29.22,29.22,Completed
ORD-0002566,CUST-009654,2025-02-26,Standing Desk,Furniture,2,435.25,870.5,Completed
ORD-0002567,CUST-007503,2024-12-12,Noise-Canceling Headphones,Electronics,2,178.19,356.38,Shipped
ORD-0002568,CUST-000041,2024-09-20,Water Bottle,Lifestyle,5,17.15,85.75,Completed
ORD-0002569,CUST-004338,2024-08-30,Ergonomic Chair,Furniture,1,231.61,231.61,Completed
ORD-0002570,CUST-009300,2024-01-25,Noise-Canceling Headphones,Electronics,3,179.7,539.1,Cancelled
ORD-0002571,CUST-001952,2024-10-27,Webcam,Electronics,4,74.75,299,Completed
ORD-0002572,CUST-005236,2023-06-26,Backpack,Lifestyle,1,59.84,59.84,Processing
ORD-0002573,CUST-003324,2026-06-13,Wireless Mouse,Electronics,4,30.53,122.12,Processing
ORD-0002574,CUST-005151,2025-08-14,USB-C Hub,Electronics,1,47.85,47.85,Completed
ORD-0002575,CUST-008107,2024-04-29,Desk Organizer,Office,5,22.38,111.9,Returned
ORD-0002576,CUST-004663,2025-08-18,Backpack,Lifestyle,6,63.82,382.92,Processing
ORD-0002577,CUST-003250,2026-08-02,Wireless Mouse,Electronics,3,27.56,82.68,Completed
ORD-0002578,CUST-004159,2026-04-08,Noise-Canceling Headphones,Electronics,4,166.09,664.36,Returned
ORD-0002579,CUST-009614,2024-08-06,Mechanical Keyboard,Electronics,5,82.07,410.35,Completed
ORD-0002580,CUST-007714,2022-03-04,Standing Desk,Furniture,6,437.15,2622.9,Completed
ORD-0002581,CUST-000660,2026-02-26,Notebook Set,Stationery,1,13.16,13.16,Processing
ORD-0002582,CUST-001826,2024-10-16,Webcam,Electronics,3,72.73,218.19,Processing
ORD-0002583,CUST-001811,2026-03-14,USB-C Hub,Electronics,5,44.88,224.4,Cancelled
ORD-0002584,CUST-003807,2025-12-22,USB-C Hub,Electronics,4,51.05,204.2,Shipped
ORD-0002585,CUST-001588,2024-12-31,Water Bottle,Lifestyle,5,17.29,86.45,Completed
ORD-0002586,CUST-002182,2024-07-19,Desk Organizer,Office,5,24.36,121.8,Completed
ORD-0002587,CUST-008105,2023-03-01,Laptop Stand,Office,3,40.7,122.1,Returned
ORD-0002588,CUST-003924,2024-11-24,Mechanical Keyboard,Electronics,1,91.95,91.95,Completed
ORD-0002589,CUST-007011,2021-11-29,Desk Organizer,Office,6,23.72,142.32,Processing
ORD-0002590,CUST-005889,2026-07-03,Notebook Set,Stationery,3,13.94,41.82,Cancelled
ORD-0002591,CUST-009494,2026-07-01,Laptop Stand,Office,3,47.86,143.58,Returned
ORD-0002592,CUST-000279,2025-04-29,Desk Organizer,Office,2,25.85,51.7,Completed
ORD-0002593,CUST-001416,2026-06-25,Standing Desk,Furniture,5,416.25,2081.25,Processing
ORD-0002594,CUST-006477,2025-08-20,Notebook Set,Stationery,1,13.77,13.77,Completed
ORD-0002595,CUST-007194,2025-06-23,Laptop Stand,Office,4,40.63,162.52,Completed
ORD-0002596,CUST-004115,2026-05-11,Noise-Canceling Headphones,Electronics,4,164.6,658.4,Returned
ORD-0002597,CUST-004505,2024-08-21,USB-C Hub,Electronics,1,50.24,50.24,Completed
ORD-0002598,CUST-004693,2023-08-07,Desk Organizer,Office,6,23.37,140.22,Returned
ORD-0002599,CUST-008411,2023-11-01,USB-C Hub,Electronics,1,52.5,52.5,Completed
ORD-0002600,CUST-001618,2026-01-23,USB-C Hub,Electronics,4,51.09,204.36,Completed
ORD-0002601,CUST-006016,2025-09-06,Standing Desk,Furniture,2,377.82,755.64,Completed
ORD-0002602,CUST-000985,2024-04-21,Ergonomic Chair,Furniture,4,249.95,999.8,Completed
ORD-0002603,CUST-005217,2025-12-28,Desk Organizer,Office,6,25.18,151.08,Completed
ORD-0002604,CUST-007962,2025-01-03,USB-C Hub,Electronics,6,46.54,279.24,Shipped
ORD-0002605,CUST-003675,2025-06-12,Water Bottle,Lifestyle,4,17.76,71.04,Cancelled
ORD-0002606,CUST-006107,2023-05-25,Backpack,Lifestyle,6,63.32,379.92,Cancelled
ORD-0002607,CUST-006571,2024-04-06,Water Bottle,Lifestyle,3,18.56,55.68,Processing
ORD-0002608,CUST-009475,2026-08-27,Notebook Set,Stationery,5,12.83,64.15,Returned
ORD-0002609,CUST-004267,2026-02-27,USB-C Hub,Electronics,2,50.39,100.78,Cancelled
ORD-0002610,CUST-009849,2025-10-17,Mechanical Keyboard,Electronics,1,83.63,83.63,Cancelled
ORD-0002611,CUST-003448,2024-01-01,Mechanical Keyboard,Electronics,6,95.51,573.06,Shipped
ORD-0002612,CUST-003937,2023-09-06,Standing Desk,Furniture,2,395.94,791.88,Shipped
ORD-0002613,CUST-007839,2023-06-12,Laptop Stand,Office,5,47.27,236.35,Processing
ORD-0002614,CUST-007893,2024-10-01,Wireless Mouse,Electronics,6,28.78,172.68,Shipped
ORD-0002615,CUST-007107,2024-03-09,Standing Desk,Furniture,1,416.17,416.17,Processing
ORD-0002616,CUST-008989,2023-05-25,Backpack,Lifestyle,6,60.06,360.36,Completed
ORD-0002617,CUST-005021,2026-02-16,Notebook Set,Stationery,4,12.23,48.92,Completed
ORD-0002618,CUST-006793,2024-01-12,Standing Desk,Furniture,2,388.21,776.42,Cancelled
ORD-0002619,CUST-000475,2024-04-15,Ergonomic Chair,Furniture,6,242.46,1454.76,Returned
ORD-0002620,CUST-008686,2021-11-20,Wireless Mouse,Electronics,3,28.66,85.98,Completed
ORD-0002621,CUST-007474,2026-08-29,Notebook Set,Stationery,6,13.21,79.26,Completed
ORD-0002622,CUST-007081,2026-05-09,Wireless Mouse,Electronics,4,30.07,120.28,Processing
ORD-0002623,CUST-002657,2025-04-04,Notebook Set,Stationery,5,13.18,65.9,Completed
ORD-0002624,CUST-008159,2026-08-30,Webcam,Electronics,4,71.22,284.88,Completed
ORD-0002625,CUST-001471,2022-12-04,Ergonomic Chair,Furniture,4,240.06,960.24,Shipped
ORD-0002626,CUST-004497,2026-05-30,Mechanical Keyboard,Electronics,1,84.14,84.14,Processing
ORD-0002627,CUST-006577,2025-03-14,Wireless Mouse,Electronics,3,28.46,85.38,Returned
ORD-0002628,CUST-006407,2025-11-03,Noise-Canceling Headphones,Electronics,5,179,895,Shipped
ORD-0002629,CUST-004589,2025-08-29,Notebook Set,Stationery,2,12.09,24.18,Processing
ORD-0002630,CUST-009343,2026-02-05,Laptop Stand,Office,4,43.59,174.36,Completed
ORD-0002631,CUST-009734,2023-01-23,Standing Desk,Furniture,5,362.14,1810.7,Cancelled
ORD-0002632,CUST-007219,2026-06-04,Ergonomic Chair,Furniture,6,251.86,1511.16,Cancelled
ORD-0002633,CUST-005535,2026-04-26,USB-C Hub,Electronics,5,44.46,222.3,Completed
ORD-0002634,CUST-003969,2026-08-25,Desk Organizer,Office,6,23.61,141.66,Shipped
ORD-0002635,CUST-008096,2026-08-24,Notebook Set,Stationery,5,11.86,59.3,Cancelled
ORD-0002636,CUST-008216,2026-08-23,Standing Desk,Furniture,3,436.13,1308.39,Completed
ORD-0002637,CUST-007100,2024-12-20,Desk Organizer,Office,4,22.76,91.04,Completed
ORD-0002638,CUST-008371,2026-09-03,Mechanical Keyboard,Electronics,3,92.83,278.49,Completed
ORD-0002639,CUST-003104,2025-04-04,Desk Organizer,Office,1,22.17,22.17,Cancelled
ORD-0002640,CUST-008017,2026-09-07,Standing Desk,Furniture,1,369.3,369.3,Processing
ORD-0002641,CUST-002225,2026-02-21,Webcam,Electronics,4,72.6,290.4,Completed
ORD-0002642,CUST-003925,2020-12-02,Laptop Stand,Office,4,47.95,191.8,Completed
ORD-0002643,CUST-001814,2026-09-05,Wireless Mouse,Electronics,1,32.43,32.43,Returned
ORD-0002644,CUST-001533,2025-04-18,Laptop Stand,Office,2,47.29,94.58,Cancelled
ORD-0002645,CUST-003208,2025-08-28,Backpack,Lifestyle,2,65.01,130.02,Cancelled
ORD-0002646,CUST-005245,2025-06-25,Desk Organizer,Office,2,23.78,47.56,Completed
ORD-0002647,CUST-000158,2025-11-20,Ergonomic Chair,Furniture,3,257.14,771.42,Shipped
ORD-0002648,CUST-003386,2026-08-07,Standing Desk,Furniture,4,432.45,1729.8,Returned
ORD-0002649,CUST-004023,2026-08-21,Water Bottle,Lifestyle,5,18.84,94.2,Completed
ORD-0002650,CUST-000159,2023-06-26,Notebook Set,Stationery,5,12.16,60.8,Completed
ORD-0002651,CUST-009328,2022-03-08,Notebook Set,Stationery,6,13.71,82.26,Completed
ORD-0002652,CUST-009450,2026-05-31,Laptop Stand,Office,4,48.37,193.48,Returned
ORD-0002653,CUST-005773,2026-04-12,Notebook Set,Stationery,5,12.9,64.5,Shipped
ORD-0002654,CUST-007817,2025-01-06,Backpack,Lifestyle,6,54.23,325.38,Completed
ORD-0002655,CUST-005292,2026-02-24,Water Bottle,Lifestyle,1,18.12,18.12,Completed
ORD-0002656,CUST-006520,2025-12-31,Webcam,Electronics,5,78.7,393.5,Completed
ORD-0002657,CUST-005259,2026-01-11,Mechanical Keyboard,Electronics,6,94.01,564.06,Shipped
ORD-0002658,CUST-004921,2024-09-06,Standing Desk,Furniture,6,398.79,2392.74,Returned
ORD-0002659,CUST-001424,2026-07-17,Standing Desk,Furniture,2,394.01,788.02,Shipped
ORD-0002660,CUST-000107,2025-11-14,Backpack,Lifestyle,5,57.21,286.05,Completed
ORD-0002661,CUST-006685,2022-07-06,Notebook Set,Stationery,5,12.8,64,Processing
ORD-0002662,CUST-000080,2026-04-27,Backpack,Lifestyle,1,57.37,57.37,Processing
ORD-0002663,CUST-004276,2025-10-20,USB-C Hub,Electronics,4,52.75,211,Completed
ORD-0002664,CUST-000351,2025-07-29,Standing Desk,Furniture,4,409.76,1639.04,Completed
ORD-0002665,CUST-006480,2022-01-02,Wireless Mouse,Electronics,5,31.64,158.2,Completed
ORD-0002666,CUST-006290,2023-01-13,USB-C Hub,Electronics,6,50.76,304.56,Cancelled
ORD-0002667,CUST-002453,2026-08-22,Desk Organizer,Office,3,23.95,71.85,Shipped
ORD-0002668,CUST-006068,2026-02-14,Backpack,Lifestyle,4,64.49,257.96,Cancelled
ORD-0002669,CUST-001246,2025-08-05,Desk Organizer,Office,1,25.07,25.07,Shipped
ORD-0002670,CUST-001542,2025-01-27,Backpack,Lifestyle,6,58.6,351.6,Returned
ORD-0002671,CUST-008634,2026-03-18,Desk Organizer,Office,3,25.38,76.14,Completed
ORD-0002672,CUST-006919,2026-04-09,Laptop Stand,Office,2,40.89,81.78,Completed
ORD-0002673,CUST-008832,2024-01-17,Wireless Mouse,Electronics,3,29.5,88.5,Completed
ORD-0002674,CUST-007551,2026-01-13,Backpack,Lifestyle,2,55.9,111.8,Processing
ORD-0002675,CUST-004703,2026-04-03,Laptop Stand,Office,6,44.1,264.6,Cancelled
ORD-0002676,CUST-003698,2021-11-10,Mechanical Keyboard,Electronics,5,88.18,440.9,Cancelled
ORD-0002677,CUST-002538,2023-10-27,Ergonomic Chair,Furniture,6,234.64,1407.84,Cancelled
ORD-0002678,CUST-006609,2026-06-26,Mechanical Keyboard,Electronics,2,86.6,173.2,Cancelled
ORD-0002679,CUST-000016,2024-06-11,Noise-Canceling Headphones,Electronics,6,177.78,1066.68,Shipped
ORD-0002680,CUST-006754,2024-08-17,Noise-Canceling Headphones,Electronics,5,181.27,906.35,Completed
ORD-0002681,CUST-008431,2024-04-08,Webcam,Electronics,4,72.37,289.48,Returned
ORD-0002682,CUST-006568,2022-07-24,USB-C Hub,Electronics,6,49.94,299.64,Processing
ORD-0002683,CUST-002780,2022-07-28,Ergonomic Chair,Furniture,1,247.83,247.83,Shipped
ORD-0002684,CUST-002533,2026-06-08,Laptop Stand,Office,2,43.23,86.46,Completed
ORD-0002685,CUST-005803,2025-05-20,USB-C Hub,Electronics,1,51.15,51.15,Completed
ORD-0002686,CUST-003949,2025-10-22,Noise-Canceling Headphones,Electronics,6,185.87,1115.22,Completed
ORD-0002687,CUST-004574,2026-09-06,Wireless Mouse,Electronics,4,32.78,131.12,Completed
ORD-0002688,CUST-008245,2025-07-09,Wireless Mouse,Electronics,2,28.88,57.76,Completed
ORD-0002689,CUST-000738,2024-04-09,USB-C Hub,Electronics,5,50.62,253.1,Shipped
ORD-0002690,CUST-005163,2023-07-12,Noise-Canceling Headphones,Electronics,4,180.59,722.36,Returned
ORD-0002691,CUST-007978,2025-10-25,Water Bottle,Lifestyle,2,18.35,36.7,Completed
ORD-0002692,CUST-004659,2026-08-30,Wireless Mouse,Electronics,5,31.53,157.65,Processing
ORD-0002693,CUST-002816,2022-06-14,Desk Organizer,Office,3,22.21,66.63,Completed
ORD-0002694,CUST-005876,2025-05-28,Laptop Stand,Office,4,45.57,182.28,Completed
ORD-0002695,CUST-007338,2025-12-26,Noise-Canceling Headphones,Electronics,5,181.06,905.3,Cancelled
ORD-0002696,CUST-007019,2026-02-07,Wireless Mouse,Electronics,3,28.67,86.01,Completed
ORD-0002697,CUST-004934,2025-07-18,Laptop Stand,Office,2,48.71,97.42,Returned
ORD-0002698,CUST-008484,2024-02-23,Wireless Mouse,Electronics,5,30.82,154.1,Returned
ORD-0002699,CUST-002653,2023-10-01,Notebook Set,Stationery,3,13.75,41.25,Completed
ORD-0002700,CUST-004086,2024-06-21,Webcam,Electronics,5,75.51,377.55,Shipped
ORD-0002701,CUST-006259,2026-07-26,Mechanical Keyboard,Electronics,6,97.87,587.22,Processing
ORD-0002702,CUST-007721,2024-11-21,Webcam,Electronics,2,77.39,154.78,Completed
ORD-0002703,CUST-006588,2025-02-01,Standing Desk,Furniture,5,383.43,1917.15,Completed
ORD-0002704,CUST-005312,2026-05-12,USB-C Hub,Electronics,4,53.31,213.24,Processing
ORD-0002705,CUST-008298,2022-09-10,Laptop Stand,Office,5,49.08,245.4,Completed
ORD-0002706,CUST-004387,2025-01-22,Wireless Mouse,Electronics,1,30.68,30.68,Shipped
ORD-0002707,CUST-004606,2026-06-26,USB-C Hub,Electronics,6,50.88,305.28,Returned
ORD-0002708,CUST-006124,2024-05-14,Webcam,Electronics,3,70.51,211.53,Processing
ORD-0002709,CUST-004100,2025-02-27,Mechanical Keyboard,Electronics,3,92.91,278.73,Processing
ORD-0002710,CUST-007207,2023-11-01,Ergonomic Chair,Furniture,2,236.94,473.88,Completed
ORD-0002711,CUST-008233,2023-03-25,Webcam,Electronics,2,78.52,157.04,Completed
ORD-0002712,CUST-001348,2025-11-09,Webcam,Electronics,4,71.87,287.48,Returned
ORD-0002713,CUST-000578,2020-07-26,Notebook Set,Stationery,6,11.92,71.52,Processing
ORD-0002714,CUST-002807,2023-10-17,Webcam,Electronics,1,66.75,66.75,Shipped
ORD-0002715,CUST-001446,2024-03-27,Desk Organizer,Office,6,23.69,142.14,Completed
ORD-0002716,CUST-006753,2026-07-07,USB-C Hub,Electronics,2,50.77,101.54,Processing
ORD-0002717,CUST-003961,2024-12-26,Mechanical Keyboard,Electronics,3,83.51,250.53,Completed
ORD-0002718,CUST-003824,2026-02-10,Water Bottle,Lifestyle,3,19.57,58.71,Completed
ORD-0002719,CUST-000182,2020-10-12,Mechanical Keyboard,Electronics,6,86.35,518.1,Cancelled
ORD-0002720,CUST-008714,2023-05-31,Desk Organizer,Office,4,22.42,89.68,Returned
ORD-0002721,CUST-008367,2024-03-02,Desk Organizer,Office,2,26.79,53.58,Cancelled
ORD-0002722,CUST-005134,2023-08-02,Notebook Set,Stationery,2,12.07,24.14,Completed
ORD-0002723,CUST-004977,2024-06-06,Mechanical Keyboard,Electronics,2,96.89,193.78,Completed
ORD-0002724,CUST-002007,2026-01-21,Webcam,Electronics,2,70.26,140.52,Completed
ORD-0002725,CUST-007502,2026-02-27,Webcam,Electronics,1,75.3,75.3,Completed
ORD-0002726,CUST-008207,2025-10-13,Backpack,Lifestyle,4,62.18,248.72,Cancelled
ORD-0002727,CUST-006723,2020-12-20,USB-C Hub,Electronics,2,47.72,95.44,Completed
ORD-0002728,CUST-005729,2024-05-25,Water Bottle,Lifestyle,5,17.39,86.95,Returned
ORD-0002729,CUST-009482,2023-09-16,Desk Organizer,Office,5,22.95,114.75,Completed
ORD-0002730,CUST-003589,2026-05-16,USB-C Hub,Electronics,3,48.86,146.58,Returned
ORD-0002731,CUST-005563,2024-05-01,Wireless Mouse,Electronics,3,29.74,89.22,Completed
ORD-0002732,CUST-007339,2025-08-30,Wireless Mouse,Electronics,2,31.52,63.04,Cancelled
ORD-0002733,CUST-004787,2026-08-28,Ergonomic Chair,Furniture,6,264.98,1589.88,Returned
ORD-0002734,CUST-001506,2022-10-13,Water Bottle,Lifestyle,4,19.16,76.64,Completed
ORD-0002735,CUST-002895,2026-05-19,Mechanical Keyboard,Electronics,6,82.4,494.4,Processing
ORD-0002736,CUST-004826,2025-03-13,Ergonomic Chair,Furniture,1,259.05,259.05,Completed
ORD-0002737,CUST-007331,2023-01-24,Desk Organizer,Office,1,24.79,24.79,Completed
ORD-0002738,CUST-000597,2025-12-08,Noise-Canceling Headphones,Electronics,2,186.77,373.54,Completed
ORD-0002739,CUST-006511,2026-08-09,Backpack,Lifestyle,5,58,290,Cancelled
ORD-0002740,CUST-007004,2026-09-07,Standing Desk,Furniture,4,385.3,1541.2,Shipped
ORD-0002741,CUST-008665,2026-07-06,Backpack,Lifestyle,6,63.49,380.94,Completed
ORD-0002742,CUST-004765,2024-07-10,Backpack,Lifestyle,6,57.96,347.76,Returned
ORD-0002743,CUST-008862,2026-02-20,USB-C Hub,Electronics,3,51.73,155.19,Completed
ORD-0002744,CUST-001925,2025-05-24,USB-C Hub,Electronics,2,49.88,99.76,Completed
ORD-0002745,CUST-005297,2023-03-05,Noise-Canceling Headphones,Electronics,4,167.79,671.16,Returned
ORD-0002746,CUST-008162,2024-02-22,USB-C Hub,Electronics,1,48.25,48.25,Completed
ORD-0002747,CUST-008441,2026-01-04,Standing Desk,Furniture,2,428.69,857.38,Cancelled
ORD-0002748,CUST-003430,2026-01-21,Ergonomic Chair,Furniture,6,242.14,1452.84,Returned
ORD-0002749,CUST-009144,2026-05-30,Desk Organizer,Office,1,22.76,22.76,Cancelled
ORD-0002750,CUST-008294,2025-10-30,Backpack,Lifestyle,5,60.61,303.05,Shipped
ORD-0002751,CUST-004294,2023-11-30,Standing Desk,Furniture,2,373.14,746.28,Processing
ORD-0002752,CUST-005807,2025-11-10,Backpack,Lifestyle,5,60.98,304.9,Returned
ORD-0002753,CUST-001107,2025-04-18,Laptop Stand,Office,2,47.75,95.5,Cancelled
ORD-0002754,CUST-007247,2026-03-26,Wireless Mouse,Electronics,3,32.24,96.72,Shipped
ORD-0002755,CUST-003661,2026-07-19,Backpack,Lifestyle,3,58.44,175.32,Returned
ORD-0002756,CUST-006593,2025-11-30,Standing Desk,Furniture,1,395.78,395.78,Shipped
ORD-0002757,CUST-007765,2024-05-24,Standing Desk,Furniture,4,378.66,1514.64,Completed
ORD-0002758,CUST-001048,2025-12-10,Webcam,Electronics,1,76.52,76.52,Completed
ORD-0002759,CUST-002735,2025-06-12,Water Bottle,Lifestyle,6,17.25,103.5,Returned
ORD-0002760,CUST-007487,2026-08-25,Desk Organizer,Office,6,26.28,157.68,Completed
ORD-0002761,CUST-001207,2026-08-16,Desk Organizer,Office,5,24.68,123.4,Processing
ORD-0002762,CUST-007142,2025-02-12,Desk Organizer,Office,5,25.76,128.8,Processing
ORD-0002763,CUST-000547,2025-07-20,Webcam,Electronics,5,68.6,343,Processing
ORD-0002764,CUST-003394,2023-07-18,USB-C Hub,Electronics,2,47.72,95.44,Returned
ORD-0002765,CUST-001975,2026-01-05,Notebook Set,Stationery,2,11.6,23.2,Completed
ORD-0002766,CUST-009998,2025-10-14,USB-C Hub,Electronics,1,44.74,44.74,Completed
ORD-0002767,CUST-005981,2025-07-01,Ergonomic Chair,Furniture,1,250.36,250.36,Completed
ORD-0002768,CUST-009593,2023-05-18,Notebook Set,Stationery,6,12.7,76.2,Completed
ORD-0002769,CUST-005141,2026-01-19,Water Bottle,Lifestyle,3,20.89,62.67,Shipped
ORD-0002770,CUST-004841,2025-03-11,Webcam,Electronics,2,70.53,141.06,Cancelled
ORD-0002771,CUST-007910,2023-05-13,Desk Organizer,Office,5,23.57,117.85,Completed
ORD-0002772,CUST-007032,2025-10-10,Laptop Stand,Office,1,48.74,48.74,Cancelled
ORD-0002773,CUST-009506,2024-11-25,USB-C Hub,Electronics,5,47.36,236.8,Processing
ORD-0002774,CUST-009507,2024-12-17,Desk Organizer,Office,6,22.94,137.64,Completed
ORD-0002775,CUST-008457,2026-03-23,Ergonomic Chair,Furniture,2,255.11,510.22,Processing
ORD-0002776,CUST-005741,2025-05-31,Desk Organizer,Office,4,25.47,101.88,Returned
ORD-0002777,CUST-009924,2025-08-01,USB-C Hub,Electronics,2,53.3,106.6,Completed
ORD-0002778,CUST-004422,2025-04-12,Water Bottle,Lifestyle,2,17.09,34.18,Completed
ORD-0002779,CUST-009380,2025-05-07,Backpack,Lifestyle,2,62.61,125.22,Returned
ORD-0002780,CUST-006380,2025-08-15,Backpack,Lifestyle,4,65.08,260.32,Shipped
ORD-0002781,CUST-002749,2022-11-30,Standing Desk,Furniture,3,371.59,1114.77,Completed
ORD-0002782,CUST-000707,2025-03-29,Desk Organizer,Office,3,23.55,70.65,Completed
ORD-0002783,CUST-001587,2025-06-29,Desk Organizer,Office,4,24.98,99.92,Shipped
ORD-0002784,CUST-009905,2023-03-13,Desk Organizer,Office,1,25.64,25.64,Processing
ORD-0002785,CUST-004414,2024-04-30,Desk Organizer,Office,3,25.01,75.03,Completed
ORD-0002786,CUST-006414,2025-05-30,Noise-Canceling Headphones,Electronics,4,194.89,779.56,Returned
ORD-0002787,CUST-007773,2024-07-05,Notebook Set,Stationery,4,12.27,49.08,Completed
ORD-0002788,CUST-005361,2021-06-02,Notebook Set,Stationery,6,12.3,73.8,Returned
ORD-0002789,CUST-003126,2024-03-30,Notebook Set,Stationery,4,12.28,49.12,Cancelled
ORD-0002790,CUST-000873,2026-03-06,Webcam,Electronics,5,74.55,372.75,Returned
ORD-0002791,CUST-008175,2023-03-18,Notebook Set,Stationery,2,12.59,25.18,Completed
ORD-0002792,CUST-005798,2025-04-20,Ergonomic Chair,Furniture,6,260.05,1560.3,Completed
ORD-0002793,CUST-003693,2025-09-29,Notebook Set,Stationery,2,11.98,23.96,Completed
ORD-0002794,CUST-007179,2026-02-07,Notebook Set,Stationery,1,12.09,12.09,Shipped
ORD-0002795,CUST-009470,2026-03-15,Desk Organizer,Office,2,23.11,46.22,Shipped
ORD-0002796,CUST-002320,2025-09-07,Laptop Stand,Office,1,46.62,46.62,Processing
ORD-0002797,CUST-005470,2025-09-06,Webcam,Electronics,4,78.17,312.68,Returned
ORD-0002798,CUST-002795,2020-11-03,Noise-Canceling Headphones,Electronics,2,188.47,376.94,Completed
ORD-0002799,CUST-006776,2025-05-15,USB-C Hub,Electronics,4,46.83,187.32,Completed
ORD-0002800,CUST-006244,2022-05-15,Webcam,Electronics,1,76.55,76.55,Completed
ORD-0002801,CUST-003436,2024-03-16,Notebook Set,Stationery,2,12.26,24.52,Completed
ORD-0002802,CUST-008283,2023-04-06,Laptop Stand,Office,2,44.49,88.98,Shipped
ORD-0002803,CUST-008793,2026-01-25,Ergonomic Chair,Furniture,1,254.38,254.38,Returned
ORD-0002804,CUST-009401,2026-07-10,Ergonomic Chair,Furniture,2,253.87,507.74,Completed
ORD-0002805,CUST-002394,2025-11-27,Ergonomic Chair,Furniture,2,230.09,460.18,Returned
ORD-0002806,CUST-004158,2024-10-17,Noise-Canceling Headphones,Electronics,5,178.17,890.85,Completed
ORD-0002807,CUST-006069,2025-02-03,Laptop Stand,Office,4,48.12,192.48,Shipped
ORD-0002808,CUST-002551,2020-11-22,Notebook Set,Stationery,1,12.47,12.47,Processing
ORD-0002809,CUST-004291,2026-02-01,Noise-Canceling Headphones,Electronics,6,174.63,1047.78,Returned
ORD-0002810,CUST-005872,2024-02-18,Notebook Set,Stationery,6,11.87,71.22,Shipped
ORD-0002811,CUST-002378,2023-02-13,Noise-Canceling Headphones,Electronics,4,195.21,780.84,Cancelled
ORD-0002812,CUST-001923,2024-12-16,Standing Desk,Furniture,5,388.47,1942.35,Returned
ORD-0002813,CUST-008671,2026-08-05,Water Bottle,Lifestyle,5,20.7,103.5,Completed
ORD-0002814,CUST-006914,2022-03-18,Water Bottle,Lifestyle,5,20.35,101.75,Completed
ORD-0002815,CUST-009240,2025-02-21,Wireless Mouse,Electronics,3,32.49,97.47,Completed
ORD-0002816,CUST-003890,2022-11-13,USB-C Hub,Electronics,5,48.23,241.15,Returned
ORD-0002817,CUST-006249,2024-02-09,Webcam,Electronics,6,66.61,399.66,Processing
ORD-0002818,CUST-000047,2025-12-16,Wireless Mouse,Electronics,5,27.46,137.3,Shipped
ORD-0002819,CUST-003550,2021-01-31,Water Bottle,Lifestyle,3,18.41,55.23,Shipped
ORD-0002820,CUST-007754,2024-09-12,Noise-Canceling Headphones,Electronics,2,162.47,324.94,Shipped
ORD-0002821,CUST-005608,2026-06-09,USB-C Hub,Electronics,5,47.69,238.45,Processing
ORD-0002822,CUST-006657,2025-11-17,Water Bottle,Lifestyle,5,19.78,98.9,Completed
ORD-0002823,CUST-008348,2025-12-21,Webcam,Electronics,4,76.85,307.4,Processing
ORD-0002824,CUST-006670,2026-06-18,Desk Organizer,Office,3,26.89,80.67,Shipped
ORD-0002825,CUST-003024,2026-06-24,Webcam,Electronics,3,76,228,Completed
ORD-0002826,CUST-004239,2023-08-26,Wireless Mouse,Electronics,6,32.87,197.22,Cancelled
ORD-0002827,CUST-006698,2025-11-26,Desk Organizer,Office,6,23.28,139.68,Completed
ORD-0002828,CUST-006685,2025-05-26,Webcam,Electronics,6,69.5,417,Cancelled
ORD-0002829,CUST-005418,2024-03-28,Water Bottle,Lifestyle,2,18.56,37.12,Completed
ORD-0002830,CUST-001998,2025-05-01,Wireless Mouse,Electronics,6,28.49,170.94,Cancelled
ORD-0002831,CUST-008705,2026-05-25,Desk Organizer,Office,6,23.56,141.36,Completed
ORD-0002832,CUST-003908,2024-06-10,Desk Organizer,Office,2,26.59,53.18,Completed
ORD-0002833,CUST-006425,2022-03-06,Water Bottle,Lifestyle,2,20.01,40.02,Completed
ORD-0002834,CUST-004584,2025-02-10,Desk Organizer,Office,1,24.93,24.93,Completed
ORD-0002835,CUST-001651,2025-07-29,USB-C Hub,Electronics,4,50.24,200.96,Completed
ORD-0002836,CUST-009805,2024-12-31,Wireless Mouse,Electronics,1,27.96,27.96,Cancelled
ORD-0002837,CUST-005599,2024-08-02,Ergonomic Chair,Furniture,1,243.2,243.2,Completed
ORD-0002838,CUST-003943,2022-11-06,Standing Desk,Furniture,2,373.45,746.9,Completed
ORD-0002839,CUST-003252,2021-12-31,Mechanical Keyboard,Electronics,4,84.71,338.84,Completed
ORD-0002840,CUST-004610,2026-02-22,Backpack,Lifestyle,2,61.01,122.02,Completed
ORD-0002841,CUST-000732,2023-09-04,Webcam,Electronics,6,73.87,443.22,Processing
ORD-0002842,CUST-009300,2024-01-12,Mechanical Keyboard,Electronics,5,90.32,451.6,Completed
ORD-0002843,CUST-008052,2024-05-02,Desk Organizer,Office,5,24.63,123.15,Completed
ORD-0002844,CUST-008878,2024-09-25,USB-C Hub,Electronics,3,50.71,152.13,Completed
ORD-0002845,CUST-003307,2025-10-15,Standing Desk,Furniture,6,400.84,2405.04,Completed
ORD-0002846,CUST-005263,2026-05-20,Backpack,Lifestyle,5,60.34,301.7,Cancelled
ORD-0002847,CUST-006929,2025-09-18,Wireless Mouse,Electronics,4,31.24,124.96,Shipped
ORD-0002848,CUST-003142,2024-09-06,Desk Organizer,Office,4,26.78,107.12,Returned
ORD-0002849,CUST-007070,2022-07-29,Wireless Mouse,Electronics,1,32.42,32.42,Cancelled
ORD-0002850,CUST-008057,2022-03-31,Mechanical Keyboard,Electronics,1,86.68,86.68,Completed
ORD-0002851,CUST-009734,2023-08-10,Water Bottle,Lifestyle,5,18.99,94.95,Shipped
ORD-0002852,CUST-005717,2025-05-08,Backpack,Lifestyle,2,64.99,129.98,Completed
ORD-0002853,CUST-009731,2022-05-08,Noise-Canceling Headphones,Electronics,5,169.31,846.55,Processing
ORD-0002854,CUST-009874,2024-11-06,Wireless Mouse,Electronics,6,31.86,191.16,Returned
ORD-0002855,CUST-001054,2025-06-06,USB-C Hub,Electronics,5,46.06,230.3,Shipped
ORD-0002856,CUST-008607,2023-04-23,Backpack,Lifestyle,1,56.48,56.48,Cancelled
ORD-0002857,CUST-007785,2024-01-24,USB-C Hub,Electronics,4,49.63,198.52,Completed
ORD-0002858,CUST-001357,2025-12-10,Backpack,Lifestyle,1,56.59,56.59,Shipped
ORD-0002859,CUST-009095,2023-08-31,Laptop Stand,Office,2,40.74,81.48,Returned
ORD-0002860,CUST-001558,2023-10-12,Notebook Set,Stationery,3,13.11,39.33,Processing
ORD-0002861,CUST-004466,2022-05-31,Notebook Set,Stationery,2,12.73,25.46,Completed
ORD-0002862,CUST-002206,2025-09-22,Ergonomic Chair,Furniture,2,251.64,503.28,Completed
ORD-0002863,CUST-007698,2022-05-19,Mechanical Keyboard,Electronics,5,95.24,476.2,Completed
ORD-0002864,CUST-004218,2025-03-04,Standing Desk,Furniture,2,370.29,740.58,Completed
ORD-0002865,CUST-000818,2024-05-29,Webcam,Electronics,4,80.04,320.16,Completed
ORD-0002866,CUST-009907,2022-06-11,Webcam,Electronics,6,70.81,424.86,Processing
ORD-0002867,CUST-001472,2026-01-13,Wireless Mouse,Electronics,5,32.84,164.2,Completed
ORD-0002868,CUST-006436,2026-05-18,Noise-Canceling Headphones,Electronics,2,185.91,371.82,Shipped
ORD-0002869,CUST-009895,2026-03-30,Notebook Set,Stationery,3,12.9,38.7,Processing
ORD-0002870,CUST-006586,2026-04-21,Mechanical Keyboard,Electronics,3,91.83,275.49,Returned
ORD-0002871,CUST-004058,2026-06-04,USB-C Hub,Electronics,4,51.71,206.84,Processing
ORD-0002872,CUST-006676,2026-07-14,Webcam,Electronics,2,75.72,151.44,Cancelled
ORD-0002873,CUST-004083,2024-02-16,Notebook Set,Stationery,4,13.27,53.08,Completed
ORD-0002874,CUST-003993,2024-03-22,Wireless Mouse,Electronics,3,27.53,82.59,Processing
ORD-0002875,CUST-009515,2025-09-20,Desk Organizer,Office,4,26.93,107.72,Completed
ORD-0002876,CUST-008561,2023-01-18,Mechanical Keyboard,Electronics,5,85.13,425.65,Returned
ORD-0002877,CUST-005554,2025-02-12,Laptop Stand,Office,2,41.59,83.18,Returned
ORD-0002878,CUST-006605,2026-08-26,Standing Desk,Furniture,5,360.05,1800.25,Returned
ORD-0002879,CUST-006832,2021-07-01,Mechanical Keyboard,Electronics,6,94.92,569.52,Returned
ORD-0002880,CUST-005543,2026-03-10,Mechanical Keyboard,Electronics,4,96.39,385.56,Processing
ORD-0002881,CUST-009837,2026-08-08,Webcam,Electronics,4,73.63,294.52,Completed
ORD-0002882,CUST-002858,2025-11-10,Webcam,Electronics,2,80.41,160.82,Processing
ORD-0002883,CUST-007565,2024-08-02,Notebook Set,Stationery,4,11.49,45.96,Completed
ORD-0002884,CUST-003691,2025-04-15,Noise-Canceling Headphones,Electronics,6,192.45,1154.7,Completed
ORD-0002885,CUST-002516,2023-09-07,Water Bottle,Lifestyle,5,20.47,102.35,Completed
ORD-0002886,CUST-004499,2026-07-26,USB-C Hub,Electronics,4,51.3,205.2,Returned
ORD-0002887,CUST-006598,2025-07-09,Ergonomic Chair,Furniture,4,253.89,1015.56,Processing
ORD-0002888,CUST-002616,2026-04-11,Mechanical Keyboard,Electronics,6,86.51,519.06,Completed
ORD-0002889,CUST-009059,2025-12-29,Water Bottle,Lifestyle,3,20.72,62.16,Completed
ORD-0002890,CUST-004072,2026-04-10,Water Bottle,Lifestyle,3,19.4,58.2,Completed
ORD-0002891,CUST-006028,2023-12-25,Webcam,Electronics,3,75.56,226.68,Completed
ORD-0002892,CUST-004507,2025-11-30,Backpack,Lifestyle,6,53.69,322.14,Completed
ORD-0002893,CUST-007761,2026-05-10,Webcam,Electronics,6,80.92,485.52,Cancelled
ORD-0002894,CUST-000519,2021-07-23,USB-C Hub,Electronics,2,52.32,104.64,Cancelled
ORD-0002895,CUST-002182,2025-08-07,Webcam,Electronics,3,70.54,211.62,Shipped
ORD-0002896,CUST-001304,2026-08-31,Wireless Mouse,Electronics,1,29.75,29.75,Completed
ORD-0002897,CUST-005824,2026-08-23,Noise-Canceling Headphones,Electronics,1,180.3,180.3,Processing
ORD-0002898,CUST-002913,2025-08-02,Laptop Stand,Office,4,43.94,175.76,Cancelled
ORD-0002899,CUST-005748,2026-02-01,Desk Organizer,Office,1,24.55,24.55,Completed
ORD-0002900,CUST-009989,2026-04-23,Ergonomic Chair,Furniture,5,244.62,1223.1,Returned
ORD-0002901,CUST-008551,2022-04-30,Mechanical Keyboard,Electronics,3,86.53,259.59,Processing
ORD-0002902,CUST-002312,2025-10-24,Desk Organizer,Office,1,23.55,23.55,Shipped
ORD-0002903,CUST-005040,2026-01-22,Laptop Stand,Office,3,47.21,141.63,Shipped
ORD-0002904,CUST-006004,2024-09-04,Water Bottle,Lifestyle,5,20.21,101.05,Completed
ORD-0002905,CUST-001676,2024-03-05,Webcam,Electronics,1,75.13,75.13,Completed
ORD-0002906,CUST-001739,2025-12-14,USB-C Hub,Electronics,3,53.41,160.23,Completed
ORD-0002907,CUST-002384,2021-07-30,Laptop Stand,Office,3,49.44,148.32,Returned
ORD-0002908,CUST-004793,2025-11-22,Wireless Mouse,Electronics,2,31.35,62.7,Completed
ORD-0002909,CUST-006808,2025-10-17,Laptop Stand,Office,5,42.77,213.85,Cancelled
ORD-0002910,CUST-004289,2026-08-13,USB-C Hub,Electronics,1,44.12,44.12,Processing
ORD-0002911,CUST-003628,2025-06-18,Ergonomic Chair,Furniture,3,237.82,713.46,Cancelled
ORD-0002912,CUST-001472,2025-03-30,Webcam,Electronics,5,80.72,403.6,Cancelled
ORD-0002913,CUST-000008,2024-07-21,Standing Desk,Furniture,1,368.17,368.17,Cancelled
ORD-0002914,CUST-009360,2026-03-15,Notebook Set,Stationery,5,12.3,61.5,Completed
ORD-0002915,CUST-000784,2026-08-14,Webcam,Electronics,6,71.76,430.56,Returned
ORD-0002916,CUST-008621,2026-01-26,Water Bottle,Lifestyle,6,19.35,116.1,Processing
ORD-0002917,CUST-003486,2026-06-20,Laptop Stand,Office,1,47.08,47.08,Completed
ORD-0002918,CUST-007006,2026-01-08,Laptop Stand,Office,6,45.9,275.4,Shipped
ORD-0002919,CUST-007781,2025-12-19,Backpack,Lifestyle,5,62.8,314,Completed
ORD-0002920,CUST-002201,2025-10-14,Mechanical Keyboard,Electronics,6,86.48,518.88,Returned
ORD-0002921,CUST-000430,2024-09-03,Laptop Stand,Office,6,40.67,244.02,Completed
ORD-0002922,CUST-000420,2024-11-16,Noise-Canceling Headphones,Electronics,3,191.8,575.4,Cancelled
ORD-0002923,CUST-009361,2024-01-07,USB-C Hub,Electronics,5,46.73,233.65,Returned
ORD-0002924,CUST-005600,2026-03-26,Backpack,Lifestyle,1,60.1,60.1,Processing
ORD-0002925,CUST-002949,2026-08-25,Water Bottle,Lifestyle,5,20.66,103.3,Completed
ORD-0002926,CUST-006537,2026-03-24,Ergonomic Chair,Furniture,5,251.54,1257.7,Processing
ORD-0002927,CUST-003085,2026-07-02,Notebook Set,Stationery,2,12.36,24.72,Completed
ORD-0002928,CUST-001797,2026-09-04,Backpack,Lifestyle,1,56.93,56.93,Shipped
ORD-0002929,CUST-003150,2023-04-13,Mechanical Keyboard,Electronics,4,91.28,365.12,Processing
ORD-0002930,CUST-004765,2024-03-03,Desk Organizer,Office,6,26.94,161.64,Processing
ORD-0002931,CUST-004469,2026-04-20,USB-C Hub,Electronics,4,47.44,189.76,Shipped
ORD-0002932,CUST-003657,2026-07-31,Mechanical Keyboard,Electronics,3,97.69,293.07,Cancelled
ORD-0002933,CUST-007340,2022-04-07,Water Bottle,Lifestyle,5,19.54,97.7,Returned
ORD-0002934,CUST-003845,2024-09-15,Notebook Set,Stationery,1,13.94,13.94,Completed
ORD-0002935,CUST-005251,2026-02-02,Water Bottle,Lifestyle,4,19.63,78.52,Completed
ORD-0002936,CUST-002349,2023-11-25,Wireless Mouse,Electronics,4,32.67,130.68,Cancelled
ORD-0002937,CUST-003346,2024-07-31,Webcam,Electronics,1,80.76,80.76,Completed
ORD-0002938,CUST-006824,2026-03-04,Wireless Mouse,Electronics,5,30.22,151.1,Completed
ORD-0002939,CUST-004773,2022-06-11,Ergonomic Chair,Furniture,4,246.92,987.68,Cancelled
ORD-0002940,CUST-003890,2022-07-09,Standing Desk,Furniture,2,435.35,870.7,Completed
ORD-0002941,CUST-000966,2025-12-16,Ergonomic Chair,Furniture,1,257.28,257.28,Completed
ORD-0002942,CUST-004165,2026-06-03,Water Bottle,Lifestyle,3,19.41,58.23,Processing
ORD-0002943,CUST-004494,2024-04-14,USB-C Hub,Electronics,6,48.55,291.3,Returned
ORD-0002944,CUST-003811,2023-01-10,Notebook Set,Stationery,4,11.97,47.88,Completed
ORD-0002945,CUST-005542,2026-07-08,Water Bottle,Lifestyle,5,18.9,94.5,Processing
ORD-0002946,CUST-004977,2025-11-03,Laptop Stand,Office,4,42.64,170.56,Completed
ORD-0002947,CUST-005629,2026-05-24,Laptop Stand,Office,3,42.78,128.34,Returned
ORD-0002948,CUST-009949,2022-09-26,Wireless Mouse,Electronics,5,29.32,146.6,Processing
ORD-0002949,CUST-004662,2024-02-01,Mechanical Keyboard,Electronics,4,86.04,344.16,Returned
ORD-0002950,CUST-006371,2025-02-26,USB-C Hub,Electronics,2,52,104,Completed
ORD-0002951,CUST-009907,2023-03-01,Desk Organizer,Office,2,26.34,52.68,Completed
ORD-0002952,CUST-003370,2025-07-25,Standing Desk,Furniture,1,405.19,405.19,Completed
ORD-0002953,CUST-007982,2025-08-26,USB-C Hub,Electronics,1,46.44,46.44,Returned
ORD-0002954,CUST-000939,2025-11-19,Laptop Stand,Office,2,49,98,Returned
ORD-0002955,CUST-003460,2026-04-07,Standing Desk,Furniture,4,404.3,1617.2,Completed
ORD-0002956,CUST-007406,2025-03-17,Noise-Canceling Headphones,Electronics,3,188.88,566.64,Completed
ORD-0002957,CUST-000175,2022-04-16,Backpack,Lifestyle,2,62.89,125.78,Completed
ORD-0002958,CUST-002358,2025-07-02,Water Bottle,Lifestyle,2,18.55,37.1,Shipped
ORD-0002959,CUST-003833,2024-05-23,Notebook Set,Stationery,4,11.52,46.08,Processing
ORD-0002960,CUST-004827,2026-04-03,Water Bottle,Lifestyle,6,18.08,108.48,Cancelled
ORD-0002961,CUST-007007,2024-08-07,Mechanical Keyboard,Electronics,4,88.81,355.24,Cancelled
ORD-0002962,CUST-009125,2024-01-22,Webcam,Electronics,5,73.54,367.7,Completed
ORD-0002963,CUST-000124,2023-09-27,Standing Desk,Furniture,2,425.05,850.1,Shipped
ORD-0002964,CUST-003132,2025-07-17,Webcam,Electronics,6,68.15,408.9,Completed
ORD-0002965,CUST-004534,2026-04-24,Water Bottle,Lifestyle,6,19.66,117.96,Shipped
ORD-0002966,CUST-006410,2026-03-11,USB-C Hub,Electronics,5,50.15,250.75,Completed
ORD-0002967,CUST-006243,2026-07-07,USB-C Hub,Electronics,4,47.01,188.04,Completed
ORD-0002968,CUST-007968,2022-01-16,Desk Organizer,Office,6,26.75,160.5,Returned
ORD-0002969,CUST-001427,2026-07-28,Laptop Stand,Office,1,48.87,48.87,Completed
ORD-0002970,CUST-006035,2026-09-04,Notebook Set,Stationery,1,12.79,12.79,Cancelled
ORD-0002971,CUST-007297,2022-11-14,Mechanical Keyboard,Electronics,5,90.29,451.45,Shipped
ORD-0002972,CUST-004672,2024-05-07,Noise-Canceling Headphones,Electronics,6,164.02,984.12,Cancelled
ORD-0002973,CUST-004424,2026-04-01,Wireless Mouse,Electronics,1,29.1,29.1,Cancelled
ORD-0002974,CUST-004581,2026-06-14,Wireless Mouse,Electronics,4,27.93,111.72,Completed
ORD-0002975,CUST-009108,2023-04-03,Wireless Mouse,Electronics,6,32.48,194.88,Completed
ORD-0002976,CUST-007941,2026-06-13,Notebook Set,Stationery,5,13.72,68.6,Returned
ORD-0002977,CUST-006899,2025-01-29,Webcam,Electronics,1,73.56,73.56,Cancelled
ORD-0002978,CUST-009621,2024-06-19,Water Bottle,Lifestyle,5,19.61,98.05,Completed
ORD-0002979,CUST-000843,2026-08-04,Water Bottle,Lifestyle,5,19.83,99.15,Processing
ORD-0002980,CUST-009620,2026-06-30,Backpack,Lifestyle,4,61.33,245.32,Processing
ORD-0002981,CUST-000566,2022-10-31,Notebook Set,Stationery,6,12.52,75.12,Cancelled
ORD-0002982,CUST-004068,2024-04-26,Ergonomic Chair,Furniture,5,272.41,1362.05,Completed
ORD-0002983,CUST-000779,2021-02-22,Standing Desk,Furniture,2,381.87,763.74,Cancelled
ORD-0002984,CUST-004628,2026-01-30,Wireless Mouse,Electronics,5,30.93,154.65,Shipped
ORD-0002985,CUST-000300,2026-04-16,Notebook Set,Stationery,3,12.29,36.87,Shipped
ORD-0002986,CUST-008665,2026-04-15,Standing Desk,Furniture,6,380.25,2281.5,Completed
ORD-0002987,CUST-005190,2025-06-02,Backpack,Lifestyle,1,57.06,57.06,Completed
ORD-0002988,CUST-004994,2024-06-17,Wireless Mouse,Electronics,2,29.05,58.1,Cancelled
ORD-0002989,CUST-002088,2026-05-14,Standing Desk,Furniture,2,369,738,Completed
ORD-0002990,CUST-002583,2026-03-22,Standing Desk,Furniture,1,381.78,381.78,Returned
ORD-0002991,CUST-000356,2025-06-25,Mechanical Keyboard,Electronics,3,89.08,267.24,Completed
ORD-0002992,CUST-002026,2024-04-28,Standing Desk,Furniture,2,381.8,763.6,Processing
ORD-0002993,CUST-004103,2025-01-01,USB-C Hub,Electronics,2,50.22,100.44,Completed
ORD-0002994,CUST-002155,2026-08-13,Notebook Set,Stationery,4,12.49,49.96,Completed
ORD-0002995,CUST-007705,2023-04-16,Noise-Canceling Headphones,Electronics,4,182.67,730.68,Shipped
ORD-0002996,CUST-006609,2026-07-08,USB-C Hub,Electronics,3,52.99,158.97,Returned
ORD-0002997,CUST-000902,2026-07-22,Backpack,Lifestyle,6,63.88,383.28,Completed
ORD-0002998,CUST-007732,2024-12-17,Laptop Stand,Office,1,45.08,45.08,Completed
ORD-0002999,CUST-002069,2023-05-27,Backpack,Lifestyle,4,61.26,245.04,Cancelled
ORD-0003000,CUST-007617,2025-10-22,Noise-Canceling Headphones,Electronics,1,164.27,164.27,Shipped
ORD-0003001,CUST-000752,2025-12-15,Mechanical Keyboard,Electronics,4,95.89,383.56,Cancelled
ORD-0003002,CUST-008660,2023-01-27,Webcam,Electronics,4,78.46,313.84,Cancelled
ORD-0003003,CUST-003073,2022-01-17,Desk Organizer,Office,5,25.37,126.85,Completed
ORD-0003004,CUST-008457,2026-01-25,Wireless Mouse,Electronics,2,29.37,58.74,Returned
ORD-0003005,CUST-006078,2025-06-28,Noise-Canceling Headphones,Electronics,5,182.25,911.25,Returned
ORD-0003006,CUST-006389,2025-09-19,Laptop Stand,Office,5,42.32,211.6,Processing
ORD-0003007,CUST-009647,2025-09-01,Water Bottle,Lifestyle,3,18.94,56.82,Completed
ORD-0003008,CUST-001742,2026-08-27,Mechanical Keyboard,Electronics,1,90.06,90.06,Completed
ORD-0003009,CUST-007037,2026-08-13,Desk Organizer,Office,3,23.27,69.81,Completed
ORD-0003010,CUST-005702,2025-07-28,Laptop Stand,Office,6,47.77,286.62,Processing
ORD-0003011,CUST-007664,2022-11-28,Standing Desk,Furniture,6,436.46,2618.76,Completed
ORD-0003012,CUST-002077,2026-08-25,Ergonomic Chair,Furniture,3,227.56,682.68,Returned
ORD-0003013,CUST-008218,2025-07-08,Backpack,Lifestyle,2,54.86,109.72,Cancelled
ORD-0003014,CUST-004071,2025-03-27,Laptop Stand,Office,3,49.25,147.75,Completed
ORD-0003015,CUST-000698,2023-07-25,Standing Desk,Furniture,5,410.48,2052.4,Completed
ORD-0003016,CUST-006981,2026-01-16,Water Bottle,Lifestyle,1,18.62,18.62,Completed
ORD-0003017,CUST-008467,2023-06-21,Notebook Set,Stationery,4,12.06,48.24,Completed
ORD-0003018,CUST-009135,2026-08-10,Backpack,Lifestyle,3,57.23,171.69,Completed
ORD-0003019,CUST-003915,2026-03-10,Water Bottle,Lifestyle,6,18.99,113.94,Returned
ORD-0003020,CUST-005931,2025-11-22,Water Bottle,Lifestyle,5,18.35,91.75,Completed
ORD-0003021,CUST-003833,2024-01-25,Ergonomic Chair,Furniture,2,265.52,531.04,Shipped
ORD-0003022,CUST-004311,2026-08-15,USB-C Hub,Electronics,2,48.45,96.9,Completed
ORD-0003023,CUST-001081,2025-10-06,Mechanical Keyboard,Electronics,5,83.74,418.7,Completed
ORD-0003024,CUST-007525,2026-05-02,Water Bottle,Lifestyle,1,19.01,19.01,Completed
ORD-0003025,CUST-003648,2024-10-14,Noise-Canceling Headphones,Electronics,3,193.28,579.84,Cancelled
ORD-0003026,CUST-002517,2026-04-22,Wireless Mouse,Electronics,6,30.81,184.86,Processing
ORD-0003027,CUST-004702,2026-01-06,Desk Organizer,Office,5,24.22,121.1,Completed
ORD-0003028,CUST-004781,2021-11-30,Webcam,Electronics,1,76.5,76.5,Cancelled
ORD-0003029,CUST-009718,2025-10-07,Mechanical Keyboard,Electronics,1,96.73,96.73,Completed
ORD-0003030,CUST-008035,2023-02-23,Ergonomic Chair,Furniture,4,232.36,929.44,Shipped
ORD-0003031,CUST-009282,2025-02-10,Standing Desk,Furniture,3,437.83,1313.49,Completed
ORD-0003032,CUST-008550,2026-08-21,Mechanical Keyboard,Electronics,4,93.47,373.88,Completed
ORD-0003033,CUST-008657,2021-09-01,Wireless Mouse,Electronics,1,28.87,28.87,Cancelled
ORD-0003034,CUST-006486,2025-06-04,Wireless Mouse,Electronics,1,30.31,30.31,Completed
ORD-0003035,CUST-007715,2026-08-21,Backpack,Lifestyle,6,59.85,359.1,Completed
ORD-0003036,CUST-009063,2026-05-20,Laptop Stand,Office,5,45.78,228.9,Shipped
ORD-0003037,CUST-007326,2026-04-24,USB-C Hub,Electronics,4,51.92,207.68,Returned
ORD-0003038,CUST-002937,2025-07-17,Desk Organizer,Office,2,24.92,49.84,Cancelled
ORD-0003039,CUST-000790,2025-11-16,USB-C Hub,Electronics,3,46.49,139.47,Completed
ORD-0003040,CUST-005595,2024-06-26,USB-C Hub,Electronics,6,53.13,318.78,Completed
ORD-0003041,CUST-001415,2025-10-08,USB-C Hub,Electronics,5,46.23,231.15,Returned
ORD-0003042,CUST-008135,2024-07-13,Wireless Mouse,Electronics,5,27.99,139.95,Completed
ORD-0003043,CUST-009833,2026-02-21,Water Bottle,Lifestyle,1,18.94,18.94,Completed
ORD-0003044,CUST-004262,2025-08-17,Webcam,Electronics,1,74.96,74.96,Returned
ORD-0003045,CUST-007141,2021-06-06,Backpack,Lifestyle,1,62.08,62.08,Cancelled
ORD-0003046,CUST-002855,2026-02-04,Ergonomic Chair,Furniture,6,272,1632,Completed
ORD-0003047,CUST-002468,2025-08-12,Laptop Stand,Office,4,48.02,192.08,Cancelled
ORD-0003048,CUST-003935,2025-03-30,Water Bottle,Lifestyle,1,20.51,20.51,Shipped
ORD-0003049,CUST-006067,2026-09-06,Laptop Stand,Office,3,42.16,126.48,Cancelled
ORD-0003050,CUST-000388,2025-07-04,Laptop Stand,Office,6,48.29,289.74,Completed
ORD-0003051,CUST-001502,2021-11-27,USB-C Hub,Electronics,3,48.8,146.4,Cancelled
ORD-0003052,CUST-000285,2025-09-26,Water Bottle,Lifestyle,3,20.7,62.1,Completed
ORD-0003053,CUST-003057,2026-07-08,Backpack,Lifestyle,3,53.93,161.79,Processing
ORD-0003054,CUST-007141,2023-09-08,Laptop Stand,Office,4,43.22,172.88,Completed
ORD-0003055,CUST-006936,2022-01-17,Wireless Mouse,Electronics,6,31.94,191.64,Processing
ORD-0003056,CUST-007954,2024-08-03,Webcam,Electronics,5,71.34,356.7,Completed
ORD-0003057,CUST-007350,2023-11-22,Wireless Mouse,Electronics,1,28.34,28.34,Completed
ORD-0003058,CUST-001373,2026-04-22,Noise-Canceling Headphones,Electronics,3,172.25,516.75,Shipped
ORD-0003059,CUST-001104,2024-08-28,Desk Organizer,Office,2,24.71,49.42,Processing
ORD-0003060,CUST-000841,2026-07-04,Webcam,Electronics,6,80.56,483.36,Completed
ORD-0003061,CUST-006753,2022-06-11,Standing Desk,Furniture,1,416.69,416.69,Completed
ORD-0003062,CUST-000043,2026-06-29,Standing Desk,Furniture,3,385.27,1155.81,Processing
ORD-0003063,CUST-006935,2024-10-16,Wireless Mouse,Electronics,4,31.96,127.84,Cancelled
ORD-0003064,CUST-000525,2025-11-16,Mechanical Keyboard,Electronics,3,92.08,276.24,Processing
ORD-0003065,CUST-004973,2024-08-05,Water Bottle,Lifestyle,6,17.64,105.84,Returned
ORD-0003066,CUST-003799,2025-06-21,USB-C Hub,Electronics,1,45.91,45.91,Returned
ORD-0003067,CUST-009338,2025-11-24,Mechanical Keyboard,Electronics,4,80.91,323.64,Shipped
ORD-0003068,CUST-002809,2026-01-11,Laptop Stand,Office,6,45.03,270.18,Returned
ORD-0003069,CUST-002063,2026-08-21,Notebook Set,Stationery,6,13.53,81.18,Returned
ORD-0003070,CUST-000076,2026-04-17,Laptop Stand,Office,1,43.68,43.68,Completed
ORD-0003071,CUST-009713,2026-04-21,Backpack,Lifestyle,5,59.69,298.45,Completed
ORD-0003072,CUST-002382,2021-11-10,USB-C Hub,Electronics,5,44.81,224.05,Shipped
ORD-0003073,CUST-007993,2025-06-19,Backpack,Lifestyle,1,53.92,53.92,Processing
ORD-0003074,CUST-004330,2026-02-19,Webcam,Electronics,2,73.24,146.48,Shipped
ORD-0003075,CUST-003591,2024-07-14,Ergonomic Chair,Furniture,5,224.41,1122.05,Cancelled
ORD-0003076,CUST-005619,2025-07-22,Laptop Stand,Office,4,43.32,173.28,Processing
ORD-0003077,CUST-009355,2023-04-25,Ergonomic Chair,Furniture,5,263.57,1317.85,Completed
ORD-0003078,CUST-009394,2025-01-12,Desk Organizer,Office,6,23.54,141.24,Completed
ORD-0003079,CUST-001392,2023-04-16,Noise-Canceling Headphones,Electronics,5,162.65,813.25,Returned
ORD-0003080,CUST-001495,2024-01-05,Ergonomic Chair,Furniture,4,248.31,993.24,Cancelled
ORD-0003081,CUST-009184,2022-09-26,Notebook Set,Stationery,1,13.18,13.18,Completed
ORD-0003082,CUST-002959,2025-07-06,Backpack,Lifestyle,6,65.33,391.98,Completed
ORD-0003083,CUST-002315,2024-11-10,Notebook Set,Stationery,3,13.45,40.35,Completed
ORD-0003084,CUST-000626,2026-05-18,Water Bottle,Lifestyle,6,19.73,118.38,Cancelled
ORD-0003085,CUST-009907,2021-09-14,Ergonomic Chair,Furniture,4,229.06,916.24,Completed
ORD-0003086,CUST-003174,2024-09-15,Laptop Stand,Office,4,45.58,182.32,Completed
ORD-0003087,CUST-001347,2026-08-09,Laptop Stand,Office,4,43.76,175.04,Returned
ORD-0003088,CUST-002444,2026-05-17,Water Bottle,Lifestyle,6,18.52,111.12,Shipped
ORD-0003089,CUST-009418,2025-07-06,Noise-Canceling Headphones,Electronics,3,197.06,591.18,Returned
ORD-0003090,CUST-002385,2025-08-25,Desk Organizer,Office,3,25.45,76.35,Returned
ORD-0003091,CUST-009402,2021-08-09,Water Bottle,Lifestyle,4,17.96,71.84,Cancelled
ORD-0003092,CUST-000482,2025-11-12,Desk Organizer,Office,2,24.67,49.34,Shipped
ORD-0003093,CUST-000278,2025-04-15,Wireless Mouse,Electronics,3,30.04,90.12,Processing
ORD-0003094,CUST-008983,2025-11-15,Desk Organizer,Office,6,22.09,132.54,Shipped
ORD-0003095,CUST-006580,2025-01-29,Water Bottle,Lifestyle,6,20.65,123.9,Cancelled
ORD-0003096,CUST-005797,2025-01-06,Backpack,Lifestyle,5,62.95,314.75,Cancelled
ORD-0003097,CUST-002037,2026-04-28,Desk Organizer,Office,3,24.24,72.72,Processing
ORD-0003098,CUST-007387,2022-04-12,Mechanical Keyboard,Electronics,3,87.02,261.06,Returned
ORD-0003099,CUST-008558,2026-01-03,USB-C Hub,Electronics,3,47.25,141.75,Completed
ORD-0003100,CUST-008512,2022-04-08,Wireless Mouse,Electronics,5,28.57,142.85,Processing
ORD-0003101,CUST-006686,2021-10-22,Mechanical Keyboard,Electronics,4,91.09,364.36,Completed
ORD-0003102,CUST-006154,2023-11-19,Backpack,Lifestyle,6,63.63,381.78,Completed
ORD-0003103,CUST-006095,2026-03-30,Ergonomic Chair,Furniture,5,267.92,1339.6,Processing
ORD-0003104,CUST-007483,2025-12-30,Mechanical Keyboard,Electronics,6,85.18,511.08,Processing
ORD-0003105,CUST-007229,2023-04-21,Ergonomic Chair,Furniture,5,253.83,1269.15,Completed
ORD-0003106,CUST-004200,2024-09-05,Laptop Stand,Office,3,46.17,138.51,Completed
ORD-0003107,CUST-007677,2024-08-29,Water Bottle,Lifestyle,5,19.03,95.15,Shipped
ORD-0003108,CUST-008092,2026-04-18,Webcam,Electronics,4,77.85,311.4,Completed
ORD-0003109,CUST-009383,2026-05-21,Backpack,Lifestyle,3,55.31,165.93,Processing
ORD-0003110,CUST-005164,2026-04-08,USB-C Hub,Electronics,3,50.33,150.99,Completed
ORD-0003111,CUST-005272,2026-05-18,Water Bottle,Lifestyle,5,19.23,96.15,Returned
ORD-0003112,CUST-008167,2023-01-08,Webcam,Electronics,6,77.61,465.66,Cancelled
ORD-0003113,CUST-006402,2023-01-11,Notebook Set,Stationery,1,12.45,12.45,Processing
ORD-0003114,CUST-009886,2024-11-27,Wireless Mouse,Electronics,2,32.7,65.4,Completed
ORD-0003115,CUST-003220,2026-03-06,Wireless Mouse,Electronics,3,28.11,84.33,Completed
ORD-0003116,CUST-002022,2026-08-27,Mechanical Keyboard,Electronics,2,85.94,171.88,Returned
ORD-0003117,CUST-007028,2026-06-15,Water Bottle,Lifestyle,4,19.59,78.36,Returned
ORD-0003118,CUST-007010,2026-04-18,Noise-Canceling Headphones,Electronics,3,168.3,504.9,Completed
ORD-0003119,CUST-000244,2025-09-05,Ergonomic Chair,Furniture,3,224.54,673.62,Completed
ORD-0003120,CUST-002626,2022-08-06,Ergonomic Chair,Furniture,3,252.59,757.77,Completed
ORD-0003121,CUST-006561,2026-08-13,Laptop Stand,Office,6,46.26,277.56,Completed
ORD-0003122,CUST-001716,2021-03-30,Backpack,Lifestyle,1,59.09,59.09,Completed
ORD-0003123,CUST-004586,2026-03-07,Water Bottle,Lifestyle,5,17.51,87.55,Completed
ORD-0003124,CUST-001898,2025-12-29,Noise-Canceling Headphones,Electronics,3,179.82,539.46,Shipped
ORD-0003125,CUST-001064,2023-09-18,Water Bottle,Lifestyle,1,19.74,19.74,Cancelled
ORD-0003126,CUST-002577,2025-03-06,Desk Organizer,Office,5,24.31,121.55,Cancelled
ORD-0003127,CUST-002271,2025-12-01,Webcam,Electronics,6,71.46,428.76,Returned
ORD-0003128,CUST-009122,2026-04-14,Backpack,Lifestyle,5,57.94,289.7,Completed
ORD-0003129,CUST-004681,2023-12-18,Webcam,Electronics,5,74.93,374.65,Completed
ORD-0003130,CUST-006538,2021-09-27,Water Bottle,Lifestyle,4,20.87,83.48,Shipped
ORD-0003131,CUST-008489,2026-04-06,Backpack,Lifestyle,3,63.72,191.16,Completed
ORD-0003132,CUST-007492,2021-05-18,Wireless Mouse,Electronics,2,28.32,56.64,Shipped
ORD-0003133,CUST-000092,2021-12-24,Backpack,Lifestyle,5,58.22,291.1,Completed
ORD-0003134,CUST-002021,2020-12-14,Ergonomic Chair,Furniture,5,254.9,1274.5,Completed
ORD-0003135,CUST-002114,2022-07-12,Ergonomic Chair,Furniture,3,232.18,696.54,Completed
ORD-0003136,CUST-008779,2025-12-27,Wireless Mouse,Electronics,5,26.99,134.95,Returned
ORD-0003137,CUST-002082,2026-08-11,Water Bottle,Lifestyle,3,17.35,52.05,Shipped
ORD-0003138,CUST-000157,2025-09-29,Desk Organizer,Office,5,26.72,133.6,Completed
ORD-0003139,CUST-003332,2023-09-12,Wireless Mouse,Electronics,6,28.41,170.46,Completed
ORD-0003140,CUST-006124,2026-07-29,Standing Desk,Furniture,6,404.34,2426.04,Processing
ORD-0003141,CUST-004245,2025-11-25,Backpack,Lifestyle,6,63.61,381.66,Returned
ORD-0003142,CUST-004139,2026-07-10,Notebook Set,Stationery,4,13.61,54.44,Processing
ORD-0003143,CUST-004411,2026-02-19,USB-C Hub,Electronics,5,45.24,226.2,Cancelled
ORD-0003144,CUST-004958,2024-01-29,Webcam,Electronics,4,74.14,296.56,Completed
ORD-0003145,CUST-008806,2026-06-02,Webcam,Electronics,6,70.99,425.94,Completed
ORD-0003146,CUST-006706,2020-04-18,Desk Organizer,Office,5,23.5,117.5,Returned
ORD-0003147,CUST-003582,2022-12-23,Laptop Stand,Office,4,47.28,189.12,Cancelled
ORD-0003148,CUST-002040,2024-09-01,Mechanical Keyboard,Electronics,6,94.24,565.44,Completed
ORD-0003149,CUST-009567,2024-04-27,Standing Desk,Furniture,5,405.47,2027.35,Processing
ORD-0003150,CUST-005746,2023-12-01,Wireless Mouse,Electronics,2,28.9,57.8,Completed
ORD-0003151,CUST-002054,2025-10-03,Standing Desk,Furniture,5,375.15,1875.75,Completed
ORD-0003152,CUST-002631,2023-05-28,Wireless Mouse,Electronics,6,27.31,163.86,Completed
ORD-0003153,CUST-007989,2026-07-11,USB-C Hub,Electronics,2,44.29,88.58,Completed
ORD-0003154,CUST-008027,2023-08-02,Backpack,Lifestyle,1,58.89,58.89,Returned
ORD-0003155,CUST-004147,2025-07-24,Backpack,Lifestyle,4,54.12,216.48,Shipped
ORD-0003156,CUST-005782,2023-11-19,Backpack,Lifestyle,4,55.1,220.4,Returned
ORD-0003157,CUST-002383,2026-05-29,Standing Desk,Furniture,3,437.3,1311.9,Returned
ORD-0003158,CUST-001051,2025-12-14,Desk Organizer,Office,5,23.01,115.05,Cancelled
ORD-0003159,CUST-000559,2025-10-27,Ergonomic Chair,Furniture,1,237.35,237.35,Completed
ORD-0003160,CUST-007755,2022-08-25,Noise-Canceling Headphones,Electronics,2,192.28,384.56,Cancelled
ORD-0003161,CUST-000240,2024-04-13,USB-C Hub,Electronics,1,44.92,44.92,Processing
ORD-0003162,CUST-003037,2024-10-21,Wireless Mouse,Electronics,5,28.47,142.35,Shipped
ORD-0003163,CUST-004748,2021-12-29,Mechanical Keyboard,Electronics,4,85.72,342.88,Cancelled
ORD-0003164,CUST-003566,2025-11-26,Wireless Mouse,Electronics,1,32.99,32.99,Completed
ORD-0003165,CUST-003676,2021-03-27,Ergonomic Chair,Furniture,4,259.77,1039.08,Returned
ORD-0003166,CUST-001027,2025-05-14,Laptop Stand,Office,2,44.89,89.78,Completed
ORD-0003167,CUST-002446,2025-11-15,Mechanical Keyboard,Electronics,2,88.43,176.86,Completed
ORD-0003168,CUST-006650,2025-03-07,Ergonomic Chair,Furniture,1,227.63,227.63,Completed
ORD-0003169,CUST-008011,2023-07-31,Laptop Stand,Office,6,48.11,288.66,Returned
ORD-0003170,CUST-007112,2021-05-29,Webcam,Electronics,6,79.59,477.54,Returned
ORD-0003171,CUST-004296,2026-08-26,Mechanical Keyboard,Electronics,4,92.42,369.68,Completed
ORD-0003172,CUST-006659,2021-11-07,Backpack,Lifestyle,2,61.5,123,Cancelled
ORD-0003173,CUST-003464,2025-10-30,Standing Desk,Furniture,6,374.72,2248.32,Cancelled
ORD-0003174,CUST-002793,2025-05-09,Wireless Mouse,Electronics,1,27.26,27.26,Completed
ORD-0003175,CUST-001612,2026-03-05,Backpack,Lifestyle,5,60.31,301.55,Processing
ORD-0003176,CUST-005373,2026-06-04,Noise-Canceling Headphones,Electronics,2,193.2,386.4,Completed
ORD-0003177,CUST-009978,2023-10-25,Laptop Stand,Office,4,46.15,184.6,Cancelled
ORD-0003178,CUST-001457,2021-08-22,Backpack,Lifestyle,6,63.21,379.26,Completed
ORD-0003179,CUST-005266,2025-03-16,Noise-Canceling Headphones,Electronics,2,190.31,380.62,Completed
ORD-0003180,CUST-000750,2024-10-22,Laptop Stand,Office,2,43.38,86.76,Completed
ORD-0003181,CUST-005171,2026-04-18,Desk Organizer,Office,2,26.92,53.84,Completed
ORD-0003182,CUST-008984,2026-06-29,Water Bottle,Lifestyle,5,18.77,93.85,Completed
ORD-0003183,CUST-007704,2026-07-14,Noise-Canceling Headphones,Electronics,4,185.26,741.04,Completed
ORD-0003184,CUST-009089,2023-01-03,Water Bottle,Lifestyle,2,17.92,35.84,Cancelled
ORD-0003185,CUST-005410,2025-05-13,Notebook Set,Stationery,3,11.8,35.4,Shipped
ORD-0003186,CUST-002480,2024-04-25,Backpack,Lifestyle,1,62.41,62.41,Cancelled
ORD-0003187,CUST-008074,2021-01-14,Desk Organizer,Office,5,22.78,113.9,Shipped
ORD-0003188,CUST-005327,2025-08-02,Laptop Stand,Office,5,49.38,246.9,Completed
ORD-0003189,CUST-000007,2025-03-26,Ergonomic Chair,Furniture,6,238.51,1431.06,Cancelled
ORD-0003190,CUST-007129,2025-09-25,Ergonomic Chair,Furniture,1,272.41,272.41,Cancelled
ORD-0003191,CUST-000498,2023-06-21,Desk Organizer,Office,3,23.35,70.05,Shipped
ORD-0003192,CUST-001453,2023-07-27,Desk Organizer,Office,6,26.54,159.24,Processing
ORD-0003193,CUST-008547,2026-03-30,Ergonomic Chair,Furniture,1,266.59,266.59,Completed
ORD-0003194,CUST-001173,2026-03-28,Noise-Canceling Headphones,Electronics,4,181.19,724.76,Cancelled
ORD-0003195,CUST-005449,2023-11-11,Wireless Mouse,Electronics,4,30.27,121.08,Completed
ORD-0003196,CUST-003053,2024-07-20,Wireless Mouse,Electronics,5,29.78,148.9,Processing
ORD-0003197,CUST-001336,2025-02-03,Standing Desk,Furniture,5,383.83,1919.15,Completed
ORD-0003198,CUST-009022,2026-01-31,Laptop Stand,Office,1,45.32,45.32,Shipped
ORD-0003199,CUST-004271,2025-11-13,Laptop Stand,Office,3,40.82,122.46,Processing
ORD-0003200,CUST-003979,2026-02-21,Wireless Mouse,Electronics,4,29.95,119.8,Processing
ORD-0003201,CUST-002976,2026-06-26,Notebook Set,Stationery,2,13.01,26.02,Cancelled
ORD-0003202,CUST-002479,2026-09-04,Desk Organizer,Office,1,22.7,22.7,Completed
ORD-0003203,CUST-006809,2025-02-04,Mechanical Keyboard,Electronics,2,89.97,179.94,Completed
ORD-0003204,CUST-009139,2026-07-16,Laptop Stand,Office,6,42.64,255.84,Completed
ORD-0003205,CUST-009060,2022-02-09,Laptop Stand,Office,6,47.3,283.8,Returned
ORD-0003206,CUST-000101,2022-11-24,Wireless Mouse,Electronics,1,30.81,30.81,Completed
ORD-0003207,CUST-002177,2026-03-26,Water Bottle,Lifestyle,4,17.3,69.2,Processing
ORD-0003208,CUST-005418,2025-08-22,Wireless Mouse,Electronics,6,27.9,167.4,Cancelled
ORD-0003209,CUST-006004,2025-01-13,Standing Desk,Furniture,2,427.57,855.14,Shipped
ORD-0003210,CUST-004675,2025-01-08,Noise-Canceling Headphones,Electronics,1,181.24,181.24,Shipped
ORD-0003211,CUST-002638,2025-05-09,Wireless Mouse,Electronics,5,31.89,159.45,Shipped
ORD-0003212,CUST-000719,2023-02-13,Notebook Set,Stationery,2,12.68,25.36,Processing
ORD-0003213,CUST-003987,2026-05-06,Water Bottle,Lifestyle,1,18.11,18.11,Completed
ORD-0003214,CUST-008823,2023-01-10,Wireless Mouse,Electronics,5,28.45,142.25,Completed
ORD-0003215,CUST-000622,2025-04-14,Wireless Mouse,Electronics,4,28.77,115.08,Completed
ORD-0003216,CUST-001132,2026-04-02,Ergonomic Chair,Furniture,4,259.72,1038.88,Cancelled
ORD-0003217,CUST-003033,2025-08-08,Wireless Mouse,Electronics,4,28.46,113.84,Returned
ORD-0003218,CUST-008739,2023-08-14,Webcam,Electronics,2,77.01,154.02,Returned
ORD-0003219,CUST-008859,2025-07-17,Backpack,Lifestyle,4,62.72,250.88,Completed
ORD-0003220,CUST-006228,2022-08-15,Desk Organizer,Office,1,26.39,26.39,Processing
ORD-0003221,CUST-002206,2023-10-29,Mechanical Keyboard,Electronics,2,95.11,190.22,Completed
ORD-0003222,CUST-006036,2025-11-06,Backpack,Lifestyle,6,62.93,377.58,Completed
ORD-0003223,CUST-003640,2025-12-05,Webcam,Electronics,6,67.94,407.64,Processing
ORD-0003224,CUST-002471,2026-06-11,Laptop Stand,Office,6,45.46,272.76,Processing
ORD-0003225,CUST-001937,2026-01-17,Mechanical Keyboard,Electronics,2,97.8,195.6,Completed
ORD-0003226,CUST-007732,2025-11-28,Standing Desk,Furniture,4,400.25,1601,Completed
ORD-0003227,CUST-001208,2020-08-10,Backpack,Lifestyle,5,63.05,315.25,Shipped
ORD-0003228,CUST-004772,2023-07-18,Backpack,Lifestyle,1,62.26,62.26,Processing
ORD-0003229,CUST-009469,2023-10-28,USB-C Hub,Electronics,1,45.79,45.79,Shipped
ORD-0003230,CUST-004355,2025-11-08,Standing Desk,Furniture,6,365.53,2193.18,Cancelled
ORD-0003231,CUST-007265,2026-09-07,Laptop Stand,Office,4,45.32,181.28,Completed
ORD-0003232,CUST-006145,2026-03-22,Laptop Stand,Office,5,45.29,226.45,Cancelled
ORD-0003233,CUST-007435,2025-02-15,Wireless Mouse,Electronics,5,28.34,141.7,Completed
ORD-0003234,CUST-006170,2025-11-17,Ergonomic Chair,Furniture,1,258.74,258.74,Shipped
ORD-0003235,CUST-009612,2025-05-18,Backpack,Lifestyle,4,63.17,252.68,Processing
ORD-0003236,CUST-005508,2026-06-26,Water Bottle,Lifestyle,3,19.82,59.46,Shipped
ORD-0003237,CUST-005556,2024-10-17,Wireless Mouse,Electronics,5,29.1,145.5,Processing
ORD-0003238,CUST-007538,2023-09-15,Notebook Set,Stationery,2,12.1,24.2,Completed
ORD-0003239,CUST-003909,2026-02-12,Webcam,Electronics,5,80.98,404.9,Completed
ORD-0003240,CUST-003599,2024-09-18,Desk Organizer,Office,5,26.7,133.5,Completed
ORD-0003241,CUST-005466,2026-06-10,Ergonomic Chair,Furniture,1,258.42,258.42,Returned
ORD-0003242,CUST-009397,2026-08-19,USB-C Hub,Electronics,1,51.49,51.49,Cancelled
ORD-0003243,CUST-002563,2026-08-31,Standing Desk,Furniture,1,410.56,410.56,Completed
ORD-0003244,CUST-007016,2023-08-02,Water Bottle,Lifestyle,4,20.7,82.8,Returned
ORD-0003245,CUST-008660,2024-03-05,Wireless Mouse,Electronics,6,27.17,163.02,Shipped
ORD-0003246,CUST-009863,2023-10-16,Mechanical Keyboard,Electronics,2,92.43,184.86,Completed
ORD-0003247,CUST-006737,2021-09-05,Standing Desk,Furniture,5,387.41,1937.05,Completed
ORD-0003248,CUST-000391,2022-05-12,Mechanical Keyboard,Electronics,5,88.44,442.2,Shipped
ORD-0003249,CUST-007567,2024-03-27,Webcam,Electronics,2,80.05,160.1,Returned
ORD-0003250,CUST-002964,2024-08-27,Webcam,Electronics,6,80.31,481.86,Processing
ORD-0003251,CUST-001490,2023-11-18,Mechanical Keyboard,Electronics,1,89.89,89.89,Cancelled
ORD-0003252,CUST-006676,2025-06-18,Ergonomic Chair,Furniture,3,267.18,801.54,Completed
ORD-0003253,CUST-009753,2023-06-13,Standing Desk,Furniture,4,437.92,1751.68,Completed
ORD-0003254,CUST-005496,2025-11-15,Notebook Set,Stationery,6,13.79,82.74,Completed
ORD-0003255,CUST-004038,2025-09-08,Ergonomic Chair,Furniture,3,261.76,785.28,Completed
ORD-0003256,CUST-005566,2024-09-16,Notebook Set,Stationery,4,13.95,55.8,Completed
ORD-0003257,CUST-005243,2026-05-02,Backpack,Lifestyle,2,62.57,125.14,Completed
ORD-0003258,CUST-002002,2025-12-29,Notebook Set,Stationery,4,11.75,47,Completed
ORD-0003259,CUST-005139,2025-04-20,Standing Desk,Furniture,2,396.16,792.32,Completed
ORD-0003260,CUST-000040,2024-08-13,Wireless Mouse,Electronics,2,28,56,Completed
ORD-0003261,CUST-006969,2025-10-05,Noise-Canceling Headphones,Electronics,4,181.87,727.48,Shipped
ORD-0003262,CUST-007875,2024-07-27,Standing Desk,Furniture,2,413.47,826.94,Cancelled
ORD-0003263,CUST-003606,2026-02-22,Wireless Mouse,Electronics,6,31.61,189.66,Processing
ORD-0003264,CUST-001029,2025-06-06,Laptop Stand,Office,4,47.02,188.08,Returned
ORD-0003265,CUST-004347,2026-04-30,Wireless Mouse,Electronics,2,32.23,64.46,Processing
ORD-0003266,CUST-000595,2024-09-24,Backpack,Lifestyle,5,62.96,314.8,Completed
ORD-0003267,CUST-003944,2023-09-16,Desk Organizer,Office,3,25.7,77.1,Shipped
ORD-0003268,CUST-000209,2022-02-07,Backpack,Lifestyle,3,62.79,188.37,Shipped
ORD-0003269,CUST-009973,2024-06-21,Mechanical Keyboard,Electronics,3,81.12,243.36,Returned
ORD-0003270,CUST-009078,2026-02-05,Webcam,Electronics,3,77.75,233.25,Completed
ORD-0003271,CUST-007111,2025-06-21,Backpack,Lifestyle,3,64.9,194.7,Processing
ORD-0003272,CUST-000921,2026-04-24,Noise-Canceling Headphones,Electronics,4,165.31,661.24,Returned
ORD-0003273,CUST-009450,2025-05-09,Webcam,Electronics,1,68,68,Completed
ORD-0003274,CUST-001161,2026-07-29,Noise-Canceling Headphones,Electronics,5,162.3,811.5,Completed
ORD-0003275,CUST-004405,2026-03-27,Standing Desk,Furniture,2,384.4,768.8,Completed
ORD-0003276,CUST-007210,2026-05-12,Ergonomic Chair,Furniture,5,261.43,1307.15,Completed
ORD-0003277,CUST-004337,2026-07-30,Standing Desk,Furniture,1,371.3,371.3,Shipped
ORD-0003278,CUST-009202,2021-04-16,Laptop Stand,Office,2,48.54,97.08,Returned
ORD-0003279,CUST-004475,2024-12-26,Laptop Stand,Office,6,42.9,257.4,Completed
ORD-0003280,CUST-000996,2023-10-28,Notebook Set,Stationery,1,12.86,12.86,Completed
ORD-0003281,CUST-008222,2026-03-29,Desk Organizer,Office,1,26.44,26.44,Completed
ORD-0003282,CUST-003818,2026-07-13,Notebook Set,Stationery,4,12.15,48.6,Shipped
ORD-0003283,CUST-003459,2026-05-29,Desk Organizer,Office,2,23.33,46.66,Completed
ORD-0003284,CUST-007366,2024-10-28,Standing Desk,Furniture,3,377.66,1132.98,Completed
ORD-0003285,CUST-005920,2024-03-20,Backpack,Lifestyle,6,59.49,356.94,Processing
ORD-0003286,CUST-005735,2022-08-17,Notebook Set,Stationery,6,13.61,81.66,Completed
ORD-0003287,CUST-008245,2025-12-06,Webcam,Electronics,6,74.41,446.46,Completed
ORD-0003288,CUST-007993,2025-02-15,Laptop Stand,Office,5,45.99,229.95,Shipped
ORD-0003289,CUST-005800,2024-07-12,Noise-Canceling Headphones,Electronics,3,191.81,575.43,Completed
ORD-0003290,CUST-005769,2022-08-05,USB-C Hub,Electronics,4,48.72,194.88,Returned
ORD-0003291,CUST-002859,2026-08-15,Noise-Canceling Headphones,Electronics,1,169.78,169.78,Completed
ORD-0003292,CUST-002676,2023-12-11,Backpack,Lifestyle,5,58.18,290.9,Processing
ORD-0003293,CUST-005235,2026-06-17,Backpack,Lifestyle,4,64.84,259.36,Completed
ORD-0003294,CUST-002933,2024-06-09,Notebook Set,Stationery,1,11.89,11.89,Returned
ORD-0003295,CUST-007973,2025-08-14,Water Bottle,Lifestyle,3,20.14,60.42,Returned
ORD-0003296,CUST-009012,2022-10-14,Ergonomic Chair,Furniture,2,265.94,531.88,Completed
ORD-0003297,CUST-009171,2026-06-09,Standing Desk,Furniture,2,435.37,870.74,Returned
ORD-0003298,CUST-000668,2026-06-09,Laptop Stand,Office,3,48.5,145.5,Processing
ORD-0003299,CUST-003547,2026-06-24,Laptop Stand,Office,2,47.79,95.58,Processing
ORD-0003300,CUST-000187,2026-07-21,Webcam,Electronics,6,71.67,430.02,Cancelled
ORD-0003301,CUST-001831,2026-01-28,Noise-Canceling Headphones,Electronics,4,165.96,663.84,Shipped
ORD-0003302,CUST-001197,2023-08-06,Desk Organizer,Office,2,23.48,46.96,Cancelled
ORD-0003303,CUST-004586,2025-04-07,USB-C Hub,Electronics,6,52.85,317.1,Processing
ORD-0003304,CUST-000891,2025-06-08,Standing Desk,Furniture,5,412.42,2062.1,Completed
ORD-0003305,CUST-001539,2023-10-26,USB-C Hub,Electronics,6,46.96,281.76,Processing
ORD-0003306,CUST-008003,2020-03-14,Desk Organizer,Office,4,22.47,89.88,Completed
ORD-0003307,CUST-000030,2025-03-22,Ergonomic Chair,Furniture,4,230.52,922.08,Returned
ORD-0003308,CUST-001369,2026-01-09,Wireless Mouse,Electronics,1,27.65,27.65,Completed
ORD-0003309,CUST-008665,2025-06-01,Desk Organizer,Office,6,25.78,154.68,Shipped
ORD-0003310,CUST-006441,2022-03-10,Mechanical Keyboard,Electronics,5,87.6,438,Returned
ORD-0003311,CUST-004764,2025-12-24,Mechanical Keyboard,Electronics,5,93.99,469.95,Returned
ORD-0003312,CUST-009578,2026-02-15,USB-C Hub,Electronics,3,48.18,144.54,Returned
ORD-0003313,CUST-006705,2023-11-23,Ergonomic Chair,Furniture,2,235.9,471.8,Completed
ORD-0003314,CUST-002463,2021-04-03,Noise-Canceling Headphones,Electronics,1,191.35,191.35,Completed
ORD-0003315,CUST-004755,2024-09-09,Water Bottle,Lifestyle,4,17.46,69.84,Completed
ORD-0003316,CUST-001492,2025-11-24,Water Bottle,Lifestyle,1,19.15,19.15,Shipped
ORD-0003317,CUST-006476,2024-12-16,Backpack,Lifestyle,6,56.94,341.64,Cancelled
ORD-0003318,CUST-009476,2025-05-15,Wireless Mouse,Electronics,1,28.97,28.97,Completed
ORD-0003319,CUST-005313,2025-03-12,Mechanical Keyboard,Electronics,5,96.99,484.95,Shipped
ORD-0003320,CUST-009508,2026-05-11,Noise-Canceling Headphones,Electronics,6,169.38,1016.28,Shipped
ORD-0003321,CUST-003442,2023-11-09,Noise-Canceling Headphones,Electronics,2,162.66,325.32,Cancelled
ORD-0003322,CUST-003321,2023-03-08,Noise-Canceling Headphones,Electronics,2,162.72,325.44,Processing
ORD-0003323,CUST-002481,2025-05-24,Laptop Stand,Office,6,49.22,295.32,Completed
ORD-0003324,CUST-008999,2025-10-11,Desk Organizer,Office,1,23.33,23.33,Returned
ORD-0003325,CUST-008162,2026-02-24,Standing Desk,Furniture,4,368,1472,Shipped
ORD-0003326,CUST-005378,2024-05-21,Laptop Stand,Office,3,45.8,137.4,Shipped
ORD-0003327,CUST-007542,2021-09-16,Webcam,Electronics,4,80.89,323.56,Returned
ORD-0003328,CUST-002976,2026-06-28,Standing Desk,Furniture,1,430.25,430.25,Completed
ORD-0003329,CUST-009866,2025-05-11,Backpack,Lifestyle,1,55.05,55.05,Completed
ORD-0003330,CUST-003801,2026-07-25,USB-C Hub,Electronics,1,51.28,51.28,Completed
ORD-0003331,CUST-004659,2026-08-16,Desk Organizer,Office,4,25.76,103.04,Completed
ORD-0003332,CUST-004883,2025-05-16,Backpack,Lifestyle,6,60.65,363.9,Completed
ORD-0003333,CUST-003154,2024-05-26,Desk Organizer,Office,5,22.78,113.9,Completed
ORD-0003334,CUST-002867,2025-04-08,USB-C Hub,Electronics,1,46.48,46.48,Completed
ORD-0003335,CUST-001636,2026-07-14,USB-C Hub,Electronics,3,53.19,159.57,Shipped
ORD-0003336,CUST-009515,2025-07-22,USB-C Hub,Electronics,2,44.21,88.42,Completed
ORD-0003337,CUST-007817,2024-01-14,Desk Organizer,Office,6,25.72,154.32,Cancelled
ORD-0003338,CUST-000461,2025-05-03,Mechanical Keyboard,Electronics,6,80.96,485.76,Completed
ORD-0003339,CUST-003804,2023-03-31,USB-C Hub,Electronics,3,50.24,150.72,Completed
ORD-0003340,CUST-002060,2022-12-05,Noise-Canceling Headphones,Electronics,4,180.82,723.28,Cancelled
ORD-0003341,CUST-001790,2022-08-09,Backpack,Lifestyle,2,56.26,112.52,Cancelled
ORD-0003342,CUST-003679,2026-01-21,Noise-Canceling Headphones,Electronics,2,192.3,384.6,Processing
ORD-0003343,CUST-001033,2025-11-18,Noise-Canceling Headphones,Electronics,3,188.76,566.28,Cancelled
ORD-0003344,CUST-005269,2025-01-21,Wireless Mouse,Electronics,5,31.27,156.35,Completed
ORD-0003345,CUST-007227,2024-04-06,USB-C Hub,Electronics,4,46.18,184.72,Returned
ORD-0003346,CUST-002561,2025-05-26,Notebook Set,Stationery,3,13.85,41.55,Completed
ORD-0003347,CUST-007869,2026-08-06,Webcam,Electronics,4,72.37,289.48,Shipped
ORD-0003348,CUST-004745,2025-03-15,Wireless Mouse,Electronics,6,30.58,183.48,Completed
ORD-0003349,CUST-009695,2025-09-04,Desk Organizer,Office,2,24.65,49.3,Cancelled
ORD-0003350,CUST-001945,2025-04-19,Noise-Canceling Headphones,Electronics,5,176.28,881.4,Returned
ORD-0003351,CUST-006796,2026-09-01,Desk Organizer,Office,5,25.45,127.25,Cancelled
ORD-0003352,CUST-002367,2026-02-11,Water Bottle,Lifestyle,4,19.74,78.96,Completed
ORD-0003353,CUST-000502,2024-03-15,Standing Desk,Furniture,5,392.69,1963.45,Returned
ORD-0003354,CUST-001444,2025-06-17,Water Bottle,Lifestyle,6,18.68,112.08,Shipped
ORD-0003355,CUST-004622,2024-05-07,Noise-Canceling Headphones,Electronics,2,194.77,389.54,Shipped
ORD-0003356,CUST-007826,2026-05-27,Desk Organizer,Office,2,26.47,52.94,Completed
ORD-0003357,CUST-002147,2026-04-09,Water Bottle,Lifestyle,3,17.24,51.72,Completed
ORD-0003358,CUST-003560,2026-08-31,Webcam,Electronics,1,70.96,70.96,Completed
ORD-0003359,CUST-001992,2024-12-10,Notebook Set,Stationery,2,13.61,27.22,Cancelled
ORD-0003360,CUST-008301,2025-09-24,Wireless Mouse,Electronics,1,27.93,27.93,Completed
ORD-0003361,CUST-006892,2025-03-22,USB-C Hub,Electronics,1,46.93,46.93,Processing
ORD-0003362,CUST-009905,2023-04-24,Noise-Canceling Headphones,Electronics,2,172.08,344.16,Cancelled
ORD-0003363,CUST-006023,2025-10-20,Mechanical Keyboard,Electronics,5,90.41,452.05,Cancelled
ORD-0003364,CUST-006242,2023-07-26,USB-C Hub,Electronics,2,53.59,107.18,Completed
ORD-0003365,CUST-008461,2026-05-16,Mechanical Keyboard,Electronics,4,97.76,391.04,Cancelled
ORD-0003366,CUST-005565,2023-10-09,Standing Desk,Furniture,3,378.14,1134.42,Returned
ORD-0003367,CUST-006065,2023-07-31,Webcam,Electronics,1,73.22,73.22,Completed
ORD-0003368,CUST-005298,2024-10-07,Ergonomic Chair,Furniture,5,259.26,1296.3,Processing
ORD-0003369,CUST-006868,2026-03-05,Desk Organizer,Office,2,22.94,45.88,Processing
ORD-0003370,CUST-001572,2026-06-17,Mechanical Keyboard,Electronics,4,82.5,330,Processing
ORD-0003371,CUST-002592,2024-12-24,Noise-Canceling Headphones,Electronics,6,183.8,1102.8,Returned
ORD-0003372,CUST-004353,2025-12-27,Notebook Set,Stationery,2,13.34,26.68,Completed
ORD-0003373,CUST-006359,2023-12-07,Mechanical Keyboard,Electronics,6,83.73,502.38,Completed
ORD-0003374,CUST-005517,2024-01-07,Ergonomic Chair,Furniture,5,233.44,1167.2,Returned
ORD-0003375,CUST-009209,2025-04-28,Backpack,Lifestyle,6,58.93,353.58,Processing
ORD-0003376,CUST-009698,2025-03-06,Ergonomic Chair,Furniture,5,240.4,1202,Shipped
ORD-0003377,CUST-006496,2026-07-14,Wireless Mouse,Electronics,6,29.1,174.6,Completed
ORD-0003378,CUST-000275,2023-12-31,Webcam,Electronics,1,69.81,69.81,Completed
ORD-0003379,CUST-007791,2024-04-30,Standing Desk,Furniture,1,418.53,418.53,Completed
ORD-0003380,CUST-005320,2023-04-08,Mechanical Keyboard,Electronics,3,88.68,266.04,Completed
ORD-0003381,CUST-006347,2025-02-09,USB-C Hub,Electronics,1,50.71,50.71,Cancelled
ORD-0003382,CUST-000865,2021-11-05,USB-C Hub,Electronics,3,46.96,140.88,Processing
ORD-0003383,CUST-006746,2024-09-28,USB-C Hub,Electronics,5,52.62,263.1,Cancelled
ORD-0003384,CUST-001325,2022-01-03,Laptop Stand,Office,5,43.19,215.95,Shipped
ORD-0003385,CUST-001815,2024-07-07,Laptop Stand,Office,3,43.86,131.58,Completed
ORD-0003386,CUST-009427,2025-10-21,Noise-Canceling Headphones,Electronics,5,182.78,913.9,Completed
ORD-0003387,CUST-002397,2025-07-22,Water Bottle,Lifestyle,6,18.78,112.68,Cancelled
ORD-0003388,CUST-000477,2022-09-01,Mechanical Keyboard,Electronics,3,92.62,277.86,Completed
ORD-0003389,CUST-006086,2026-07-19,Water Bottle,Lifestyle,1,20.81,20.81,Completed
ORD-0003390,CUST-008328,2026-05-10,Wireless Mouse,Electronics,2,31.99,63.98,Processing
ORD-0003391,CUST-003501,2023-05-23,Laptop Stand,Office,2,42.66,85.32,Cancelled
ORD-0003392,CUST-002867,2026-08-07,Mechanical Keyboard,Electronics,5,83.37,416.85,Processing
ORD-0003393,CUST-003206,2025-03-17,Mechanical Keyboard,Electronics,4,91.3,365.2,Cancelled
ORD-0003394,CUST-001394,2024-07-10,USB-C Hub,Electronics,1,51.58,51.58,Returned
ORD-0003395,CUST-008876,2023-04-07,Webcam,Electronics,1,72.98,72.98,Processing
ORD-0003396,CUST-008707,2026-04-27,Standing Desk,Furniture,2,369.84,739.68,Returned
ORD-0003397,CUST-004775,2026-02-02,Noise-Canceling Headphones,Electronics,3,183.84,551.52,Returned
ORD-0003398,CUST-003264,2024-12-26,Ergonomic Chair,Furniture,6,232.09,1392.54,Completed
ORD-0003399,CUST-008174,2022-06-28,USB-C Hub,Electronics,4,45.01,180.04,Cancelled
ORD-0003400,CUST-009246,2025-01-20,Notebook Set,Stationery,2,12.97,25.94,Completed
ORD-0003401,CUST-009775,2026-05-29,Water Bottle,Lifestyle,5,19.22,96.1,Completed
ORD-0003402,CUST-006873,2026-06-22,USB-C Hub,Electronics,4,52.75,211,Completed
ORD-0003403,CUST-005758,2021-07-29,Ergonomic Chair,Furniture,5,229.71,1148.55,Returned
ORD-0003404,CUST-005816,2026-05-16,Standing Desk,Furniture,1,416.85,416.85,Cancelled
ORD-0003405,CUST-007518,2026-01-08,Noise-Canceling Headphones,Electronics,1,179.44,179.44,Completed
ORD-0003406,CUST-009052,2026-06-25,Mechanical Keyboard,Electronics,5,91.74,458.7,Processing
ORD-0003407,CUST-007719,2022-08-28,Webcam,Electronics,3,71.46,214.38,Completed
ORD-0003408,CUST-006997,2024-03-25,Notebook Set,Stationery,2,12.52,25.04,Returned
ORD-0003409,CUST-003721,2025-10-11,Laptop Stand,Office,5,44.38,221.9,Processing
ORD-0003410,CUST-004266,2022-10-25,Backpack,Lifestyle,3,59.71,179.13,Completed
ORD-0003411,CUST-002011,2022-01-20,USB-C Hub,Electronics,2,44.31,88.62,Completed
ORD-0003412,CUST-003910,2026-07-10,Water Bottle,Lifestyle,4,18.66,74.64,Completed
ORD-0003413,CUST-009704,2026-08-30,Laptop Stand,Office,3,44.05,132.15,Completed
ORD-0003414,CUST-006462,2025-07-28,Backpack,Lifestyle,1,59.78,59.78,Processing
ORD-0003415,CUST-001715,2024-06-03,Notebook Set,Stationery,5,13.28,66.4,Shipped
ORD-0003416,CUST-003639,2025-03-27,Water Bottle,Lifestyle,3,18.92,56.76,Completed
ORD-0003417,CUST-004714,2024-03-22,Mechanical Keyboard,Electronics,1,89.2,89.2,Completed
ORD-0003418,CUST-009055,2023-12-30,Ergonomic Chair,Furniture,5,257.04,1285.2,Completed
ORD-0003419,CUST-001421,2024-06-03,USB-C Hub,Electronics,2,46.53,93.06,Completed
ORD-0003420,CUST-000769,2025-03-21,Notebook Set,Stationery,5,11.98,59.9,Completed
ORD-0003421,CUST-001377,2025-09-07,Wireless Mouse,Electronics,1,29.59,29.59,Completed
ORD-0003422,CUST-003031,2025-04-06,Wireless Mouse,Electronics,1,27.18,27.18,Completed
ORD-0003423,CUST-006745,2023-09-20,Mechanical Keyboard,Electronics,5,85.31,426.55,Completed
ORD-0003424,CUST-007056,2026-07-14,Mechanical Keyboard,Electronics,4,92.49,369.96,Completed
ORD-0003425,CUST-004269,2021-06-29,Mechanical Keyboard,Electronics,5,88.9,444.5,Completed
ORD-0003426,CUST-003178,2020-12-21,Water Bottle,Lifestyle,2,19.58,39.16,Completed
ORD-0003427,CUST-006961,2026-02-02,Noise-Canceling Headphones,Electronics,5,193.71,968.55,Completed
ORD-0003428,CUST-009221,2025-04-09,Ergonomic Chair,Furniture,1,225.36,225.36,Processing
ORD-0003429,CUST-001618,2026-02-01,Notebook Set,Stationery,5,12.49,62.45,Returned
ORD-0003430,CUST-002440,2024-12-22,Notebook Set,Stationery,5,11.83,59.15,Completed
ORD-0003431,CUST-000767,2026-09-02,Noise-Canceling Headphones,Electronics,3,189.13,567.39,Completed
ORD-0003432,CUST-004865,2025-08-24,Backpack,Lifestyle,5,62.38,311.9,Processing
ORD-0003433,CUST-000124,2026-04-11,Water Bottle,Lifestyle,2,17.48,34.96,Shipped
ORD-0003434,CUST-004401,2023-06-30,Wireless Mouse,Electronics,1,27.77,27.77,Completed
ORD-0003435,CUST-005168,2026-09-05,Laptop Stand,Office,2,44.44,88.88,Processing
ORD-0003436,CUST-006517,2025-05-09,Water Bottle,Lifestyle,6,19.91,119.46,Completed
ORD-0003437,CUST-002914,2025-08-17,USB-C Hub,Electronics,1,46.78,46.78,Completed
ORD-0003438,CUST-003886,2025-05-04,Wireless Mouse,Electronics,4,30.58,122.32,Completed
ORD-0003439,CUST-007492,2020-10-10,Desk Organizer,Office,1,22.42,22.42,Returned
ORD-0003440,CUST-003796,2025-09-14,Ergonomic Chair,Furniture,6,241.62,1449.72,Completed
ORD-0003441,CUST-000611,2023-10-20,Webcam,Electronics,1,73.95,73.95,Completed
ORD-0003442,CUST-005696,2024-09-29,USB-C Hub,Electronics,3,53.26,159.78,Processing
ORD-0003443,CUST-000520,2026-04-10,Water Bottle,Lifestyle,4,18.34,73.36,Completed
ORD-0003444,CUST-003709,2022-06-14,Standing Desk,Furniture,2,361.54,723.08,Processing
ORD-0003445,CUST-005537,2025-11-22,Ergonomic Chair,Furniture,6,256.3,1537.8,Processing
ORD-0003446,CUST-001460,2024-10-22,Mechanical Keyboard,Electronics,5,95.72,478.6,Completed
ORD-0003447,CUST-000757,2025-12-13,Water Bottle,Lifestyle,2,19.85,39.7,Returned
ORD-0003448,CUST-009065,2025-06-24,USB-C Hub,Electronics,1,53.36,53.36,Completed
ORD-0003449,CUST-009033,2026-03-26,Mechanical Keyboard,Electronics,6,90.91,545.46,Completed
ORD-0003450,CUST-004617,2025-11-04,Wireless Mouse,Electronics,2,27.49,54.98,Completed
ORD-0003451,CUST-009809,2022-09-25,Standing Desk,Furniture,4,378.4,1513.6,Processing
ORD-0003452,CUST-005021,2025-07-27,Laptop Stand,Office,1,43.48,43.48,Shipped
ORD-0003453,CUST-001915,2024-10-06,Noise-Canceling Headphones,Electronics,5,167.39,836.95,Processing
ORD-0003454,CUST-003520,2022-08-23,Standing Desk,Furniture,4,435.34,1741.36,Processing
ORD-0003455,CUST-008903,2026-07-21,Backpack,Lifestyle,2,56.25,112.5,Completed
ORD-0003456,CUST-003749,2025-09-29,Noise-Canceling Headphones,Electronics,5,187.46,937.3,Cancelled
ORD-0003457,CUST-008039,2026-05-02,Standing Desk,Furniture,3,402.25,1206.75,Completed
ORD-0003458,CUST-002670,2023-06-10,USB-C Hub,Electronics,5,50.82,254.1,Returned
ORD-0003459,CUST-006517,2025-05-16,Ergonomic Chair,Furniture,2,255.7,511.4,Returned
ORD-0003460,CUST-007227,2024-07-25,Ergonomic Chair,Furniture,6,264.89,1589.34,Shipped
ORD-0003461,CUST-001010,2025-05-16,Laptop Stand,Office,6,48.51,291.06,Cancelled
ORD-0003462,CUST-002066,2025-03-12,Webcam,Electronics,6,74.89,449.34,Returned
ORD-0003463,CUST-009146,2024-03-21,Wireless Mouse,Electronics,1,30.41,30.41,Completed
ORD-0003464,CUST-008161,2022-03-13,Backpack,Lifestyle,1,59.53,59.53,Completed
ORD-0003465,CUST-003998,2023-12-30,Mechanical Keyboard,Electronics,6,85.47,512.82,Completed
ORD-0003466,CUST-004693,2023-12-13,Noise-Canceling Headphones,Electronics,4,194.09,776.36,Completed
ORD-0003467,CUST-005188,2026-09-06,Notebook Set,Stationery,2,11.84,23.68,Processing
ORD-0003468,CUST-009024,2026-06-20,Backpack,Lifestyle,3,56.89,170.67,Returned
ORD-0003469,CUST-002693,2025-11-19,Webcam,Electronics,6,80.16,480.96,Processing
ORD-0003470,CUST-002117,2023-11-30,Laptop Stand,Office,1,47.68,47.68,Completed
ORD-0003471,CUST-001954,2025-07-16,Desk Organizer,Office,4,25.21,100.84,Processing
ORD-0003472,CUST-009227,2024-02-08,Desk Organizer,Office,6,26,156,Cancelled
ORD-0003473,CUST-001376,2026-03-27,Noise-Canceling Headphones,Electronics,2,191.23,382.46,Completed
ORD-0003474,CUST-008228,2025-11-24,Standing Desk,Furniture,1,424.59,424.59,Completed
ORD-0003475,CUST-005808,2026-02-09,Backpack,Lifestyle,3,53.84,161.52,Completed
ORD-0003476,CUST-000409,2023-12-01,Mechanical Keyboard,Electronics,5,82.49,412.45,Processing
ORD-0003477,CUST-002118,2024-04-30,USB-C Hub,Electronics,1,49.97,49.97,Completed
ORD-0003478,CUST-001084,2024-05-01,Backpack,Lifestyle,5,56.78,283.9,Completed
ORD-0003479,CUST-005424,2024-08-19,Ergonomic Chair,Furniture,6,258.26,1549.56,Shipped
ORD-0003480,CUST-009858,2024-11-15,Water Bottle,Lifestyle,6,19.56,117.36,Cancelled
ORD-0003481,CUST-007107,2025-07-07,Wireless Mouse,Electronics,1,31.54,31.54,Returned
ORD-0003482,CUST-002898,2026-04-26,USB-C Hub,Electronics,5,49.06,245.3,Shipped
ORD-0003483,CUST-008177,2024-12-20,USB-C Hub,Electronics,4,49.95,199.8,Completed
ORD-0003484,CUST-002051,2026-08-03,USB-C Hub,Electronics,3,46.14,138.42,Processing
ORD-0003485,CUST-004096,2024-03-09,Backpack,Lifestyle,1,55.06,55.06,Returned
ORD-0003486,CUST-008144,2025-03-16,Laptop Stand,Office,3,48.78,146.34,Completed
ORD-0003487,CUST-009653,2023-10-23,Water Bottle,Lifestyle,3,19.77,59.31,Completed
ORD-0003488,CUST-008326,2026-03-14,Mechanical Keyboard,Electronics,1,90.42,90.42,Completed
ORD-0003489,CUST-004975,2025-06-29,Notebook Set,Stationery,1,13.33,13.33,Completed
ORD-0003490,CUST-009782,2025-11-15,Ergonomic Chair,Furniture,6,265.33,1591.98,Cancelled
ORD-0003491,CUST-006284,2025-06-30,Standing Desk,Furniture,2,412.93,825.86,Shipped
ORD-0003492,CUST-004670,2023-12-08,Ergonomic Chair,Furniture,1,271.12,271.12,Completed
ORD-0003493,CUST-007473,2022-12-21,Standing Desk,Furniture,5,431.9,2159.5,Completed
ORD-0003494,CUST-003619,2025-08-02,Backpack,Lifestyle,6,54.17,325.02,Processing
ORD-0003495,CUST-001114,2025-07-30,Webcam,Electronics,1,80.35,80.35,Completed
ORD-0003496,CUST-007640,2022-04-16,Mechanical Keyboard,Electronics,4,88.69,354.76,Processing
ORD-0003497,CUST-009981,2023-07-31,Desk Organizer,Office,2,25.95,51.9,Cancelled
ORD-0003498,CUST-000786,2026-09-06,Laptop Stand,Office,1,44.54,44.54,Cancelled
ORD-0003499,CUST-002682,2025-10-08,Notebook Set,Stationery,2,11.49,22.98,Returned
ORD-0003500,CUST-008407,2022-04-28,USB-C Hub,Electronics,4,44.86,179.44,Processing
ORD-0003501,CUST-009501,2026-05-12,Ergonomic Chair,Furniture,2,226.03,452.06,Returned
ORD-0003502,CUST-008346,2025-04-18,Noise-Canceling Headphones,Electronics,3,168.6,505.8,Completed
ORD-0003503,CUST-007035,2025-10-19,Backpack,Lifestyle,4,56.38,225.52,Shipped
ORD-0003504,CUST-004920,2022-05-02,Standing Desk,Furniture,2,412.57,825.14,Completed
ORD-0003505,CUST-002723,2025-10-18,Webcam,Electronics,4,80.12,320.48,Cancelled
ORD-0003506,CUST-008024,2023-05-23,Backpack,Lifestyle,5,62.77,313.85,Completed
ORD-0003507,CUST-002865,2023-09-24,Ergonomic Chair,Furniture,5,259.79,1298.95,Completed
ORD-0003508,CUST-002204,2023-04-05,Laptop Stand,Office,6,46.75,280.5,Shipped
ORD-0003509,CUST-000218,2026-08-12,Wireless Mouse,Electronics,2,31.16,62.32,Processing
ORD-0003510,CUST-003058,2026-08-17,Mechanical Keyboard,Electronics,5,81.47,407.35,Completed
ORD-0003511,CUST-009769,2025-06-10,Desk Organizer,Office,3,25.01,75.03,Completed
ORD-0003512,CUST-000774,2026-09-01,USB-C Hub,Electronics,3,52.03,156.09,Returned
ORD-0003513,CUST-003770,2024-11-23,Water Bottle,Lifestyle,1,18.47,18.47,Completed
ORD-0003514,CUST-003188,2026-07-12,Wireless Mouse,Electronics,3,32.04,96.12,Shipped
ORD-0003515,CUST-009639,2022-03-23,Water Bottle,Lifestyle,1,19.88,19.88,Processing
ORD-0003516,CUST-003178,2026-07-29,USB-C Hub,Electronics,5,45.84,229.2,Cancelled
ORD-0003517,CUST-006818,2024-04-17,Backpack,Lifestyle,6,60.85,365.1,Processing
ORD-0003518,CUST-007753,2021-12-17,Backpack,Lifestyle,6,59.66,357.96,Shipped
ORD-0003519,CUST-001171,2026-01-22,Wireless Mouse,Electronics,2,30.15,60.3,Returned
ORD-0003520,CUST-008668,2025-10-13,Mechanical Keyboard,Electronics,4,93.45,373.8,Returned
ORD-0003521,CUST-008036,2026-03-27,Notebook Set,Stationery,2,11.95,23.9,Completed
ORD-0003522,CUST-006926,2024-08-27,USB-C Hub,Electronics,6,47.11,282.66,Shipped
ORD-0003523,CUST-007503,2026-07-11,Backpack,Lifestyle,4,56.34,225.36,Cancelled
ORD-0003524,CUST-005991,2026-04-30,Desk Organizer,Office,4,22.44,89.76,Processing
ORD-0003525,CUST-008029,2024-10-03,Ergonomic Chair,Furniture,5,249.43,1247.15,Completed
ORD-0003526,CUST-001071,2026-08-01,Webcam,Electronics,4,73.95,295.8,Shipped
ORD-0003527,CUST-006974,2024-07-23,Ergonomic Chair,Furniture,5,247.62,1238.1,Processing
ORD-0003528,CUST-004307,2026-04-15,Notebook Set,Stationery,6,12.58,75.48,Completed
ORD-0003529,CUST-009157,2022-11-23,Standing Desk,Furniture,5,409.61,2048.05,Processing
ORD-0003530,CUST-008218,2026-03-08,Ergonomic Chair,Furniture,2,241.8,483.6,Returned
ORD-0003531,CUST-007016,2024-02-04,Backpack,Lifestyle,3,54.54,163.62,Completed
ORD-0003532,CUST-002232,2026-06-24,Notebook Set,Stationery,4,11.79,47.16,Shipped
ORD-0003533,CUST-008486,2026-01-10,Webcam,Electronics,2,74.21,148.42,Returned
ORD-0003534,CUST-009672,2024-02-10,Notebook Set,Stationery,4,13.85,55.4,Completed
ORD-0003535,CUST-001161,2024-01-11,Laptop Stand,Office,3,43.23,129.69,Cancelled
ORD-0003536,CUST-005007,2026-09-02,Webcam,Electronics,1,67.92,67.92,Returned
ORD-0003537,CUST-003862,2026-07-27,Water Bottle,Lifestyle,5,19.29,96.45,Cancelled
ORD-0003538,CUST-003745,2026-07-25,Backpack,Lifestyle,6,61.26,367.56,Completed
ORD-0003539,CUST-009181,2025-08-05,Noise-Canceling Headphones,Electronics,4,171.53,686.12,Completed
ORD-0003540,CUST-009788,2023-12-31,Mechanical Keyboard,Electronics,2,82.55,165.1,Shipped
ORD-0003541,CUST-003110,2024-08-18,USB-C Hub,Electronics,4,50.17,200.68,Returned
ORD-0003542,CUST-007607,2025-08-01,Desk Organizer,Office,4,25.45,101.8,Shipped
ORD-0003543,CUST-000345,2024-07-03,Backpack,Lifestyle,2,62.42,124.84,Shipped
ORD-0003544,CUST-009069,2026-07-17,Water Bottle,Lifestyle,2,20.43,40.86,Processing
ORD-0003545,CUST-006355,2024-11-09,Webcam,Electronics,5,81.19,405.95,Shipped
ORD-0003546,CUST-007271,2024-07-08,Laptop Stand,Office,2,42.76,85.52,Cancelled
ORD-0003547,CUST-009811,2026-03-25,Webcam,Electronics,3,71.37,214.11,Shipped
ORD-0003548,CUST-002220,2024-01-25,Mechanical Keyboard,Electronics,3,95.98,287.94,Completed
ORD-0003549,CUST-001477,2022-09-19,Notebook Set,Stationery,6,11.75,70.5,Completed
ORD-0003550,CUST-005695,2024-06-16,Noise-Canceling Headphones,Electronics,3,181.28,543.84,Completed
ORD-0003551,CUST-008137,2021-05-03,Mechanical Keyboard,Electronics,6,94.35,566.1,Processing
ORD-0003552,CUST-005157,2025-12-20,Ergonomic Chair,Furniture,2,273.34,546.68,Completed
ORD-0003553,CUST-002681,2023-10-12,Webcam,Electronics,5,71.35,356.75,Completed
ORD-0003554,CUST-009015,2026-06-22,Ergonomic Chair,Furniture,5,253.94,1269.7,Shipped
ORD-0003555,CUST-003913,2020-11-06,Backpack,Lifestyle,5,63.04,315.2,Processing
ORD-0003556,CUST-008136,2023-10-31,Noise-Canceling Headphones,Electronics,1,167.55,167.55,Returned
ORD-0003557,CUST-002198,2025-02-21,Desk Organizer,Office,6,26.93,161.58,Shipped
ORD-0003558,CUST-000898,2022-08-17,Webcam,Electronics,5,67.01,335.05,Processing
ORD-0003559,CUST-009529,2023-05-30,Mechanical Keyboard,Electronics,2,82.15,164.3,Completed
ORD-0003560,CUST-001669,2026-01-13,Webcam,Electronics,3,74.37,223.11,Returned
ORD-0003561,CUST-005109,2025-02-19,Notebook Set,Stationery,2,11.48,22.96,Completed
ORD-0003562,CUST-005025,2026-09-03,Noise-Canceling Headphones,Electronics,4,175.83,703.32,Completed
ORD-0003563,CUST-000055,2026-06-22,Webcam,Electronics,1,76.47,76.47,Shipped
ORD-0003564,CUST-000570,2024-05-19,Desk Organizer,Office,1,25.3,25.3,Completed
ORD-0003565,CUST-007293,2024-01-12,Standing Desk,Furniture,4,396.37,1585.48,Cancelled
ORD-0003566,CUST-005694,2026-07-31,Ergonomic Chair,Furniture,3,248.78,746.34,Processing
ORD-0003567,CUST-005261,2024-03-21,Mechanical Keyboard,Electronics,2,90.53,181.06,Completed
ORD-0003568,CUST-006118,2024-08-28,Desk Organizer,Office,4,24.31,97.24,Returned
ORD-0003569,CUST-006503,2024-11-28,Wireless Mouse,Electronics,6,32.05,192.3,Completed
ORD-0003570,CUST-006554,2026-05-12,USB-C Hub,Electronics,3,49.4,148.2,Processing
ORD-0003571,CUST-004746,2025-05-03,Noise-Canceling Headphones,Electronics,3,189.95,569.85,Completed
ORD-0003572,CUST-006354,2024-05-24,Desk Organizer,Office,1,26.43,26.43,Completed
ORD-0003573,CUST-006563,2024-08-20,Notebook Set,Stationery,3,12.27,36.81,Completed
ORD-0003574,CUST-007456,2026-06-22,Laptop Stand,Office,2,49.07,98.14,Completed
ORD-0003575,CUST-006204,2026-07-11,Desk Organizer,Office,3,25.1,75.3,Returned
ORD-0003576,CUST-004499,2026-04-16,Laptop Stand,Office,1,45.62,45.62,Cancelled
ORD-0003577,CUST-004696,2026-04-20,Webcam,Electronics,1,73.58,73.58,Completed
ORD-0003578,CUST-009436,2026-03-11,Standing Desk,Furniture,4,371.83,1487.32,Completed
ORD-0003579,CUST-006809,2026-07-18,Wireless Mouse,Electronics,6,28.7,172.2,Shipped
ORD-0003580,CUST-005494,2026-04-20,Webcam,Electronics,1,68.48,68.48,Completed
ORD-0003581,CUST-001969,2026-09-06,Noise-Canceling Headphones,Electronics,2,175.04,350.08,Completed
ORD-0003582,CUST-007822,2023-12-08,Mechanical Keyboard,Electronics,3,81.67,245.01,Processing
ORD-0003583,CUST-007728,2024-05-29,Desk Organizer,Office,5,25.79,128.95,Completed
ORD-0003584,CUST-000672,2025-12-21,Water Bottle,Lifestyle,4,18.53,74.12,Completed
ORD-0003585,CUST-006869,2026-08-19,Ergonomic Chair,Furniture,5,263.14,1315.7,Completed
ORD-0003586,CUST-003460,2025-06-24,Desk Organizer,Office,1,24.16,24.16,Completed
ORD-0003587,CUST-001756,2025-08-13,Backpack,Lifestyle,2,54.72,109.44,Cancelled
ORD-0003588,CUST-000546,2026-06-05,Mechanical Keyboard,Electronics,5,86.75,433.75,Completed
ORD-0003589,CUST-002004,2025-04-16,Desk Organizer,Office,1,26.64,26.64,Completed
ORD-0003590,CUST-002075,2025-03-12,Noise-Canceling Headphones,Electronics,5,162.91,814.55,Shipped
ORD-0003591,CUST-004080,2025-09-26,Standing Desk,Furniture,6,432.47,2594.82,Completed
ORD-0003592,CUST-005731,2025-01-03,Notebook Set,Stationery,3,11.63,34.89,Completed
ORD-0003593,CUST-003923,2026-01-22,Desk Organizer,Office,1,23.9,23.9,Shipped
ORD-0003594,CUST-001745,2022-03-17,Webcam,Electronics,3,75.16,225.48,Processing
ORD-0003595,CUST-006165,2024-07-02,Water Bottle,Lifestyle,5,18.24,91.2,Returned
ORD-0003596,CUST-005987,2024-10-23,Noise-Canceling Headphones,Electronics,5,168.61,843.05,Processing
ORD-0003597,CUST-006069,2024-07-25,Laptop Stand,Office,5,42.89,214.45,Completed
ORD-0003598,CUST-008513,2026-05-09,Noise-Canceling Headphones,Electronics,4,182.38,729.52,Completed
ORD-0003599,CUST-002762,2026-02-19,USB-C Hub,Electronics,5,53.29,266.45,Completed
ORD-0003600,CUST-007383,2025-08-21,Notebook Set,Stationery,1,12.58,12.58,Returned
ORD-0003601,CUST-004853,2025-04-30,USB-C Hub,Electronics,1,53.73,53.73,Cancelled
ORD-0003602,CUST-000113,2026-06-16,Standing Desk,Furniture,3,423.24,1269.72,Completed
ORD-0003603,CUST-002051,2026-09-04,Standing Desk,Furniture,5,407.85,2039.25,Returned
ORD-0003604,CUST-007595,2026-05-09,Standing Desk,Furniture,5,427.19,2135.95,Completed
ORD-0003605,CUST-008851,2021-11-02,Mechanical Keyboard,Electronics,3,97.63,292.89,Completed
ORD-0003606,CUST-007829,2026-06-23,Desk Organizer,Office,2,26.21,52.42,Returned
ORD-0003607,CUST-008899,2024-09-15,Laptop Stand,Office,6,40.48,242.88,Returned
ORD-0003608,CUST-009320,2026-06-26,Water Bottle,Lifestyle,2,20.33,40.66,Shipped
ORD-0003609,CUST-001128,2026-09-06,Wireless Mouse,Electronics,2,32.46,64.92,Processing
ORD-0003610,CUST-006470,2026-07-27,Notebook Set,Stationery,2,12.03,24.06,Cancelled
ORD-0003611,CUST-001246,2024-11-29,Standing Desk,Furniture,3,422.42,1267.26,Completed
ORD-0003612,CUST-001821,2024-11-23,Ergonomic Chair,Furniture,5,228.56,1142.8,Completed
ORD-0003613,CUST-004691,2025-07-04,Water Bottle,Lifestyle,6,18.51,111.06,Processing
ORD-0003614,CUST-002482,2024-12-03,Mechanical Keyboard,Electronics,1,87.95,87.95,Completed
ORD-0003615,CUST-009620,2024-04-20,USB-C Hub,Electronics,5,44.9,224.5,Processing
ORD-0003616,CUST-000595,2024-04-15,Laptop Stand,Office,2,41.89,83.78,Returned
ORD-0003617,CUST-001059,2026-03-20,Noise-Canceling Headphones,Electronics,4,179.36,717.44,Shipped
ORD-0003618,CUST-000174,2025-05-22,Water Bottle,Lifestyle,2,20.04,40.08,Completed
ORD-0003619,CUST-009771,2026-03-19,Water Bottle,Lifestyle,3,17.54,52.62,Cancelled
ORD-0003620,CUST-005166,2024-04-20,Notebook Set,Stationery,3,11.69,35.07,Completed
ORD-0003621,CUST-001966,2025-06-04,Webcam,Electronics,6,68.72,412.32,Processing
ORD-0003622,CUST-006075,2024-10-21,Ergonomic Chair,Furniture,1,230.2,230.2,Returned
ORD-0003623,CUST-008432,2026-05-04,Ergonomic Chair,Furniture,5,241.66,1208.3,Completed
ORD-0003624,CUST-005000,2026-08-31,Notebook Set,Stationery,6,13.09,78.54,Completed
ORD-0003625,CUST-004181,2026-04-02,Backpack,Lifestyle,4,59.13,236.52,Cancelled
ORD-0003626,CUST-001414,2026-06-11,Webcam,Electronics,4,69.95,279.8,Processing
ORD-0003627,CUST-002209,2021-02-07,Ergonomic Chair,Furniture,1,263.32,263.32,Completed
ORD-0003628,CUST-003552,2023-10-08,Notebook Set,Stationery,4,12.57,50.28,Returned
ORD-0003629,CUST-007461,2021-02-05,Notebook Set,Stationery,5,12.88,64.4,Completed
ORD-0003630,CUST-002727,2025-06-19,Backpack,Lifestyle,1,54.62,54.62,Completed
ORD-0003631,CUST-009591,2025-05-18,Mechanical Keyboard,Electronics,4,92.19,368.76,Cancelled
ORD-0003632,CUST-000434,2026-08-19,Notebook Set,Stationery,5,13.79,68.95,Completed
ORD-0003633,CUST-005623,2023-12-23,Standing Desk,Furniture,6,401.32,2407.92,Completed
ORD-0003634,CUST-000585,2025-12-17,Mechanical Keyboard,Electronics,1,81.22,81.22,Returned
ORD-0003635,CUST-006086,2026-08-31,Notebook Set,Stationery,3,12.43,37.29,Completed
ORD-0003636,CUST-001704,2025-09-04,USB-C Hub,Electronics,5,44.51,222.55,Cancelled
ORD-0003637,CUST-000743,2025-12-24,Standing Desk,Furniture,6,437.87,2627.22,Completed
ORD-0003638,CUST-006450,2026-07-11,Wireless Mouse,Electronics,1,30.72,30.72,Cancelled
ORD-0003639,CUST-002483,2026-08-14,Standing Desk,Furniture,3,430.87,1292.61,Completed
ORD-0003640,CUST-008287,2024-10-29,Water Bottle,Lifestyle,6,20.59,123.54,Cancelled
ORD-0003641,CUST-000484,2025-09-20,USB-C Hub,Electronics,1,50.45,50.45,Completed
ORD-0003642,CUST-007660,2025-08-14,Wireless Mouse,Electronics,5,29.03,145.15,Completed
ORD-0003643,CUST-006240,2025-09-27,Backpack,Lifestyle,4,56.73,226.92,Completed
ORD-0003644,CUST-002518,2025-04-23,Wireless Mouse,Electronics,3,27.68,83.04,Cancelled
ORD-0003645,CUST-008539,2023-06-28,Mechanical Keyboard,Electronics,6,87.52,525.12,Completed
ORD-0003646,CUST-000525,2025-05-20,Wireless Mouse,Electronics,4,27.94,111.76,Completed
ORD-0003647,CUST-005994,2026-01-11,Desk Organizer,Office,4,24.76,99.04,Completed
ORD-0003648,CUST-002807,2025-08-28,Noise-Canceling Headphones,Electronics,1,192.85,192.85,Completed
ORD-0003649,CUST-008210,2025-02-21,Backpack,Lifestyle,5,60.35,301.75,Processing
ORD-0003650,CUST-001569,2026-03-01,Webcam,Electronics,4,79.34,317.36,Completed
ORD-0003651,CUST-009198,2024-01-23,Mechanical Keyboard,Electronics,5,82.2,411,Completed
ORD-0003652,CUST-006438,2024-04-08,Desk Organizer,Office,3,22.29,66.87,Shipped
ORD-0003653,CUST-009107,2023-10-16,Water Bottle,Lifestyle,5,19.65,98.25,Processing
ORD-0003654,CUST-006874,2024-05-07,Mechanical Keyboard,Electronics,2,84.14,168.28,Cancelled
ORD-0003655,CUST-002887,2026-02-28,Wireless Mouse,Electronics,5,27.16,135.8,Completed
ORD-0003656,CUST-000480,2026-09-02,Webcam,Electronics,4,67.6,270.4,Processing
ORD-0003657,CUST-006968,2022-01-17,USB-C Hub,Electronics,3,46.53,139.59,Completed
ORD-0003658,CUST-009571,2025-04-16,Standing Desk,Furniture,1,428.17,428.17,Completed
ORD-0003659,CUST-007555,2024-08-27,Standing Desk,Furniture,2,372.43,744.86,Returned
ORD-0003660,CUST-000835,2021-04-15,Laptop Stand,Office,1,43.95,43.95,Completed
ORD-0003661,CUST-006615,2025-12-04,USB-C Hub,Electronics,4,45.85,183.4,Returned
ORD-0003662,CUST-005437,2022-12-07,Wireless Mouse,Electronics,1,28.55,28.55,Completed
ORD-0003663,CUST-004177,2024-08-17,Desk Organizer,Office,6,22.78,136.68,Completed
ORD-0003664,CUST-009402,2026-03-19,Wireless Mouse,Electronics,4,27.13,108.52,Returned
ORD-0003665,CUST-008020,2026-07-02,Water Bottle,Lifestyle,6,18.09,108.54,Completed
ORD-0003666,CUST-006630,2026-08-18,Notebook Set,Stationery,1,11.71,11.71,Cancelled
ORD-0003667,CUST-004341,2026-03-22,Laptop Stand,Office,5,48.81,244.05,Returned
ORD-0003668,CUST-009375,2026-07-02,Wireless Mouse,Electronics,6,31.57,189.42,Completed
ORD-0003669,CUST-005513,2025-06-15,Wireless Mouse,Electronics,1,27.56,27.56,Returned
ORD-0003670,CUST-003546,2024-04-12,Ergonomic Chair,Furniture,3,263.3,789.9,Shipped
ORD-0003671,CUST-003509,2025-11-14,Standing Desk,Furniture,1,405.13,405.13,Completed
ORD-0003672,CUST-008657,2023-06-05,Standing Desk,Furniture,5,378.64,1893.2,Completed
ORD-0003673,CUST-000098,2026-06-25,Notebook Set,Stationery,6,12.17,73.02,Returned
ORD-0003674,CUST-004792,2026-01-28,Noise-Canceling Headphones,Electronics,4,186.9,747.6,Shipped
ORD-0003675,CUST-007404,2025-06-24,Notebook Set,Stationery,4,12.44,49.76,Returned
ORD-0003676,CUST-001402,2025-08-13,Notebook Set,Stationery,4,13.57,54.28,Completed
ORD-0003677,CUST-004910,2024-03-18,Backpack,Lifestyle,4,64.39,257.56,Completed
ORD-0003678,CUST-005301,2024-07-25,Standing Desk,Furniture,1,368.24,368.24,Completed
ORD-0003679,CUST-001525,2023-04-22,Wireless Mouse,Electronics,4,28.51,114.04,Completed
ORD-0003680,CUST-007689,2025-08-18,Desk Organizer,Office,3,23.24,69.72,Completed
ORD-0003681,CUST-003781,2026-07-01,USB-C Hub,Electronics,2,48.58,97.16,Completed
ORD-0003682,CUST-002556,2021-05-22,Mechanical Keyboard,Electronics,6,83.43,500.58,Completed
ORD-0003683,CUST-003779,2021-11-20,Ergonomic Chair,Furniture,1,249.14,249.14,Shipped
ORD-0003684,CUST-001306,2025-04-09,Laptop Stand,Office,6,41.96,251.76,Shipped
ORD-0003685,CUST-002948,2024-06-25,Ergonomic Chair,Furniture,6,266.11,1596.66,Completed
ORD-0003686,CUST-000946,2026-09-07,Wireless Mouse,Electronics,4,29.34,117.36,Completed
ORD-0003687,CUST-000247,2025-10-29,Noise-Canceling Headphones,Electronics,6,192.08,1152.48,Completed
ORD-0003688,CUST-005678,2023-07-16,USB-C Hub,Electronics,1,48.56,48.56,Returned
ORD-0003689,CUST-005869,2024-07-14,Noise-Canceling Headphones,Electronics,4,195.57,782.28,Processing
ORD-0003690,CUST-004251,2026-05-10,Water Bottle,Lifestyle,2,18.17,36.34,Cancelled
ORD-0003691,CUST-004066,2026-01-01,Desk Organizer,Office,4,25.66,102.64,Returned
ORD-0003692,CUST-007902,2025-04-03,USB-C Hub,Electronics,3,47.1,141.3,Processing
ORD-0003693,CUST-001177,2023-05-09,Water Bottle,Lifestyle,6,18.16,108.96,Shipped
ORD-0003694,CUST-006241,2025-01-05,USB-C Hub,Electronics,3,49.2,147.6,Returned
ORD-0003695,CUST-007448,2021-03-26,Water Bottle,Lifestyle,1,17.6,17.6,Processing
ORD-0003696,CUST-000918,2023-12-02,Noise-Canceling Headphones,Electronics,4,168.6,674.4,Completed
ORD-0003697,CUST-003755,2026-04-06,Ergonomic Chair,Furniture,2,234.72,469.44,Completed
ORD-0003698,CUST-009412,2025-07-02,Laptop Stand,Office,2,41.08,82.16,Processing
ORD-0003699,CUST-006807,2026-08-11,Standing Desk,Furniture,5,389.48,1947.4,Completed
ORD-0003700,CUST-003802,2024-10-10,Wireless Mouse,Electronics,2,30.42,60.84,Completed
ORD-0003701,CUST-008931,2026-04-02,Wireless Mouse,Electronics,1,28.29,28.29,Completed
ORD-0003702,CUST-001839,2023-12-02,Laptop Stand,Office,5,41.35,206.75,Processing
ORD-0003703,CUST-001029,2024-03-11,Noise-Canceling Headphones,Electronics,2,181.78,363.56,Returned
ORD-0003704,CUST-000185,2025-09-23,Mechanical Keyboard,Electronics,4,90.05,360.2,Processing
ORD-0003705,CUST-009805,2021-08-29,Desk Organizer,Office,2,25.16,50.32,Completed
ORD-0003706,CUST-002155,2022-11-01,USB-C Hub,Electronics,6,50.83,304.98,Completed
ORD-0003707,CUST-002854,2026-08-22,Water Bottle,Lifestyle,1,17.26,17.26,Completed
ORD-0003708,CUST-004794,2024-09-07,Backpack,Lifestyle,6,54.39,326.34,Shipped
ORD-0003709,CUST-007700,2026-07-31,Webcam,Electronics,3,76.76,230.28,Completed
ORD-0003710,CUST-002659,2021-12-18,Ergonomic Chair,Furniture,3,241.7,725.1,Completed
ORD-0003711,CUST-003391,2022-05-16,Standing Desk,Furniture,1,399.94,399.94,Processing
ORD-0003712,CUST-008121,2023-05-02,Mechanical Keyboard,Electronics,5,86.63,433.15,Completed
ORD-0003713,CUST-005732,2024-11-21,Wireless Mouse,Electronics,6,31.75,190.5,Cancelled
ORD-0003714,CUST-000548,2026-07-07,Laptop Stand,Office,1,44.07,44.07,Shipped
ORD-0003715,CUST-009752,2024-12-31,Mechanical Keyboard,Electronics,6,82.06,492.36,Completed
ORD-0003716,CUST-009214,2024-11-17,Webcam,Electronics,1,75.73,75.73,Completed
ORD-0003717,CUST-005510,2021-11-01,Water Bottle,Lifestyle,6,17.9,107.4,Cancelled
ORD-0003718,CUST-007266,2022-03-16,Wireless Mouse,Electronics,6,27.45,164.7,Returned
ORD-0003719,CUST-005815,2026-09-03,Mechanical Keyboard,Electronics,1,96.94,96.94,Completed
ORD-0003720,CUST-006600,2025-07-06,Backpack,Lifestyle,2,55.09,110.18,Completed
ORD-0003721,CUST-006966,2024-01-21,Standing Desk,Furniture,1,438.12,438.12,Completed
ORD-0003722,CUST-005992,2025-05-10,USB-C Hub,Electronics,3,49.21,147.63,Returned
ORD-0003723,CUST-006109,2026-08-31,Noise-Canceling Headphones,Electronics,4,163.57,654.28,Completed
ORD-0003724,CUST-007322,2025-10-14,USB-C Hub,Electronics,4,50.66,202.64,Processing
ORD-0003725,CUST-001294,2025-03-10,Wireless Mouse,Electronics,3,28.37,85.11,Completed
ORD-0003726,CUST-007240,2024-01-23,Backpack,Lifestyle,5,60.3,301.5,Completed
ORD-0003727,CUST-002830,2022-08-02,Laptop Stand,Office,5,45.49,227.45,Completed
ORD-0003728,CUST-004111,2021-03-17,Noise-Canceling Headphones,Electronics,4,163.23,652.92,Completed
ORD-0003729,CUST-007035,2024-09-09,Backpack,Lifestyle,1,61.42,61.42,Returned
ORD-0003730,CUST-002593,2022-02-02,Notebook Set,Stationery,4,12.29,49.16,Cancelled
ORD-0003731,CUST-005973,2025-06-23,Wireless Mouse,Electronics,2,27.52,55.04,Processing
ORD-0003732,CUST-000677,2026-09-04,Desk Organizer,Office,1,23.38,23.38,Returned
ORD-0003733,CUST-009268,2025-11-19,Desk Organizer,Office,1,24.67,24.67,Returned
ORD-0003734,CUST-006554,2025-03-14,Backpack,Lifestyle,2,60.28,120.56,Cancelled
ORD-0003735,CUST-006596,2025-09-07,Ergonomic Chair,Furniture,5,253.15,1265.75,Completed
ORD-0003736,CUST-005128,2026-06-12,Ergonomic Chair,Furniture,4,260.91,1043.64,Cancelled
ORD-0003737,CUST-001938,2025-03-07,Wireless Mouse,Electronics,6,31.9,191.4,Completed
ORD-0003738,CUST-006534,2026-08-31,Noise-Canceling Headphones,Electronics,3,197.53,592.59,Completed
ORD-0003739,CUST-003206,2025-07-02,Desk Organizer,Office,3,24.2,72.6,Cancelled
ORD-0003740,CUST-001511,2026-04-19,Wireless Mouse,Electronics,3,32.89,98.67,Processing
ORD-0003741,CUST-003306,2022-12-26,Wireless Mouse,Electronics,3,31.28,93.84,Shipped
ORD-0003742,CUST-000949,2025-09-26,Backpack,Lifestyle,3,55.85,167.55,Processing
ORD-0003743,CUST-001271,2023-10-11,Notebook Set,Stationery,6,13.78,82.68,Completed
ORD-0003744,CUST-009484,2026-03-30,Backpack,Lifestyle,3,58.54,175.62,Processing
ORD-0003745,CUST-004520,2025-05-20,USB-C Hub,Electronics,3,48.86,146.58,Completed
ORD-0003746,CUST-005457,2026-06-23,Mechanical Keyboard,Electronics,3,90.59,271.77,Processing
ORD-0003747,CUST-005859,2024-08-17,Backpack,Lifestyle,2,63.3,126.6,Returned
ORD-0003748,CUST-002105,2026-05-01,Noise-Canceling Headphones,Electronics,2,191.82,383.64,Processing
ORD-0003749,CUST-001316,2021-07-06,Ergonomic Chair,Furniture,5,253.52,1267.6,Processing
ORD-0003750,CUST-007309,2025-11-11,Wireless Mouse,Electronics,6,32.32,193.92,Shipped
ORD-0003751,CUST-007394,2026-03-22,Backpack,Lifestyle,5,61.36,306.8,Completed
ORD-0003752,CUST-001752,2023-01-22,Noise-Canceling Headphones,Electronics,4,186.29,745.16,Completed
ORD-0003753,CUST-008843,2023-09-03,Standing Desk,Furniture,2,370.13,740.26,Processing
ORD-0003754,CUST-007832,2021-05-21,Water Bottle,Lifestyle,3,20.37,61.11,Returned
ORD-0003755,CUST-000548,2026-09-05,Laptop Stand,Office,6,48.39,290.34,Completed
ORD-0003756,CUST-004165,2024-08-20,Ergonomic Chair,Furniture,5,235.19,1175.95,Shipped
ORD-0003757,CUST-009613,2024-02-13,USB-C Hub,Electronics,6,50.47,302.82,Returned
ORD-0003758,CUST-003034,2025-12-24,Backpack,Lifestyle,1,57.63,57.63,Completed
ORD-0003759,CUST-006252,2025-11-20,Webcam,Electronics,4,75.87,303.48,Returned
ORD-0003760,CUST-000614,2021-06-22,Ergonomic Chair,Furniture,3,247.66,742.98,Completed
ORD-0003761,CUST-004571,2025-02-08,Laptop Stand,Office,5,41.69,208.45,Shipped
ORD-0003762,CUST-002333,2025-03-06,USB-C Hub,Electronics,3,48.44,145.32,Shipped
ORD-0003763,CUST-006830,2022-12-12,Desk Organizer,Office,1,25.28,25.28,Completed
ORD-0003764,CUST-008194,2025-01-25,Standing Desk,Furniture,2,432.08,864.16,Cancelled
ORD-0003765,CUST-007297,2025-12-10,Mechanical Keyboard,Electronics,5,89.3,446.5,Completed
ORD-0003766,CUST-005417,2026-08-24,Webcam,Electronics,2,73.16,146.32,Processing
ORD-0003767,CUST-004262,2025-10-23,Mechanical Keyboard,Electronics,2,92.93,185.86,Returned
ORD-0003768,CUST-008240,2024-11-13,Wireless Mouse,Electronics,1,27.47,27.47,Completed
ORD-0003769,CUST-001332,2025-12-17,Webcam,Electronics,5,69.14,345.7,Completed
ORD-0003770,CUST-007218,2026-05-17,Water Bottle,Lifestyle,6,19.01,114.06,Shipped
ORD-0003771,CUST-001574,2025-09-25,Mechanical Keyboard,Electronics,6,98.15,588.9,Shipped
ORD-0003772,CUST-002871,2026-05-23,Noise-Canceling Headphones,Electronics,6,195.27,1171.62,Processing
ORD-0003773,CUST-000624,2025-04-29,Laptop Stand,Office,3,42.67,128.01,Completed
ORD-0003774,CUST-001021,2023-05-21,Desk Organizer,Office,2,23.05,46.1,Completed
ORD-0003775,CUST-007342,2026-05-22,USB-C Hub,Electronics,6,46.63,279.78,Processing
ORD-0003776,CUST-009659,2022-08-19,Wireless Mouse,Electronics,4,27.02,108.08,Processing
ORD-0003777,CUST-003105,2026-03-03,Water Bottle,Lifestyle,6,19.71,118.26,Cancelled
ORD-0003778,CUST-009695,2025-08-12,Wireless Mouse,Electronics,2,32.16,64.32,Completed
ORD-0003779,CUST-003339,2023-05-08,Noise-Canceling Headphones,Electronics,6,195.87,1175.22,Cancelled
ORD-0003780,CUST-004422,2025-04-18,Desk Organizer,Office,2,24.4,48.8,Completed
ORD-0003781,CUST-007386,2022-04-25,Water Bottle,Lifestyle,3,17.25,51.75,Returned
ORD-0003782,CUST-005048,2026-02-16,Mechanical Keyboard,Electronics,3,93.23,279.69,Cancelled
ORD-0003783,CUST-005286,2026-07-09,Standing Desk,Furniture,1,414.86,414.86,Processing
ORD-0003784,CUST-002139,2025-04-29,Noise-Canceling Headphones,Electronics,4,195.37,781.48,Completed
ORD-0003785,CUST-002586,2025-06-25,Backpack,Lifestyle,6,57.65,345.9,Completed
ORD-0003786,CUST-005306,2022-07-11,Desk Organizer,Office,2,26.22,52.44,Completed
ORD-0003787,CUST-006749,2026-04-11,Standing Desk,Furniture,6,383.09,2298.54,Shipped
ORD-0003788,CUST-005997,2024-02-23,Laptop Stand,Office,5,49.04,245.2,Processing
ORD-0003789,CUST-001280,2026-04-19,Mechanical Keyboard,Electronics,4,88,352,Completed
ORD-0003790,CUST-000721,2023-02-01,Desk Organizer,Office,4,22.26,89.04,Completed
ORD-0003791,CUST-006142,2025-12-28,Standing Desk,Furniture,4,421.92,1687.68,Completed
ORD-0003792,CUST-004557,2025-04-10,Noise-Canceling Headphones,Electronics,5,185.3,926.5,Processing
ORD-0003793,CUST-005570,2025-07-14,USB-C Hub,Electronics,6,48.23,289.38,Shipped
ORD-0003794,CUST-007297,2025-04-10,Laptop Stand,Office,3,43.06,129.18,Completed
ORD-0003795,CUST-006868,2026-01-19,USB-C Hub,Electronics,3,53.44,160.32,Returned
ORD-0003796,CUST-007047,2021-06-19,Notebook Set,Stationery,3,13.53,40.59,Completed
ORD-0003797,CUST-006288,2024-04-13,Standing Desk,Furniture,4,420.12,1680.48,Completed
ORD-0003798,CUST-008652,2026-09-02,USB-C Hub,Electronics,1,46.44,46.44,Completed
ORD-0003799,CUST-000582,2025-11-06,Desk Organizer,Office,6,22.74,136.44,Completed
ORD-0003800,CUST-006778,2024-10-15,Desk Organizer,Office,5,22.12,110.6,Returned
ORD-0003801,CUST-005320,2021-10-20,Webcam,Electronics,4,70.83,283.32,Cancelled
ORD-0003802,CUST-005993,2024-10-10,Webcam,Electronics,5,72.63,363.15,Completed
ORD-0003803,CUST-003573,2021-05-19,Webcam,Electronics,2,71.75,143.5,Processing
ORD-0003804,CUST-002693,2025-07-18,Noise-Canceling Headphones,Electronics,6,180.34,1082.04,Completed
ORD-0003805,CUST-001051,2026-06-25,Water Bottle,Lifestyle,6,20.04,120.24,Processing
ORD-0003806,CUST-006224,2023-09-14,USB-C Hub,Electronics,3,46.11,138.33,Completed
ORD-0003807,CUST-006282,2024-01-01,Desk Organizer,Office,3,25.24,75.72,Completed
ORD-0003808,CUST-009028,2024-02-28,Noise-Canceling Headphones,Electronics,3,193.21,579.63,Processing
ORD-0003809,CUST-006946,2026-07-20,Laptop Stand,Office,5,47.75,238.75,Processing
ORD-0003810,CUST-008175,2025-08-29,Water Bottle,Lifestyle,2,20.05,40.1,Shipped
ORD-0003811,CUST-005933,2026-08-26,Noise-Canceling Headphones,Electronics,1,195.61,195.61,Completed
ORD-0003812,CUST-003108,2026-02-24,USB-C Hub,Electronics,6,49.01,294.06,Returned
ORD-0003813,CUST-003242,2023-11-10,Wireless Mouse,Electronics,3,32.25,96.75,Completed
ORD-0003814,CUST-006959,2022-08-18,Laptop Stand,Office,2,46.47,92.94,Completed
ORD-0003815,CUST-002296,2026-08-25,Wireless Mouse,Electronics,2,32.58,65.16,Returned
ORD-0003816,CUST-001268,2022-01-15,Wireless Mouse,Electronics,5,32.81,164.05,Completed
ORD-0003817,CUST-001778,2026-09-04,Standing Desk,Furniture,6,425.09,2550.54,Completed
ORD-0003818,CUST-006454,2025-09-02,Ergonomic Chair,Furniture,2,237.47,474.94,Cancelled
ORD-0003819,CUST-006577,2026-04-26,Laptop Stand,Office,4,45.78,183.12,Completed
ORD-0003820,CUST-002888,2025-04-12,Mechanical Keyboard,Electronics,3,82.51,247.53,Cancelled
ORD-0003821,CUST-003941,2025-12-27,Backpack,Lifestyle,6,61.3,367.8,Completed
ORD-0003822,CUST-009901,2025-01-13,USB-C Hub,Electronics,6,45.2,271.2,Cancelled
ORD-0003823,CUST-003427,2025-11-15,Desk Organizer,Office,2,25.7,51.4,Cancelled
ORD-0003824,CUST-002571,2025-08-14,Noise-Canceling Headphones,Electronics,3,196.37,589.11,Processing
ORD-0003825,CUST-001742,2025-12-27,Desk Organizer,Office,6,24.72,148.32,Returned
ORD-0003826,CUST-008645,2024-05-08,Water Bottle,Lifestyle,1,20.74,20.74,Cancelled
ORD-0003827,CUST-006078,2023-03-21,Desk Organizer,Office,3,22.43,67.29,Completed
ORD-0003828,CUST-000428,2022-05-12,Ergonomic Chair,Furniture,4,248.99,995.96,Completed
ORD-0003829,CUST-002014,2025-07-01,Wireless Mouse,Electronics,5,28.78,143.9,Completed
ORD-0003830,CUST-008983,2025-10-18,Wireless Mouse,Electronics,3,31.25,93.75,Completed
ORD-0003831,CUST-004606,2026-01-30,Desk Organizer,Office,2,24.22,48.44,Cancelled
ORD-0003832,CUST-000498,2022-11-20,Desk Organizer,Office,3,23.28,69.84,Completed
ORD-0003833,CUST-003736,2024-01-12,USB-C Hub,Electronics,1,44.13,44.13,Completed
ORD-0003834,CUST-007146,2022-08-03,Backpack,Lifestyle,6,54.77,328.62,Returned
ORD-0003835,CUST-007320,2026-08-16,Laptop Stand,Office,2,44.53,89.06,Cancelled
ORD-0003836,CUST-007295,2025-08-07,Noise-Canceling Headphones,Electronics,1,183.78,183.78,Completed
ORD-0003837,CUST-008483,2026-08-06,Standing Desk,Furniture,2,363.86,727.72,Processing
ORD-0003838,CUST-002407,2022-08-31,Ergonomic Chair,Furniture,3,237.3,711.9,Completed
ORD-0003839,CUST-005269,2023-12-24,Backpack,Lifestyle,5,58.43,292.15,Completed
ORD-0003840,CUST-000470,2025-10-18,Wireless Mouse,Electronics,3,27.18,81.54,Shipped
ORD-0003841,CUST-004001,2023-12-19,Noise-Canceling Headphones,Electronics,4,180.2,720.8,Processing
ORD-0003842,CUST-008308,2023-06-02,Wireless Mouse,Electronics,2,27.24,54.48,Cancelled
ORD-0003843,CUST-009880,2023-06-11,Water Bottle,Lifestyle,2,19.11,38.22,Cancelled
ORD-0003844,CUST-007608,2026-02-10,Laptop Stand,Office,4,41.07,164.28,Completed
ORD-0003845,CUST-000905,2025-11-27,Backpack,Lifestyle,2,61.36,122.72,Shipped
ORD-0003846,CUST-002017,2026-01-13,Standing Desk,Furniture,4,371.13,1484.52,Returned
ORD-0003847,CUST-003724,2025-10-17,USB-C Hub,Electronics,6,48.95,293.7,Completed
ORD-0003848,CUST-005143,2026-09-07,Mechanical Keyboard,Electronics,1,83.07,83.07,Shipped
ORD-0003849,CUST-002502,2024-02-15,Wireless Mouse,Electronics,2,27.31,54.62,Shipped
ORD-0003850,CUST-001810,2024-08-28,Noise-Canceling Headphones,Electronics,5,167.64,838.2,Completed
ORD-0003851,CUST-004397,2026-02-16,Wireless Mouse,Electronics,3,28.82,86.46,Processing
ORD-0003852,CUST-007406,2024-10-28,USB-C Hub,Electronics,3,45.82,137.46,Processing
ORD-0003853,CUST-007743,2025-06-02,USB-C Hub,Electronics,4,51.25,205,Processing
ORD-0003854,CUST-002675,2024-12-12,Mechanical Keyboard,Electronics,6,84.9,509.4,Processing
ORD-0003855,CUST-001534,2024-02-19,Desk Organizer,Office,2,24.25,48.5,Completed
ORD-0003856,CUST-003787,2026-04-01,Laptop Stand,Office,4,40.84,163.36,Returned
ORD-0003857,CUST-007296,2025-08-22,Ergonomic Chair,Furniture,4,263.23,1052.92,Returned
ORD-0003858,CUST-000041,2022-06-30,Laptop Stand,Office,6,47.71,286.26,Completed
ORD-0003859,CUST-006949,2023-12-14,Backpack,Lifestyle,5,58.21,291.05,Shipped
ORD-0003860,CUST-004031,2025-12-28,Ergonomic Chair,Furniture,1,263.88,263.88,Returned
ORD-0003861,CUST-002745,2025-09-03,Water Bottle,Lifestyle,3,18.14,54.42,Cancelled
ORD-0003862,CUST-001635,2026-01-20,Water Bottle,Lifestyle,6,20.36,122.16,Completed
ORD-0003863,CUST-007889,2023-11-19,USB-C Hub,Electronics,6,47.67,286.02,Shipped
ORD-0003864,CUST-001656,2024-08-13,USB-C Hub,Electronics,2,51.46,102.92,Completed
ORD-0003865,CUST-008914,2026-05-01,Desk Organizer,Office,5,24.1,120.5,Shipped
ORD-0003866,CUST-007465,2026-08-12,Water Bottle,Lifestyle,3,18.06,54.18,Returned
ORD-0003867,CUST-003429,2026-09-02,Wireless Mouse,Electronics,3,29.81,89.43,Shipped
ORD-0003868,CUST-005496,2022-03-28,Webcam,Electronics,4,71.45,285.8,Shipped
ORD-0003869,CUST-009317,2024-07-21,Standing Desk,Furniture,3,366.35,1099.05,Cancelled
ORD-0003870,CUST-007921,2026-05-18,USB-C Hub,Electronics,2,51,102,Cancelled
ORD-0003871,CUST-003980,2026-02-11,Standing Desk,Furniture,4,368.01,1472.04,Shipped
ORD-0003872,CUST-009367,2024-08-22,Water Bottle,Lifestyle,1,20,20,Completed
ORD-0003873,CUST-004731,2025-08-16,Noise-Canceling Headphones,Electronics,6,186.37,1118.22,Completed
ORD-0003874,CUST-000006,2024-12-14,Webcam,Electronics,5,75.8,379,Completed
ORD-0003875,CUST-003922,2026-03-14,Noise-Canceling Headphones,Electronics,2,187.71,375.42,Completed
ORD-0003876,CUST-009863,2025-09-06,Laptop Stand,Office,5,45.96,229.8,Completed
ORD-0003877,CUST-004897,2026-06-02,Laptop Stand,Office,5,42.19,210.95,Shipped
ORD-0003878,CUST-001695,2026-08-26,Standing Desk,Furniture,6,421.88,2531.28,Returned
ORD-0003879,CUST-007374,2026-08-29,Backpack,Lifestyle,5,62.81,314.05,Completed
ORD-0003880,CUST-002272,2025-09-13,Noise-Canceling Headphones,Electronics,1,162.78,162.78,Completed
ORD-0003881,CUST-003343,2022-06-22,Ergonomic Chair,Furniture,5,261.02,1305.1,Shipped
ORD-0003882,CUST-004413,2022-05-15,Noise-Canceling Headphones,Electronics,5,190.92,954.6,Completed
ORD-0003883,CUST-007074,2024-03-19,Standing Desk,Furniture,4,377.62,1510.48,Completed
ORD-0003884,CUST-004619,2023-11-02,Standing Desk,Furniture,6,430.6,2583.6,Completed
ORD-0003885,CUST-005333,2024-02-03,Water Bottle,Lifestyle,3,18.14,54.42,Processing
ORD-0003886,CUST-003641,2024-08-06,Noise-Canceling Headphones,Electronics,4,175.73,702.92,Completed
ORD-0003887,CUST-006393,2026-03-03,Water Bottle,Lifestyle,1,17.49,17.49,Completed
ORD-0003888,CUST-009835,2022-01-29,USB-C Hub,Electronics,1,52.02,52.02,Returned
ORD-0003889,CUST-008941,2026-04-02,Water Bottle,Lifestyle,4,19.66,78.64,Cancelled
ORD-0003890,CUST-007645,2025-01-12,Mechanical Keyboard,Electronics,6,88.21,529.26,Returned
ORD-0003891,CUST-004471,2024-11-18,Notebook Set,Stationery,2,12.76,25.52,Shipped
ORD-0003892,CUST-006050,2025-05-27,Water Bottle,Lifestyle,5,19.97,99.85,Completed
ORD-0003893,CUST-009254,2025-12-03,USB-C Hub,Electronics,2,45.45,90.9,Completed
ORD-0003894,CUST-004333,2025-03-02,Standing Desk,Furniture,6,435.04,2610.24,Processing
ORD-0003895,CUST-004482,2025-03-02,Ergonomic Chair,Furniture,4,269.88,1079.52,Returned
ORD-0003896,CUST-005007,2026-09-03,Notebook Set,Stationery,3,13.32,39.96,Completed
ORD-0003897,CUST-005689,2021-11-29,Backpack,Lifestyle,2,63.92,127.84,Completed
ORD-0003898,CUST-006237,2025-12-22,Noise-Canceling Headphones,Electronics,1,190.09,190.09,Processing
ORD-0003899,CUST-005016,2022-06-07,Ergonomic Chair,Furniture,5,264.97,1324.85,Returned
ORD-0003900,CUST-008613,2026-02-21,Notebook Set,Stationery,1,11.59,11.59,Completed
ORD-0003901,CUST-002449,2020-07-01,Mechanical Keyboard,Electronics,3,82.7,248.1,Cancelled
ORD-0003902,CUST-003614,2026-03-10,Noise-Canceling Headphones,Electronics,2,165.24,330.48,Processing
ORD-0003903,CUST-004593,2026-06-09,Wireless Mouse,Electronics,1,30.49,30.49,Cancelled
ORD-0003904,CUST-003599,2025-06-12,Laptop Stand,Office,2,45.84,91.68,Completed
ORD-0003905,CUST-002094,2025-02-17,Water Bottle,Lifestyle,3,18.92,56.76,Processing
ORD-0003906,CUST-005681,2025-09-05,Noise-Canceling Headphones,Electronics,6,188.86,1133.16,Cancelled
ORD-0003907,CUST-009298,2026-08-21,Desk Organizer,Office,6,25.57,153.42,Completed
ORD-0003908,CUST-004318,2025-10-19,Ergonomic Chair,Furniture,6,264.47,1586.82,Returned
ORD-0003909,CUST-002240,2024-12-24,Webcam,Electronics,2,74.71,149.42,Cancelled
ORD-0003910,CUST-009969,2026-03-29,Noise-Canceling Headphones,Electronics,1,178.49,178.49,Completed
ORD-0003911,CUST-003549,2021-08-13,USB-C Hub,Electronics,4,48.23,192.92,Completed
ORD-0003912,CUST-003660,2026-08-24,Wireless Mouse,Electronics,6,29.69,178.14,Processing
ORD-0003913,CUST-005385,2026-07-31,Notebook Set,Stationery,4,13.67,54.68,Shipped
ORD-0003914,CUST-009800,2025-06-17,Backpack,Lifestyle,6,62.43,374.58,Completed
ORD-0003915,CUST-003974,2023-03-03,Ergonomic Chair,Furniture,6,245.11,1470.66,Completed
ORD-0003916,CUST-002096,2026-03-28,Mechanical Keyboard,Electronics,6,85.22,511.32,Completed
ORD-0003917,CUST-001856,2025-12-14,Mechanical Keyboard,Electronics,5,83.47,417.35,Completed
ORD-0003918,CUST-009900,2024-08-15,USB-C Hub,Electronics,1,51.17,51.17,Completed
ORD-0003919,CUST-006429,2023-11-13,Standing Desk,Furniture,1,371.98,371.98,Completed
ORD-0003920,CUST-004847,2025-09-28,Backpack,Lifestyle,1,58.31,58.31,Processing
ORD-0003921,CUST-005886,2024-09-16,Laptop Stand,Office,4,49.4,197.6,Completed
ORD-0003922,CUST-000120,2026-06-13,Desk Organizer,Office,5,25.36,126.8,Completed
ORD-0003923,CUST-006136,2024-06-26,Webcam,Electronics,2,70.63,141.26,Completed
ORD-0003924,CUST-007177,2023-04-03,Laptop Stand,Office,1,46.55,46.55,Completed
ORD-0003925,CUST-004811,2026-07-04,Mechanical Keyboard,Electronics,5,90.67,453.35,Shipped
ORD-0003926,CUST-007301,2025-10-05,Standing Desk,Furniture,3,397.99,1193.97,Returned
ORD-0003927,CUST-000939,2024-11-04,Webcam,Electronics,4,72.11,288.44,Completed
ORD-0003928,CUST-007808,2026-01-11,Wireless Mouse,Electronics,5,30.75,153.75,Completed
ORD-0003929,CUST-001394,2024-11-14,Wireless Mouse,Electronics,1,32.73,32.73,Completed
ORD-0003930,CUST-005248,2026-08-01,Laptop Stand,Office,6,48,288,Completed
ORD-0003931,CUST-007695,2025-02-06,Backpack,Lifestyle,2,55.62,111.24,Completed
ORD-0003932,CUST-000466,2026-01-05,Standing Desk,Furniture,2,388.46,776.92,Completed
ORD-0003933,CUST-009275,2023-03-07,Laptop Stand,Office,4,46.27,185.08,Cancelled
ORD-0003934,CUST-002837,2026-08-14,Noise-Canceling Headphones,Electronics,4,170.79,683.16,Returned
ORD-0003935,CUST-001785,2025-10-18,Desk Organizer,Office,1,26.47,26.47,Processing
ORD-0003936,CUST-003548,2026-02-27,Laptop Stand,Office,3,43.14,129.42,Completed
ORD-0003937,CUST-001548,2025-12-17,Water Bottle,Lifestyle,6,18.32,109.92,Cancelled
ORD-0003938,CUST-000247,2026-01-18,Webcam,Electronics,4,79.8,319.2,Processing
ORD-0003939,CUST-009749,2024-02-15,Standing Desk,Furniture,5,361.35,1806.75,Completed
ORD-0003940,CUST-007916,2023-07-05,Mechanical Keyboard,Electronics,2,91.16,182.32,Completed
ORD-0003941,CUST-002454,2025-06-03,Standing Desk,Furniture,1,361.7,361.7,Returned
ORD-0003942,CUST-003313,2026-03-21,Noise-Canceling Headphones,Electronics,6,172.7,1036.2,Processing
ORD-0003943,CUST-005051,2024-11-27,Ergonomic Chair,Furniture,6,239.73,1438.38,Completed
ORD-0003944,CUST-002812,2021-12-16,Mechanical Keyboard,Electronics,4,89.65,358.6,Shipped
ORD-0003945,CUST-002211,2026-05-29,Backpack,Lifestyle,6,60.97,365.82,Cancelled
ORD-0003946,CUST-006008,2026-05-23,USB-C Hub,Electronics,6,51.68,310.08,Processing
ORD-0003947,CUST-006961,2025-10-31,Desk Organizer,Office,4,22.88,91.52,Returned
ORD-0003948,CUST-009904,2024-01-31,Wireless Mouse,Electronics,2,30.06,60.12,Completed
ORD-0003949,CUST-004960,2024-07-26,Wireless Mouse,Electronics,1,30.09,30.09,Processing
ORD-0003950,CUST-001050,2026-08-05,Standing Desk,Furniture,1,415.51,415.51,Completed
ORD-0003951,CUST-002572,2024-12-18,Webcam,Electronics,3,71.39,214.17,Returned
ORD-0003952,CUST-005454,2026-06-25,USB-C Hub,Electronics,6,46.19,277.14,Completed
ORD-0003953,CUST-009840,2024-05-07,Ergonomic Chair,Furniture,3,262.67,788.01,Completed
ORD-0003954,CUST-008629,2024-03-17,Webcam,Electronics,2,76.21,152.42,Completed
ORD-0003955,CUST-001933,2025-07-01,Laptop Stand,Office,6,47.69,286.14,Processing
ORD-0003956,CUST-000607,2025-04-11,Laptop Stand,Office,3,41.5,124.5,Completed
ORD-0003957,CUST-005188,2026-08-18,Noise-Canceling Headphones,Electronics,1,179.89,179.89,Returned
ORD-0003958,CUST-003265,2026-05-21,Laptop Stand,Office,3,42.48,127.44,Completed
ORD-0003959,CUST-006312,2026-05-21,Ergonomic Chair,Furniture,1,236,236,Returned
ORD-0003960,CUST-009814,2025-04-24,Standing Desk,Furniture,6,372.99,2237.94,Cancelled
ORD-0003961,CUST-005863,2025-01-30,Laptop Stand,Office,3,45.11,135.33,Completed
ORD-0003962,CUST-008787,2026-08-10,Noise-Canceling Headphones,Electronics,2,192.39,384.78,Completed
ORD-0003963,CUST-009583,2026-02-20,Laptop Stand,Office,4,44.52,178.08,Shipped
ORD-0003964,CUST-007372,2025-06-25,Desk Organizer,Office,5,22.87,114.35,Completed
ORD-0003965,CUST-003693,2026-08-12,USB-C Hub,Electronics,3,48.21,144.63,Returned
ORD-0003966,CUST-001440,2024-01-03,Mechanical Keyboard,Electronics,6,84.76,508.56,Completed
ORD-0003967,CUST-002735,2025-09-11,Backpack,Lifestyle,3,58.26,174.78,Cancelled
ORD-0003968,CUST-002095,2024-02-18,Ergonomic Chair,Furniture,5,268.36,1341.8,Processing
ORD-0003969,CUST-001053,2022-12-08,USB-C Hub,Electronics,2,52.52,105.04,Cancelled
ORD-0003970,CUST-001114,2025-07-18,Desk Organizer,Office,5,25.88,129.4,Processing
ORD-0003971,CUST-001515,2023-01-05,Laptop Stand,Office,6,43.82,262.92,Completed
ORD-0003972,CUST-000100,2023-06-22,Ergonomic Chair,Furniture,6,230.94,1385.64,Completed
ORD-0003973,CUST-007562,2026-03-16,Noise-Canceling Headphones,Electronics,4,169.5,678,Shipped
ORD-0003974,CUST-000701,2022-11-03,USB-C Hub,Electronics,6,50.82,304.92,Completed
ORD-0003975,CUST-007183,2024-07-18,Desk Organizer,Office,2,24.97,49.94,Shipped
ORD-0003976,CUST-005735,2021-12-12,Standing Desk,Furniture,1,401.67,401.67,Completed
ORD-0003977,CUST-009906,2024-08-29,Notebook Set,Stationery,5,12.76,63.8,Returned
ORD-0003978,CUST-003574,2025-12-16,Standing Desk,Furniture,6,432.79,2596.74,Cancelled
ORD-0003979,CUST-000402,2024-06-17,Backpack,Lifestyle,2,53.8,107.6,Shipped
ORD-0003980,CUST-000613,2025-11-16,Water Bottle,Lifestyle,3,17.62,52.86,Completed
ORD-0003981,CUST-004791,2025-07-03,Laptop Stand,Office,6,46.82,280.92,Completed
ORD-0003982,CUST-009192,2024-09-23,Notebook Set,Stationery,2,11.56,23.12,Processing
ORD-0003983,CUST-008249,2025-12-26,Water Bottle,Lifestyle,5,19.15,95.75,Shipped
ORD-0003984,CUST-000785,2024-06-18,Mechanical Keyboard,Electronics,1,96.62,96.62,Completed
ORD-0003985,CUST-005012,2020-02-22,Wireless Mouse,Electronics,3,28.75,86.25,Cancelled
ORD-0003986,CUST-006833,2022-06-27,Laptop Stand,Office,3,46.76,140.28,Completed
ORD-0003987,CUST-004353,2025-10-09,Laptop Stand,Office,5,44.6,223,Cancelled
ORD-0003988,CUST-002032,2024-04-07,Noise-Canceling Headphones,Electronics,6,193.46,1160.76,Cancelled
ORD-0003989,CUST-008657,2026-04-09,USB-C Hub,Electronics,3,45.28,135.84,Returned
ORD-0003990,CUST-007447,2025-10-28,Notebook Set,Stationery,3,11.91,35.73,Completed
ORD-0003991,CUST-002154,2025-01-19,Desk Organizer,Office,1,23.44,23.44,Completed
ORD-0003992,CUST-003281,2022-02-02,Noise-Canceling Headphones,Electronics,2,173.64,347.28,Completed
ORD-0003993,CUST-001430,2021-12-07,Ergonomic Chair,Furniture,3,256.29,768.87,Completed
ORD-0003994,CUST-003639,2025-03-11,Laptop Stand,Office,5,44.59,222.95,Completed
ORD-0003995,CUST-001293,2025-10-07,Backpack,Lifestyle,1,63.38,63.38,Completed
ORD-0003996,CUST-008151,2024-04-11,Backpack,Lifestyle,3,60.21,180.63,Cancelled
ORD-0003997,CUST-002099,2023-06-23,Laptop Stand,Office,4,44.39,177.56,Processing
ORD-0003998,CUST-007771,2026-05-08,Webcam,Electronics,2,72.25,144.5,Completed
ORD-0003999,CUST-007121,2025-12-17,Notebook Set,Stationery,4,13.11,52.44,Completed
ORD-0004000,CUST-004619,2023-11-24,Laptop Stand,Office,1,46.22,46.22,Processing
ORD-0004001,CUST-001069,2024-04-16,USB-C Hub,Electronics,1,53.84,53.84,Cancelled
ORD-0004002,CUST-008195,2026-08-28,Noise-Canceling Headphones,Electronics,3,176.2,528.6,Cancelled
ORD-0004003,CUST-003336,2023-01-21,Water Bottle,Lifestyle,2,19.91,39.82,Completed
ORD-0004004,CUST-002814,2024-11-10,USB-C Hub,Electronics,2,52.65,105.3,Cancelled
ORD-0004005,CUST-002085,2026-05-01,Wireless Mouse,Electronics,6,32.31,193.86,Processing
ORD-0004006,CUST-003609,2022-01-19,Backpack,Lifestyle,1,56.59,56.59,Completed
ORD-0004007,CUST-007748,2026-08-27,Laptop Stand,Office,2,46.35,92.7,Completed
ORD-0004008,CUST-000935,2026-02-23,Backpack,Lifestyle,2,54.86,109.72,Shipped
ORD-0004009,CUST-007054,2024-07-09,Desk Organizer,Office,4,23.11,92.44,Cancelled
ORD-0004010,CUST-005534,2025-02-06,Notebook Set,Stationery,5,12.71,63.55,Processing
ORD-0004011,CUST-001161,2026-07-18,Desk Organizer,Office,5,25.83,129.15,Cancelled
ORD-0004012,CUST-009291,2025-03-30,Laptop Stand,Office,4,48.42,193.68,Completed
ORD-0004013,CUST-003995,2026-08-27,Backpack,Lifestyle,2,57.89,115.78,Completed
ORD-0004014,CUST-008924,2023-07-30,Notebook Set,Stationery,5,13.11,65.55,Cancelled
ORD-0004015,CUST-009388,2024-10-07,Noise-Canceling Headphones,Electronics,6,162.71,976.26,Completed
ORD-0004016,CUST-002473,2025-04-14,Notebook Set,Stationery,2,12.37,24.74,Returned
ORD-0004017,CUST-008110,2026-05-03,Webcam,Electronics,2,67.81,135.62,Completed
ORD-0004018,CUST-000894,2026-02-19,Backpack,Lifestyle,4,58.67,234.68,Processing
ORD-0004019,CUST-008386,2024-06-29,Notebook Set,Stationery,5,13.64,68.2,Completed
ORD-0004020,CUST-009645,2020-06-29,Ergonomic Chair,Furniture,2,224.43,448.86,Completed
ORD-0004021,CUST-005989,2026-08-30,USB-C Hub,Electronics,3,52.63,157.89,Completed
ORD-0004022,CUST-007574,2026-07-18,Backpack,Lifestyle,6,60.51,363.06,Processing
ORD-0004023,CUST-002518,2025-03-18,Mechanical Keyboard,Electronics,1,89.84,89.84,Completed
ORD-0004024,CUST-002964,2025-05-13,Notebook Set,Stationery,6,12.2,73.2,Completed
ORD-0004025,CUST-002930,2023-10-21,Wireless Mouse,Electronics,5,31.1,155.5,Completed
ORD-0004026,CUST-009092,2025-10-22,Standing Desk,Furniture,3,406.94,1220.82,Returned
ORD-0004027,CUST-005942,2025-12-26,Ergonomic Chair,Furniture,6,259.74,1558.44,Shipped
ORD-0004028,CUST-004119,2025-08-25,Ergonomic Chair,Furniture,2,269.36,538.72,Shipped
ORD-0004029,CUST-003388,2024-12-25,Water Bottle,Lifestyle,4,20.7,82.8,Processing
ORD-0004030,CUST-002680,2024-09-30,Desk Organizer,Office,5,23.29,116.45,Processing
ORD-0004031,CUST-007119,2023-06-28,Mechanical Keyboard,Electronics,3,88.86,266.58,Shipped
ORD-0004032,CUST-009003,2023-09-26,Noise-Canceling Headphones,Electronics,2,164.86,329.72,Shipped
ORD-0004033,CUST-004553,2024-07-05,Standing Desk,Furniture,6,429.48,2576.88,Completed
ORD-0004034,CUST-003902,2024-02-04,Backpack,Lifestyle,1,64.9,64.9,Cancelled
ORD-0004035,CUST-006453,2023-06-16,Notebook Set,Stationery,5,12.4,62,Completed
ORD-0004036,CUST-000502,2025-04-04,Ergonomic Chair,Furniture,6,247.89,1487.34,Returned
ORD-0004037,CUST-003044,2022-04-04,Backpack,Lifestyle,1,55.1,55.1,Cancelled
ORD-0004038,CUST-006011,2024-03-19,Mechanical Keyboard,Electronics,4,96.44,385.76,Shipped
ORD-0004039,CUST-007049,2025-12-07,Water Bottle,Lifestyle,6,17.6,105.6,Completed
ORD-0004040,CUST-009417,2026-08-07,Standing Desk,Furniture,1,364.86,364.86,Completed
ORD-0004041,CUST-004739,2025-08-22,Standing Desk,Furniture,2,417.28,834.56,Shipped
ORD-0004042,CUST-007427,2023-12-08,Mechanical Keyboard,Electronics,3,98.31,294.93,Returned
ORD-0004043,CUST-008604,2025-06-01,Laptop Stand,Office,6,44.66,267.96,Cancelled
ORD-0004044,CUST-003505,2024-10-05,Wireless Mouse,Electronics,6,31.45,188.7,Completed
ORD-0004045,CUST-007719,2022-01-07,Laptop Stand,Office,2,43.67,87.34,Returned
ORD-0004046,CUST-007348,2024-10-17,Ergonomic Chair,Furniture,6,260.52,1563.12,Processing
ORD-0004047,CUST-004416,2022-04-21,Webcam,Electronics,6,69.69,418.14,Cancelled
ORD-0004048,CUST-004647,2023-04-14,Water Bottle,Lifestyle,5,19.81,99.05,Cancelled
ORD-0004049,CUST-008344,2026-05-30,Standing Desk,Furniture,2,432.59,865.18,Shipped
ORD-0004050,CUST-009475,2024-08-03,Wireless Mouse,Electronics,3,31.12,93.36,Cancelled
ORD-0004051,CUST-001521,2025-04-10,Mechanical Keyboard,Electronics,1,95.33,95.33,Completed
ORD-0004052,CUST-004141,2024-03-20,Desk Organizer,Office,1,26.05,26.05,Completed
ORD-0004053,CUST-000456,2026-05-06,USB-C Hub,Electronics,3,48.36,145.08,Shipped
ORD-0004054,CUST-003869,2026-03-30,Desk Organizer,Office,5,26.8,134,Processing
ORD-0004055,CUST-003956,2026-04-12,Standing Desk,Furniture,4,376.01,1504.04,Completed
ORD-0004056,CUST-006121,2025-12-23,Standing Desk,Furniture,5,400.57,2002.85,Returned
ORD-0004057,CUST-007695,2022-08-28,USB-C Hub,Electronics,2,46.32,92.64,Completed
ORD-0004058,CUST-006934,2026-01-11,Notebook Set,Stationery,2,12.56,25.12,Cancelled
ORD-0004059,CUST-009145,2026-08-27,Mechanical Keyboard,Electronics,2,94.74,189.48,Completed
ORD-0004060,CUST-009097,2026-05-09,Ergonomic Chair,Furniture,6,265.55,1593.3,Returned
ORD-0004061,CUST-008958,2024-06-10,Standing Desk,Furniture,2,395.46,790.92,Completed
ORD-0004062,CUST-009518,2024-02-27,USB-C Hub,Electronics,5,50.67,253.35,Cancelled
ORD-0004063,CUST-007408,2026-03-09,Water Bottle,Lifestyle,3,20.67,62.01,Cancelled
ORD-0004064,CUST-005626,2026-09-01,Wireless Mouse,Electronics,3,32.84,98.52,Cancelled
ORD-0004065,CUST-006964,2024-08-03,Standing Desk,Furniture,3,433.27,1299.81,Completed
ORD-0004066,CUST-003147,2023-01-11,Noise-Canceling Headphones,Electronics,3,195.66,586.98,Completed
ORD-0004067,CUST-004605,2026-07-01,Webcam,Electronics,4,77.31,309.24,Processing
ORD-0004068,CUST-000105,2026-02-23,Standing Desk,Furniture,1,429.42,429.42,Completed
ORD-0004069,CUST-009961,2023-04-12,Ergonomic Chair,Furniture,4,236.53,946.12,Completed
ORD-0004070,CUST-004381,2025-08-26,Notebook Set,Stationery,1,13.3,13.3,Cancelled
ORD-0004071,CUST-007887,2024-04-27,Ergonomic Chair,Furniture,4,269.91,1079.64,Shipped
ORD-0004072,CUST-004687,2025-08-25,Ergonomic Chair,Furniture,1,249.28,249.28,Shipped
ORD-0004073,CUST-006544,2024-08-06,Desk Organizer,Office,2,23.33,46.66,Completed
ORD-0004074,CUST-007289,2025-11-11,Noise-Canceling Headphones,Electronics,2,170.55,341.1,Completed
ORD-0004075,CUST-004595,2024-08-23,Laptop Stand,Office,3,44.1,132.3,Returned
ORD-0004076,CUST-003325,2024-01-16,Noise-Canceling Headphones,Electronics,6,196.19,1177.14,Completed
ORD-0004077,CUST-003609,2026-02-01,USB-C Hub,Electronics,2,52.07,104.14,Completed
ORD-0004078,CUST-004062,2026-03-09,Wireless Mouse,Electronics,1,31.45,31.45,Completed
ORD-0004079,CUST-004260,2026-08-04,Standing Desk,Furniture,2,423.79,847.58,Completed
ORD-0004080,CUST-003940,2026-03-22,Wireless Mouse,Electronics,4,29.37,117.48,Shipped
ORD-0004081,CUST-007423,2025-08-31,Backpack,Lifestyle,4,63.55,254.2,Completed
ORD-0004082,CUST-003737,2025-01-10,Ergonomic Chair,Furniture,5,252.73,1263.65,Completed
ORD-0004083,CUST-003749,2025-12-15,Webcam,Electronics,6,74.01,444.06,Returned
ORD-0004084,CUST-008713,2026-01-17,Standing Desk,Furniture,6,427.58,2565.48,Completed
ORD-0004085,CUST-007828,2023-08-27,Laptop Stand,Office,6,47.19,283.14,Completed
ORD-0004086,CUST-009058,2026-02-28,Water Bottle,Lifestyle,1,17.41,17.41,Processing
ORD-0004087,CUST-005521,2025-12-19,Standing Desk,Furniture,4,429.03,1716.12,Shipped
ORD-0004088,CUST-002506,2026-05-28,Ergonomic Chair,Furniture,3,260.76,782.28,Processing
ORD-0004089,CUST-005561,2026-04-01,Desk Organizer,Office,5,22.61,113.05,Returned
ORD-0004090,CUST-001451,2026-01-14,Water Bottle,Lifestyle,5,18.42,92.1,Processing
ORD-0004091,CUST-009016,2026-05-27,Wireless Mouse,Electronics,3,32.86,98.58,Processing
ORD-0004092,CUST-009401,2025-03-15,Water Bottle,Lifestyle,6,17.84,107.04,Cancelled
ORD-0004093,CUST-002705,2025-12-19,Notebook Set,Stationery,3,13.27,39.81,Completed
ORD-0004094,CUST-004133,2025-05-11,Notebook Set,Stationery,6,13.26,79.56,Returned
ORD-0004095,CUST-005166,2026-04-07,Wireless Mouse,Electronics,6,29.43,176.58,Returned
ORD-0004096,CUST-007370,2024-09-22,USB-C Hub,Electronics,1,47.54,47.54,Completed
ORD-0004097,CUST-006263,2026-08-11,Water Bottle,Lifestyle,6,20.1,120.6,Completed
ORD-0004098,CUST-003343,2021-09-19,Water Bottle,Lifestyle,4,17.34,69.36,Processing
ORD-0004099,CUST-004032,2023-04-27,Webcam,Electronics,3,74.8,224.4,Completed
ORD-0004100,CUST-001068,2026-03-30,Mechanical Keyboard,Electronics,6,85.24,511.44,Processing
ORD-0004101,CUST-004857,2026-04-16,Laptop Stand,Office,5,47.7,238.5,Completed
ORD-0004102,CUST-007694,2025-11-13,Backpack,Lifestyle,6,54.97,329.82,Completed
ORD-0004103,CUST-005567,2025-11-23,Webcam,Electronics,5,68.87,344.35,Completed
ORD-0004104,CUST-002751,2026-07-04,USB-C Hub,Electronics,1,51.4,51.4,Shipped
ORD-0004105,CUST-008554,2021-03-13,Laptop Stand,Office,1,42.96,42.96,Processing
ORD-0004106,CUST-005657,2023-08-04,Desk Organizer,Office,5,23.31,116.55,Processing
ORD-0004107,CUST-003500,2023-02-22,Backpack,Lifestyle,3,55.11,165.33,Returned
ORD-0004108,CUST-001318,2026-08-20,Ergonomic Chair,Furniture,4,273.86,1095.44,Completed
ORD-0004109,CUST-001812,2024-08-26,Backpack,Lifestyle,1,54.78,54.78,Returned
ORD-0004110,CUST-001166,2025-12-06,Ergonomic Chair,Furniture,1,242.65,242.65,Completed
ORD-0004111,CUST-002350,2022-08-17,Noise-Canceling Headphones,Electronics,2,189.99,379.98,Completed
ORD-0004112,CUST-009481,2026-08-07,Webcam,Electronics,3,67.14,201.42,Returned
ORD-0004113,CUST-009556,2023-03-12,Notebook Set,Stationery,3,11.78,35.34,Cancelled
ORD-0004114,CUST-007343,2025-06-27,Notebook Set,Stationery,3,12.6,37.8,Completed
ORD-0004115,CUST-007561,2020-11-04,Laptop Stand,Office,6,42.55,255.3,Processing
ORD-0004116,CUST-009054,2025-12-18,USB-C Hub,Electronics,4,53.26,213.04,Completed
ORD-0004117,CUST-006379,2025-01-11,Standing Desk,Furniture,4,438.9,1755.6,Processing
ORD-0004118,CUST-008364,2026-05-22,Backpack,Lifestyle,1,64.69,64.69,Completed
ORD-0004119,CUST-008766,2023-09-03,Desk Organizer,Office,6,23.41,140.46,Completed
ORD-0004120,CUST-004376,2026-05-13,Mechanical Keyboard,Electronics,6,96.57,579.42,Completed
ORD-0004121,CUST-008861,2026-05-18,Webcam,Electronics,4,73.13,292.52,Completed
ORD-0004122,CUST-009430,2022-08-09,Wireless Mouse,Electronics,3,27.22,81.66,Cancelled
ORD-0004123,CUST-006172,2025-02-15,Laptop Stand,Office,1,44.43,44.43,Completed
ORD-0004124,CUST-003851,2026-08-09,USB-C Hub,Electronics,1,45.24,45.24,Returned
ORD-0004125,CUST-001026,2026-09-05,Backpack,Lifestyle,5,61.8,309,Completed
ORD-0004126,CUST-004875,2024-07-12,Laptop Stand,Office,2,46.43,92.86,Cancelled
ORD-0004127,CUST-000070,2025-08-21,Backpack,Lifestyle,3,58.65,175.95,Completed
ORD-0004128,CUST-009616,2026-01-15,USB-C Hub,Electronics,6,48.8,292.8,Completed
ORD-0004129,CUST-002907,2024-11-04,Laptop Stand,Office,3,43.81,131.43,Completed
ORD-0004130,CUST-004400,2026-07-02,Backpack,Lifestyle,3,57.34,172.02,Cancelled
ORD-0004131,CUST-003476,2024-05-10,Backpack,Lifestyle,5,63.54,317.7,Completed
ORD-0004132,CUST-005334,2026-07-26,Wireless Mouse,Electronics,5,27.28,136.4,Completed
ORD-0004133,CUST-002254,2023-07-02,Wireless Mouse,Electronics,5,30.66,153.3,Completed
ORD-0004134,CUST-007425,2023-06-19,USB-C Hub,Electronics,4,51.27,205.08,Shipped
ORD-0004135,CUST-007891,2026-08-12,Noise-Canceling Headphones,Electronics,2,170.08,340.16,Completed
ORD-0004136,CUST-002115,2025-04-16,Ergonomic Chair,Furniture,4,242.83,971.32,Returned
ORD-0004137,CUST-009353,2024-09-28,Standing Desk,Furniture,6,398.96,2393.76,Processing
ORD-0004138,CUST-005569,2026-01-14,USB-C Hub,Electronics,4,47.44,189.76,Shipped
ORD-0004139,CUST-002185,2023-07-22,Standing Desk,Furniture,6,394.17,2365.02,Shipped
ORD-0004140,CUST-002554,2025-03-05,Laptop Stand,Office,5,46.13,230.65,Completed
ORD-0004141,CUST-004974,2026-08-01,Water Bottle,Lifestyle,5,20.33,101.65,Completed
ORD-0004142,CUST-003259,2024-11-30,Ergonomic Chair,Furniture,6,252.16,1512.96,Completed
ORD-0004143,CUST-004612,2026-07-02,Noise-Canceling Headphones,Electronics,5,173.24,866.2,Completed
ORD-0004144,CUST-002901,2023-03-25,Noise-Canceling Headphones,Electronics,1,181.23,181.23,Completed
ORD-0004145,CUST-001452,2024-12-05,Noise-Canceling Headphones,Electronics,2,172.53,345.06,Completed
ORD-0004146,CUST-006456,2025-05-23,Standing Desk,Furniture,6,429.95,2579.7,Processing
ORD-0004147,CUST-007947,2025-11-30,Wireless Mouse,Electronics,1,30.77,30.77,Processing
ORD-0004148,CUST-003357,2026-07-05,Webcam,Electronics,6,68.09,408.54,Completed
ORD-0004149,CUST-006878,2026-06-12,Water Bottle,Lifestyle,4,19.46,77.84,Completed
ORD-0004150,CUST-009514,2025-11-11,Wireless Mouse,Electronics,4,31.67,126.68,Completed
ORD-0004151,CUST-007744,2025-07-03,Ergonomic Chair,Furniture,4,245.44,981.76,Completed
ORD-0004152,CUST-006486,2025-01-12,Wireless Mouse,Electronics,6,28.23,169.38,Processing
ORD-0004153,CUST-002429,2023-07-17,Desk Organizer,Office,2,24.74,49.48,Completed
ORD-0004154,CUST-000159,2024-06-15,Laptop Stand,Office,1,44.06,44.06,Completed
ORD-0004155,CUST-003727,2025-10-12,Water Bottle,Lifestyle,2,19.39,38.78,Shipped
ORD-0004156,CUST-003764,2026-06-22,Notebook Set,Stationery,5,13.92,69.6,Cancelled
ORD-0004157,CUST-002816,2025-12-09,Webcam,Electronics,3,76.55,229.65,Completed
ORD-0004158,CUST-002594,2024-10-02,Webcam,Electronics,6,68.55,411.3,Completed
ORD-0004159,CUST-004297,2023-08-13,Wireless Mouse,Electronics,1,32.02,32.02,Completed
ORD-0004160,CUST-000244,2025-03-23,USB-C Hub,Electronics,5,52.76,263.8,Completed
ORD-0004161,CUST-009856,2025-08-28,Water Bottle,Lifestyle,6,20.24,121.44,Completed
ORD-0004162,CUST-008732,2024-06-19,Standing Desk,Furniture,4,432.56,1730.24,Returned
ORD-0004163,CUST-004176,2025-12-30,Mechanical Keyboard,Electronics,4,95.09,380.36,Returned
ORD-0004164,CUST-007347,2023-09-22,Notebook Set,Stationery,3,13.82,41.46,Cancelled
ORD-0004165,CUST-009174,2023-09-18,USB-C Hub,Electronics,4,51.23,204.92,Cancelled
ORD-0004166,CUST-007548,2026-08-08,Wireless Mouse,Electronics,6,29.6,177.6,Cancelled
ORD-0004167,CUST-005161,2026-03-25,Mechanical Keyboard,Electronics,5,94.38,471.9,Cancelled
ORD-0004168,CUST-003785,2023-04-08,Notebook Set,Stationery,1,12.07,12.07,Cancelled
ORD-0004169,CUST-000024,2024-08-07,USB-C Hub,Electronics,3,52.85,158.55,Completed
ORD-0004170,CUST-002562,2025-01-14,Webcam,Electronics,5,66.97,334.85,Completed
ORD-0004171,CUST-000014,2025-12-04,Noise-Canceling Headphones,Electronics,6,175.56,1053.36,Cancelled
ORD-0004172,CUST-004600,2023-02-14,Notebook Set,Stationery,4,13.61,54.44,Processing
ORD-0004173,CUST-008242,2023-03-30,USB-C Hub,Electronics,2,53.29,106.58,Processing
ORD-0004174,CUST-007441,2025-12-27,Mechanical Keyboard,Electronics,1,89.69,89.69,Completed
ORD-0004175,CUST-009475,2023-10-06,Webcam,Electronics,1,79.43,79.43,Shipped
ORD-0004176,CUST-008332,2025-10-09,Standing Desk,Furniture,5,362.05,1810.25,Cancelled
ORD-0004177,CUST-002319,2026-07-11,USB-C Hub,Electronics,5,45.43,227.15,Shipped
ORD-0004178,CUST-009736,2025-11-23,Laptop Stand,Office,5,47.33,236.65,Completed
ORD-0004179,CUST-002397,2024-10-21,Notebook Set,Stationery,3,12.88,38.64,Processing
ORD-0004180,CUST-002315,2025-05-15,Mechanical Keyboard,Electronics,5,92.34,461.7,Completed
ORD-0004181,CUST-002598,2025-07-06,Desk Organizer,Office,1,23.57,23.57,Processing
ORD-0004182,CUST-002730,2023-08-12,Water Bottle,Lifestyle,3,17.56,52.68,Completed
ORD-0004183,CUST-009007,2024-03-28,Laptop Stand,Office,4,45.81,183.24,Completed
ORD-0004184,CUST-006092,2026-01-13,Laptop Stand,Office,6,41.62,249.72,Shipped
ORD-0004185,CUST-003600,2026-05-02,Backpack,Lifestyle,5,53.93,269.65,Completed
ORD-0004186,CUST-005424,2024-10-21,Water Bottle,Lifestyle,1,19.38,19.38,Completed
ORD-0004187,CUST-007296,2025-12-18,Noise-Canceling Headphones,Electronics,6,167.06,1002.36,Completed
ORD-0004188,CUST-002960,2023-07-24,Ergonomic Chair,Furniture,1,241.06,241.06,Cancelled
ORD-0004189,CUST-009474,2025-05-24,Laptop Stand,Office,4,41.73,166.92,Returned
ORD-0004190,CUST-000640,2026-08-30,Desk Organizer,Office,1,26.56,26.56,Shipped
ORD-0004191,CUST-002527,2023-11-22,Standing Desk,Furniture,1,415.95,415.95,Returned
ORD-0004192,CUST-009635,2025-11-02,Laptop Stand,Office,6,43.46,260.76,Returned
ORD-0004193,CUST-002569,2026-02-03,Noise-Canceling Headphones,Electronics,1,182.39,182.39,Returned
ORD-0004194,CUST-001251,2026-02-13,Desk Organizer,Office,6,23.75,142.5,Shipped
ORD-0004195,CUST-009873,2022-02-14,Ergonomic Chair,Furniture,3,271.76,815.28,Completed
ORD-0004196,CUST-004050,2026-08-29,Notebook Set,Stationery,5,13.52,67.6,Shipped
ORD-0004197,CUST-005137,2026-06-01,Mechanical Keyboard,Electronics,4,88.87,355.48,Processing
ORD-0004198,CUST-004539,2025-08-01,Wireless Mouse,Electronics,4,29.15,116.6,Completed
ORD-0004199,CUST-000180,2025-03-15,Ergonomic Chair,Furniture,6,258.33,1549.98,Shipped
ORD-0004200,CUST-001267,2022-07-31,Wireless Mouse,Electronics,1,29.39,29.39,Cancelled
ORD-0004201,CUST-004152,2023-02-18,Desk Organizer,Office,5,25.36,126.8,Processing
ORD-0004202,CUST-004672,2023-09-22,USB-C Hub,Electronics,4,45.06,180.24,Completed
ORD-0004203,CUST-008853,2022-10-16,Mechanical Keyboard,Electronics,5,84.84,424.2,Completed
ORD-0004204,CUST-007525,2025-12-28,Standing Desk,Furniture,6,427.86,2567.16,Returned
ORD-0004205,CUST-009263,2025-09-26,Backpack,Lifestyle,1,59.25,59.25,Completed
ORD-0004206,CUST-003312,2024-09-30,Water Bottle,Lifestyle,6,19.59,117.54,Returned
ORD-0004207,CUST-007866,2024-10-31,Noise-Canceling Headphones,Electronics,2,167.13,334.26,Completed
ORD-0004208,CUST-002404,2026-06-13,Mechanical Keyboard,Electronics,3,97.41,292.23,Completed
ORD-0004209,CUST-003867,2025-10-28,Ergonomic Chair,Furniture,1,257.99,257.99,Shipped
ORD-0004210,CUST-008346,2026-04-23,Notebook Set,Stationery,5,11.92,59.6,Completed
ORD-0004211,CUST-000900,2025-07-30,Ergonomic Chair,Furniture,2,229.18,458.36,Shipped
ORD-0004212,CUST-009123,2025-11-13,Wireless Mouse,Electronics,1,27.97,27.97,Completed
ORD-0004213,CUST-009310,2023-08-25,USB-C Hub,Electronics,4,53.81,215.24,Completed
ORD-0004214,CUST-000738,2020-07-06,Water Bottle,Lifestyle,3,19.85,59.55,Shipped
ORD-0004215,CUST-001608,2025-08-10,Wireless Mouse,Electronics,2,28.75,57.5,Processing
ORD-0004216,CUST-002951,2023-02-23,Wireless Mouse,Electronics,5,29.24,146.2,Completed
ORD-0004217,CUST-002206,2022-01-19,Water Bottle,Lifestyle,6,19.87,119.22,Completed
ORD-0004218,CUST-009513,2022-07-05,Desk Organizer,Office,4,22.33,89.32,Returned
ORD-0004219,CUST-004995,2025-11-19,Notebook Set,Stationery,4,13.94,55.76,Completed
ORD-0004220,CUST-007756,2026-07-16,Standing Desk,Furniture,6,369.26,2215.56,Cancelled
ORD-0004221,CUST-004894,2025-06-14,Notebook Set,Stationery,6,13.64,81.84,Processing
ORD-0004222,CUST-004861,2024-09-03,Backpack,Lifestyle,5,54.74,273.7,Cancelled
ORD-0004223,CUST-001936,2024-04-25,Water Bottle,Lifestyle,5,18.53,92.65,Completed
ORD-0004224,CUST-000671,2025-12-28,Notebook Set,Stationery,4,13.66,54.64,Completed
ORD-0004225,CUST-009005,2026-06-20,Standing Desk,Furniture,6,378.19,2269.14,Cancelled
ORD-0004226,CUST-009368,2024-10-05,Laptop Stand,Office,6,43.38,260.28,Cancelled
ORD-0004227,CUST-006806,2024-08-29,Water Bottle,Lifestyle,3,17.11,51.33,Completed
ORD-0004228,CUST-004886,2026-06-05,Water Bottle,Lifestyle,6,20.43,122.58,Completed
ORD-0004229,CUST-002165,2024-06-15,Backpack,Lifestyle,3,58.15,174.45,Shipped
ORD-0004230,CUST-007371,2023-10-21,Noise-Canceling Headphones,Electronics,1,193.96,193.96,Cancelled
ORD-0004231,CUST-008251,2025-06-28,Notebook Set,Stationery,1,11.75,11.75,Processing
ORD-0004232,CUST-000566,2025-12-20,Wireless Mouse,Electronics,5,28.27,141.35,Cancelled
ORD-0004233,CUST-007820,2026-06-06,Noise-Canceling Headphones,Electronics,5,173.32,866.6,Processing
ORD-0004234,CUST-002437,2025-09-24,Notebook Set,Stationery,4,13,52,Returned
ORD-0004235,CUST-003067,2023-08-28,Desk Organizer,Office,5,24.86,124.3,Completed
ORD-0004236,CUST-003896,2026-03-26,Laptop Stand,Office,2,42.18,84.36,Completed
ORD-0004237,CUST-008182,2026-04-02,Desk Organizer,Office,6,26.23,157.38,Completed
ORD-0004238,CUST-002972,2026-06-10,Desk Organizer,Office,2,25.48,50.96,Shipped
ORD-0004239,CUST-003212,2026-02-28,Ergonomic Chair,Furniture,1,228.72,228.72,Completed
ORD-0004240,CUST-004248,2026-08-23,Backpack,Lifestyle,6,64.23,385.38,Processing
ORD-0004241,CUST-000305,2026-07-23,Standing Desk,Furniture,1,375.64,375.64,Completed
ORD-0004242,CUST-005948,2026-08-19,Notebook Set,Stationery,6,12.66,75.96,Completed
ORD-0004243,CUST-005949,2022-08-22,Ergonomic Chair,Furniture,2,256.18,512.36,Completed
ORD-0004244,CUST-009472,2026-05-14,Noise-Canceling Headphones,Electronics,3,177.05,531.15,Processing
ORD-0004245,CUST-005285,2022-10-31,Wireless Mouse,Electronics,5,32.12,160.6,Returned
ORD-0004246,CUST-008762,2025-02-23,Standing Desk,Furniture,1,406.2,406.2,Completed
ORD-0004247,CUST-007100,2025-02-24,Water Bottle,Lifestyle,3,18.17,54.51,Returned
ORD-0004248,CUST-009317,2025-02-06,Mechanical Keyboard,Electronics,4,96.72,386.88,Completed
ORD-0004249,CUST-000583,2023-09-10,Backpack,Lifestyle,6,62.37,374.22,Shipped
ORD-0004250,CUST-009213,2026-01-09,Standing Desk,Furniture,3,393,1179,Returned
ORD-0004251,CUST-007440,2023-03-04,Standing Desk,Furniture,1,379.58,379.58,Cancelled
ORD-0004252,CUST-006971,2025-05-11,Ergonomic Chair,Furniture,1,245.78,245.78,Cancelled
ORD-0004253,CUST-005474,2023-09-26,Water Bottle,Lifestyle,2,20.11,40.22,Returned
ORD-0004254,CUST-003609,2023-07-14,Webcam,Electronics,4,81.27,325.08,Completed
ORD-0004255,CUST-002201,2023-01-28,Backpack,Lifestyle,6,58.46,350.76,Cancelled
ORD-0004256,CUST-008731,2026-02-24,Backpack,Lifestyle,5,62.1,310.5,Shipped
ORD-0004257,CUST-009622,2026-05-08,Noise-Canceling Headphones,Electronics,5,189.08,945.4,Processing
ORD-0004258,CUST-002996,2022-09-28,USB-C Hub,Electronics,2,52.23,104.46,Processing
ORD-0004259,CUST-003717,2026-03-14,USB-C Hub,Electronics,3,53.35,160.05,Completed
ORD-0004260,CUST-001798,2026-06-01,USB-C Hub,Electronics,4,49.75,199,Shipped
ORD-0004261,CUST-004780,2026-08-25,Wireless Mouse,Electronics,1,28.81,28.81,Completed
ORD-0004262,CUST-007519,2025-07-23,USB-C Hub,Electronics,5,50.5,252.5,Returned
ORD-0004263,CUST-007177,2023-09-05,Standing Desk,Furniture,1,392.98,392.98,Shipped
ORD-0004264,CUST-000188,2023-09-20,Mechanical Keyboard,Electronics,2,85.17,170.34,Returned
ORD-0004265,CUST-009613,2024-06-08,Ergonomic Chair,Furniture,6,250.47,1502.82,Returned
ORD-0004266,CUST-008893,2024-05-02,Desk Organizer,Office,3,26.04,78.12,Shipped
ORD-0004267,CUST-009520,2026-08-21,Water Bottle,Lifestyle,6,17.75,106.5,Processing
ORD-0004268,CUST-008784,2025-05-11,Standing Desk,Furniture,4,404.52,1618.08,Processing
ORD-0004269,CUST-007646,2025-03-18,Mechanical Keyboard,Electronics,5,92.75,463.75,Completed
ORD-0004270,CUST-001019,2023-03-22,USB-C Hub,Electronics,1,49.8,49.8,Cancelled
ORD-0004271,CUST-001442,2021-11-18,Mechanical Keyboard,Electronics,3,96.99,290.97,Completed
ORD-0004272,CUST-005496,2022-11-17,Water Bottle,Lifestyle,5,20.13,100.65,Completed
ORD-0004273,CUST-008341,2025-01-06,Webcam,Electronics,3,70.24,210.72,Returned
ORD-0004274,CUST-008705,2024-06-02,Webcam,Electronics,5,70.12,350.6,Completed
ORD-0004275,CUST-002531,2026-04-15,Noise-Canceling Headphones,Electronics,1,190.25,190.25,Processing
ORD-0004276,CUST-001558,2026-01-03,Webcam,Electronics,1,73.66,73.66,Processing
ORD-0004277,CUST-001295,2022-04-01,Webcam,Electronics,4,71.61,286.44,Completed
ORD-0004278,CUST-004528,2026-01-31,Noise-Canceling Headphones,Electronics,2,197.11,394.22,Cancelled
ORD-0004279,CUST-009536,2025-06-23,Wireless Mouse,Electronics,5,30.5,152.5,Processing
ORD-0004280,CUST-009947,2021-05-01,Ergonomic Chair,Furniture,4,270.07,1080.28,Returned
ORD-0004281,CUST-003563,2025-11-10,Water Bottle,Lifestyle,3,18.62,55.86,Shipped
ORD-0004282,CUST-003811,2023-01-22,USB-C Hub,Electronics,3,50.19,150.57,Completed
ORD-0004283,CUST-007745,2024-10-31,USB-C Hub,Electronics,1,48.31,48.31,Completed
ORD-0004284,CUST-001923,2020-12-20,Water Bottle,Lifestyle,4,19.49,77.96,Cancelled
ORD-0004285,CUST-000109,2026-05-10,USB-C Hub,Electronics,5,46.31,231.55,Completed
ORD-0004286,CUST-007731,2024-11-14,Desk Organizer,Office,5,22.84,114.2,Returned
ORD-0004287,CUST-005502,2024-02-28,USB-C Hub,Electronics,3,50.4,151.2,Returned
ORD-0004288,CUST-001698,2024-01-30,Backpack,Lifestyle,1,58.87,58.87,Returned
ORD-0004289,CUST-007380,2026-04-22,Ergonomic Chair,Furniture,3,237.15,711.45,Completed
ORD-0004290,CUST-004547,2025-09-26,Desk Organizer,Office,6,22.46,134.76,Cancelled
ORD-0004291,CUST-001844,2025-04-21,Mechanical Keyboard,Electronics,4,80.6,322.4,Returned
ORD-0004292,CUST-009230,2023-08-03,Backpack,Lifestyle,2,60.36,120.72,Completed
ORD-0004293,CUST-000004,2026-07-12,Wireless Mouse,Electronics,3,28.64,85.92,Completed
ORD-0004294,CUST-008958,2024-03-09,Ergonomic Chair,Furniture,2,250.76,501.52,Completed
ORD-0004295,CUST-007261,2026-03-25,Notebook Set,Stationery,6,12.18,73.08,Completed
ORD-0004296,CUST-001140,2026-07-07,Notebook Set,Stationery,1,12.42,12.42,Shipped
ORD-0004297,CUST-000615,2024-05-26,Noise-Canceling Headphones,Electronics,1,172.32,172.32,Cancelled
ORD-0004298,CUST-009579,2021-03-24,Mechanical Keyboard,Electronics,1,85.6,85.6,Completed
ORD-0004299,CUST-007580,2026-07-27,Wireless Mouse,Electronics,3,27.51,82.53,Cancelled
ORD-0004300,CUST-009755,2024-05-29,Webcam,Electronics,3,81.2,243.6,Completed
ORD-0004301,CUST-002802,2024-01-07,Mechanical Keyboard,Electronics,5,95.59,477.95,Processing
ORD-0004302,CUST-004554,2024-03-19,Mechanical Keyboard,Electronics,6,89.44,536.64,Returned
ORD-0004303,CUST-000983,2026-03-08,Wireless Mouse,Electronics,1,27.43,27.43,Returned
ORD-0004304,CUST-000277,2023-01-25,Noise-Canceling Headphones,Electronics,2,190.69,381.38,Completed
ORD-0004305,CUST-007186,2026-07-21,USB-C Hub,Electronics,6,49.76,298.56,Shipped
ORD-0004306,CUST-005278,2026-01-10,Notebook Set,Stationery,5,12.35,61.75,Processing
ORD-0004307,CUST-008139,2026-07-23,Backpack,Lifestyle,1,58.11,58.11,Completed
ORD-0004308,CUST-006073,2026-08-13,Backpack,Lifestyle,1,61.2,61.2,Shipped
ORD-0004309,CUST-000612,2024-04-24,Webcam,Electronics,4,68.5,274,Returned
ORD-0004310,CUST-008259,2026-03-30,USB-C Hub,Electronics,2,47.9,95.8,Cancelled
ORD-0004311,CUST-005468,2025-01-07,Backpack,Lifestyle,3,59.03,177.09,Returned
ORD-0004312,CUST-002097,2026-08-31,Ergonomic Chair,Furniture,4,268.67,1074.68,Completed
ORD-0004313,CUST-008482,2025-02-27,Standing Desk,Furniture,3,383.85,1151.55,Completed
ORD-0004314,CUST-005094,2023-04-27,Standing Desk,Furniture,3,423.67,1271.01,Completed
ORD-0004315,CUST-001525,2021-02-17,Notebook Set,Stationery,5,11.87,59.35,Shipped
ORD-0004316,CUST-006430,2020-12-21,Standing Desk,Furniture,6,385.44,2312.64,Processing
ORD-0004317,CUST-000197,2026-09-04,Standing Desk,Furniture,3,410.37,1231.11,Completed
ORD-0004318,CUST-000578,2025-02-20,Mechanical Keyboard,Electronics,6,88.28,529.68,Cancelled
ORD-0004319,CUST-006515,2025-02-14,Standing Desk,Furniture,4,370.81,1483.24,Completed
ORD-0004320,CUST-009951,2025-10-22,Standing Desk,Furniture,5,423.99,2119.95,Completed
ORD-0004321,CUST-007738,2024-12-31,Noise-Canceling Headphones,Electronics,3,168.22,504.66,Completed
ORD-0004322,CUST-008933,2026-07-18,Ergonomic Chair,Furniture,6,252.34,1514.04,Processing
ORD-0004323,CUST-004929,2026-08-15,Laptop Stand,Office,6,46.45,278.7,Processing
ORD-0004324,CUST-004126,2026-04-23,Desk Organizer,Office,1,25.95,25.95,Shipped
ORD-0004325,CUST-007357,2020-08-01,Wireless Mouse,Electronics,6,30.69,184.14,Completed
ORD-0004326,CUST-008162,2021-05-27,Wireless Mouse,Electronics,5,30.99,154.95,Completed
ORD-0004327,CUST-001304,2024-03-14,Webcam,Electronics,5,74.8,374,Completed
ORD-0004328,CUST-006927,2025-01-24,Laptop Stand,Office,6,46.12,276.72,Completed
ORD-0004329,CUST-004409,2021-11-03,Notebook Set,Stationery,6,13.53,81.18,Completed
ORD-0004330,CUST-002531,2026-06-06,Desk Organizer,Office,1,25.93,25.93,Completed
ORD-0004331,CUST-009110,2023-11-25,Mechanical Keyboard,Electronics,1,91.42,91.42,Cancelled
ORD-0004332,CUST-006879,2026-09-04,Backpack,Lifestyle,1,61.69,61.69,Completed
ORD-0004333,CUST-001297,2024-12-24,Noise-Canceling Headphones,Electronics,2,178.29,356.58,Shipped
ORD-0004334,CUST-003176,2024-03-11,USB-C Hub,Electronics,6,52.82,316.92,Completed
ORD-0004335,CUST-002763,2025-11-02,Wireless Mouse,Electronics,3,28.54,85.62,Cancelled
ORD-0004336,CUST-005222,2026-06-04,Standing Desk,Furniture,4,382.01,1528.04,Completed
ORD-0004337,CUST-008547,2026-02-18,Notebook Set,Stationery,3,12.07,36.21,Cancelled
ORD-0004338,CUST-006830,2023-02-14,Notebook Set,Stationery,4,13.73,54.92,Cancelled
ORD-0004339,CUST-002762,2026-01-27,Noise-Canceling Headphones,Electronics,4,181.65,726.6,Shipped
ORD-0004340,CUST-006210,2026-08-29,Wireless Mouse,Electronics,4,29.81,119.24,Completed
ORD-0004341,CUST-009007,2026-06-07,Noise-Canceling Headphones,Electronics,6,167.78,1006.68,Completed
ORD-0004342,CUST-002680,2024-07-11,Webcam,Electronics,5,75.25,376.25,Completed
ORD-0004343,CUST-003948,2026-06-25,Desk Organizer,Office,6,24.13,144.78,Processing
ORD-0004344,CUST-005522,2024-09-27,USB-C Hub,Electronics,3,49.28,147.84,Completed
ORD-0004345,CUST-005172,2025-12-01,Webcam,Electronics,3,71.12,213.36,Shipped
ORD-0004346,CUST-007349,2026-02-23,Backpack,Lifestyle,2,58.32,116.64,Processing
ORD-0004347,CUST-006896,2026-06-27,Laptop Stand,Office,5,43.68,218.4,Completed
ORD-0004348,CUST-006812,2026-08-30,Webcam,Electronics,6,72.51,435.06,Completed
ORD-0004349,CUST-009634,2025-03-28,Standing Desk,Furniture,6,422.46,2534.76,Completed
ORD-0004350,CUST-008000,2026-07-06,Wireless Mouse,Electronics,3,32.21,96.63,Cancelled
ORD-0004351,CUST-002419,2025-12-29,USB-C Hub,Electronics,5,46.55,232.75,Shipped
ORD-0004352,CUST-006372,2025-03-24,Water Bottle,Lifestyle,3,20.28,60.84,Completed
ORD-0004353,CUST-008654,2025-02-17,Desk Organizer,Office,2,22.74,45.48,Returned
ORD-0004354,CUST-003566,2026-08-03,Water Bottle,Lifestyle,2,17.1,34.2,Completed
ORD-0004355,CUST-009212,2025-12-15,Notebook Set,Stationery,5,13.18,65.9,Processing
ORD-0004356,CUST-005928,2025-07-11,Backpack,Lifestyle,1,58.64,58.64,Completed
ORD-0004357,CUST-008861,2026-08-18,Wireless Mouse,Electronics,2,32.31,64.62,Cancelled
ORD-0004358,CUST-004106,2026-03-24,Standing Desk,Furniture,3,393.46,1180.38,Cancelled
ORD-0004359,CUST-004610,2026-08-15,Wireless Mouse,Electronics,1,29.36,29.36,Cancelled
ORD-0004360,CUST-003555,2026-07-17,Wireless Mouse,Electronics,6,29.25,175.5,Cancelled
ORD-0004361,CUST-007080,2024-07-15,Webcam,Electronics,4,74.75,299,Completed
ORD-0004362,CUST-008286,2026-02-14,Mechanical Keyboard,Electronics,4,87.39,349.56,Completed
ORD-0004363,CUST-008476,2025-11-09,Noise-Canceling Headphones,Electronics,6,172.2,1033.2,Completed
ORD-0004364,CUST-002723,2024-06-18,Mechanical Keyboard,Electronics,3,83.3,249.9,Completed
ORD-0004365,CUST-003276,2024-04-03,Desk Organizer,Office,1,26.42,26.42,Shipped
ORD-0004366,CUST-008985,2024-11-27,Mechanical Keyboard,Electronics,2,88.68,177.36,Processing
ORD-0004367,CUST-000210,2026-06-30,Wireless Mouse,Electronics,2,29.54,59.08,Returned
ORD-0004368,CUST-009464,2026-01-27,Notebook Set,Stationery,3,13.81,41.43,Completed
ORD-0004369,CUST-006633,2026-09-03,Notebook Set,Stationery,1,12.72,12.72,Returned
ORD-0004370,CUST-007022,2024-08-31,Noise-Canceling Headphones,Electronics,3,169.48,508.44,Processing
ORD-0004371,CUST-008890,2026-03-24,Desk Organizer,Office,1,25.15,25.15,Completed
ORD-0004372,CUST-007663,2026-01-11,Desk Organizer,Office,4,25.78,103.12,Completed
ORD-0004373,CUST-004751,2023-12-25,USB-C Hub,Electronics,3,50.2,150.6,Completed
ORD-0004374,CUST-003016,2022-05-30,Backpack,Lifestyle,4,60.36,241.44,Completed
ORD-0004375,CUST-006531,2026-09-06,Water Bottle,Lifestyle,6,18.01,108.06,Shipped
ORD-0004376,CUST-002479,2026-06-18,Laptop Stand,Office,1,47.51,47.51,Returned
ORD-0004377,CUST-005969,2021-11-10,Mechanical Keyboard,Electronics,2,89.18,178.36,Processing
ORD-0004378,CUST-007363,2026-08-13,Mechanical Keyboard,Electronics,2,81.63,163.26,Shipped
ORD-0004379,CUST-004473,2026-03-04,Wireless Mouse,Electronics,4,28.24,112.96,Completed
ORD-0004380,CUST-001886,2024-08-24,Noise-Canceling Headphones,Electronics,2,196.35,392.7,Cancelled
ORD-0004381,CUST-004817,2023-09-16,Notebook Set,Stationery,1,13.21,13.21,Processing
ORD-0004382,CUST-008346,2025-12-17,Mechanical Keyboard,Electronics,3,94.82,284.46,Cancelled
ORD-0004383,CUST-002891,2026-04-23,Noise-Canceling Headphones,Electronics,4,181.12,724.48,Processing
ORD-0004384,CUST-006341,2026-05-25,Backpack,Lifestyle,4,63.03,252.12,Shipped
ORD-0004385,CUST-000588,2021-04-14,Backpack,Lifestyle,5,54.38,271.9,Completed
ORD-0004386,CUST-008358,2026-04-16,Ergonomic Chair,Furniture,5,242.31,1211.55,Completed
ORD-0004387,CUST-003433,2023-01-17,Laptop Stand,Office,2,49.38,98.76,Completed
ORD-0004388,CUST-006580,2024-07-17,Water Bottle,Lifestyle,6,20.49,122.94,Returned
ORD-0004389,CUST-009038,2024-09-29,Ergonomic Chair,Furniture,2,268.84,537.68,Returned
ORD-0004390,CUST-008265,2026-06-28,Backpack,Lifestyle,4,58.99,235.96,Completed
ORD-0004391,CUST-004982,2026-02-03,Ergonomic Chair,Furniture,5,233.66,1168.3,Cancelled
ORD-0004392,CUST-009529,2023-10-04,Webcam,Electronics,1,69.47,69.47,Shipped
ORD-0004393,CUST-007211,2023-03-19,Standing Desk,Furniture,5,378.51,1892.55,Completed
ORD-0004394,CUST-009882,2026-02-14,Noise-Canceling Headphones,Electronics,3,174.19,522.57,Shipped
ORD-0004395,CUST-002543,2026-02-18,Backpack,Lifestyle,4,64.38,257.52,Completed
ORD-0004396,CUST-002356,2025-04-29,Mechanical Keyboard,Electronics,3,82.99,248.97,Returned
ORD-0004397,CUST-001386,2022-01-01,Noise-Canceling Headphones,Electronics,1,190.24,190.24,Returned
ORD-0004398,CUST-006580,2025-08-19,Standing Desk,Furniture,4,369.89,1479.56,Processing
ORD-0004399,CUST-009251,2026-02-25,Mechanical Keyboard,Electronics,2,94.44,188.88,Completed
ORD-0004400,CUST-004631,2024-12-31,Water Bottle,Lifestyle,3,19.31,57.93,Shipped
ORD-0004401,CUST-008154,2024-12-24,Standing Desk,Furniture,4,429.29,1717.16,Completed
ORD-0004402,CUST-002017,2022-05-22,Noise-Canceling Headphones,Electronics,4,195.01,780.04,Processing
ORD-0004403,CUST-001513,2022-06-29,Wireless Mouse,Electronics,3,28.51,85.53,Completed
ORD-0004404,CUST-008625,2024-10-11,Desk Organizer,Office,6,24.85,149.1,Completed
ORD-0004405,CUST-008616,2026-04-01,Notebook Set,Stationery,2,13.9,27.8,Completed
ORD-0004406,CUST-006991,2025-10-30,Mechanical Keyboard,Electronics,5,91.43,457.15,Completed
ORD-0004407,CUST-007268,2023-09-25,Mechanical Keyboard,Electronics,1,97.15,97.15,Completed
ORD-0004408,CUST-007723,2026-01-02,Ergonomic Chair,Furniture,1,267.57,267.57,Completed
ORD-0004409,CUST-005706,2021-09-29,Wireless Mouse,Electronics,6,28.08,168.48,Processing
ORD-0004410,CUST-004424,2022-01-21,Mechanical Keyboard,Electronics,3,93.07,279.21,Cancelled
ORD-0004411,CUST-007371,2025-10-31,Webcam,Electronics,2,68.42,136.84,Processing
ORD-0004412,CUST-002970,2023-02-21,Standing Desk,Furniture,6,388.01,2328.06,Completed
ORD-0004413,CUST-004641,2023-05-18,Wireless Mouse,Electronics,1,30.27,30.27,Processing
ORD-0004414,CUST-002465,2025-07-08,Noise-Canceling Headphones,Electronics,6,190.12,1140.72,Processing
ORD-0004415,CUST-000108,2023-01-15,Wireless Mouse,Electronics,2,31.89,63.78,Returned
ORD-0004416,CUST-007740,2025-01-27,Webcam,Electronics,1,69.7,69.7,Cancelled
ORD-0004417,CUST-006498,2023-09-30,Ergonomic Chair,Furniture,6,229.92,1379.52,Cancelled
ORD-0004418,CUST-005721,2025-12-08,Standing Desk,Furniture,1,429.57,429.57,Completed
ORD-0004419,CUST-008832,2026-04-02,Webcam,Electronics,1,79.5,79.5,Completed
ORD-0004420,CUST-000525,2026-01-16,Desk Organizer,Office,1,26.33,26.33,Shipped
ORD-0004421,CUST-004909,2023-11-29,Wireless Mouse,Electronics,1,31.26,31.26,Completed
ORD-0004422,CUST-004613,2026-02-18,Desk Organizer,Office,1,25.13,25.13,Returned
ORD-0004423,CUST-002723,2024-03-04,Desk Organizer,Office,5,24.9,124.5,Completed
ORD-0004424,CUST-005857,2025-03-07,Notebook Set,Stationery,2,13.81,27.62,Shipped
ORD-0004425,CUST-005886,2024-12-20,Water Bottle,Lifestyle,5,20.32,101.6,Processing
ORD-0004426,CUST-002855,2025-01-30,Webcam,Electronics,5,69.58,347.9,Shipped
ORD-0004427,CUST-000676,2026-05-20,Webcam,Electronics,6,74.48,446.88,Cancelled
ORD-0004428,CUST-003346,2023-12-14,Laptop Stand,Office,3,46.06,138.18,Completed
ORD-0004429,CUST-000774,2026-01-04,Webcam,Electronics,3,66.64,199.92,Cancelled
ORD-0004430,CUST-003061,2026-03-17,Desk Organizer,Office,3,22.67,68.01,Completed
ORD-0004431,CUST-008314,2026-07-14,Webcam,Electronics,4,77.92,311.68,Completed
ORD-0004432,CUST-004856,2026-07-30,USB-C Hub,Electronics,5,48.37,241.85,Shipped
ORD-0004433,CUST-002319,2026-04-16,Noise-Canceling Headphones,Electronics,3,168.61,505.83,Processing
ORD-0004434,CUST-000477,2022-07-05,Noise-Canceling Headphones,Electronics,4,193.02,772.08,Completed
ORD-0004435,CUST-008122,2025-05-20,Ergonomic Chair,Furniture,5,237.16,1185.8,Shipped
ORD-0004436,CUST-009789,2025-11-04,Noise-Canceling Headphones,Electronics,3,169.38,508.14,Completed
ORD-0004437,CUST-003873,2026-04-12,Notebook Set,Stationery,3,13.59,40.77,Processing
ORD-0004438,CUST-004830,2025-05-01,USB-C Hub,Electronics,6,46.04,276.24,Completed
ORD-0004439,CUST-002712,2024-08-06,Water Bottle,Lifestyle,5,19.92,99.6,Completed
ORD-0004440,CUST-008510,2026-09-07,Webcam,Electronics,6,70.34,422.04,Returned
ORD-0004441,CUST-001716,2021-01-27,Ergonomic Chair,Furniture,4,273.84,1095.36,Cancelled
ORD-0004442,CUST-000319,2026-07-10,Wireless Mouse,Electronics,5,29.88,149.4,Completed
ORD-0004443,CUST-001206,2024-10-24,Mechanical Keyboard,Electronics,5,94.46,472.3,Completed
ORD-0004444,CUST-003884,2023-11-17,Water Bottle,Lifestyle,5,18,90,Completed
ORD-0004445,CUST-000504,2022-03-31,Standing Desk,Furniture,2,430.57,861.14,Completed
ORD-0004446,CUST-003708,2023-10-24,Water Bottle,Lifestyle,2,19.53,39.06,Completed
ORD-0004447,CUST-008749,2023-05-25,Mechanical Keyboard,Electronics,5,83.84,419.2,Cancelled
ORD-0004448,CUST-000949,2025-10-21,Laptop Stand,Office,3,48.09,144.27,Processing
ORD-0004449,CUST-001845,2023-04-09,Mechanical Keyboard,Electronics,3,92.83,278.49,Completed
ORD-0004450,CUST-000568,2024-09-03,Mechanical Keyboard,Electronics,1,81.09,81.09,Completed
ORD-0004451,CUST-009149,2025-03-07,Backpack,Lifestyle,4,62.94,251.76,Cancelled
ORD-0004452,CUST-004707,2026-01-14,Water Bottle,Lifestyle,4,18.22,72.88,Processing
ORD-0004453,CUST-005996,2025-04-24,Water Bottle,Lifestyle,1,19.53,19.53,Returned
ORD-0004454,CUST-009625,2024-05-30,USB-C Hub,Electronics,6,44.85,269.1,Processing
ORD-0004455,CUST-000634,2025-01-23,USB-C Hub,Electronics,3,48.57,145.71,Completed
ORD-0004456,CUST-006042,2026-06-12,Standing Desk,Furniture,5,409.49,2047.45,Shipped
ORD-0004457,CUST-006691,2023-06-23,Laptop Stand,Office,4,45.73,182.92,Shipped
ORD-0004458,CUST-005242,2026-08-15,USB-C Hub,Electronics,5,51.53,257.65,Completed
ORD-0004459,CUST-004741,2026-07-09,USB-C Hub,Electronics,3,48.49,145.47,Completed
ORD-0004460,CUST-005762,2024-11-19,USB-C Hub,Electronics,5,52.48,262.4,Cancelled
ORD-0004461,CUST-009086,2025-11-23,Backpack,Lifestyle,3,61.53,184.59,Completed
ORD-0004462,CUST-008028,2026-08-27,Webcam,Electronics,3,79.54,238.62,Completed
ORD-0004463,CUST-008327,2026-05-27,Noise-Canceling Headphones,Electronics,3,165.31,495.93,Completed
ORD-0004464,CUST-006769,2025-06-10,USB-C Hub,Electronics,3,52.62,157.86,Cancelled
ORD-0004465,CUST-000836,2024-04-29,Webcam,Electronics,4,72.99,291.96,Processing
ORD-0004466,CUST-003563,2022-02-16,Ergonomic Chair,Furniture,3,231.2,693.6,Processing
ORD-0004467,CUST-008708,2024-10-29,Notebook Set,Stationery,3,13.44,40.32,Completed
ORD-0004468,CUST-004350,2024-07-30,Standing Desk,Furniture,1,376.2,376.2,Completed
ORD-0004469,CUST-006295,2025-07-02,Noise-Canceling Headphones,Electronics,4,169.06,676.24,Processing
ORD-0004470,CUST-009259,2024-06-18,Wireless Mouse,Electronics,1,27.59,27.59,Completed
ORD-0004471,CUST-001916,2026-02-24,Wireless Mouse,Electronics,2,28.25,56.5,Shipped
ORD-0004472,CUST-004596,2026-04-19,Wireless Mouse,Electronics,4,30.8,123.2,Completed
ORD-0004473,CUST-003835,2026-03-27,Water Bottle,Lifestyle,2,20.03,40.06,Shipped
ORD-0004474,CUST-009334,2025-11-13,Desk Organizer,Office,5,26.08,130.4,Processing
ORD-0004475,CUST-004092,2026-05-16,Webcam,Electronics,5,67.92,339.6,Shipped
ORD-0004476,CUST-000944,2026-02-16,Noise-Canceling Headphones,Electronics,1,178.17,178.17,Completed
ORD-0004477,CUST-006302,2026-04-04,Water Bottle,Lifestyle,5,18.9,94.5,Cancelled
ORD-0004478,CUST-007924,2026-08-29,Ergonomic Chair,Furniture,2,246.47,492.94,Processing
ORD-0004479,CUST-005992,2026-08-31,USB-C Hub,Electronics,4,53.51,214.04,Completed
ORD-0004480,CUST-008849,2026-05-13,Mechanical Keyboard,Electronics,4,93.78,375.12,Processing
ORD-0004481,CUST-004585,2025-05-23,Water Bottle,Lifestyle,3,18.74,56.22,Completed
ORD-0004482,CUST-000311,2026-06-12,Notebook Set,Stationery,3,12.83,38.49,Completed
ORD-0004483,CUST-000625,2026-05-26,Desk Organizer,Office,2,24.4,48.8,Shipped
ORD-0004484,CUST-008570,2025-11-24,Wireless Mouse,Electronics,5,29.05,145.25,Completed
ORD-0004485,CUST-004320,2024-04-09,Desk Organizer,Office,6,23.25,139.5,Completed
ORD-0004486,CUST-002275,2024-04-04,USB-C Hub,Electronics,1,45.9,45.9,Processing
ORD-0004487,CUST-004019,2024-09-27,Ergonomic Chair,Furniture,2,271.62,543.24,Returned
ORD-0004488,CUST-006092,2024-12-21,Wireless Mouse,Electronics,6,31.02,186.12,Completed
ORD-0004489,CUST-005707,2023-07-25,Standing Desk,Furniture,3,432.85,1298.55,Shipped
ORD-0004490,CUST-007582,2026-08-18,Webcam,Electronics,6,67.28,403.68,Completed
ORD-0004491,CUST-009103,2025-09-05,Standing Desk,Furniture,5,375.1,1875.5,Cancelled
ORD-0004492,CUST-002173,2026-04-29,Webcam,Electronics,3,71.4,214.2,Completed
ORD-0004493,CUST-006468,2024-07-27,Ergonomic Chair,Furniture,1,232.16,232.16,Processing
ORD-0004494,CUST-003580,2022-11-05,Water Bottle,Lifestyle,1,17.36,17.36,Completed
ORD-0004495,CUST-002718,2024-09-30,Backpack,Lifestyle,3,62.01,186.03,Shipped
ORD-0004496,CUST-009501,2026-07-17,Webcam,Electronics,3,74.48,223.44,Completed
ORD-0004497,CUST-007915,2026-08-08,Webcam,Electronics,2,79.98,159.96,Shipped
ORD-0004498,CUST-004939,2024-07-14,Standing Desk,Furniture,6,367.86,2207.16,Shipped
ORD-0004499,CUST-005759,2024-12-16,Noise-Canceling Headphones,Electronics,2,166.93,333.86,Cancelled
ORD-0004500,CUST-008000,2025-12-02,Webcam,Electronics,2,72.56,145.12,Completed
ORD-0004501,CUST-004151,2023-11-06,Ergonomic Chair,Furniture,4,236.03,944.12,Completed
ORD-0004502,CUST-005500,2024-10-22,USB-C Hub,Electronics,5,47.24,236.2,Cancelled
ORD-0004503,CUST-006433,2023-01-27,Noise-Canceling Headphones,Electronics,2,165.15,330.3,Completed
ORD-0004504,CUST-008236,2025-01-08,Backpack,Lifestyle,6,65.19,391.14,Shipped
ORD-0004505,CUST-004396,2025-07-12,Backpack,Lifestyle,1,60.72,60.72,Processing
ORD-0004506,CUST-008256,2025-03-31,Noise-Canceling Headphones,Electronics,6,175.7,1054.2,Completed
ORD-0004507,CUST-006646,2026-04-01,Standing Desk,Furniture,4,377.6,1510.4,Shipped
ORD-0004508,CUST-002971,2026-08-08,Mechanical Keyboard,Electronics,5,82.54,412.7,Returned
ORD-0004509,CUST-008431,2024-10-13,Notebook Set,Stationery,6,12.2,73.2,Cancelled
ORD-0004510,CUST-003462,2025-02-07,Ergonomic Chair,Furniture,6,250.06,1500.36,Cancelled
ORD-0004511,CUST-001513,2026-05-17,Webcam,Electronics,3,77.28,231.84,Returned
ORD-0004512,CUST-006821,2024-02-03,USB-C Hub,Electronics,4,45.58,182.32,Returned
ORD-0004513,CUST-005180,2026-04-27,Standing Desk,Furniture,1,380.07,380.07,Completed
ORD-0004514,CUST-004860,2026-05-10,Water Bottle,Lifestyle,3,18.48,55.44,Processing
ORD-0004515,CUST-002000,2026-01-13,Wireless Mouse,Electronics,5,32.53,162.65,Completed
ORD-0004516,CUST-004055,2022-06-06,Notebook Set,Stationery,6,12.59,75.54,Completed
ORD-0004517,CUST-004402,2026-02-18,Noise-Canceling Headphones,Electronics,3,174.09,522.27,Processing
ORD-0004518,CUST-004039,2024-06-01,Notebook Set,Stationery,3,12.96,38.88,Processing
ORD-0004519,CUST-000681,2026-07-11,Backpack,Lifestyle,5,59.08,295.4,Completed
ORD-0004520,CUST-004513,2025-01-25,Water Bottle,Lifestyle,5,19.45,97.25,Completed
ORD-0004521,CUST-001520,2024-10-08,Notebook Set,Stationery,5,12.95,64.75,Processing
ORD-0004522,CUST-002909,2021-01-14,Notebook Set,Stationery,1,12.38,12.38,Returned
ORD-0004523,CUST-000626,2026-05-28,Wireless Mouse,Electronics,2,30.51,61.02,Processing
ORD-0004524,CUST-007645,2024-11-13,Desk Organizer,Office,3,25.83,77.49,Returned
ORD-0004525,CUST-005568,2026-02-02,Mechanical Keyboard,Electronics,1,82.36,82.36,Completed
ORD-0004526,CUST-004317,2026-03-27,USB-C Hub,Electronics,4,50.58,202.32,Shipped
ORD-0004527,CUST-007414,2023-11-25,Desk Organizer,Office,2,26.08,52.16,Completed
ORD-0004528,CUST-004683,2026-07-07,Noise-Canceling Headphones,Electronics,2,173.63,347.26,Completed
ORD-0004529,CUST-000265,2026-08-11,Notebook Set,Stationery,1,11.81,11.81,Cancelled
ORD-0004530,CUST-000766,2023-02-13,Notebook Set,Stationery,3,12.4,37.2,Completed
ORD-0004531,CUST-004268,2025-05-30,Notebook Set,Stationery,5,13.95,69.75,Completed
ORD-0004532,CUST-008932,2024-11-24,Notebook Set,Stationery,4,13.58,54.32,Completed
ORD-0004533,CUST-008215,2024-02-25,Ergonomic Chair,Furniture,1,243.74,243.74,Shipped
ORD-0004534,CUST-001279,2026-09-06,Wireless Mouse,Electronics,4,27.68,110.72,Shipped
ORD-0004535,CUST-000316,2026-05-24,USB-C Hub,Electronics,4,47.94,191.76,Shipped
ORD-0004536,CUST-004188,2026-08-28,Backpack,Lifestyle,4,59.42,237.68,Processing
ORD-0004537,CUST-008232,2024-11-06,Mechanical Keyboard,Electronics,3,95.32,285.96,Returned
ORD-0004538,CUST-006374,2022-05-20,Notebook Set,Stationery,2,11.66,23.32,Completed
ORD-0004539,CUST-001981,2025-05-14,Webcam,Electronics,3,75.85,227.55,Returned
ORD-0004540,CUST-001281,2024-05-09,Webcam,Electronics,1,75.34,75.34,Completed
ORD-0004541,CUST-005788,2023-10-06,Webcam,Electronics,3,75.08,225.24,Returned
ORD-0004542,CUST-001173,2025-07-04,Backpack,Lifestyle,1,58.65,58.65,Returned
ORD-0004543,CUST-007491,2022-05-08,Wireless Mouse,Electronics,2,28.77,57.54,Completed
ORD-0004544,CUST-002745,2025-11-12,Backpack,Lifestyle,2,60.78,121.56,Processing
ORD-0004545,CUST-006587,2026-07-23,Backpack,Lifestyle,1,57.49,57.49,Returned
ORD-0004546,CUST-006630,2026-01-24,Webcam,Electronics,3,77.76,233.28,Processing
ORD-0004547,CUST-004514,2024-05-26,Laptop Stand,Office,6,43.67,262.02,Returned
ORD-0004548,CUST-005608,2024-02-16,Standing Desk,Furniture,5,380.13,1900.65,Cancelled
ORD-0004549,CUST-003265,2026-08-24,Ergonomic Chair,Furniture,4,272.71,1090.84,Returned
ORD-0004550,CUST-008890,2026-01-27,Water Bottle,Lifestyle,2,17.66,35.32,Shipped
ORD-0004551,CUST-000922,2024-09-16,Backpack,Lifestyle,2,61.02,122.04,Completed
ORD-0004552,CUST-002309,2026-05-13,Notebook Set,Stationery,5,12.28,61.4,Completed
ORD-0004553,CUST-005214,2025-06-22,USB-C Hub,Electronics,1,49.17,49.17,Cancelled
ORD-0004554,CUST-006763,2025-10-03,Backpack,Lifestyle,6,56.17,337.02,Completed
ORD-0004555,CUST-008677,2025-11-12,Webcam,Electronics,3,76.28,228.84,Completed
ORD-0004556,CUST-009748,2023-07-22,Noise-Canceling Headphones,Electronics,5,168.7,843.5,Returned
ORD-0004557,CUST-001531,2022-09-19,Backpack,Lifestyle,5,57.87,289.35,Processing
ORD-0004558,CUST-007338,2026-08-14,Noise-Canceling Headphones,Electronics,1,192.21,192.21,Shipped
ORD-0004559,CUST-000843,2026-09-07,Laptop Stand,Office,2,48.36,96.72,Completed
ORD-0004560,CUST-006446,2024-11-02,Noise-Canceling Headphones,Electronics,1,175.98,175.98,Cancelled
ORD-0004561,CUST-007094,2025-01-21,Water Bottle,Lifestyle,5,20.48,102.4,Returned
ORD-0004562,CUST-009707,2022-03-28,Mechanical Keyboard,Electronics,4,94.09,376.36,Completed
ORD-0004563,CUST-001722,2026-07-31,USB-C Hub,Electronics,1,45.33,45.33,Completed
ORD-0004564,CUST-007840,2021-04-02,Standing Desk,Furniture,5,421.69,2108.45,Cancelled
ORD-0004565,CUST-001757,2026-03-25,Wireless Mouse,Electronics,4,29.07,116.28,Completed
ORD-0004566,CUST-006820,2026-02-20,Desk Organizer,Office,2,26.91,53.82,Completed
ORD-0004567,CUST-000116,2026-08-21,Mechanical Keyboard,Electronics,2,87.47,174.94,Completed
ORD-0004568,CUST-009706,2024-01-23,Noise-Canceling Headphones,Electronics,1,185.05,185.05,Cancelled
ORD-0004569,CUST-002679,2025-06-05,USB-C Hub,Electronics,3,44.45,133.35,Cancelled
ORD-0004570,CUST-005473,2026-02-01,Wireless Mouse,Electronics,6,27.35,164.1,Completed
ORD-0004571,CUST-005714,2026-06-19,Laptop Stand,Office,3,48.9,146.7,Completed
ORD-0004572,CUST-009694,2026-05-30,Water Bottle,Lifestyle,4,19,76,Completed
ORD-0004573,CUST-009769,2025-02-06,Mechanical Keyboard,Electronics,5,95.56,477.8,Completed
ORD-0004574,CUST-004405,2026-01-08,Water Bottle,Lifestyle,3,20.85,62.55,Completed
ORD-0004575,CUST-008603,2026-05-15,Water Bottle,Lifestyle,2,19.98,39.96,Returned
ORD-0004576,CUST-007004,2026-08-27,Backpack,Lifestyle,5,64.03,320.15,Processing
ORD-0004577,CUST-004265,2026-03-20,Mechanical Keyboard,Electronics,3,81.32,243.96,Shipped
ORD-0004578,CUST-000532,2026-09-06,Mechanical Keyboard,Electronics,2,83.67,167.34,Cancelled
ORD-0004579,CUST-001907,2026-01-14,Water Bottle,Lifestyle,3,18.09,54.27,Completed
ORD-0004580,CUST-000170,2025-01-11,Mechanical Keyboard,Electronics,3,93.9,281.7,Returned
ORD-0004581,CUST-000429,2023-05-19,Notebook Set,Stationery,1,12.69,12.69,Completed
ORD-0004582,CUST-003303,2025-08-10,Standing Desk,Furniture,6,361.09,2166.54,Shipped
ORD-0004583,CUST-007545,2026-01-27,Noise-Canceling Headphones,Electronics,6,173.99,1043.94,Returned
ORD-0004584,CUST-002988,2025-09-06,Notebook Set,Stationery,6,13.62,81.72,Completed
ORD-0004585,CUST-000372,2024-09-13,Webcam,Electronics,3,80.8,242.4,Completed
ORD-0004586,CUST-007180,2026-05-29,Water Bottle,Lifestyle,1,18.73,18.73,Completed
ORD-0004587,CUST-005121,2026-03-28,Laptop Stand,Office,3,46.72,140.16,Completed
ORD-0004588,CUST-008551,2026-03-10,Wireless Mouse,Electronics,2,31.86,63.72,Completed
ORD-0004589,CUST-002005,2025-04-28,Wireless Mouse,Electronics,3,27.41,82.23,Completed
ORD-0004590,CUST-002244,2024-12-14,Ergonomic Chair,Furniture,3,226.61,679.83,Returned
ORD-0004591,CUST-003934,2026-01-22,Ergonomic Chair,Furniture,4,253.2,1012.8,Processing
ORD-0004592,CUST-001420,2023-01-24,Backpack,Lifestyle,1,55.05,55.05,Returned
ORD-0004593,CUST-000112,2026-07-20,Noise-Canceling Headphones,Electronics,1,169.84,169.84,Returned
ORD-0004594,CUST-002922,2023-11-09,Water Bottle,Lifestyle,2,18.56,37.12,Processing
ORD-0004595,CUST-008114,2026-05-07,Standing Desk,Furniture,5,416.08,2080.4,Completed
ORD-0004596,CUST-007918,2025-10-10,Ergonomic Chair,Furniture,1,265.66,265.66,Shipped
ORD-0004597,CUST-000549,2025-05-18,Laptop Stand,Office,4,40.77,163.08,Completed
ORD-0004598,CUST-004849,2026-04-19,Notebook Set,Stationery,5,13.28,66.4,Completed
ORD-0004599,CUST-004888,2025-02-10,Ergonomic Chair,Furniture,6,253.36,1520.16,Processing
ORD-0004600,CUST-004546,2026-04-10,Notebook Set,Stationery,2,11.81,23.62,Cancelled
ORD-0004601,CUST-007569,2022-11-02,USB-C Hub,Electronics,6,44.84,269.04,Completed
ORD-0004602,CUST-009842,2021-05-27,Ergonomic Chair,Furniture,2,261.75,523.5,Shipped
ORD-0004603,CUST-005960,2023-10-16,Mechanical Keyboard,Electronics,6,82.28,493.68,Processing
ORD-0004604,CUST-004528,2025-08-30,Wireless Mouse,Electronics,4,31.28,125.12,Processing
ORD-0004605,CUST-004271,2025-11-29,Noise-Canceling Headphones,Electronics,3,191.9,575.7,Cancelled
ORD-0004606,CUST-009008,2021-05-16,USB-C Hub,Electronics,4,46.78,187.12,Cancelled
ORD-0004607,CUST-002028,2022-08-01,Backpack,Lifestyle,5,58.83,294.15,Completed
ORD-0004608,CUST-002476,2024-04-01,Noise-Canceling Headphones,Electronics,4,197.76,791.04,Shipped
ORD-0004609,CUST-006174,2024-12-12,Water Bottle,Lifestyle,1,17.29,17.29,Shipped
ORD-0004610,CUST-003977,2026-03-26,Standing Desk,Furniture,5,387.26,1936.3,Completed
ORD-0004611,CUST-000420,2024-12-14,Desk Organizer,Office,2,23.88,47.76,Cancelled
ORD-0004612,CUST-007186,2023-11-23,Laptop Stand,Office,6,41.04,246.24,Completed
ORD-0004613,CUST-007916,2023-01-14,Ergonomic Chair,Furniture,1,243.94,243.94,Cancelled
ORD-0004614,CUST-006253,2023-02-26,Noise-Canceling Headphones,Electronics,3,183.05,549.15,Completed
ORD-0004615,CUST-005853,2026-03-04,Wireless Mouse,Electronics,2,31.31,62.62,Completed
ORD-0004616,CUST-002554,2022-04-02,Mechanical Keyboard,Electronics,6,90.12,540.72,Cancelled
ORD-0004617,CUST-003078,2026-07-14,Mechanical Keyboard,Electronics,5,87.21,436.05,Cancelled
ORD-0004618,CUST-004697,2026-07-29,Standing Desk,Furniture,6,361.36,2168.16,Completed
ORD-0004619,CUST-004322,2026-08-22,Mechanical Keyboard,Electronics,4,85.23,340.92,Shipped
ORD-0004620,CUST-006620,2026-05-21,Laptop Stand,Office,4,41.71,166.84,Processing
ORD-0004621,CUST-007135,2023-11-10,Wireless Mouse,Electronics,5,30.57,152.85,Cancelled
ORD-0004622,CUST-001133,2022-01-09,Laptop Stand,Office,6,49.34,296.04,Completed
ORD-0004623,CUST-000112,2026-07-26,Standing Desk,Furniture,6,430.03,2580.18,Completed
ORD-0004624,CUST-008736,2024-09-22,Standing Desk,Furniture,6,373.67,2242.02,Shipped
ORD-0004625,CUST-003527,2026-03-06,Backpack,Lifestyle,2,58.18,116.36,Returned
ORD-0004626,CUST-004076,2021-01-29,Water Bottle,Lifestyle,3,19.4,58.2,Completed
ORD-0004627,CUST-005933,2022-07-12,Notebook Set,Stationery,3,11.71,35.13,Completed
ORD-0004628,CUST-004858,2026-07-10,Desk Organizer,Office,4,25.87,103.48,Shipped
ORD-0004629,CUST-002862,2024-11-12,Notebook Set,Stationery,4,13.12,52.48,Shipped
ORD-0004630,CUST-000589,2023-12-11,Mechanical Keyboard,Electronics,5,85.4,427,Completed
ORD-0004631,CUST-006183,2025-05-22,Standing Desk,Furniture,1,419.66,419.66,Cancelled
ORD-0004632,CUST-000965,2026-03-03,Water Bottle,Lifestyle,1,20.59,20.59,Processing
ORD-0004633,CUST-005237,2024-05-28,Laptop Stand,Office,1,40.81,40.81,Cancelled
ORD-0004634,CUST-006266,2026-04-18,Desk Organizer,Office,5,26.09,130.45,Cancelled
ORD-0004635,CUST-003333,2024-06-20,Water Bottle,Lifestyle,4,18.11,72.44,Completed
ORD-0004636,CUST-004601,2026-09-06,Notebook Set,Stationery,1,12.35,12.35,Cancelled
ORD-0004637,CUST-005691,2026-05-15,Wireless Mouse,Electronics,2,30.28,60.56,Completed
ORD-0004638,CUST-003333,2025-12-14,Webcam,Electronics,2,75.49,150.98,Shipped
ORD-0004639,CUST-007443,2024-01-16,Laptop Stand,Office,5,48.73,243.65,Cancelled
ORD-0004640,CUST-004544,2026-04-25,Standing Desk,Furniture,2,376.55,753.1,Completed
ORD-0004641,CUST-002773,2024-08-21,Wireless Mouse,Electronics,2,28.6,57.2,Shipped
ORD-0004642,CUST-006879,2026-08-30,Laptop Stand,Office,2,42.83,85.66,Completed
ORD-0004643,CUST-008793,2026-07-20,Standing Desk,Furniture,3,412.93,1238.79,Completed
ORD-0004644,CUST-008599,2026-08-22,Wireless Mouse,Electronics,5,30.88,154.4,Processing
ORD-0004645,CUST-000248,2026-08-18,Ergonomic Chair,Furniture,6,251.67,1510.02,Completed
ORD-0004646,CUST-009215,2026-07-20,Notebook Set,Stationery,2,12.66,25.32,Completed
ORD-0004647,CUST-003648,2024-01-28,Standing Desk,Furniture,6,373.46,2240.76,Shipped
ORD-0004648,CUST-009514,2026-06-20,Ergonomic Chair,Furniture,1,272.73,272.73,Completed
ORD-0004649,CUST-001917,2025-07-05,Wireless Mouse,Electronics,5,29.83,149.15,Completed
ORD-0004650,CUST-002351,2021-08-11,Webcam,Electronics,1,70.99,70.99,Cancelled
ORD-0004651,CUST-003147,2022-10-29,Notebook Set,Stationery,6,11.84,71.04,Returned
ORD-0004652,CUST-009026,2023-09-30,Desk Organizer,Office,4,26.51,106.04,Completed
ORD-0004653,CUST-009568,2023-11-10,Water Bottle,Lifestyle,5,19.25,96.25,Cancelled
ORD-0004654,CUST-008605,2023-11-26,Desk Organizer,Office,1,24.97,24.97,Cancelled
ORD-0004655,CUST-005307,2026-01-17,Notebook Set,Stationery,1,14.01,14.01,Completed
ORD-0004656,CUST-000026,2021-07-20,Mechanical Keyboard,Electronics,3,88.72,266.16,Shipped
ORD-0004657,CUST-004048,2025-10-17,Ergonomic Chair,Furniture,6,270.73,1624.38,Completed
ORD-0004658,CUST-009328,2023-10-02,Desk Organizer,Office,3,22.13,66.39,Shipped
ORD-0004659,CUST-000170,2025-02-23,Webcam,Electronics,4,79.52,318.08,Shipped
ORD-0004660,CUST-006855,2026-03-11,Water Bottle,Lifestyle,2,19.64,39.28,Cancelled
ORD-0004661,CUST-009468,2026-08-10,Noise-Canceling Headphones,Electronics,6,183.99,1103.94,Processing
ORD-0004662,CUST-001766,2023-01-31,Notebook Set,Stationery,5,13.86,69.3,Returned
ORD-0004663,CUST-008054,2025-07-07,Noise-Canceling Headphones,Electronics,4,194.95,779.8,Completed
ORD-0004664,CUST-003718,2026-06-05,Wireless Mouse,Electronics,2,28.32,56.64,Completed
ORD-0004665,CUST-000518,2026-03-21,Desk Organizer,Office,4,23.37,93.48,Processing
ORD-0004666,CUST-004034,2023-12-27,Water Bottle,Lifestyle,3,17.76,53.28,Completed
ORD-0004667,CUST-000950,2025-06-24,Noise-Canceling Headphones,Electronics,3,193.38,580.14,Shipped
ORD-0004668,CUST-001231,2025-04-27,Standing Desk,Furniture,2,419.19,838.38,Processing
ORD-0004669,CUST-002924,2025-10-28,Mechanical Keyboard,Electronics,2,84.88,169.76,Shipped
ORD-0004670,CUST-008228,2025-12-01,Backpack,Lifestyle,5,59.97,299.85,Completed
ORD-0004671,CUST-007025,2026-09-04,Standing Desk,Furniture,6,360.65,2163.9,Completed
ORD-0004672,CUST-001089,2025-02-04,USB-C Hub,Electronics,5,44.87,224.35,Completed
ORD-0004673,CUST-007020,2025-03-04,Standing Desk,Furniture,5,426.34,2131.7,Returned
ORD-0004674,CUST-001648,2022-10-17,Desk Organizer,Office,6,22.71,136.26,Returned
ORD-0004675,CUST-008265,2025-04-04,Wireless Mouse,Electronics,6,29.37,176.22,Completed
ORD-0004676,CUST-008852,2023-10-24,Notebook Set,Stationery,4,11.93,47.72,Processing
ORD-0004677,CUST-004446,2025-06-06,Noise-Canceling Headphones,Electronics,3,162.13,486.39,Completed
ORD-0004678,CUST-006162,2023-01-18,USB-C Hub,Electronics,2,49.4,98.8,Shipped
ORD-0004679,CUST-001234,2022-04-17,Ergonomic Chair,Furniture,1,241.55,241.55,Cancelled
ORD-0004680,CUST-004874,2026-05-16,Desk Organizer,Office,1,22.07,22.07,Completed
ORD-0004681,CUST-007972,2025-12-25,Backpack,Lifestyle,5,56.28,281.4,Completed
ORD-0004682,CUST-005680,2022-04-16,Desk Organizer,Office,5,25.85,129.25,Returned
ORD-0004683,CUST-000959,2026-01-13,Desk Organizer,Office,3,23.95,71.85,Cancelled
ORD-0004684,CUST-003336,2021-03-25,Webcam,Electronics,5,68.28,341.4,Completed
ORD-0004685,CUST-004450,2024-01-04,Laptop Stand,Office,4,48.17,192.68,Completed
ORD-0004686,CUST-001760,2026-03-18,Desk Organizer,Office,6,22.4,134.4,Completed
ORD-0004687,CUST-007946,2026-05-14,Backpack,Lifestyle,6,57.78,346.68,Shipped
ORD-0004688,CUST-009420,2022-11-22,Ergonomic Chair,Furniture,4,228.81,915.24,Processing
ORD-0004689,CUST-000886,2026-07-13,Backpack,Lifestyle,5,61.16,305.8,Cancelled
ORD-0004690,CUST-007343,2025-01-17,USB-C Hub,Electronics,6,48.66,291.96,Returned
ORD-0004691,CUST-008314,2026-07-31,Noise-Canceling Headphones,Electronics,5,194.73,973.65,Completed
ORD-0004692,CUST-004600,2023-04-05,Mechanical Keyboard,Electronics,3,95.18,285.54,Returned
ORD-0004693,CUST-003638,2025-07-22,Ergonomic Chair,Furniture,4,255.09,1020.36,Completed
ORD-0004694,CUST-008604,2023-09-04,Noise-Canceling Headphones,Electronics,3,169.51,508.53,Shipped
ORD-0004695,CUST-007055,2026-08-20,Backpack,Lifestyle,4,57.38,229.52,Returned
ORD-0004696,CUST-000061,2025-07-14,USB-C Hub,Electronics,1,48.96,48.96,Processing
ORD-0004697,CUST-000744,2022-03-22,Mechanical Keyboard,Electronics,2,86.94,173.88,Completed
ORD-0004698,CUST-004933,2026-08-04,Ergonomic Chair,Furniture,3,272.84,818.52,Completed
ORD-0004699,CUST-004425,2026-07-26,Ergonomic Chair,Furniture,3,253.08,759.24,Completed
ORD-0004700,CUST-008238,2021-05-10,Ergonomic Chair,Furniture,4,252.05,1008.2,Completed
ORD-0004701,CUST-007367,2026-05-29,Laptop Stand,Office,5,44.13,220.65,Completed
ORD-0004702,CUST-007043,2024-02-25,Mechanical Keyboard,Electronics,4,96.85,387.4,Completed
ORD-0004703,CUST-005453,2026-01-07,Standing Desk,Furniture,4,424.29,1697.16,Processing
ORD-0004704,CUST-002490,2025-06-09,Notebook Set,Stationery,2,12.35,24.7,Returned
ORD-0004705,CUST-004375,2023-04-14,Notebook Set,Stationery,3,11.94,35.82,Processing
ORD-0004706,CUST-003198,2026-05-10,Standing Desk,Furniture,5,394.06,1970.3,Completed
ORD-0004707,CUST-002578,2024-10-05,Notebook Set,Stationery,5,11.54,57.7,Shipped
ORD-0004708,CUST-004889,2026-04-12,Laptop Stand,Office,4,45.65,182.6,Returned
ORD-0004709,CUST-000031,2025-02-06,Standing Desk,Furniture,1,363.9,363.9,Completed
ORD-0004710,CUST-003571,2025-02-14,Webcam,Electronics,2,80.65,161.3,Completed
ORD-0004711,CUST-001413,2026-04-15,Mechanical Keyboard,Electronics,6,82.73,496.38,Completed
ORD-0004712,CUST-002139,2025-02-07,Wireless Mouse,Electronics,3,31.2,93.6,Returned
ORD-0004713,CUST-004827,2024-10-01,Desk Organizer,Office,6,26.26,157.56,Returned
ORD-0004714,CUST-002720,2024-02-03,Water Bottle,Lifestyle,1,18.05,18.05,Processing
ORD-0004715,CUST-009625,2024-03-12,Wireless Mouse,Electronics,3,28.75,86.25,Completed
ORD-0004716,CUST-009618,2025-05-29,Standing Desk,Furniture,4,438.33,1753.32,Completed
ORD-0004717,CUST-009429,2023-04-20,Ergonomic Chair,Furniture,5,253.44,1267.2,Returned
ORD-0004718,CUST-000198,2024-10-05,Webcam,Electronics,1,79.26,79.26,Completed
ORD-0004719,CUST-008957,2026-04-02,Desk Organizer,Office,1,25.34,25.34,Completed
ORD-0004720,CUST-003549,2023-11-01,Noise-Canceling Headphones,Electronics,4,179.8,719.2,Completed
ORD-0004721,CUST-005747,2024-07-19,Notebook Set,Stationery,4,12.82,51.28,Completed
ORD-0004722,CUST-009281,2026-08-06,Noise-Canceling Headphones,Electronics,4,164,656,Completed
ORD-0004723,CUST-000356,2023-11-17,Webcam,Electronics,1,71.23,71.23,Cancelled
ORD-0004724,CUST-001289,2023-10-23,Laptop Stand,Office,4,47.36,189.44,Processing
ORD-0004725,CUST-001144,2023-02-19,Backpack,Lifestyle,1,60.86,60.86,Processing
ORD-0004726,CUST-003827,2026-07-29,Ergonomic Chair,Furniture,1,266.37,266.37,Completed
ORD-0004727,CUST-002237,2026-08-24,Wireless Mouse,Electronics,4,29.95,119.8,Completed
ORD-0004728,CUST-009749,2024-12-18,Wireless Mouse,Electronics,4,29.7,118.8,Completed
ORD-0004729,CUST-005750,2026-05-20,Mechanical Keyboard,Electronics,1,83.18,83.18,Completed
ORD-0004730,CUST-003248,2021-01-19,Notebook Set,Stationery,6,13.11,78.66,Returned
ORD-0004731,CUST-001873,2025-09-06,Backpack,Lifestyle,2,57.33,114.66,Completed
ORD-0004732,CUST-001938,2026-01-10,Laptop Stand,Office,4,46.15,184.6,Completed
ORD-0004733,CUST-002918,2022-02-19,Laptop Stand,Office,3,47.63,142.89,Cancelled
ORD-0004734,CUST-005628,2024-04-28,USB-C Hub,Electronics,2,51.76,103.52,Returned
ORD-0004735,CUST-009904,2025-08-16,Wireless Mouse,Electronics,2,30.83,61.66,Completed
ORD-0004736,CUST-001629,2025-03-27,Standing Desk,Furniture,2,362.3,724.6,Completed
ORD-0004737,CUST-002796,2022-07-09,Noise-Canceling Headphones,Electronics,1,195.84,195.84,Completed
ORD-0004738,CUST-008941,2024-11-03,Ergonomic Chair,Furniture,3,269.01,807.03,Returned
ORD-0004739,CUST-007972,2025-08-24,Standing Desk,Furniture,5,382.45,1912.25,Returned
ORD-0004740,CUST-006152,2025-06-22,Backpack,Lifestyle,5,53.9,269.5,Completed
ORD-0004741,CUST-009025,2026-04-25,Laptop Stand,Office,4,43.01,172.04,Completed
ORD-0004742,CUST-000415,2025-01-16,Mechanical Keyboard,Electronics,3,81.84,245.52,Completed
ORD-0004743,CUST-009487,2026-03-10,USB-C Hub,Electronics,6,50.31,301.86,Cancelled
ORD-0004744,CUST-007315,2021-12-19,Mechanical Keyboard,Electronics,1,87.8,87.8,Completed
ORD-0004745,CUST-008567,2025-04-12,Mechanical Keyboard,Electronics,3,95.44,286.32,Completed
ORD-0004746,CUST-004008,2026-09-01,Backpack,Lifestyle,4,62.67,250.68,Processing
ORD-0004747,CUST-003510,2026-01-08,Backpack,Lifestyle,3,58.35,175.05,Processing
ORD-0004748,CUST-000441,2025-05-20,Water Bottle,Lifestyle,5,17.24,86.2,Processing
ORD-0004749,CUST-004650,2022-02-25,Standing Desk,Furniture,5,370,1850,Completed
ORD-0004750,CUST-006017,2026-09-05,Ergonomic Chair,Furniture,2,256.15,512.3,Processing
ORD-0004751,CUST-001768,2026-07-30,Desk Organizer,Office,6,26.44,158.64,Completed
ORD-0004752,CUST-001544,2026-06-16,USB-C Hub,Electronics,2,47.08,94.16,Shipped
ORD-0004753,CUST-002842,2022-01-03,Laptop Stand,Office,5,48.39,241.95,Shipped
ORD-0004754,CUST-008806,2026-05-15,Backpack,Lifestyle,3,55.18,165.54,Processing
ORD-0004755,CUST-008786,2023-12-02,Notebook Set,Stationery,2,12.6,25.2,Cancelled
ORD-0004756,CUST-002613,2021-06-25,Water Bottle,Lifestyle,6,18.34,110.04,Cancelled
ORD-0004757,CUST-000257,2025-12-10,Wireless Mouse,Electronics,3,31.63,94.89,Completed
ORD-0004758,CUST-002660,2020-10-25,Laptop Stand,Office,5,48.2,241,Returned
ORD-0004759,CUST-005154,2023-10-28,Desk Organizer,Office,1,23,23,Returned
ORD-0004760,CUST-005039,2023-04-02,Laptop Stand,Office,6,40.89,245.34,Cancelled
ORD-0004761,CUST-007869,2026-09-05,Backpack,Lifestyle,1,62.25,62.25,Completed
ORD-0004762,CUST-005769,2022-06-20,Webcam,Electronics,5,78.86,394.3,Cancelled
ORD-0004763,CUST-003910,2026-07-14,Standing Desk,Furniture,3,379.14,1137.42,Processing
ORD-0004764,CUST-001151,2023-10-12,Notebook Set,Stationery,1,11.7,11.7,Returned
ORD-0004765,CUST-005971,2024-10-26,Wireless Mouse,Electronics,6,29.45,176.7,Cancelled
ORD-0004766,CUST-002332,2025-02-01,USB-C Hub,Electronics,4,48.73,194.92,Cancelled
ORD-0004767,CUST-000055,2026-08-02,Water Bottle,Lifestyle,4,17.34,69.36,Shipped
ORD-0004768,CUST-003887,2023-10-18,Webcam,Electronics,3,73.08,219.24,Completed
ORD-0004769,CUST-002742,2026-04-30,Webcam,Electronics,2,66.96,133.92,Cancelled
ORD-0004770,CUST-008788,2026-06-10,Laptop Stand,Office,3,44.96,134.88,Completed
ORD-0004771,CUST-003186,2026-02-28,Water Bottle,Lifestyle,2,17.78,35.56,Cancelled
ORD-0004772,CUST-004586,2025-02-11,Webcam,Electronics,4,80.82,323.28,Completed
ORD-0004773,CUST-005950,2023-02-02,Noise-Canceling Headphones,Electronics,4,179.56,718.24,Shipped
ORD-0004774,CUST-008168,2026-08-23,Noise-Canceling Headphones,Electronics,4,181.42,725.68,Shipped
ORD-0004775,CUST-003260,2021-08-15,Standing Desk,Furniture,5,381.09,1905.45,Shipped
ORD-0004776,CUST-008908,2025-08-26,Mechanical Keyboard,Electronics,3,93.05,279.15,Completed
ORD-0004777,CUST-007775,2024-09-08,Desk Organizer,Office,3,26.28,78.84,Completed
ORD-0004778,CUST-002582,2023-12-19,Standing Desk,Furniture,1,407.35,407.35,Shipped
ORD-0004779,CUST-009479,2026-02-09,Mechanical Keyboard,Electronics,2,89.77,179.54,Completed
ORD-0004780,CUST-000874,2024-03-17,Webcam,Electronics,2,81.27,162.54,Completed
ORD-0004781,CUST-002760,2026-04-14,Water Bottle,Lifestyle,5,17.56,87.8,Completed
ORD-0004782,CUST-003819,2024-03-23,Webcam,Electronics,3,72.23,216.69,Completed
ORD-0004783,CUST-002305,2024-06-11,USB-C Hub,Electronics,2,46.37,92.74,Completed
ORD-0004784,CUST-005035,2025-05-06,Ergonomic Chair,Furniture,1,245.03,245.03,Shipped
ORD-0004785,CUST-008880,2023-07-05,Ergonomic Chair,Furniture,4,235.79,943.16,Completed
ORD-0004786,CUST-002078,2025-09-13,Webcam,Electronics,6,71.2,427.2,Completed
ORD-0004787,CUST-008594,2025-06-13,Notebook Set,Stationery,6,13.77,82.62,Processing
ORD-0004788,CUST-006767,2026-04-09,Desk Organizer,Office,6,24.75,148.5,Processing
ORD-0004789,CUST-001749,2025-07-16,Water Bottle,Lifestyle,2,19.13,38.26,Returned
ORD-0004790,CUST-002827,2025-08-11,Wireless Mouse,Electronics,3,30.02,90.06,Completed
ORD-0004791,CUST-009858,2025-12-18,Notebook Set,Stationery,6,12.59,75.54,Completed
ORD-0004792,CUST-000687,2026-08-24,Ergonomic Chair,Furniture,2,248.85,497.7,Returned
ORD-0004793,CUST-001937,2025-12-10,Mechanical Keyboard,Electronics,2,88.63,177.26,Returned
ORD-0004794,CUST-001781,2025-06-01,Mechanical Keyboard,Electronics,5,88.65,443.25,Completed
ORD-0004795,CUST-003652,2026-01-17,Webcam,Electronics,5,78.47,392.35,Completed
ORD-0004796,CUST-007195,2026-08-31,Water Bottle,Lifestyle,4,18.18,72.72,Cancelled
ORD-0004797,CUST-005424,2026-04-18,USB-C Hub,Electronics,2,48.92,97.84,Processing
ORD-0004798,CUST-008005,2023-03-07,Water Bottle,Lifestyle,1,19.19,19.19,Cancelled
ORD-0004799,CUST-008086,2025-10-20,Wireless Mouse,Electronics,2,32.53,65.06,Completed
ORD-0004800,CUST-007145,2026-08-26,Ergonomic Chair,Furniture,4,227.06,908.24,Completed
ORD-0004801,CUST-007173,2023-06-13,Standing Desk,Furniture,4,406.08,1624.32,Completed
ORD-0004802,CUST-005151,2024-12-09,Backpack,Lifestyle,6,59.04,354.24,Cancelled
ORD-0004803,CUST-009461,2022-12-27,Ergonomic Chair,Furniture,3,270.33,810.99,Processing
ORD-0004804,CUST-004634,2022-10-11,Water Bottle,Lifestyle,6,17.29,103.74,Cancelled
ORD-0004805,CUST-007827,2026-08-11,Standing Desk,Furniture,3,417.58,1252.74,Completed
ORD-0004806,CUST-000806,2025-10-13,Wireless Mouse,Electronics,1,28.4,28.4,Processing
ORD-0004807,CUST-003033,2026-09-06,USB-C Hub,Electronics,5,50.84,254.2,Cancelled
ORD-0004808,CUST-007924,2026-06-13,Notebook Set,Stationery,6,12.54,75.24,Shipped
ORD-0004809,CUST-003536,2026-09-03,Notebook Set,Stationery,4,13.83,55.32,Cancelled
ORD-0004810,CUST-003979,2025-01-02,Wireless Mouse,Electronics,3,28.82,86.46,Processing
ORD-0004811,CUST-006897,2026-01-20,Webcam,Electronics,5,76.56,382.8,Completed
ORD-0004812,CUST-008484,2026-05-13,Mechanical Keyboard,Electronics,4,95.63,382.52,Completed
ORD-0004813,CUST-008905,2024-01-14,Standing Desk,Furniture,5,393.06,1965.3,Shipped
ORD-0004814,CUST-000701,2022-11-29,Backpack,Lifestyle,1,56.64,56.64,Completed
ORD-0004815,CUST-008998,2021-09-17,USB-C Hub,Electronics,2,45.36,90.72,Completed
ORD-0004816,CUST-008154,2024-05-06,USB-C Hub,Electronics,3,53.81,161.43,Shipped
ORD-0004817,CUST-003069,2024-04-02,Notebook Set,Stationery,6,12.4,74.4,Completed
ORD-0004818,CUST-007761,2025-03-02,Backpack,Lifestyle,5,58.63,293.15,Completed
ORD-0004819,CUST-007271,2026-08-20,Ergonomic Chair,Furniture,3,251.61,754.83,Completed
ORD-0004820,CUST-004444,2022-11-10,Standing Desk,Furniture,4,418.29,1673.16,Shipped
ORD-0004821,CUST-008891,2024-06-04,Mechanical Keyboard,Electronics,6,91.13,546.78,Completed
ORD-0004822,CUST-004555,2024-04-02,Notebook Set,Stationery,5,12.2,61,Completed
ORD-0004823,CUST-002902,2026-08-17,Standing Desk,Furniture,3,398.15,1194.45,Completed
ORD-0004824,CUST-003948,2026-07-22,Wireless Mouse,Electronics,3,28.53,85.59,Returned
ORD-0004825,CUST-005286,2026-06-27,Laptop Stand,Office,6,48.57,291.42,Cancelled
ORD-0004826,CUST-003072,2024-12-10,USB-C Hub,Electronics,1,50.73,50.73,Completed
ORD-0004827,CUST-006712,2026-07-30,Backpack,Lifestyle,4,61.19,244.76,Processing
ORD-0004828,CUST-003889,2026-02-14,Mechanical Keyboard,Electronics,1,95.78,95.78,Processing
ORD-0004829,CUST-002674,2025-11-20,Noise-Canceling Headphones,Electronics,6,181.55,1089.3,Processing
ORD-0004830,CUST-005997,2026-05-20,Wireless Mouse,Electronics,5,32.05,160.25,Completed
ORD-0004831,CUST-008672,2025-01-01,Notebook Set,Stationery,6,12.21,73.26,Completed
ORD-0004832,CUST-001783,2026-01-22,Laptop Stand,Office,1,46.55,46.55,Completed
ORD-0004833,CUST-001547,2026-05-24,Backpack,Lifestyle,5,54.01,270.05,Completed
ORD-0004834,CUST-002943,2025-11-07,Notebook Set,Stationery,5,12.13,60.65,Completed
ORD-0004835,CUST-000538,2026-01-05,Notebook Set,Stationery,4,11.51,46.04,Completed
ORD-0004836,CUST-003239,2025-12-25,Desk Organizer,Office,3,23.18,69.54,Completed
ORD-0004837,CUST-004177,2025-03-20,Laptop Stand,Office,2,43.42,86.84,Completed
ORD-0004838,CUST-004804,2024-03-10,Notebook Set,Stationery,6,12.21,73.26,Processing
ORD-0004839,CUST-001611,2026-08-29,Laptop Stand,Office,6,47.28,283.68,Cancelled
ORD-0004840,CUST-007870,2024-01-20,Laptop Stand,Office,3,46.26,138.78,Shipped
ORD-0004841,CUST-009433,2021-09-25,Standing Desk,Furniture,1,377.06,377.06,Shipped
ORD-0004842,CUST-006236,2026-08-08,USB-C Hub,Electronics,6,50.54,303.24,Processing
ORD-0004843,CUST-007629,2026-02-15,Laptop Stand,Office,3,42.02,126.06,Completed
ORD-0004844,CUST-003340,2026-08-16,Standing Desk,Furniture,6,425.67,2554.02,Cancelled
ORD-0004845,CUST-000733,2026-06-11,Laptop Stand,Office,2,41.94,83.88,Completed
ORD-0004846,CUST-006265,2025-09-27,Mechanical Keyboard,Electronics,4,93.55,374.2,Completed
ORD-0004847,CUST-002773,2025-01-14,Mechanical Keyboard,Electronics,2,85.77,171.54,Completed
ORD-0004848,CUST-007532,2023-05-06,Water Bottle,Lifestyle,3,18.66,55.98,Shipped
ORD-0004849,CUST-007118,2026-07-02,Backpack,Lifestyle,5,57.11,285.55,Completed
ORD-0004850,CUST-007016,2024-12-09,Webcam,Electronics,3,75.26,225.78,Completed
ORD-0004851,CUST-004807,2026-08-02,Laptop Stand,Office,1,44.99,44.99,Completed
ORD-0004852,CUST-008837,2025-01-19,Notebook Set,Stationery,6,12.63,75.78,Completed
ORD-0004853,CUST-007455,2023-10-17,Wireless Mouse,Electronics,1,32.22,32.22,Cancelled
ORD-0004854,CUST-000566,2024-10-12,Ergonomic Chair,Furniture,6,271.78,1630.68,Completed
ORD-0004855,CUST-003339,2022-03-09,Notebook Set,Stationery,6,13.68,82.08,Returned
ORD-0004856,CUST-004579,2024-03-09,USB-C Hub,Electronics,1,44.47,44.47,Shipped
ORD-0004857,CUST-007751,2023-03-30,Webcam,Electronics,3,80.29,240.87,Completed
ORD-0004858,CUST-003929,2022-02-15,Laptop Stand,Office,1,48.68,48.68,Processing
ORD-0004859,CUST-001208,2023-03-13,Noise-Canceling Headphones,Electronics,3,186.87,560.61,Completed
ORD-0004860,CUST-007550,2024-05-24,Water Bottle,Lifestyle,2,19.53,39.06,Completed
ORD-0004861,CUST-001616,2022-12-23,Water Bottle,Lifestyle,3,18.28,54.84,Returned
ORD-0004862,CUST-002158,2024-12-09,Notebook Set,Stationery,4,12.52,50.08,Completed
ORD-0004863,CUST-008993,2026-05-18,Noise-Canceling Headphones,Electronics,4,179.5,718,Completed
ORD-0004864,CUST-000682,2026-03-11,Notebook Set,Stationery,1,12.28,12.28,Cancelled
ORD-0004865,CUST-003824,2025-06-24,Laptop Stand,Office,1,40.73,40.73,Returned
ORD-0004866,CUST-009576,2022-04-09,Backpack,Lifestyle,5,60.89,304.45,Returned
ORD-0004867,CUST-002656,2024-03-16,Standing Desk,Furniture,1,372.76,372.76,Returned
ORD-0004868,CUST-009843,2024-11-09,Noise-Canceling Headphones,Electronics,4,186.26,745.04,Shipped
ORD-0004869,CUST-007022,2025-12-22,Standing Desk,Furniture,6,426.2,2557.2,Returned
ORD-0004870,CUST-009135,2026-08-03,USB-C Hub,Electronics,4,44.91,179.64,Returned
ORD-0004871,CUST-004296,2025-09-20,Ergonomic Chair,Furniture,5,255.44,1277.2,Completed
ORD-0004872,CUST-004749,2026-05-05,Backpack,Lifestyle,4,62.11,248.44,Completed
ORD-0004873,CUST-001550,2026-01-10,Backpack,Lifestyle,6,56.42,338.52,Returned
ORD-0004874,CUST-009890,2022-02-16,Mechanical Keyboard,Electronics,2,93.04,186.08,Cancelled
ORD-0004875,CUST-006041,2023-06-23,Ergonomic Chair,Furniture,6,252.22,1513.32,Processing
ORD-0004876,CUST-008010,2025-02-17,Water Bottle,Lifestyle,3,18.83,56.49,Completed
ORD-0004877,CUST-008388,2025-10-09,Ergonomic Chair,Furniture,6,259.81,1558.86,Shipped
ORD-0004878,CUST-002609,2026-03-26,Laptop Stand,Office,6,44.72,268.32,Processing
ORD-0004879,CUST-007059,2026-05-07,Webcam,Electronics,5,76.53,382.65,Shipped
ORD-0004880,CUST-002298,2025-03-22,Backpack,Lifestyle,3,57.53,172.59,Completed
ORD-0004881,CUST-005237,2024-02-23,Laptop Stand,Office,2,43.35,86.7,Completed
ORD-0004882,CUST-003505,2025-02-26,Desk Organizer,Office,1,22.73,22.73,Shipped
ORD-0004883,CUST-003692,2025-07-09,Mechanical Keyboard,Electronics,3,82.59,247.77,Completed
ORD-0004884,CUST-005640,2025-12-31,Laptop Stand,Office,2,44.84,89.68,Cancelled
ORD-0004885,CUST-005712,2026-06-30,Mechanical Keyboard,Electronics,3,90.68,272.04,Processing
ORD-0004886,CUST-006085,2023-06-08,Webcam,Electronics,1,74.46,74.46,Completed
ORD-0004887,CUST-002722,2025-05-12,Water Bottle,Lifestyle,6,18.34,110.04,Processing
ORD-0004888,CUST-004835,2025-05-20,Mechanical Keyboard,Electronics,3,94.88,284.64,Cancelled
ORD-0004889,CUST-001666,2026-07-11,Wireless Mouse,Electronics,5,30.67,153.35,Returned
ORD-0004890,CUST-001139,2026-04-24,USB-C Hub,Electronics,2,52.23,104.46,Completed
ORD-0004891,CUST-007752,2023-01-18,Webcam,Electronics,4,68.39,273.56,Completed
ORD-0004892,CUST-006997,2025-10-31,Mechanical Keyboard,Electronics,2,94.54,189.08,Completed
ORD-0004893,CUST-008647,2023-04-30,Laptop Stand,Office,3,47.68,143.04,Completed
ORD-0004894,CUST-004836,2023-11-01,Ergonomic Chair,Furniture,2,252.75,505.5,Completed
ORD-0004895,CUST-008726,2025-09-24,Mechanical Keyboard,Electronics,2,82.28,164.56,Completed
ORD-0004896,CUST-009224,2026-05-02,USB-C Hub,Electronics,4,46.5,186,Processing
ORD-0004897,CUST-004462,2023-02-07,Standing Desk,Furniture,4,396.44,1585.76,Cancelled
ORD-0004898,CUST-004962,2025-11-03,Ergonomic Chair,Furniture,2,249.66,499.32,Cancelled
ORD-0004899,CUST-004555,2024-04-20,Webcam,Electronics,5,72.3,361.5,Processing
ORD-0004900,CUST-006392,2026-08-05,Noise-Canceling Headphones,Electronics,5,191.27,956.35,Shipped
ORD-0004901,CUST-000884,2024-09-29,Ergonomic Chair,Furniture,1,227.95,227.95,Completed
ORD-0004902,CUST-005274,2026-02-01,Noise-Canceling Headphones,Electronics,2,170.96,341.92,Completed
ORD-0004903,CUST-008889,2026-06-15,Ergonomic Chair,Furniture,1,258.4,258.4,Returned
ORD-0004904,CUST-007070,2024-05-22,Laptop Stand,Office,6,42.46,254.76,Completed
ORD-0004905,CUST-008471,2026-06-10,Standing Desk,Furniture,3,413.97,1241.91,Cancelled
ORD-0004906,CUST-007977,2025-07-23,Mechanical Keyboard,Electronics,6,93.35,560.1,Returned
ORD-0004907,CUST-008998,2025-04-01,Wireless Mouse,Electronics,5,30.83,154.15,Cancelled
ORD-0004908,CUST-007563,2026-07-10,Webcam,Electronics,5,73.29,366.45,Completed
ORD-0004909,CUST-004519,2024-05-09,Standing Desk,Furniture,4,415.37,1661.48,Completed
ORD-0004910,CUST-004333,2023-02-27,Standing Desk,Furniture,6,394.89,2369.34,Cancelled
ORD-0004911,CUST-007782,2025-01-07,Water Bottle,Lifestyle,4,18.87,75.48,Completed
ORD-0004912,CUST-004085,2026-07-22,Laptop Stand,Office,4,46.32,185.28,Processing
ORD-0004913,CUST-004135,2022-08-29,Webcam,Electronics,6,80.85,485.1,Cancelled
ORD-0004914,CUST-003391,2023-04-10,Noise-Canceling Headphones,Electronics,1,186.65,186.65,Processing
ORD-0004915,CUST-008916,2026-08-14,Backpack,Lifestyle,3,65.33,195.99,Completed
ORD-0004916,CUST-003046,2025-07-24,Notebook Set,Stationery,1,13.77,13.77,Completed
ORD-0004917,CUST-004433,2026-01-11,Standing Desk,Furniture,6,367.87,2207.22,Processing
ORD-0004918,CUST-008838,2021-11-30,Wireless Mouse,Electronics,1,28.56,28.56,Completed
ORD-0004919,CUST-005102,2024-08-17,Wireless Mouse,Electronics,3,32.35,97.05,Completed
ORD-0004920,CUST-009471,2024-05-03,Notebook Set,Stationery,6,13.4,80.4,Returned
ORD-0004921,CUST-001865,2023-11-12,Webcam,Electronics,5,71.19,355.95,Returned
ORD-0004922,CUST-003989,2026-01-06,Laptop Stand,Office,5,43.46,217.3,Cancelled
ORD-0004923,CUST-009462,2025-09-20,Noise-Canceling Headphones,Electronics,2,174.68,349.36,Cancelled
ORD-0004924,CUST-003548,2026-08-01,Webcam,Electronics,1,75.94,75.94,Completed
ORD-0004925,CUST-002664,2026-08-25,Water Bottle,Lifestyle,2,18.07,36.14,Shipped
ORD-0004926,CUST-004881,2024-12-27,Backpack,Lifestyle,1,64.34,64.34,Returned
ORD-0004927,CUST-000048,2024-01-01,Webcam,Electronics,5,80.6,403,Completed
ORD-0004928,CUST-005289,2026-08-05,Water Bottle,Lifestyle,2,20.85,41.7,Returned
ORD-0004929,CUST-006421,2025-02-22,Ergonomic Chair,Furniture,1,249.35,249.35,Completed
ORD-0004930,CUST-001513,2022-06-07,Standing Desk,Furniture,4,372.92,1491.68,Returned
ORD-0004931,CUST-007477,2024-09-27,Notebook Set,Stationery,3,13.74,41.22,Returned
ORD-0004932,CUST-007328,2025-07-10,Desk Organizer,Office,4,23.65,94.6,Processing
ORD-0004933,CUST-002784,2025-11-23,Wireless Mouse,Electronics,1,27.6,27.6,Returned
ORD-0004934,CUST-007197,2024-03-17,Wireless Mouse,Electronics,6,31.01,186.06,Processing
ORD-0004935,CUST-005695,2026-03-12,Noise-Canceling Headphones,Electronics,1,182.75,182.75,Completed
ORD-0004936,CUST-005837,2026-07-04,Wireless Mouse,Electronics,6,32.94,197.64,Processing
ORD-0004937,CUST-001281,2024-12-01,Laptop Stand,Office,2,45.24,90.48,Completed
ORD-0004938,CUST-006036,2026-06-19,Webcam,Electronics,1,70.26,70.26,Returned
ORD-0004939,CUST-005864,2025-04-07,Noise-Canceling Headphones,Electronics,1,178.02,178.02,Completed
ORD-0004940,CUST-009568,2025-02-22,Desk Organizer,Office,2,26.02,52.04,Shipped
ORD-0004941,CUST-004271,2026-03-22,Wireless Mouse,Electronics,4,27.01,108.04,Completed
ORD-0004942,CUST-008538,2021-08-31,Water Bottle,Lifestyle,6,20.29,121.74,Processing
ORD-0004943,CUST-003372,2026-07-07,Noise-Canceling Headphones,Electronics,5,166.98,834.9,Completed
ORD-0004944,CUST-007023,2025-07-12,Webcam,Electronics,6,74.22,445.32,Completed
ORD-0004945,CUST-003019,2026-06-19,Mechanical Keyboard,Electronics,2,80.59,161.18,Processing
ORD-0004946,CUST-005335,2026-03-20,Desk Organizer,Office,1,22.43,22.43,Completed
ORD-0004947,CUST-007970,2026-06-24,Noise-Canceling Headphones,Electronics,6,197.69,1186.14,Cancelled
ORD-0004948,CUST-001748,2024-06-17,Laptop Stand,Office,3,49.4,148.2,Completed
ORD-0004949,CUST-006891,2026-02-25,Desk Organizer,Office,5,22.98,114.9,Shipped
ORD-0004950,CUST-009049,2026-03-03,Webcam,Electronics,4,76.31,305.24,Completed
ORD-0004951,CUST-007034,2026-07-22,Desk Organizer,Office,4,26.1,104.4,Completed
ORD-0004952,CUST-005745,2025-01-09,Mechanical Keyboard,Electronics,1,86.99,86.99,Completed
ORD-0004953,CUST-005682,2024-05-09,Ergonomic Chair,Furniture,1,254.36,254.36,Completed
ORD-0004954,CUST-004266,2022-04-03,Desk Organizer,Office,3,24.95,74.85,Processing
ORD-0004955,CUST-001952,2025-08-31,Ergonomic Chair,Furniture,4,226.9,907.6,Shipped
ORD-0004956,CUST-001022,2025-02-22,Standing Desk,Furniture,1,423.67,423.67,Processing
ORD-0004957,CUST-005063,2026-06-29,Laptop Stand,Office,6,42.08,252.48,Processing
ORD-0004958,CUST-005644,2022-07-01,Desk Organizer,Office,3,23.15,69.45,Cancelled
ORD-0004959,CUST-007637,2025-01-08,Desk Organizer,Office,3,22.59,67.77,Returned
ORD-0004960,CUST-009258,2022-09-20,Wireless Mouse,Electronics,2,28.91,57.82,Completed
ORD-0004961,CUST-005159,2021-09-20,Laptop Stand,Office,3,45.43,136.29,Completed
ORD-0004962,CUST-004141,2023-05-09,Notebook Set,Stationery,3,11.66,34.98,Completed
ORD-0004963,CUST-005160,2024-09-26,Wireless Mouse,Electronics,3,27.98,83.94,Cancelled
ORD-0004964,CUST-009594,2022-08-26,Backpack,Lifestyle,1,55.23,55.23,Processing
ORD-0004965,CUST-002242,2025-12-25,Notebook Set,Stationery,1,12.04,12.04,Completed
ORD-0004966,CUST-001377,2024-04-24,Standing Desk,Furniture,2,397.24,794.48,Completed
ORD-0004967,CUST-007516,2023-03-13,Noise-Canceling Headphones,Electronics,5,168.56,842.8,Completed
ORD-0004968,CUST-004556,2025-09-27,USB-C Hub,Electronics,2,45.19,90.38,Shipped
ORD-0004969,CUST-003563,2023-05-11,Webcam,Electronics,3,81.3,243.9,Completed
ORD-0004970,CUST-002104,2025-05-23,Mechanical Keyboard,Electronics,6,82.03,492.18,Completed
ORD-0004971,CUST-008507,2024-08-09,USB-C Hub,Electronics,1,46.82,46.82,Cancelled
ORD-0004972,CUST-004091,2022-02-08,Mechanical Keyboard,Electronics,5,94.41,472.05,Completed
ORD-0004973,CUST-005292,2025-12-16,Wireless Mouse,Electronics,3,31.4,94.2,Completed
ORD-0004974,CUST-004821,2024-06-29,Mechanical Keyboard,Electronics,3,82.36,247.08,Shipped
ORD-0004975,CUST-004756,2026-05-21,Wireless Mouse,Electronics,6,29.28,175.68,Cancelled
ORD-0004976,CUST-007743,2025-09-14,Desk Organizer,Office,3,23.61,70.83,Completed
ORD-0004977,CUST-003600,2026-06-05,USB-C Hub,Electronics,4,48.7,194.8,Shipped
ORD-0004978,CUST-000500,2025-11-12,Noise-Canceling Headphones,Electronics,5,176.88,884.4,Shipped
ORD-0004979,CUST-000844,2025-09-18,Standing Desk,Furniture,4,377.16,1508.64,Completed
ORD-0004980,CUST-004939,2020-12-14,Wireless Mouse,Electronics,2,28.94,57.88,Completed
ORD-0004981,CUST-008856,2025-10-24,Desk Organizer,Office,3,25.7,77.1,Returned
ORD-0004982,CUST-009442,2025-09-07,Notebook Set,Stationery,4,12.68,50.72,Cancelled
ORD-0004983,CUST-007569,2022-05-19,Standing Desk,Furniture,4,410.18,1640.72,Processing
ORD-0004984,CUST-003411,2021-12-01,Water Bottle,Lifestyle,4,18.33,73.32,Cancelled
ORD-0004985,CUST-002950,2026-06-15,Noise-Canceling Headphones,Electronics,4,174.54,698.16,Processing
ORD-0004986,CUST-006258,2026-03-25,Water Bottle,Lifestyle,5,17.15,85.75,Completed
ORD-0004987,CUST-003338,2023-11-05,Wireless Mouse,Electronics,6,27.91,167.46,Shipped
ORD-0004988,CUST-005737,2021-11-09,Noise-Canceling Headphones,Electronics,6,168.51,1011.06,Completed
ORD-0004989,CUST-009741,2022-12-08,Wireless Mouse,Electronics,1,28.89,28.89,Completed
ORD-0004990,CUST-002973,2023-12-29,Standing Desk,Furniture,6,406.8,2440.8,Shipped
ORD-0004991,CUST-008672,2025-02-18,Laptop Stand,Office,4,48.72,194.88,Completed
ORD-0004992,CUST-004011,2022-11-10,Backpack,Lifestyle,2,56.62,113.24,Cancelled
ORD-0004993,CUST-008635,2026-09-02,Laptop Stand,Office,4,42.8,171.2,Completed
ORD-0004994,CUST-000259,2025-04-23,Webcam,Electronics,5,80.44,402.2,Completed
ORD-0004995,CUST-003846,2025-06-05,Water Bottle,Lifestyle,2,20.69,41.38,Completed
ORD-0004996,CUST-002634,2025-08-05,Mechanical Keyboard,Electronics,3,88.37,265.11,Completed
ORD-0004997,CUST-001282,2023-12-22,Desk Organizer,Office,6,22.07,132.42,Processing
ORD-0004998,CUST-006789,2025-01-22,Backpack,Lifestyle,5,54.19,270.95,Shipped
ORD-0004999,CUST-009654,2025-06-14,USB-C Hub,Electronics,4,50.43,201.72,Completed
ORD-0005000,CUST-009233,2025-12-02,Water Bottle,Lifestyle,5,20.57,102.85,Completed
ORD-0005001,CUST-001401,2026-08-01,Wireless Mouse,Electronics,1,30.21,30.21,Completed
ORD-0005002,CUST-006716,2025-10-25,Backpack,Lifestyle,6,56.64,339.84,Completed
ORD-0005003,CUST-001289,2025-10-11,Wireless Mouse,Electronics,4,31.08,124.32,Shipped
ORD-0005004,CUST-003703,2024-12-14,Standing Desk,Furniture,4,425.62,1702.48,Completed
ORD-0005005,CUST-007726,2024-08-11,Mechanical Keyboard,Electronics,4,85.5,342,Completed
ORD-0005006,CUST-005283,2026-07-10,Ergonomic Chair,Furniture,2,269.85,539.7,Returned
ORD-0005007,CUST-005361,2026-01-28,Desk Organizer,Office,2,22.78,45.56,Shipped
ORD-0005008,CUST-005376,2026-06-17,Standing Desk,Furniture,6,415.88,2495.28,Returned
ORD-0005009,CUST-000086,2026-08-25,Desk Organizer,Office,5,25.21,126.05,Shipped
ORD-0005010,CUST-002548,2023-09-14,Backpack,Lifestyle,3,54.11,162.33,Completed
ORD-0005011,CUST-000027,2022-11-23,Notebook Set,Stationery,5,11.61,58.05,Shipped
ORD-0005012,CUST-008313,2026-07-03,Ergonomic Chair,Furniture,6,258.68,1552.08,Completed
ORD-0005013,CUST-008601,2025-09-29,Mechanical Keyboard,Electronics,4,97.69,390.76,Processing
ORD-0005014,CUST-005242,2026-09-05,Water Bottle,Lifestyle,5,19.81,99.05,Completed
ORD-0005015,CUST-008261,2023-04-01,Noise-Canceling Headphones,Electronics,3,165.61,496.83,Completed
ORD-0005016,CUST-004726,2023-09-21,Backpack,Lifestyle,6,60.86,365.16,Completed
ORD-0005017,CUST-006004,2025-04-11,Ergonomic Chair,Furniture,6,255.27,1531.62,Shipped
ORD-0005018,CUST-006751,2022-05-22,Notebook Set,Stationery,3,12.16,36.48,Completed
ORD-0005019,CUST-004234,2022-01-04,Backpack,Lifestyle,6,63.24,379.44,Processing
ORD-0005020,CUST-006512,2024-04-04,Water Bottle,Lifestyle,4,20.37,81.48,Completed
ORD-0005021,CUST-003094,2025-02-20,Standing Desk,Furniture,5,412.4,2062,Completed
ORD-0005022,CUST-005218,2023-08-10,Water Bottle,Lifestyle,3,18.4,55.2,Cancelled
ORD-0005023,CUST-002829,2026-08-08,Standing Desk,Furniture,5,434.77,2173.85,Returned
ORD-0005024,CUST-004931,2022-11-06,Standing Desk,Furniture,5,365.42,1827.1,Completed
ORD-0005025,CUST-007309,2025-01-29,Desk Organizer,Office,6,24.68,148.08,Returned
ORD-0005026,CUST-009778,2026-05-23,Webcam,Electronics,5,77.53,387.65,Completed
ORD-0005027,CUST-002275,2024-09-07,Water Bottle,Lifestyle,5,17.93,89.65,Completed
ORD-0005028,CUST-008391,2023-08-28,Water Bottle,Lifestyle,2,19.53,39.06,Completed
ORD-0005029,CUST-004424,2024-06-28,Laptop Stand,Office,2,42.78,85.56,Completed
ORD-0005030,CUST-004908,2024-09-25,Mechanical Keyboard,Electronics,5,81.07,405.35,Completed
ORD-0005031,CUST-009913,2026-07-09,Laptop Stand,Office,4,43.67,174.68,Completed
ORD-0005032,CUST-008374,2025-09-03,Mechanical Keyboard,Electronics,6,98.25,589.5,Completed
ORD-0005033,CUST-003379,2025-12-11,Mechanical Keyboard,Electronics,3,96.36,289.08,Completed
ORD-0005034,CUST-002912,2026-05-21,Water Bottle,Lifestyle,6,17.34,104.04,Cancelled
ORD-0005035,CUST-001078,2023-07-31,Desk Organizer,Office,1,24.28,24.28,Returned
ORD-0005036,CUST-003470,2022-06-17,Desk Organizer,Office,1,25.63,25.63,Completed
ORD-0005037,CUST-004221,2024-09-10,Backpack,Lifestyle,1,56.52,56.52,Shipped
ORD-0005038,CUST-004524,2022-09-11,Standing Desk,Furniture,3,378.19,1134.57,Cancelled
ORD-0005039,CUST-001114,2023-07-26,Backpack,Lifestyle,5,61.23,306.15,Shipped
ORD-0005040,CUST-001552,2025-07-07,Backpack,Lifestyle,1,60.58,60.58,Processing
ORD-0005041,CUST-009187,2026-04-21,Wireless Mouse,Electronics,3,27.34,82.02,Completed
ORD-0005042,CUST-007641,2025-01-31,Wireless Mouse,Electronics,1,30.45,30.45,Cancelled
ORD-0005043,CUST-000511,2026-02-11,Notebook Set,Stationery,3,11.68,35.04,Completed
ORD-0005044,CUST-000064,2026-04-02,Desk Organizer,Office,6,22.82,136.92,Completed
ORD-0005045,CUST-006896,2026-01-30,Noise-Canceling Headphones,Electronics,4,171.6,686.4,Returned
ORD-0005046,CUST-004173,2025-07-24,Desk Organizer,Office,4,25.2,100.8,Processing
ORD-0005047,CUST-003162,2025-12-26,Water Bottle,Lifestyle,4,17.93,71.72,Cancelled
ORD-0005048,CUST-004445,2026-05-09,Desk Organizer,Office,2,24.17,48.34,Completed
ORD-0005049,CUST-009677,2025-11-10,Mechanical Keyboard,Electronics,1,94.56,94.56,Returned
ORD-0005050,CUST-005032,2024-02-21,Notebook Set,Stationery,2,12.14,24.28,Completed
ORD-0005051,CUST-007757,2026-08-20,Noise-Canceling Headphones,Electronics,3,178.58,535.74,Returned
ORD-0005052,CUST-004664,2026-02-03,Desk Organizer,Office,2,23.14,46.28,Shipped
ORD-0005053,CUST-004018,2026-08-02,Laptop Stand,Office,5,44.79,223.95,Completed
ORD-0005054,CUST-003229,2021-09-06,Webcam,Electronics,1,67.16,67.16,Completed
ORD-0005055,CUST-002286,2024-01-06,Laptop Stand,Office,2,40.67,81.34,Completed
ORD-0005056,CUST-009896,2026-01-17,Noise-Canceling Headphones,Electronics,4,172.93,691.72,Processing
ORD-0005057,CUST-004139,2026-08-31,Laptop Stand,Office,1,45.27,45.27,Returned
ORD-0005058,CUST-005110,2025-12-22,Wireless Mouse,Electronics,6,31.23,187.38,Returned
ORD-0005059,CUST-001687,2024-02-24,Wireless Mouse,Electronics,4,28.28,113.12,Shipped
ORD-0005060,CUST-001309,2026-06-28,Laptop Stand,Office,6,44.38,266.28,Completed
ORD-0005061,CUST-008690,2022-06-19,Webcam,Electronics,2,67.27,134.54,Completed
ORD-0005062,CUST-009708,2025-10-12,USB-C Hub,Electronics,6,46.9,281.4,Completed
ORD-0005063,CUST-008594,2026-08-18,Standing Desk,Furniture,5,435.33,2176.65,Cancelled
ORD-0005064,CUST-002985,2025-09-23,Water Bottle,Lifestyle,1,17.73,17.73,Completed
ORD-0005065,CUST-000581,2024-06-17,Standing Desk,Furniture,3,438.79,1316.37,Shipped
ORD-0005066,CUST-006227,2023-07-16,Webcam,Electronics,6,67.17,403.02,Shipped
ORD-0005067,CUST-007238,2023-12-23,Ergonomic Chair,Furniture,6,256.09,1536.54,Completed
ORD-0005068,CUST-000962,2026-08-20,Ergonomic Chair,Furniture,2,246.77,493.54,Completed
ORD-0005069,CUST-009924,2026-03-30,Standing Desk,Furniture,1,401.29,401.29,Returned
ORD-0005070,CUST-009643,2026-06-01,USB-C Hub,Electronics,3,46.62,139.86,Completed
ORD-0005071,CUST-000445,2023-02-21,Mechanical Keyboard,Electronics,3,86.3,258.9,Completed
ORD-0005072,CUST-000402,2024-07-05,Ergonomic Chair,Furniture,6,229.28,1375.68,Cancelled
ORD-0005073,CUST-000111,2025-05-07,Noise-Canceling Headphones,Electronics,2,179.72,359.44,Completed
ORD-0005074,CUST-004440,2024-01-03,Notebook Set,Stationery,3,13.65,40.95,Shipped
ORD-0005075,CUST-009785,2025-04-17,USB-C Hub,Electronics,5,45.71,228.55,Shipped
ORD-0005076,CUST-000885,2023-02-11,Water Bottle,Lifestyle,1,17.15,17.15,Completed
ORD-0005077,CUST-007013,2025-12-14,Laptop Stand,Office,2,43.68,87.36,Completed
ORD-0005078,CUST-006461,2025-07-11,Ergonomic Chair,Furniture,5,262.08,1310.4,Cancelled
ORD-0005079,CUST-008825,2026-02-08,Noise-Canceling Headphones,Electronics,4,171.68,686.72,Completed
ORD-0005080,CUST-009824,2022-08-18,Standing Desk,Furniture,2,378.51,757.02,Processing
ORD-0005081,CUST-001305,2025-08-17,Laptop Stand,Office,3,44.15,132.45,Completed
ORD-0005082,CUST-002890,2025-12-23,Laptop Stand,Office,3,41.9,125.7,Shipped
ORD-0005083,CUST-009520,2026-07-01,Standing Desk,Furniture,6,420,2520,Shipped
ORD-0005084,CUST-004013,2023-12-10,Water Bottle,Lifestyle,1,20.41,20.41,Cancelled
ORD-0005085,CUST-003911,2022-12-29,Wireless Mouse,Electronics,3,28.54,85.62,Completed
ORD-0005086,CUST-000356,2024-07-09,Wireless Mouse,Electronics,4,29.95,119.8,Completed
ORD-0005087,CUST-001722,2026-08-22,Mechanical Keyboard,Electronics,1,84.58,84.58,Returned
ORD-0005088,CUST-009289,2025-03-19,USB-C Hub,Electronics,1,51.01,51.01,Returned
ORD-0005089,CUST-004584,2026-08-28,Noise-Canceling Headphones,Electronics,6,185.8,1114.8,Cancelled
ORD-0005090,CUST-001168,2021-02-22,Ergonomic Chair,Furniture,6,239.9,1439.4,Cancelled
ORD-0005091,CUST-005821,2023-12-03,Mechanical Keyboard,Electronics,1,88.02,88.02,Completed
ORD-0005092,CUST-008331,2026-08-10,Standing Desk,Furniture,5,418.81,2094.05,Cancelled
ORD-0005093,CUST-003602,2025-07-03,Noise-Canceling Headphones,Electronics,2,186.35,372.7,Shipped
ORD-0005094,CUST-007664,2022-01-06,Laptop Stand,Office,3,49.06,147.18,Returned
ORD-0005095,CUST-008502,2026-06-14,Wireless Mouse,Electronics,1,28.97,28.97,Shipped
ORD-0005096,CUST-006572,2023-05-16,Ergonomic Chair,Furniture,6,250.83,1504.98,Returned
ORD-0005097,CUST-006592,2026-05-13,Noise-Canceling Headphones,Electronics,4,165.63,662.52,Processing
ORD-0005098,CUST-004698,2025-08-23,Desk Organizer,Office,1,26.79,26.79,Completed
ORD-0005099,CUST-001633,2026-08-09,Webcam,Electronics,1,74.59,74.59,Returned
ORD-0005100,CUST-006247,2024-05-13,Wireless Mouse,Electronics,5,28.49,142.45,Completed
ORD-0005101,CUST-002481,2025-06-17,Wireless Mouse,Electronics,1,28.42,28.42,Shipped
ORD-0005102,CUST-000240,2023-04-19,Noise-Canceling Headphones,Electronics,3,177.01,531.03,Returned
ORD-0005103,CUST-004281,2026-09-01,Laptop Stand,Office,4,48.35,193.4,Completed
ORD-0005104,CUST-008558,2024-09-26,Wireless Mouse,Electronics,6,30.88,185.28,Completed
ORD-0005105,CUST-004567,2021-04-19,Ergonomic Chair,Furniture,2,272.66,545.32,Completed
ORD-0005106,CUST-004109,2024-06-27,Standing Desk,Furniture,2,437.15,874.3,Shipped
ORD-0005107,CUST-007840,2022-12-16,Noise-Canceling Headphones,Electronics,1,176.99,176.99,Cancelled
ORD-0005108,CUST-003968,2026-09-03,Wireless Mouse,Electronics,5,31.93,159.65,Processing
ORD-0005109,CUST-004724,2025-03-31,Notebook Set,Stationery,3,11.91,35.73,Completed
ORD-0005110,CUST-004830,2025-02-01,Noise-Canceling Headphones,Electronics,3,191.87,575.61,Shipped
ORD-0005111,CUST-004303,2025-10-28,Notebook Set,Stationery,3,13.4,40.2,Completed
ORD-0005112,CUST-000620,2025-09-07,Desk Organizer,Office,4,25.75,103,Shipped
ORD-0005113,CUST-000719,2025-01-26,Desk Organizer,Office,4,23.79,95.16,Shipped
ORD-0005114,CUST-004610,2026-08-28,Mechanical Keyboard,Electronics,2,87.32,174.64,Processing
ORD-0005115,CUST-007640,2022-05-15,USB-C Hub,Electronics,4,50.39,201.56,Cancelled
ORD-0005116,CUST-000876,2026-07-18,Wireless Mouse,Electronics,5,31.1,155.5,Returned
ORD-0005117,CUST-006668,2026-06-16,Desk Organizer,Office,2,25.7,51.4,Completed
ORD-0005118,CUST-002448,2025-12-07,Webcam,Electronics,2,78.16,156.32,Completed
ORD-0005119,CUST-008314,2026-06-15,USB-C Hub,Electronics,5,52.7,263.5,Shipped
ORD-0005120,CUST-005991,2026-08-10,Standing Desk,Furniture,5,383.46,1917.3,Cancelled
ORD-0005121,CUST-006603,2026-03-12,Notebook Set,Stationery,4,12.93,51.72,Shipped
ORD-0005122,CUST-005363,2023-10-19,USB-C Hub,Electronics,5,46.98,234.9,Returned
ORD-0005123,CUST-000919,2025-11-26,Notebook Set,Stationery,6,12.9,77.4,Processing
ORD-0005124,CUST-008900,2023-05-31,Noise-Canceling Headphones,Electronics,5,189.18,945.9,Cancelled
ORD-0005125,CUST-001180,2024-11-12,Laptop Stand,Office,1,46.88,46.88,Shipped
ORD-0005126,CUST-007751,2024-02-17,Notebook Set,Stationery,2,12.55,25.1,Shipped
ORD-0005127,CUST-004938,2026-04-27,Noise-Canceling Headphones,Electronics,2,184.35,368.7,Returned
ORD-0005128,CUST-005140,2026-01-02,Wireless Mouse,Electronics,4,29.57,118.28,Returned
ORD-0005129,CUST-007495,2022-09-26,Noise-Canceling Headphones,Electronics,3,185.69,557.07,Returned
ORD-0005130,CUST-008864,2024-05-26,Desk Organizer,Office,1,26.41,26.41,Cancelled
ORD-0005131,CUST-008631,2026-06-08,USB-C Hub,Electronics,2,50.89,101.78,Completed
ORD-0005132,CUST-001893,2023-07-13,Desk Organizer,Office,4,25.02,100.08,Processing
ORD-0005133,CUST-002037,2022-11-23,Wireless Mouse,Electronics,5,31.5,157.5,Returned
ORD-0005134,CUST-008414,2025-09-22,Water Bottle,Lifestyle,3,18.66,55.98,Completed
ORD-0005135,CUST-006048,2026-09-07,Ergonomic Chair,Furniture,1,237.56,237.56,Completed
ORD-0005136,CUST-005150,2026-06-03,Wireless Mouse,Electronics,4,32.22,128.88,Processing
ORD-0005137,CUST-006765,2026-08-10,USB-C Hub,Electronics,5,51.82,259.1,Completed
ORD-0005138,CUST-000310,2025-01-23,Standing Desk,Furniture,4,383.13,1532.52,Cancelled
ORD-0005139,CUST-007166,2026-04-14,USB-C Hub,Electronics,6,46,276,Returned
ORD-0005140,CUST-005008,2025-07-04,Webcam,Electronics,6,72.32,433.92,Completed
ORD-0005141,CUST-008300,2022-06-29,Desk Organizer,Office,4,26.4,105.6,Processing
ORD-0005142,CUST-004504,2023-10-22,Noise-Canceling Headphones,Electronics,1,192.69,192.69,Cancelled
ORD-0005143,CUST-001148,2025-09-27,Notebook Set,Stationery,1,12.62,12.62,Shipped
ORD-0005144,CUST-009087,2024-02-23,Backpack,Lifestyle,4,64.58,258.32,Completed
ORD-0005145,CUST-000256,2025-05-11,Water Bottle,Lifestyle,6,19.77,118.62,Cancelled
ORD-0005146,CUST-006980,2021-07-16,Mechanical Keyboard,Electronics,3,90.88,272.64,Cancelled
ORD-0005147,CUST-002731,2026-03-09,Notebook Set,Stationery,6,12.16,72.96,Processing
ORD-0005148,CUST-004072,2026-05-24,Noise-Canceling Headphones,Electronics,3,189.71,569.13,Processing
ORD-0005149,CUST-008686,2021-06-14,Webcam,Electronics,3,80.53,241.59,Returned
ORD-0005150,CUST-007855,2026-07-30,Ergonomic Chair,Furniture,1,235.11,235.11,Cancelled
ORD-0005151,CUST-001740,2026-05-24,Ergonomic Chair,Furniture,5,251.93,1259.65,Completed
ORD-0005152,CUST-005381,2025-11-15,Laptop Stand,Office,1,43.84,43.84,Completed
ORD-0005153,CUST-000656,2024-12-16,Backpack,Lifestyle,1,55.56,55.56,Shipped
ORD-0005154,CUST-007609,2025-01-26,Backpack,Lifestyle,3,60.85,182.55,Completed
ORD-0005155,CUST-005721,2024-06-20,Notebook Set,Stationery,5,13.07,65.35,Processing
ORD-0005156,CUST-004959,2024-05-12,Desk Organizer,Office,3,26.4,79.2,Completed
ORD-0005157,CUST-005946,2022-04-08,Wireless Mouse,Electronics,3,32.81,98.43,Completed
ORD-0005158,CUST-001444,2026-01-12,Noise-Canceling Headphones,Electronics,6,173.37,1040.22,Returned
ORD-0005159,CUST-005705,2025-07-22,Laptop Stand,Office,6,42.42,254.52,Shipped
ORD-0005160,CUST-007196,2021-09-24,USB-C Hub,Electronics,2,48.35,96.7,Shipped
ORD-0005161,CUST-001874,2023-10-23,Standing Desk,Furniture,2,390.07,780.14,Shipped
ORD-0005162,CUST-001760,2024-03-23,Backpack,Lifestyle,3,54.66,163.98,Shipped
ORD-0005163,CUST-005095,2025-11-01,Laptop Stand,Office,2,48.54,97.08,Shipped
ORD-0005164,CUST-002969,2025-12-28,Notebook Set,Stationery,2,12.15,24.3,Completed
ORD-0005165,CUST-001241,2026-02-03,USB-C Hub,Electronics,6,50.91,305.46,Shipped
ORD-0005166,CUST-008766,2025-03-08,Water Bottle,Lifestyle,3,17.81,53.43,Completed
ORD-0005167,CUST-001676,2025-06-17,Water Bottle,Lifestyle,2,19.74,39.48,Cancelled
ORD-0005168,CUST-001809,2025-05-26,Mechanical Keyboard,Electronics,4,92.59,370.36,Completed
ORD-0005169,CUST-003413,2026-05-14,Ergonomic Chair,Furniture,6,247,1482,Completed
ORD-0005170,CUST-009203,2025-02-25,Standing Desk,Furniture,6,392.86,2357.16,Shipped
ORD-0005171,CUST-002753,2025-09-09,Noise-Canceling Headphones,Electronics,1,165.78,165.78,Processing
ORD-0005172,CUST-002198,2025-02-18,Laptop Stand,Office,3,47.26,141.78,Processing
ORD-0005173,CUST-008512,2026-04-25,Wireless Mouse,Electronics,5,32.66,163.3,Returned
ORD-0005174,CUST-003208,2026-04-20,Webcam,Electronics,2,67.89,135.78,Completed
ORD-0005175,CUST-003413,2026-05-13,Desk Organizer,Office,2,23.82,47.64,Completed
ORD-0005176,CUST-009983,2023-09-17,Laptop Stand,Office,4,49.17,196.68,Completed
ORD-0005177,CUST-004748,2023-05-15,Mechanical Keyboard,Electronics,6,94.97,569.82,Completed
ORD-0005178,CUST-009287,2021-08-18,Noise-Canceling Headphones,Electronics,5,186.12,930.6,Completed
ORD-0005179,CUST-007909,2026-07-16,Ergonomic Chair,Furniture,2,227.32,454.64,Returned
ORD-0005180,CUST-004919,2026-06-21,Wireless Mouse,Electronics,6,29.97,179.82,Shipped
ORD-0005181,CUST-008862,2026-01-02,Backpack,Lifestyle,3,54.71,164.13,Completed
ORD-0005182,CUST-007426,2024-06-14,Notebook Set,Stationery,3,12.45,37.35,Processing
ORD-0005183,CUST-004177,2021-05-18,Laptop Stand,Office,2,41.32,82.64,Cancelled
ORD-0005184,CUST-005341,2025-11-28,Noise-Canceling Headphones,Electronics,6,177.9,1067.4,Processing
ORD-0005185,CUST-009701,2024-09-10,Laptop Stand,Office,3,45.94,137.82,Completed
ORD-0005186,CUST-000316,2022-07-23,Ergonomic Chair,Furniture,3,249.03,747.09,Shipped
ORD-0005187,CUST-001466,2026-08-21,Wireless Mouse,Electronics,3,32.07,96.21,Shipped
ORD-0005188,CUST-000953,2025-12-21,Notebook Set,Stationery,2,13.57,27.14,Completed
ORD-0005189,CUST-004923,2023-11-03,Notebook Set,Stationery,3,12.76,38.28,Completed
ORD-0005190,CUST-002716,2024-05-30,Ergonomic Chair,Furniture,3,249.92,749.76,Completed
ORD-0005191,CUST-001106,2026-06-29,Backpack,Lifestyle,3,62.61,187.83,Completed
ORD-0005192,CUST-003745,2025-06-08,Webcam,Electronics,3,72.25,216.75,Completed
ORD-0005193,CUST-000813,2026-07-10,Notebook Set,Stationery,4,12.13,48.52,Completed
ORD-0005194,CUST-008925,2026-01-18,Backpack,Lifestyle,2,54.94,109.88,Returned
ORD-0005195,CUST-000391,2022-07-13,Ergonomic Chair,Furniture,1,234.17,234.17,Shipped
ORD-0005196,CUST-007042,2026-06-22,Standing Desk,Furniture,4,376.17,1504.68,Returned
ORD-0005197,CUST-005238,2025-12-09,Standing Desk,Furniture,5,434.04,2170.2,Completed
ORD-0005198,CUST-008394,2023-06-08,Laptop Stand,Office,5,48.92,244.6,Completed
ORD-0005199,CUST-009592,2026-02-01,Laptop Stand,Office,4,45.98,183.92,Returned
ORD-0005200,CUST-002666,2025-10-29,Webcam,Electronics,1,69.5,69.5,Shipped
ORD-0005201,CUST-003720,2025-05-26,Noise-Canceling Headphones,Electronics,5,189.79,948.95,Processing
ORD-0005202,CUST-009452,2025-07-03,Noise-Canceling Headphones,Electronics,5,169,845,Completed
ORD-0005203,CUST-002092,2022-12-27,Wireless Mouse,Electronics,5,27.04,135.2,Completed
ORD-0005204,CUST-006231,2024-05-29,Wireless Mouse,Electronics,6,28.42,170.52,Cancelled
ORD-0005205,CUST-008633,2025-10-10,Ergonomic Chair,Furniture,3,225.77,677.31,Shipped
ORD-0005206,CUST-001167,2023-10-11,Backpack,Lifestyle,4,54.03,216.12,Cancelled
ORD-0005207,CUST-007651,2026-05-26,Notebook Set,Stationery,1,13.4,13.4,Completed
ORD-0005208,CUST-000562,2022-12-05,USB-C Hub,Electronics,1,47.47,47.47,Completed
ORD-0005209,CUST-001530,2026-07-24,Webcam,Electronics,4,70.3,281.2,Completed
ORD-0005210,CUST-003318,2025-01-18,Notebook Set,Stationery,3,13.57,40.71,Returned
ORD-0005211,CUST-008789,2023-04-30,Standing Desk,Furniture,3,414.94,1244.82,Completed
ORD-0005212,CUST-007236,2026-04-17,Desk Organizer,Office,6,24.41,146.46,Cancelled
ORD-0005213,CUST-008591,2025-06-19,Wireless Mouse,Electronics,1,31.26,31.26,Processing
ORD-0005214,CUST-004510,2026-02-03,Webcam,Electronics,3,67.86,203.58,Completed
ORD-0005215,CUST-000303,2024-06-12,Wireless Mouse,Electronics,3,30.39,91.17,Completed
ORD-0005216,CUST-006253,2024-10-24,Notebook Set,Stationery,5,12.17,60.85,Shipped
ORD-0005217,CUST-009197,2021-02-24,Noise-Canceling Headphones,Electronics,1,172.83,172.83,Completed
ORD-0005218,CUST-008398,2026-06-14,Laptop Stand,Office,4,44.33,177.32,Completed
ORD-0005219,CUST-001895,2026-06-13,Noise-Canceling Headphones,Electronics,2,187.47,374.94,Completed
ORD-0005220,CUST-003824,2025-07-31,Backpack,Lifestyle,4,59.37,237.48,Shipped
ORD-0005221,CUST-007630,2024-01-04,Water Bottle,Lifestyle,4,19.48,77.92,Completed
ORD-0005222,CUST-008042,2026-08-16,Laptop Stand,Office,3,41.91,125.73,Completed
ORD-0005223,CUST-003944,2023-03-22,Noise-Canceling Headphones,Electronics,4,166.99,667.96,Cancelled
ORD-0005224,CUST-008294,2026-01-24,Desk Organizer,Office,5,23.81,119.05,Completed
ORD-0005225,CUST-007896,2026-06-10,Noise-Canceling Headphones,Electronics,3,179.51,538.53,Completed
ORD-0005226,CUST-008394,2026-06-12,Wireless Mouse,Electronics,5,31.48,157.4,Cancelled
ORD-0005227,CUST-006384,2023-12-14,Mechanical Keyboard,Electronics,6,96.65,579.9,Processing
ORD-0005228,CUST-004182,2023-04-17,Notebook Set,Stationery,4,13.26,53.04,Cancelled
ORD-0005229,CUST-001675,2023-12-06,USB-C Hub,Electronics,6,50.08,300.48,Completed
ORD-0005230,CUST-006898,2023-10-06,Wireless Mouse,Electronics,6,27.66,165.96,Processing
ORD-0005231,CUST-000723,2026-07-03,Desk Organizer,Office,2,25.58,51.16,Shipped
ORD-0005232,CUST-004352,2020-10-13,Standing Desk,Furniture,2,426.22,852.44,Completed
ORD-0005233,CUST-009395,2025-06-17,Wireless Mouse,Electronics,6,31.52,189.12,Completed
ORD-0005234,CUST-002219,2026-05-23,Wireless Mouse,Electronics,5,31.29,156.45,Returned
ORD-0005235,CUST-005172,2025-11-09,Backpack,Lifestyle,3,53.7,161.1,Returned
ORD-0005236,CUST-000301,2026-04-08,Mechanical Keyboard,Electronics,4,87.45,349.8,Cancelled
ORD-0005237,CUST-004433,2025-12-25,Notebook Set,Stationery,6,11.7,70.2,Cancelled
ORD-0005238,CUST-001105,2025-06-16,Wireless Mouse,Electronics,4,29.81,119.24,Completed
ORD-0005239,CUST-002914,2023-12-28,Backpack,Lifestyle,1,55.35,55.35,Cancelled
ORD-0005240,CUST-000581,2024-02-25,Notebook Set,Stationery,1,13.41,13.41,Processing
ORD-0005241,CUST-000436,2025-06-05,Wireless Mouse,Electronics,5,32.27,161.35,Completed
ORD-0005242,CUST-003361,2025-11-18,Backpack,Lifestyle,5,58.81,294.05,Completed
ORD-0005243,CUST-003487,2026-05-12,Laptop Stand,Office,6,41.31,247.86,Completed
ORD-0005244,CUST-007341,2026-07-17,Ergonomic Chair,Furniture,6,253.52,1521.12,Completed
ORD-0005245,CUST-001772,2022-04-07,Mechanical Keyboard,Electronics,4,90.09,360.36,Cancelled
ORD-0005246,CUST-004959,2026-06-21,Mechanical Keyboard,Electronics,5,87.67,438.35,Cancelled
ORD-0005247,CUST-007296,2026-07-25,Laptop Stand,Office,5,43.13,215.65,Completed
ORD-0005248,CUST-000996,2024-12-09,Backpack,Lifestyle,5,64.19,320.95,Shipped
ORD-0005249,CUST-007104,2026-08-31,Webcam,Electronics,3,79.86,239.58,Returned
ORD-0005250,CUST-009265,2024-11-12,Backpack,Lifestyle,5,55.11,275.55,Completed
ORD-0005251,CUST-003249,2026-02-26,Backpack,Lifestyle,4,64.78,259.12,Processing
ORD-0005252,CUST-003015,2024-11-05,Webcam,Electronics,3,67.59,202.77,Returned
ORD-0005253,CUST-006090,2026-08-31,Backpack,Lifestyle,2,64.33,128.66,Shipped
ORD-0005254,CUST-006398,2023-07-11,USB-C Hub,Electronics,2,50.25,100.5,Processing
ORD-0005255,CUST-009521,2026-02-10,Noise-Canceling Headphones,Electronics,1,179.7,179.7,Returned
ORD-0005256,CUST-006847,2025-03-17,USB-C Hub,Electronics,3,50.98,152.94,Completed
ORD-0005257,CUST-009207,2026-07-22,Laptop Stand,Office,6,45.32,271.92,Cancelled
ORD-0005258,CUST-000706,2026-01-03,Notebook Set,Stationery,4,11.54,46.16,Completed
ORD-0005259,CUST-007440,2026-05-14,Desk Organizer,Office,4,24.68,98.72,Shipped
ORD-0005260,CUST-006957,2025-05-02,Mechanical Keyboard,Electronics,3,84.31,252.93,Cancelled
ORD-0005261,CUST-000697,2025-10-17,Laptop Stand,Office,6,41.19,247.14,Processing
ORD-0005262,CUST-006378,2023-10-08,Mechanical Keyboard,Electronics,5,87.64,438.2,Cancelled
ORD-0005263,CUST-008497,2026-02-05,Ergonomic Chair,Furniture,6,272.43,1634.58,Completed
ORD-0005264,CUST-005997,2024-01-19,Desk Organizer,Office,5,23.3,116.5,Returned
ORD-0005265,CUST-004647,2024-05-17,Standing Desk,Furniture,6,414.06,2484.36,Completed
ORD-0005266,CUST-001165,2026-06-22,Mechanical Keyboard,Electronics,1,86.61,86.61,Processing
ORD-0005267,CUST-004484,2022-08-28,Desk Organizer,Office,3,24.38,73.14,Cancelled
ORD-0005268,CUST-000100,2023-03-02,Webcam,Electronics,5,66.61,333.05,Completed
ORD-0005269,CUST-004184,2025-11-13,Notebook Set,Stationery,6,12.22,73.32,Returned
ORD-0005270,CUST-008246,2025-08-14,Desk Organizer,Office,1,23.91,23.91,Processing
ORD-0005271,CUST-000756,2026-07-03,Water Bottle,Lifestyle,5,18.27,91.35,Completed
ORD-0005272,CUST-002295,2026-06-25,Mechanical Keyboard,Electronics,4,83.69,334.76,Processing
ORD-0005273,CUST-003799,2025-07-27,Backpack,Lifestyle,4,62.93,251.72,Completed
ORD-0005274,CUST-006202,2026-09-03,Water Bottle,Lifestyle,3,17.84,53.52,Cancelled
ORD-0005275,CUST-002617,2026-04-22,Notebook Set,Stationery,4,12.55,50.2,Completed
ORD-0005276,CUST-004053,2023-02-23,Standing Desk,Furniture,5,434.06,2170.3,Completed
ORD-0005277,CUST-004799,2024-07-20,USB-C Hub,Electronics,6,49.59,297.54,Completed
ORD-0005278,CUST-007120,2026-04-30,Mechanical Keyboard,Electronics,4,92,368,Returned
ORD-0005279,CUST-004833,2023-01-08,Notebook Set,Stationery,5,13.68,68.4,Processing
ORD-0005280,CUST-004951,2024-05-28,Water Bottle,Lifestyle,5,19.28,96.4,Returned
ORD-0005281,CUST-003880,2026-08-03,Standing Desk,Furniture,5,383.1,1915.5,Completed
ORD-0005282,CUST-002831,2026-07-28,Laptop Stand,Office,1,45.64,45.64,Cancelled
ORD-0005283,CUST-004267,2026-05-31,Desk Organizer,Office,3,24.67,74.01,Completed
ORD-0005284,CUST-000471,2025-12-20,Backpack,Lifestyle,2,65.26,130.52,Processing
ORD-0005285,CUST-004825,2024-03-26,Webcam,Electronics,4,68.78,275.12,Shipped
ORD-0005286,CUST-009257,2025-02-21,Noise-Canceling Headphones,Electronics,3,181.74,545.22,Completed
ORD-0005287,CUST-005641,2024-08-28,Backpack,Lifestyle,6,56.04,336.24,Returned
ORD-0005288,CUST-007911,2025-03-08,Wireless Mouse,Electronics,3,32.95,98.85,Completed
ORD-0005289,CUST-003330,2025-07-28,Mechanical Keyboard,Electronics,3,83.04,249.12,Completed
ORD-0005290,CUST-008898,2026-06-04,Mechanical Keyboard,Electronics,2,84.78,169.56,Completed
ORD-0005291,CUST-000424,2026-08-07,Desk Organizer,Office,4,26.5,106,Completed
ORD-0005292,CUST-000434,2026-04-24,Ergonomic Chair,Furniture,6,248.41,1490.46,Completed
ORD-0005293,CUST-004953,2024-03-14,Noise-Canceling Headphones,Electronics,5,197.18,985.9,Completed
ORD-0005294,CUST-001433,2026-07-09,Noise-Canceling Headphones,Electronics,1,188.56,188.56,Shipped
ORD-0005295,CUST-008842,2023-08-12,USB-C Hub,Electronics,1,49.63,49.63,Completed
ORD-0005296,CUST-009233,2026-02-28,Backpack,Lifestyle,3,57.53,172.59,Completed
ORD-0005297,CUST-006186,2023-08-13,Ergonomic Chair,Furniture,1,229.24,229.24,Processing
ORD-0005298,CUST-002453,2026-08-10,USB-C Hub,Electronics,1,50.59,50.59,Shipped
ORD-0005299,CUST-005018,2025-03-26,Webcam,Electronics,5,66.68,333.4,Completed
ORD-0005300,CUST-003823,2025-12-30,Wireless Mouse,Electronics,6,27.83,166.98,Cancelled
ORD-0005301,CUST-008657,2022-10-26,Standing Desk,Furniture,3,365.81,1097.43,Returned
ORD-0005302,CUST-000317,2026-08-29,Standing Desk,Furniture,2,361.58,723.16,Completed
ORD-0005303,CUST-005229,2021-04-09,Noise-Canceling Headphones,Electronics,6,170.87,1025.22,Completed
ORD-0005304,CUST-000461,2026-01-14,USB-C Hub,Electronics,1,51.96,51.96,Cancelled
ORD-0005305,CUST-006453,2024-04-07,Standing Desk,Furniture,6,384.45,2306.7,Shipped
ORD-0005306,CUST-001128,2026-07-19,USB-C Hub,Electronics,2,53.89,107.78,Shipped
ORD-0005307,CUST-009295,2024-01-25,Mechanical Keyboard,Electronics,1,82.37,82.37,Completed
ORD-0005308,CUST-008688,2021-04-24,Laptop Stand,Office,4,48.49,193.96,Processing
ORD-0005309,CUST-006569,2021-12-28,Noise-Canceling Headphones,Electronics,2,163.56,327.12,Completed
ORD-0005310,CUST-001844,2024-06-15,USB-C Hub,Electronics,6,47.83,286.98,Cancelled
ORD-0005311,CUST-005093,2026-07-12,Standing Desk,Furniture,4,367.01,1468.04,Cancelled
ORD-0005312,CUST-006000,2022-03-08,Standing Desk,Furniture,4,426.18,1704.72,Cancelled
ORD-0005313,CUST-002484,2022-02-23,Webcam,Electronics,3,76.52,229.56,Completed
ORD-0005314,CUST-001507,2022-07-10,Laptop Stand,Office,1,49.37,49.37,Completed
ORD-0005315,CUST-006190,2021-11-18,Noise-Canceling Headphones,Electronics,4,187.85,751.4,Completed
ORD-0005316,CUST-000633,2025-12-28,Notebook Set,Stationery,5,13.82,69.1,Returned
ORD-0005317,CUST-000855,2025-07-18,Backpack,Lifestyle,3,58.47,175.41,Completed
ORD-0005318,CUST-000595,2023-12-29,Noise-Canceling Headphones,Electronics,3,190.99,572.97,Cancelled
ORD-0005319,CUST-002605,2026-06-30,Desk Organizer,Office,5,26.61,133.05,Cancelled
ORD-0005320,CUST-002492,2026-08-31,Webcam,Electronics,3,67.65,202.95,Cancelled
ORD-0005321,CUST-001350,2023-02-03,Ergonomic Chair,Furniture,4,236.49,945.96,Completed
ORD-0005322,CUST-008506,2026-04-10,Wireless Mouse,Electronics,1,32.51,32.51,Completed
ORD-0005323,CUST-004700,2026-08-31,USB-C Hub,Electronics,2,44.71,89.42,Completed
ORD-0005324,CUST-002183,2025-12-05,Desk Organizer,Office,2,24.62,49.24,Shipped
ORD-0005325,CUST-009588,2026-04-16,Desk Organizer,Office,3,22.89,68.67,Completed
ORD-0005326,CUST-009164,2023-06-11,Backpack,Lifestyle,3,57.5,172.5,Returned
ORD-0005327,CUST-000186,2024-10-13,Backpack,Lifestyle,2,64.92,129.84,Cancelled
ORD-0005328,CUST-008190,2023-03-14,Mechanical Keyboard,Electronics,2,84.64,169.28,Completed
ORD-0005329,CUST-003220,2026-05-04,Standing Desk,Furniture,1,421.26,421.26,Processing
ORD-0005330,CUST-004746,2025-04-29,Laptop Stand,Office,2,45.29,90.58,Completed
ORD-0005331,CUST-004265,2025-05-22,Webcam,Electronics,4,73.43,293.72,Shipped
ORD-0005332,CUST-002162,2024-09-23,Mechanical Keyboard,Electronics,6,82.4,494.4,Shipped
ORD-0005333,CUST-001125,2025-11-15,USB-C Hub,Electronics,6,45.59,273.54,Completed
ORD-0005334,CUST-007540,2022-10-25,Desk Organizer,Office,3,26.6,79.8,Completed
ORD-0005335,CUST-002885,2022-02-06,Notebook Set,Stationery,6,12.05,72.3,Shipped
ORD-0005336,CUST-002333,2025-06-02,Backpack,Lifestyle,6,54.74,328.44,Shipped
ORD-0005337,CUST-005733,2025-10-25,Standing Desk,Furniture,2,364.01,728.02,Completed
ORD-0005338,CUST-009927,2025-01-22,Backpack,Lifestyle,3,53.67,161.01,Completed
ORD-0005339,CUST-009136,2024-12-24,Backpack,Lifestyle,5,63.11,315.55,Completed
ORD-0005340,CUST-005067,2026-02-01,Water Bottle,Lifestyle,6,17.36,104.16,Completed
ORD-0005341,CUST-008480,2025-03-26,Notebook Set,Stationery,4,12.7,50.8,Completed
ORD-0005342,CUST-002481,2026-08-09,Backpack,Lifestyle,1,58.77,58.77,Completed
ORD-0005343,CUST-002753,2024-11-22,Standing Desk,Furniture,2,365,730,Completed
ORD-0005344,CUST-004523,2026-02-08,Mechanical Keyboard,Electronics,3,88.82,266.46,Returned
ORD-0005345,CUST-008375,2026-08-06,Mechanical Keyboard,Electronics,4,87.89,351.56,Returned
ORD-0005346,CUST-000205,2026-01-25,Wireless Mouse,Electronics,3,32.1,96.3,Processing
ORD-0005347,CUST-002757,2025-07-23,Water Bottle,Lifestyle,3,20.79,62.37,Shipped
ORD-0005348,CUST-000447,2026-05-22,Mechanical Keyboard,Electronics,6,94.89,569.34,Completed
ORD-0005349,CUST-003703,2024-06-14,Mechanical Keyboard,Electronics,3,80.85,242.55,Shipped
ORD-0005350,CUST-006885,2024-07-23,Ergonomic Chair,Furniture,4,250.54,1002.16,Cancelled
ORD-0005351,CUST-003217,2026-03-25,Desk Organizer,Office,6,24.73,148.38,Completed
ORD-0005352,CUST-004095,2026-08-18,Wireless Mouse,Electronics,1,27.09,27.09,Cancelled
ORD-0005353,CUST-006849,2025-12-26,USB-C Hub,Electronics,3,44.96,134.88,Returned
ORD-0005354,CUST-007567,2025-08-13,Webcam,Electronics,1,79.37,79.37,Completed
ORD-0005355,CUST-002135,2026-03-27,Ergonomic Chair,Furniture,4,238.7,954.8,Completed
ORD-0005356,CUST-002272,2025-11-17,Backpack,Lifestyle,2,60.21,120.42,Completed
ORD-0005357,CUST-002249,2026-05-30,Noise-Canceling Headphones,Electronics,4,190.39,761.56,Completed
ORD-0005358,CUST-009169,2024-12-03,Webcam,Electronics,1,75.82,75.82,Completed
ORD-0005359,CUST-003457,2020-10-14,Standing Desk,Furniture,3,426.61,1279.83,Returned
ORD-0005360,CUST-009499,2024-12-14,Noise-Canceling Headphones,Electronics,3,173.98,521.94,Processing
ORD-0005361,CUST-007458,2026-02-15,Water Bottle,Lifestyle,1,19.93,19.93,Returned
ORD-0005362,CUST-009204,2026-08-16,USB-C Hub,Electronics,3,44.74,134.22,Processing
ORD-0005363,CUST-002214,2025-10-02,Notebook Set,Stationery,1,13.9,13.9,Completed
ORD-0005364,CUST-008311,2025-03-03,USB-C Hub,Electronics,6,48.49,290.94,Completed
ORD-0005365,CUST-007357,2022-03-17,Backpack,Lifestyle,4,58.68,234.72,Returned
ORD-0005366,CUST-002641,2023-01-02,Webcam,Electronics,1,78.84,78.84,Completed
ORD-0005367,CUST-002779,2025-08-08,Backpack,Lifestyle,1,62.63,62.63,Processing
ORD-0005368,CUST-007669,2026-05-15,Desk Organizer,Office,2,25.86,51.72,Shipped
ORD-0005369,CUST-001473,2023-06-03,USB-C Hub,Electronics,5,52.55,262.75,Processing
ORD-0005370,CUST-006885,2024-05-17,USB-C Hub,Electronics,3,50.42,151.26,Returned
ORD-0005371,CUST-000256,2026-02-15,Webcam,Electronics,6,73.26,439.56,Processing
ORD-0005372,CUST-009508,2026-01-13,Backpack,Lifestyle,3,57.57,172.71,Shipped
ORD-0005373,CUST-004427,2025-07-14,Water Bottle,Lifestyle,5,19.45,97.25,Completed
ORD-0005374,CUST-004880,2025-02-18,Notebook Set,Stationery,6,13.73,82.38,Cancelled
ORD-0005375,CUST-004991,2026-09-03,Water Bottle,Lifestyle,3,17.54,52.62,Processing
ORD-0005376,CUST-003401,2024-04-20,Wireless Mouse,Electronics,5,29.76,148.8,Cancelled
ORD-0005377,CUST-009512,2026-07-20,Noise-Canceling Headphones,Electronics,1,168.29,168.29,Cancelled
ORD-0005378,CUST-006339,2024-10-27,Backpack,Lifestyle,1,64.08,64.08,Processing
ORD-0005379,CUST-000210,2022-11-19,USB-C Hub,Electronics,2,44.47,88.94,Completed
ORD-0005380,CUST-009355,2026-06-04,USB-C Hub,Electronics,6,52.02,312.12,Shipped
ORD-0005381,CUST-005389,2024-07-28,Standing Desk,Furniture,1,400.48,400.48,Returned
ORD-0005382,CUST-007103,2022-04-01,Standing Desk,Furniture,6,367.58,2205.48,Shipped
ORD-0005383,CUST-002780,2024-11-22,Water Bottle,Lifestyle,1,17.84,17.84,Completed
ORD-0005384,CUST-008727,2025-04-06,Backpack,Lifestyle,3,55.55,166.65,Completed
ORD-0005385,CUST-005913,2025-05-27,USB-C Hub,Electronics,1,45.31,45.31,Processing
ORD-0005386,CUST-006620,2025-02-25,Laptop Stand,Office,5,41.39,206.95,Returned
ORD-0005387,CUST-007092,2026-08-15,Wireless Mouse,Electronics,2,27.88,55.76,Completed
ORD-0005388,CUST-003269,2025-08-09,Standing Desk,Furniture,3,365.9,1097.7,Completed
ORD-0005389,CUST-003081,2023-04-05,Desk Organizer,Office,6,23.04,138.24,Shipped
ORD-0005390,CUST-003548,2026-04-22,Backpack,Lifestyle,1,57.17,57.17,Cancelled
ORD-0005391,CUST-002082,2026-08-31,Noise-Canceling Headphones,Electronics,3,168.74,506.22,Completed
ORD-0005392,CUST-002291,2022-12-28,Ergonomic Chair,Furniture,5,238.86,1194.3,Shipped
ORD-0005393,CUST-003109,2026-04-22,Noise-Canceling Headphones,Electronics,1,172.26,172.26,Cancelled
ORD-0005394,CUST-009490,2026-07-06,Water Bottle,Lifestyle,5,19.36,96.8,Processing
ORD-0005395,CUST-001356,2024-01-11,USB-C Hub,Electronics,1,52.27,52.27,Returned
ORD-0005396,CUST-007963,2024-01-23,Ergonomic Chair,Furniture,2,272.7,545.4,Cancelled
ORD-0005397,CUST-005627,2026-03-05,Ergonomic Chair,Furniture,3,229.47,688.41,Completed
ORD-0005398,CUST-000845,2023-05-16,Desk Organizer,Office,2,25.66,51.32,Shipped
ORD-0005399,CUST-006461,2025-02-01,USB-C Hub,Electronics,6,50.19,301.14,Returned
ORD-0005400,CUST-008724,2026-02-09,Ergonomic Chair,Furniture,1,263.83,263.83,Cancelled
ORD-0005401,CUST-006006,2024-12-09,Backpack,Lifestyle,5,63.22,316.1,Cancelled
ORD-0005402,CUST-008791,2025-11-21,Laptop Stand,Office,4,45.54,182.16,Processing
ORD-0005403,CUST-003268,2026-04-23,Ergonomic Chair,Furniture,3,234.63,703.89,Shipped
ORD-0005404,CUST-000828,2026-01-19,Noise-Canceling Headphones,Electronics,5,191.1,955.5,Processing
ORD-0005405,CUST-000807,2026-05-11,Backpack,Lifestyle,3,59.07,177.21,Cancelled
ORD-0005406,CUST-007390,2026-05-13,Desk Organizer,Office,1,22.24,22.24,Completed
ORD-0005407,CUST-001485,2025-08-24,Desk Organizer,Office,4,26.01,104.04,Completed
ORD-0005408,CUST-008015,2021-05-28,Notebook Set,Stationery,1,11.76,11.76,Processing
ORD-0005409,CUST-006354,2026-05-25,Laptop Stand,Office,3,48.28,144.84,Returned
ORD-0005410,CUST-009818,2024-05-19,Backpack,Lifestyle,1,54.31,54.31,Completed
ORD-0005411,CUST-007289,2026-05-05,USB-C Hub,Electronics,5,52.84,264.2,Cancelled
ORD-0005412,CUST-009300,2024-12-29,Notebook Set,Stationery,1,12.42,12.42,Cancelled
ORD-0005413,CUST-000435,2021-11-28,Water Bottle,Lifestyle,2,19.86,39.72,Cancelled
ORD-0005414,CUST-002723,2025-08-12,Wireless Mouse,Electronics,6,27.97,167.82,Processing
ORD-0005415,CUST-009095,2022-12-15,Webcam,Electronics,6,70.57,423.42,Cancelled
ORD-0005416,CUST-004893,2024-10-13,Desk Organizer,Office,4,22.58,90.32,Cancelled
ORD-0005417,CUST-007124,2026-04-07,Ergonomic Chair,Furniture,5,227.8,1139,Returned
ORD-0005418,CUST-008700,2026-06-18,Backpack,Lifestyle,6,64.64,387.84,Returned
ORD-0005419,CUST-006439,2023-04-13,Noise-Canceling Headphones,Electronics,1,177.15,177.15,Shipped
ORD-0005420,CUST-000242,2026-08-10,Backpack,Lifestyle,6,63.58,381.48,Processing
ORD-0005421,CUST-004733,2025-09-30,Wireless Mouse,Electronics,1,27.21,27.21,Completed
ORD-0005422,CUST-006901,2026-06-19,Wireless Mouse,Electronics,3,28.92,86.76,Processing
ORD-0005423,CUST-001988,2025-05-04,Backpack,Lifestyle,6,55.72,334.32,Cancelled
ORD-0005424,CUST-008198,2024-01-16,Water Bottle,Lifestyle,5,17.15,85.75,Returned
ORD-0005425,CUST-006883,2025-02-02,Standing Desk,Furniture,4,433.04,1732.16,Completed
ORD-0005426,CUST-001766,2023-11-20,Wireless Mouse,Electronics,3,31.37,94.11,Processing
ORD-0005427,CUST-006681,2023-09-24,Backpack,Lifestyle,2,62.09,124.18,Shipped
ORD-0005428,CUST-009312,2023-10-02,Desk Organizer,Office,3,25.68,77.04,Shipped
ORD-0005429,CUST-006705,2024-01-13,Noise-Canceling Headphones,Electronics,2,184.28,368.56,Completed
ORD-0005430,CUST-009875,2025-10-09,Notebook Set,Stationery,5,13.8,69,Cancelled
ORD-0005431,CUST-007985,2021-06-24,Desk Organizer,Office,3,26.06,78.18,Completed
ORD-0005432,CUST-000253,2024-05-23,Noise-Canceling Headphones,Electronics,5,175.23,876.15,Processing
ORD-0005433,CUST-004167,2023-11-28,Water Bottle,Lifestyle,4,18.06,72.24,Completed
ORD-0005434,CUST-004930,2026-05-26,Ergonomic Chair,Furniture,1,258.21,258.21,Processing
ORD-0005435,CUST-001290,2025-05-14,USB-C Hub,Electronics,6,49.08,294.48,Processing
ORD-0005436,CUST-000346,2026-04-21,Ergonomic Chair,Furniture,3,266.47,799.41,Returned
ORD-0005437,CUST-006517,2026-01-26,Water Bottle,Lifestyle,4,18.07,72.28,Cancelled
ORD-0005438,CUST-000861,2024-10-24,Ergonomic Chair,Furniture,6,247.37,1484.22,Completed
ORD-0005439,CUST-004411,2024-01-08,Standing Desk,Furniture,6,436.54,2619.24,Processing
ORD-0005440,CUST-006246,2024-07-20,Wireless Mouse,Electronics,4,32.61,130.44,Cancelled
ORD-0005441,CUST-001861,2023-07-21,Laptop Stand,Office,1,46.32,46.32,Completed
ORD-0005442,CUST-003057,2026-07-05,Laptop Stand,Office,1,46,46,Completed
ORD-0005443,CUST-005233,2026-06-06,Noise-Canceling Headphones,Electronics,1,189.69,189.69,Shipped
ORD-0005444,CUST-004726,2024-10-28,Ergonomic Chair,Furniture,3,232.32,696.96,Completed
ORD-0005445,CUST-005863,2025-07-25,Mechanical Keyboard,Electronics,1,93.31,93.31,Completed
ORD-0005446,CUST-007720,2022-05-02,Backpack,Lifestyle,3,60.51,181.53,Completed
ORD-0005447,CUST-002467,2026-05-25,Desk Organizer,Office,3,24.03,72.09,Cancelled
ORD-0005448,CUST-003600,2025-03-11,Desk Organizer,Office,1,25.35,25.35,Completed
ORD-0005449,CUST-001568,2026-09-04,Desk Organizer,Office,2,26.5,53,Completed
ORD-0005450,CUST-009345,2024-02-01,Wireless Mouse,Electronics,5,32.29,161.45,Processing
ORD-0005451,CUST-009539,2022-12-18,Wireless Mouse,Electronics,1,27.95,27.95,Completed
ORD-0005452,CUST-000760,2021-08-07,Backpack,Lifestyle,6,63.35,380.1,Cancelled
ORD-0005453,CUST-002349,2023-11-29,Standing Desk,Furniture,4,372.28,1489.12,Returned
ORD-0005454,CUST-006328,2026-07-12,Wireless Mouse,Electronics,2,32.19,64.38,Processing
ORD-0005455,CUST-001604,2025-04-06,Desk Organizer,Office,6,23.44,140.64,Completed
ORD-0005456,CUST-001349,2023-11-23,Wireless Mouse,Electronics,5,30.82,154.1,Completed
ORD-0005457,CUST-007987,2026-07-08,Ergonomic Chair,Furniture,2,246.51,493.02,Completed
ORD-0005458,CUST-004695,2025-03-11,Backpack,Lifestyle,1,57.35,57.35,Completed
ORD-0005459,CUST-005679,2022-10-12,Wireless Mouse,Electronics,5,29.75,148.75,Completed
ORD-0005460,CUST-003051,2025-11-19,Water Bottle,Lifestyle,2,17.27,34.54,Returned
ORD-0005461,CUST-003864,2024-01-26,Notebook Set,Stationery,2,13.14,26.28,Completed
ORD-0005462,CUST-009957,2022-10-01,Water Bottle,Lifestyle,2,20.36,40.72,Completed
ORD-0005463,CUST-003905,2026-06-12,USB-C Hub,Electronics,5,50.12,250.6,Completed
ORD-0005464,CUST-009513,2024-03-28,Noise-Canceling Headphones,Electronics,6,196.14,1176.84,Shipped
ORD-0005465,CUST-003289,2026-04-15,Backpack,Lifestyle,2,62.88,125.76,Cancelled
ORD-0005466,CUST-007090,2023-06-23,Laptop Stand,Office,5,41.95,209.75,Shipped
ORD-0005467,CUST-009936,2025-01-09,Mechanical Keyboard,Electronics,4,80.77,323.08,Completed
ORD-0005468,CUST-001881,2024-01-19,Desk Organizer,Office,3,22.44,67.32,Cancelled
ORD-0005469,CUST-002952,2026-08-30,USB-C Hub,Electronics,5,49.02,245.1,Returned
ORD-0005470,CUST-008643,2026-08-23,Mechanical Keyboard,Electronics,6,98.3,589.8,Completed
ORD-0005471,CUST-008449,2023-09-06,Mechanical Keyboard,Electronics,2,92.79,185.58,Completed
ORD-0005472,CUST-008475,2024-12-12,Laptop Stand,Office,2,46.82,93.64,Processing
ORD-0005473,CUST-001490,2025-08-16,USB-C Hub,Electronics,6,53.17,319.02,Cancelled
ORD-0005474,CUST-000967,2024-04-25,Desk Organizer,Office,5,22.13,110.65,Completed
ORD-0005475,CUST-007783,2023-03-19,Backpack,Lifestyle,3,55.39,166.17,Completed
ORD-0005476,CUST-002577,2025-03-24,Mechanical Keyboard,Electronics,5,82.73,413.65,Returned
ORD-0005477,CUST-001194,2025-04-02,Noise-Canceling Headphones,Electronics,6,190.01,1140.06,Processing
ORD-0005478,CUST-008568,2025-03-31,Webcam,Electronics,2,74.02,148.04,Shipped
ORD-0005479,CUST-005697,2023-01-05,Ergonomic Chair,Furniture,6,248.57,1491.42,Shipped
ORD-0005480,CUST-008352,2024-06-02,USB-C Hub,Electronics,5,53.38,266.9,Cancelled
ORD-0005481,CUST-002827,2024-07-02,Standing Desk,Furniture,3,426.22,1278.66,Shipped
ORD-0005482,CUST-006592,2025-04-20,Webcam,Electronics,1,77.68,77.68,Processing
ORD-0005483,CUST-008259,2022-01-19,Desk Organizer,Office,3,25.28,75.84,Completed
ORD-0005484,CUST-004891,2024-06-10,Noise-Canceling Headphones,Electronics,6,171.64,1029.84,Shipped
ORD-0005485,CUST-003578,2026-08-10,Notebook Set,Stationery,5,13.29,66.45,Processing
ORD-0005486,CUST-001428,2025-03-25,USB-C Hub,Electronics,1,47.9,47.9,Completed
ORD-0005487,CUST-001858,2024-05-24,Laptop Stand,Office,6,42.17,253.02,Processing
ORD-0005488,CUST-008375,2026-08-28,Noise-Canceling Headphones,Electronics,5,182.23,911.15,Shipped
ORD-0005489,CUST-008132,2024-11-02,Desk Organizer,Office,2,26.39,52.78,Cancelled
ORD-0005490,CUST-009438,2020-06-19,Backpack,Lifestyle,4,59.06,236.24,Completed
ORD-0005491,CUST-008341,2024-07-31,Ergonomic Chair,Furniture,6,232.6,1395.6,Completed
ORD-0005492,CUST-002374,2025-08-25,Notebook Set,Stationery,6,12.62,75.72,Shipped
ORD-0005493,CUST-002873,2026-04-24,Ergonomic Chair,Furniture,2,231.12,462.24,Cancelled
ORD-0005494,CUST-003815,2024-10-17,Notebook Set,Stationery,1,12.34,12.34,Processing
ORD-0005495,CUST-003271,2025-11-02,Noise-Canceling Headphones,Electronics,2,180.99,361.98,Completed
ORD-0005496,CUST-006259,2026-07-28,Ergonomic Chair,Furniture,3,236.54,709.62,Completed
ORD-0005497,CUST-003207,2026-01-14,Notebook Set,Stationery,4,12.09,48.36,Completed
ORD-0005498,CUST-009558,2026-06-16,Laptop Stand,Office,2,44.26,88.52,Completed
ORD-0005499,CUST-007320,2026-07-15,Notebook Set,Stationery,1,13.12,13.12,Processing
ORD-0005500,CUST-001751,2025-10-19,Desk Organizer,Office,4,23.83,95.32,Completed
ORD-0005501,CUST-004010,2026-05-12,Ergonomic Chair,Furniture,2,271.18,542.36,Processing
ORD-0005502,CUST-006586,2021-11-10,Desk Organizer,Office,4,25.39,101.56,Completed
ORD-0005503,CUST-000776,2025-08-04,Standing Desk,Furniture,3,381.03,1143.09,Returned
ORD-0005504,CUST-007582,2026-07-13,Webcam,Electronics,4,73.21,292.84,Completed
ORD-0005505,CUST-003202,2025-04-06,Water Bottle,Lifestyle,1,18.4,18.4,Completed
ORD-0005506,CUST-000959,2023-12-11,USB-C Hub,Electronics,5,53.81,269.05,Cancelled
ORD-0005507,CUST-001179,2020-12-15,Notebook Set,Stationery,2,13.46,26.92,Returned
ORD-0005508,CUST-002295,2025-04-21,Noise-Canceling Headphones,Electronics,1,177.05,177.05,Completed
ORD-0005509,CUST-008450,2024-04-28,Webcam,Electronics,2,73.83,147.66,Completed
ORD-0005510,CUST-004242,2023-09-14,Desk Organizer,Office,4,23.5,94,Cancelled
ORD-0005511,CUST-004088,2025-04-25,Water Bottle,Lifestyle,5,19.64,98.2,Completed
ORD-0005512,CUST-005157,2026-08-05,USB-C Hub,Electronics,4,46.7,186.8,Cancelled
ORD-0005513,CUST-006987,2024-09-02,Laptop Stand,Office,4,43.54,174.16,Processing
ORD-0005514,CUST-000978,2026-08-20,Water Bottle,Lifestyle,6,19.23,115.38,Returned
ORD-0005515,CUST-006963,2024-03-29,Ergonomic Chair,Furniture,6,247.28,1483.68,Shipped
ORD-0005516,CUST-005203,2025-11-25,Noise-Canceling Headphones,Electronics,5,186.04,930.2,Shipped
ORD-0005517,CUST-008564,2022-10-10,Laptop Stand,Office,2,40.92,81.84,Returned
ORD-0005518,CUST-004301,2025-01-02,Backpack,Lifestyle,6,60.4,362.4,Processing
ORD-0005519,CUST-006177,2023-01-14,Wireless Mouse,Electronics,2,32.14,64.28,Shipped
ORD-0005520,CUST-008408,2023-07-09,USB-C Hub,Electronics,4,48.36,193.44,Completed
ORD-0005521,CUST-001525,2026-07-02,Standing Desk,Furniture,5,400.21,2001.05,Processing
ORD-0005522,CUST-009658,2024-01-15,Backpack,Lifestyle,6,59.65,357.9,Completed
ORD-0005523,CUST-007156,2026-08-29,Mechanical Keyboard,Electronics,4,84.26,337.04,Cancelled
ORD-0005524,CUST-002973,2024-03-14,Ergonomic Chair,Furniture,5,261.37,1306.85,Completed
ORD-0005525,CUST-002005,2026-05-18,Mechanical Keyboard,Electronics,4,85.46,341.84,Completed
ORD-0005526,CUST-006673,2025-06-25,Standing Desk,Furniture,3,387.63,1162.89,Completed
ORD-0005527,CUST-007638,2025-07-09,Desk Organizer,Office,4,23.63,94.52,Completed
ORD-0005528,CUST-002748,2024-06-11,Webcam,Electronics,2,70.03,140.06,Completed
ORD-0005529,CUST-006254,2024-12-22,Wireless Mouse,Electronics,6,31.29,187.74,Cancelled
ORD-0005530,CUST-009122,2025-04-28,Desk Organizer,Office,2,22.63,45.26,Completed
ORD-0005531,CUST-004059,2026-01-21,Mechanical Keyboard,Electronics,6,90.83,544.98,Cancelled
ORD-0005532,CUST-008773,2025-10-04,Standing Desk,Furniture,6,424.18,2545.08,Processing
ORD-0005533,CUST-006086,2026-09-05,Water Bottle,Lifestyle,2,19.32,38.64,Shipped
ORD-0005534,CUST-003038,2026-06-03,USB-C Hub,Electronics,5,52.47,262.35,Completed
ORD-0005535,CUST-001069,2025-10-15,USB-C Hub,Electronics,6,47.24,283.44,Completed
ORD-0005536,CUST-008948,2025-08-23,Laptop Stand,Office,2,44.29,88.58,Completed
ORD-0005537,CUST-007455,2024-07-20,Noise-Canceling Headphones,Electronics,6,191.36,1148.16,Shipped
ORD-0005538,CUST-002947,2026-01-03,Water Bottle,Lifestyle,5,19.05,95.25,Shipped
ORD-0005539,CUST-004161,2026-05-22,Desk Organizer,Office,2,25.14,50.28,Completed
ORD-0005540,CUST-005824,2025-12-17,Desk Organizer,Office,2,24.42,48.84,Completed
ORD-0005541,CUST-002152,2025-09-28,Noise-Canceling Headphones,Electronics,2,185.56,371.12,Shipped
ORD-0005542,CUST-006216,2026-06-06,Desk Organizer,Office,1,24.98,24.98,Returned
ORD-0005543,CUST-005443,2026-06-27,Webcam,Electronics,6,71.52,429.12,Completed
ORD-0005544,CUST-002519,2026-08-02,Desk Organizer,Office,5,23.1,115.5,Returned
ORD-0005545,CUST-002630,2023-12-13,Backpack,Lifestyle,5,55.1,275.5,Completed
ORD-0005546,CUST-005541,2025-02-25,Desk Organizer,Office,4,25.08,100.32,Returned
ORD-0005547,CUST-002516,2021-02-26,Ergonomic Chair,Furniture,1,242.75,242.75,Completed
ORD-0005548,CUST-006766,2026-04-07,Water Bottle,Lifestyle,3,20,60,Completed
ORD-0005549,CUST-009955,2022-07-16,Ergonomic Chair,Furniture,1,264.37,264.37,Completed
ORD-0005550,CUST-009546,2025-02-28,USB-C Hub,Electronics,5,47.79,238.95,Returned
ORD-0005551,CUST-000489,2025-09-30,Desk Organizer,Office,1,24.45,24.45,Cancelled
ORD-0005552,CUST-003079,2026-06-30,Webcam,Electronics,5,68.85,344.25,Shipped
ORD-0005553,CUST-004877,2024-12-08,USB-C Hub,Electronics,1,52.6,52.6,Shipped
ORD-0005554,CUST-001517,2025-10-20,Wireless Mouse,Electronics,3,27.39,82.17,Completed
ORD-0005555,CUST-007116,2026-04-12,Ergonomic Chair,Furniture,2,233,466,Completed
ORD-0005556,CUST-003042,2025-06-24,Laptop Stand,Office,2,40.46,80.92,Shipped
ORD-0005557,CUST-002032,2024-07-30,Notebook Set,Stationery,4,12.72,50.88,Shipped
ORD-0005558,CUST-006258,2026-08-08,Wireless Mouse,Electronics,6,28,168,Shipped
ORD-0005559,CUST-001058,2026-04-21,Desk Organizer,Office,3,22.1,66.3,Cancelled
ORD-0005560,CUST-003735,2026-05-16,Desk Organizer,Office,1,22.56,22.56,Shipped
ORD-0005561,CUST-007265,2026-09-01,Webcam,Electronics,6,74.85,449.1,Completed
ORD-0005562,CUST-005068,2022-09-25,Standing Desk,Furniture,2,372.32,744.64,Completed
ORD-0005563,CUST-003268,2025-06-20,Notebook Set,Stationery,1,12.05,12.05,Shipped
ORD-0005564,CUST-004268,2026-01-17,Wireless Mouse,Electronics,3,31.81,95.43,Cancelled
ORD-0005565,CUST-008078,2024-06-23,Backpack,Lifestyle,3,61.6,184.8,Returned
ORD-0005566,CUST-008851,2022-03-07,Wireless Mouse,Electronics,5,27.48,137.4,Cancelled
ORD-0005567,CUST-001506,2025-08-14,Mechanical Keyboard,Electronics,5,92.14,460.7,Completed
ORD-0005568,CUST-000455,2024-07-12,USB-C Hub,Electronics,1,45.76,45.76,Completed
ORD-0005569,CUST-007208,2025-09-25,Water Bottle,Lifestyle,6,18.97,113.82,Completed
ORD-0005570,CUST-009342,2023-01-15,Ergonomic Chair,Furniture,5,264.63,1323.15,Cancelled
ORD-0005571,CUST-007971,2025-02-14,Desk Organizer,Office,3,26.64,79.92,Returned
ORD-0005572,CUST-007607,2022-09-02,Webcam,Electronics,4,81.37,325.48,Completed
ORD-0005573,CUST-009321,2026-05-18,USB-C Hub,Electronics,5,47.41,237.05,Completed
ORD-0005574,CUST-008466,2026-06-17,Wireless Mouse,Electronics,2,28.75,57.5,Returned
ORD-0005575,CUST-000066,2026-09-06,Notebook Set,Stationery,2,11.77,23.54,Completed
ORD-0005576,CUST-001444,2025-07-09,Ergonomic Chair,Furniture,5,255.25,1276.25,Cancelled
ORD-0005577,CUST-000841,2025-11-17,Standing Desk,Furniture,1,372.83,372.83,Cancelled
ORD-0005578,CUST-005817,2026-03-30,Backpack,Lifestyle,2,58.88,117.76,Completed
ORD-0005579,CUST-004284,2024-12-09,Ergonomic Chair,Furniture,2,245.62,491.24,Completed
ORD-0005580,CUST-007147,2026-08-11,USB-C Hub,Electronics,2,49.48,98.96,Completed
ORD-0005581,CUST-002897,2026-06-24,Standing Desk,Furniture,2,427.39,854.78,Processing
ORD-0005582,CUST-004262,2026-01-23,Noise-Canceling Headphones,Electronics,4,197.43,789.72,Completed
ORD-0005583,CUST-003221,2022-05-08,Notebook Set,Stationery,2,12.83,25.66,Processing
ORD-0005584,CUST-006517,2025-06-17,Water Bottle,Lifestyle,4,20.37,81.48,Returned
ORD-0005585,CUST-007396,2023-12-04,Wireless Mouse,Electronics,6,31.33,187.98,Cancelled
ORD-0005586,CUST-003676,2020-02-14,Water Bottle,Lifestyle,5,20.81,104.05,Cancelled
ORD-0005587,CUST-005709,2025-05-22,Wireless Mouse,Electronics,1,32.65,32.65,Cancelled
ORD-0005588,CUST-003275,2022-01-06,Water Bottle,Lifestyle,2,19.02,38.04,Processing
ORD-0005589,CUST-006225,2025-09-15,USB-C Hub,Electronics,3,48.7,146.1,Completed
ORD-0005590,CUST-002792,2023-04-29,Standing Desk,Furniture,3,381.4,1144.2,Processing
ORD-0005591,CUST-000083,2025-08-25,Standing Desk,Furniture,2,427.72,855.44,Completed
ORD-0005592,CUST-006476,2025-03-21,Laptop Stand,Office,2,43.4,86.8,Completed
ORD-0005593,CUST-003573,2021-06-03,Laptop Stand,Office,1,43.64,43.64,Completed
ORD-0005594,CUST-009183,2025-03-07,Ergonomic Chair,Furniture,5,260.3,1301.5,Completed
ORD-0005595,CUST-000562,2022-09-13,Water Bottle,Lifestyle,5,18.09,90.45,Completed
ORD-0005596,CUST-002052,2025-06-23,Standing Desk,Furniture,3,434.49,1303.47,Completed
ORD-0005597,CUST-001382,2026-02-02,Mechanical Keyboard,Electronics,1,93.31,93.31,Completed
ORD-0005598,CUST-007372,2026-06-30,Desk Organizer,Office,6,22.94,137.64,Completed
ORD-0005599,CUST-006765,2026-06-29,Mechanical Keyboard,Electronics,1,86.53,86.53,Cancelled
ORD-0005600,CUST-002483,2025-12-28,Webcam,Electronics,3,73.24,219.72,Processing
ORD-0005601,CUST-007920,2023-11-07,Ergonomic Chair,Furniture,6,263.17,1579.02,Completed
ORD-0005602,CUST-005056,2024-10-02,Laptop Stand,Office,4,43.72,174.88,Completed
ORD-0005603,CUST-006346,2025-12-07,Notebook Set,Stationery,6,11.95,71.7,Shipped
ORD-0005604,CUST-004587,2025-06-05,Noise-Canceling Headphones,Electronics,2,193.97,387.94,Returned
ORD-0005605,CUST-009480,2025-01-08,Wireless Mouse,Electronics,3,32.09,96.27,Cancelled
ORD-0005606,CUST-007465,2026-07-02,Webcam,Electronics,2,74.16,148.32,Cancelled
ORD-0005607,CUST-000757,2026-07-11,USB-C Hub,Electronics,1,53.01,53.01,Completed
ORD-0005608,CUST-005439,2022-05-10,Webcam,Electronics,2,75.29,150.58,Cancelled
ORD-0005609,CUST-005205,2024-06-12,USB-C Hub,Electronics,1,50.81,50.81,Completed
ORD-0005610,CUST-009843,2023-07-21,Wireless Mouse,Electronics,2,32.05,64.1,Returned
ORD-0005611,CUST-004132,2026-01-26,USB-C Hub,Electronics,3,53.26,159.78,Completed
ORD-0005612,CUST-006414,2023-12-09,Noise-Canceling Headphones,Electronics,5,171.45,857.25,Completed
ORD-0005613,CUST-005037,2024-11-05,USB-C Hub,Electronics,2,47.21,94.42,Completed
ORD-0005614,CUST-008051,2026-08-02,Backpack,Lifestyle,2,63.59,127.18,Completed
ORD-0005615,CUST-005301,2025-07-30,Notebook Set,Stationery,1,13.24,13.24,Returned
ORD-0005616,CUST-005355,2024-12-26,Desk Organizer,Office,2,26.78,53.56,Completed
ORD-0005617,CUST-000791,2025-07-06,Backpack,Lifestyle,3,54.89,164.67,Shipped
ORD-0005618,CUST-007298,2026-08-27,Notebook Set,Stationery,3,12.36,37.08,Completed
ORD-0005619,CUST-002928,2024-09-13,Laptop Stand,Office,5,45.92,229.6,Returned
ORD-0005620,CUST-006865,2025-04-30,Notebook Set,Stationery,6,13.58,81.48,Completed
ORD-0005621,CUST-000355,2026-09-04,Ergonomic Chair,Furniture,3,231.76,695.28,Shipped
ORD-0005622,CUST-009000,2024-08-24,Mechanical Keyboard,Electronics,1,88.58,88.58,Returned
ORD-0005623,CUST-003767,2026-09-07,Webcam,Electronics,2,72.28,144.56,Completed
ORD-0005624,CUST-000727,2024-06-17,Water Bottle,Lifestyle,4,19.41,77.64,Cancelled
ORD-0005625,CUST-005012,2026-09-04,Webcam,Electronics,5,80.66,403.3,Completed
ORD-0005626,CUST-005755,2024-05-26,Standing Desk,Furniture,5,376.32,1881.6,Completed
ORD-0005627,CUST-004056,2026-04-09,Desk Organizer,Office,1,25.06,25.06,Completed
ORD-0005628,CUST-008445,2026-08-07,Laptop Stand,Office,5,41.39,206.95,Shipped
ORD-0005629,CUST-009894,2025-12-24,Backpack,Lifestyle,1,58.83,58.83,Completed
ORD-0005630,CUST-004452,2026-05-18,USB-C Hub,Electronics,1,46.28,46.28,Completed
ORD-0005631,CUST-004024,2026-08-18,Laptop Stand,Office,3,46.81,140.43,Completed
ORD-0005632,CUST-007913,2026-04-15,Desk Organizer,Office,5,23.45,117.25,Completed
ORD-0005633,CUST-007550,2026-07-20,Noise-Canceling Headphones,Electronics,2,174.33,348.66,Completed
ORD-0005634,CUST-007502,2026-06-01,Water Bottle,Lifestyle,2,20.47,40.94,Shipped
ORD-0005635,CUST-005530,2025-07-22,Laptop Stand,Office,3,41.42,124.26,Processing
ORD-0005636,CUST-006209,2025-08-04,Standing Desk,Furniture,3,385.73,1157.19,Completed
ORD-0005637,CUST-004649,2024-10-24,Ergonomic Chair,Furniture,4,261.64,1046.56,Completed
ORD-0005638,CUST-002189,2026-08-17,Ergonomic Chair,Furniture,2,255.61,511.22,Completed
ORD-0005639,CUST-002821,2021-04-03,Notebook Set,Stationery,6,13.65,81.9,Shipped
ORD-0005640,CUST-000510,2024-02-11,Wireless Mouse,Electronics,2,29.58,59.16,Returned
ORD-0005641,CUST-001804,2026-06-09,Water Bottle,Lifestyle,1,17.61,17.61,Completed
ORD-0005642,CUST-008157,2025-11-29,Noise-Canceling Headphones,Electronics,1,192.28,192.28,Cancelled
ORD-0005643,CUST-006426,2026-05-28,Notebook Set,Stationery,2,12.56,25.12,Processing
ORD-0005644,CUST-007137,2023-07-28,Water Bottle,Lifestyle,4,18.6,74.4,Shipped
ORD-0005645,CUST-006520,2023-08-31,Backpack,Lifestyle,6,60.31,361.86,Returned
ORD-0005646,CUST-003010,2024-04-22,USB-C Hub,Electronics,3,50.45,151.35,Completed
ORD-0005647,CUST-000158,2024-06-27,Ergonomic Chair,Furniture,3,270.03,810.09,Shipped
ORD-0005648,CUST-008722,2025-11-06,Water Bottle,Lifestyle,3,17.49,52.47,Completed
ORD-0005649,CUST-009271,2026-08-10,Mechanical Keyboard,Electronics,5,86.2,431,Returned
ORD-0005650,CUST-006046,2022-01-30,Wireless Mouse,Electronics,6,30.13,180.78,Processing
ORD-0005651,CUST-001260,2023-02-24,Standing Desk,Furniture,3,401.68,1205.04,Shipped
ORD-0005652,CUST-009504,2022-09-18,Webcam,Electronics,4,77.79,311.16,Processing
ORD-0005653,CUST-002693,2023-05-07,Noise-Canceling Headphones,Electronics,3,188.21,564.63,Completed
ORD-0005654,CUST-000108,2022-01-14,Wireless Mouse,Electronics,1,31.08,31.08,Completed
ORD-0005655,CUST-003662,2024-05-05,Laptop Stand,Office,1,43.57,43.57,Shipped
ORD-0005656,CUST-008743,2025-11-03,USB-C Hub,Electronics,3,53.06,159.18,Processing
ORD-0005657,CUST-003917,2024-06-11,Water Bottle,Lifestyle,6,18.75,112.5,Completed
ORD-0005658,CUST-001571,2024-07-09,Ergonomic Chair,Furniture,3,238.81,716.43,Returned
ORD-0005659,CUST-004365,2026-07-05,Noise-Canceling Headphones,Electronics,1,178.11,178.11,Completed
ORD-0005660,CUST-002264,2026-09-07,Water Bottle,Lifestyle,1,18.6,18.6,Processing
ORD-0005661,CUST-000011,2026-08-05,Standing Desk,Furniture,1,428.5,428.5,Completed
ORD-0005662,CUST-008441,2024-10-07,Water Bottle,Lifestyle,5,19.09,95.45,Completed
ORD-0005663,CUST-002960,2025-05-26,Notebook Set,Stationery,3,12.35,37.05,Processing
ORD-0005664,CUST-002126,2025-03-21,Laptop Stand,Office,3,49.03,147.09,Completed
ORD-0005665,CUST-006557,2025-05-08,Notebook Set,Stationery,6,11.66,69.96,Returned
ORD-0005666,CUST-006591,2024-03-19,Laptop Stand,Office,6,43.75,262.5,Completed
ORD-0005667,CUST-004260,2026-05-12,Notebook Set,Stationery,3,13.23,39.69,Cancelled
ORD-0005668,CUST-004415,2025-03-24,Wireless Mouse,Electronics,4,31.57,126.28,Completed
ORD-0005669,CUST-009350,2025-09-03,Noise-Canceling Headphones,Electronics,2,192.91,385.82,Returned
ORD-0005670,CUST-004112,2025-12-07,Noise-Canceling Headphones,Electronics,5,172.48,862.4,Cancelled
ORD-0005671,CUST-004060,2026-06-14,Desk Organizer,Office,3,23.71,71.13,Completed
ORD-0005672,CUST-005161,2026-03-25,Noise-Canceling Headphones,Electronics,2,188.88,377.76,Completed
ORD-0005673,CUST-009223,2024-08-11,Webcam,Electronics,3,70.24,210.72,Processing
ORD-0005674,CUST-003796,2022-05-25,Ergonomic Chair,Furniture,2,260.49,520.98,Processing
ORD-0005675,CUST-008029,2026-05-12,Noise-Canceling Headphones,Electronics,4,187.41,749.64,Completed
ORD-0005676,CUST-004382,2025-02-05,Ergonomic Chair,Furniture,6,258.54,1551.24,Completed
ORD-0005677,CUST-009994,2025-07-29,Ergonomic Chair,Furniture,6,235.62,1413.72,Returned
ORD-0005678,CUST-003741,2026-04-29,USB-C Hub,Electronics,1,47.46,47.46,Completed
ORD-0005679,CUST-003719,2026-08-14,Backpack,Lifestyle,4,58.57,234.28,Completed
ORD-0005680,CUST-008251,2025-12-05,Noise-Canceling Headphones,Electronics,5,168.55,842.75,Completed
ORD-0005681,CUST-009544,2024-01-02,Noise-Canceling Headphones,Electronics,2,193.06,386.12,Completed
ORD-0005682,CUST-006080,2022-01-15,Backpack,Lifestyle,2,54.84,109.68,Processing
ORD-0005683,CUST-005698,2025-07-16,Webcam,Electronics,3,71.44,214.32,Completed
ORD-0005684,CUST-009388,2023-08-19,Webcam,Electronics,4,71.84,287.36,Shipped
ORD-0005685,CUST-004012,2025-11-28,Desk Organizer,Office,3,25.13,75.39,Completed
ORD-0005686,CUST-003839,2026-02-19,Noise-Canceling Headphones,Electronics,1,170.5,170.5,Cancelled
ORD-0005687,CUST-003820,2026-03-09,Desk Organizer,Office,4,25.79,103.16,Completed
ORD-0005688,CUST-005281,2023-08-14,Wireless Mouse,Electronics,1,29.68,29.68,Returned
ORD-0005689,CUST-005122,2024-07-23,Noise-Canceling Headphones,Electronics,2,167.74,335.48,Shipped
ORD-0005690,CUST-005917,2025-12-13,Notebook Set,Stationery,1,13.72,13.72,Completed
ORD-0005691,CUST-004605,2026-09-05,Laptop Stand,Office,4,42.11,168.44,Completed
ORD-0005692,CUST-004828,2025-09-10,Water Bottle,Lifestyle,5,17.82,89.1,Completed
ORD-0005693,CUST-000629,2024-03-30,USB-C Hub,Electronics,1,46.44,46.44,Returned
ORD-0005694,CUST-000188,2023-06-13,Webcam,Electronics,4,76.37,305.48,Completed
ORD-0005695,CUST-005752,2023-12-30,Laptop Stand,Office,1,41.07,41.07,Completed
ORD-0005696,CUST-003003,2026-02-28,Backpack,Lifestyle,4,65.15,260.6,Cancelled
ORD-0005697,CUST-007900,2026-03-10,Wireless Mouse,Electronics,4,27.79,111.16,Processing
ORD-0005698,CUST-004736,2026-09-03,Noise-Canceling Headphones,Electronics,1,162.74,162.74,Processing
ORD-0005699,CUST-003778,2026-01-27,Backpack,Lifestyle,1,55.44,55.44,Shipped
ORD-0005700,CUST-003649,2026-07-03,Ergonomic Chair,Furniture,3,266.68,800.04,Completed
ORD-0005701,CUST-000605,2025-04-18,Webcam,Electronics,3,69.97,209.91,Cancelled
ORD-0005702,CUST-007208,2025-09-07,Backpack,Lifestyle,3,57.94,173.82,Shipped
ORD-0005703,CUST-004777,2022-03-21,Water Bottle,Lifestyle,5,17.11,85.55,Cancelled
ORD-0005704,CUST-000400,2024-01-11,Wireless Mouse,Electronics,3,29.19,87.57,Completed
ORD-0005705,CUST-008546,2026-07-30,Desk Organizer,Office,5,26.85,134.25,Shipped
ORD-0005706,CUST-002297,2022-11-19,Laptop Stand,Office,1,40.89,40.89,Completed
ORD-0005707,CUST-008309,2025-06-15,Backpack,Lifestyle,4,63.28,253.12,Completed
ORD-0005708,CUST-005720,2026-04-28,Mechanical Keyboard,Electronics,5,83.04,415.2,Cancelled
ORD-0005709,CUST-000606,2024-11-17,Noise-Canceling Headphones,Electronics,5,168.52,842.6,Cancelled
ORD-0005710,CUST-007341,2026-04-29,Mechanical Keyboard,Electronics,4,82.72,330.88,Completed
ORD-0005711,CUST-004411,2025-11-10,Mechanical Keyboard,Electronics,1,92.08,92.08,Returned
ORD-0005712,CUST-008071,2024-10-22,Noise-Canceling Headphones,Electronics,2,174.29,348.58,Shipped
ORD-0005713,CUST-000821,2026-08-09,Laptop Stand,Office,5,45.27,226.35,Completed
ORD-0005714,CUST-006064,2025-10-08,Ergonomic Chair,Furniture,1,271.5,271.5,Shipped
ORD-0005715,CUST-003731,2026-08-02,Notebook Set,Stationery,3,13.63,40.89,Completed
ORD-0005716,CUST-007208,2024-10-31,Backpack,Lifestyle,1,64.53,64.53,Processing
ORD-0005717,CUST-007583,2024-06-27,Notebook Set,Stationery,5,12.86,64.3,Shipped
ORD-0005718,CUST-000419,2024-12-17,USB-C Hub,Electronics,1,50.17,50.17,Completed
ORD-0005719,CUST-000796,2025-02-23,Laptop Stand,Office,1,48.54,48.54,Completed
ORD-0005720,CUST-007597,2025-03-14,Standing Desk,Furniture,6,412.83,2476.98,Returned
ORD-0005721,CUST-005959,2026-02-03,USB-C Hub,Electronics,4,51.05,204.2,Completed
ORD-0005722,CUST-000581,2024-11-14,Mechanical Keyboard,Electronics,2,82.86,165.72,Completed
ORD-0005723,CUST-000391,2025-04-12,Webcam,Electronics,4,73.92,295.68,Completed
ORD-0005724,CUST-009956,2026-08-06,Mechanical Keyboard,Electronics,2,82.4,164.8,Completed
ORD-0005725,CUST-003145,2026-06-15,Water Bottle,Lifestyle,3,17.28,51.84,Completed
ORD-0005726,CUST-003042,2024-03-30,Water Bottle,Lifestyle,4,18.78,75.12,Returned
ORD-0005727,CUST-007076,2024-02-12,Wireless Mouse,Electronics,3,32.76,98.28,Cancelled
ORD-0005728,CUST-000924,2026-04-28,Water Bottle,Lifestyle,2,17.55,35.1,Shipped
ORD-0005729,CUST-007038,2023-05-27,Desk Organizer,Office,3,26.59,79.77,Completed
ORD-0005730,CUST-006849,2026-04-15,Noise-Canceling Headphones,Electronics,2,173.81,347.62,Completed
ORD-0005731,CUST-007823,2024-01-16,Wireless Mouse,Electronics,4,27.02,108.08,Completed
ORD-0005732,CUST-000854,2026-03-08,Backpack,Lifestyle,5,59.96,299.8,Completed
ORD-0005733,CUST-007934,2025-07-03,Desk Organizer,Office,4,22.89,91.56,Completed
ORD-0005734,CUST-007953,2026-04-07,Ergonomic Chair,Furniture,1,273.71,273.71,Processing
ORD-0005735,CUST-007774,2025-05-08,Notebook Set,Stationery,1,13.36,13.36,Processing
ORD-0005736,CUST-009732,2025-07-23,Wireless Mouse,Electronics,4,29.23,116.92,Completed
ORD-0005737,CUST-003357,2026-07-12,Water Bottle,Lifestyle,1,19.2,19.2,Completed
ORD-0005738,CUST-001696,2026-07-03,Notebook Set,Stationery,4,12.96,51.84,Completed
ORD-0005739,CUST-009130,2023-07-24,Desk Organizer,Office,1,22.33,22.33,Returned
ORD-0005740,CUST-001217,2024-10-27,Webcam,Electronics,6,81.12,486.72,Completed
ORD-0005741,CUST-006001,2025-11-28,Backpack,Lifestyle,4,60,240,Processing
ORD-0005742,CUST-003412,2024-06-07,Wireless Mouse,Electronics,4,29.56,118.24,Completed
ORD-0005743,CUST-003162,2026-01-01,Laptop Stand,Office,1,43.07,43.07,Returned
ORD-0005744,CUST-004813,2024-12-04,Water Bottle,Lifestyle,2,20.82,41.64,Cancelled
ORD-0005745,CUST-004810,2024-03-19,Laptop Stand,Office,1,43.71,43.71,Processing
ORD-0005746,CUST-007158,2021-01-12,Mechanical Keyboard,Electronics,1,83.32,83.32,Completed
ORD-0005747,CUST-005350,2026-07-05,Standing Desk,Furniture,6,375.18,2251.08,Returned
ORD-0005748,CUST-006158,2023-01-08,Mechanical Keyboard,Electronics,1,80.82,80.82,Processing
ORD-0005749,CUST-009177,2025-05-23,Notebook Set,Stationery,5,12.51,62.55,Completed
ORD-0005750,CUST-002572,2023-01-12,Ergonomic Chair,Furniture,6,253.32,1519.92,Returned
ORD-0005751,CUST-003640,2022-01-07,Water Bottle,Lifestyle,5,18.11,90.55,Returned
ORD-0005752,CUST-005446,2026-08-26,Laptop Stand,Office,1,43.14,43.14,Processing
ORD-0005753,CUST-006264,2026-08-27,USB-C Hub,Electronics,6,53.21,319.26,Processing
ORD-0005754,CUST-009850,2023-10-07,Ergonomic Chair,Furniture,1,246.96,246.96,Returned
ORD-0005755,CUST-009837,2026-07-27,Ergonomic Chair,Furniture,5,239.01,1195.05,Completed
ORD-0005756,CUST-003965,2026-03-12,Backpack,Lifestyle,6,65.42,392.52,Processing
ORD-0005757,CUST-001456,2025-06-10,Standing Desk,Furniture,5,363.42,1817.1,Shipped
ORD-0005758,CUST-002854,2026-08-19,Noise-Canceling Headphones,Electronics,4,196.12,784.48,Completed
ORD-0005759,CUST-004111,2026-05-20,Water Bottle,Lifestyle,1,18.42,18.42,Cancelled
ORD-0005760,CUST-008770,2025-07-16,Ergonomic Chair,Furniture,1,244.84,244.84,Completed
ORD-0005761,CUST-001930,2026-08-29,Water Bottle,Lifestyle,1,17.5,17.5,Completed
ORD-0005762,CUST-000341,2024-11-17,Mechanical Keyboard,Electronics,4,80.81,323.24,Completed
ORD-0005763,CUST-002637,2026-04-24,Webcam,Electronics,3,80.78,242.34,Processing
ORD-0005764,CUST-005473,2026-02-24,Desk Organizer,Office,1,26.91,26.91,Returned
ORD-0005765,CUST-003361,2025-11-05,Laptop Stand,Office,3,42.72,128.16,Returned
ORD-0005766,CUST-005321,2026-01-16,Webcam,Electronics,2,74.83,149.66,Shipped
ORD-0005767,CUST-008354,2025-01-04,Mechanical Keyboard,Electronics,1,92.78,92.78,Cancelled
ORD-0005768,CUST-009162,2026-03-20,Notebook Set,Stationery,5,11.74,58.7,Shipped
ORD-0005769,CUST-009739,2026-08-17,Ergonomic Chair,Furniture,3,246.15,738.45,Completed
ORD-0005770,CUST-002532,2025-10-04,Notebook Set,Stationery,3,12.43,37.29,Completed
ORD-0005771,CUST-004856,2026-07-30,Noise-Canceling Headphones,Electronics,1,196.92,196.92,Returned
ORD-0005772,CUST-003443,2026-06-06,Wireless Mouse,Electronics,1,31.23,31.23,Processing
ORD-0005773,CUST-006325,2026-03-26,Laptop Stand,Office,2,46.64,93.28,Returned
ORD-0005774,CUST-004052,2022-03-13,Ergonomic Chair,Furniture,4,271.82,1087.28,Returned
ORD-0005775,CUST-003400,2025-06-30,Water Bottle,Lifestyle,1,18.29,18.29,Completed
ORD-0005776,CUST-007609,2025-07-28,Standing Desk,Furniture,4,418.92,1675.68,Returned
ORD-0005777,CUST-005720,2026-02-11,Backpack,Lifestyle,5,60.98,304.9,Cancelled
ORD-0005778,CUST-003027,2026-04-18,Webcam,Electronics,5,67.61,338.05,Returned
ORD-0005779,CUST-003044,2025-04-10,Webcam,Electronics,5,77.69,388.45,Completed
ORD-0005780,CUST-001932,2026-09-01,Water Bottle,Lifestyle,5,18.75,93.75,Completed
ORD-0005781,CUST-007066,2025-12-11,Backpack,Lifestyle,3,58.4,175.2,Cancelled
ORD-0005782,CUST-005523,2022-02-06,Water Bottle,Lifestyle,2,17.65,35.3,Completed
ORD-0005783,CUST-003907,2025-11-11,Standing Desk,Furniture,2,409.78,819.56,Shipped
ORD-0005784,CUST-001084,2026-02-04,Standing Desk,Furniture,4,381.72,1526.88,Cancelled
ORD-0005785,CUST-008371,2026-07-31,Mechanical Keyboard,Electronics,3,96.88,290.64,Processing
ORD-0005786,CUST-000511,2024-11-07,Backpack,Lifestyle,2,59.88,119.76,Cancelled
ORD-0005787,CUST-003561,2023-11-22,Webcam,Electronics,4,78,312,Processing
ORD-0005788,CUST-005675,2026-06-20,Mechanical Keyboard,Electronics,5,98.3,491.5,Processing
ORD-0005789,CUST-001956,2022-12-17,USB-C Hub,Electronics,5,46.53,232.65,Returned
ORD-0005790,CUST-007973,2025-08-17,Ergonomic Chair,Furniture,3,248.53,745.59,Shipped
ORD-0005791,CUST-006535,2025-08-20,Backpack,Lifestyle,5,63.2,316,Completed
ORD-0005792,CUST-001923,2026-08-09,USB-C Hub,Electronics,4,45.39,181.56,Shipped
ORD-0005793,CUST-003035,2025-02-12,Water Bottle,Lifestyle,1,19.3,19.3,Processing
ORD-0005794,CUST-005126,2020-11-01,Mechanical Keyboard,Electronics,2,81.53,163.06,Returned
ORD-0005795,CUST-006959,2025-02-12,Notebook Set,Stationery,2,11.48,22.96,Shipped
ORD-0005796,CUST-009450,2023-01-13,Notebook Set,Stationery,4,13.12,52.48,Returned
ORD-0005797,CUST-001405,2025-05-14,Mechanical Keyboard,Electronics,5,85.57,427.85,Completed
ORD-0005798,CUST-000785,2025-05-29,Notebook Set,Stationery,2,13.21,26.42,Returned
ORD-0005799,CUST-004321,2025-11-29,Webcam,Electronics,2,69.95,139.9,Completed
ORD-0005800,CUST-007197,2026-09-05,Water Bottle,Lifestyle,1,17.65,17.65,Cancelled
ORD-0005801,CUST-006278,2024-11-26,Webcam,Electronics,1,71.89,71.89,Processing
ORD-0005802,CUST-007841,2026-03-07,Wireless Mouse,Electronics,2,31.24,62.48,Returned
ORD-0005803,CUST-002355,2024-01-30,USB-C Hub,Electronics,2,47.56,95.12,Returned
ORD-0005804,CUST-007465,2026-07-22,Notebook Set,Stationery,2,11.63,23.26,Cancelled
ORD-0005805,CUST-004227,2023-02-05,Standing Desk,Furniture,4,378.44,1513.76,Completed
ORD-0005806,CUST-003862,2026-05-01,Mechanical Keyboard,Electronics,6,92.28,553.68,Processing
ORD-0005807,CUST-001053,2024-09-24,Wireless Mouse,Electronics,1,32.5,32.5,Cancelled
ORD-0005808,CUST-008089,2025-12-30,Notebook Set,Stationery,4,12.86,51.44,Completed
ORD-0005809,CUST-000260,2026-07-03,Noise-Canceling Headphones,Electronics,6,192.64,1155.84,Returned
ORD-0005810,CUST-009831,2025-06-22,Webcam,Electronics,6,70.92,425.52,Cancelled
ORD-0005811,CUST-001803,2025-05-22,Standing Desk,Furniture,3,367.03,1101.09,Cancelled
ORD-0005812,CUST-002723,2025-12-08,Webcam,Electronics,5,70.14,350.7,Completed
ORD-0005813,CUST-002021,2022-02-03,Standing Desk,Furniture,3,437.29,1311.87,Returned
ORD-0005814,CUST-006996,2026-05-28,Desk Organizer,Office,2,24.77,49.54,Cancelled
ORD-0005815,CUST-005649,2026-02-02,Laptop Stand,Office,4,40.58,162.32,Processing
ORD-0005816,CUST-009267,2026-06-29,Standing Desk,Furniture,6,426.05,2556.3,Processing
ORD-0005817,CUST-007112,2024-09-09,Laptop Stand,Office,4,40.46,161.84,Completed
ORD-0005818,CUST-001852,2026-01-25,Water Bottle,Lifestyle,5,18.08,90.4,Cancelled
ORD-0005819,CUST-004675,2025-07-28,Webcam,Electronics,1,71.45,71.45,Shipped
ORD-0005820,CUST-006402,2026-08-27,Backpack,Lifestyle,6,58.92,353.52,Completed
ORD-0005821,CUST-003545,2022-04-28,Noise-Canceling Headphones,Electronics,4,193.73,774.92,Returned
ORD-0005822,CUST-009248,2023-10-03,Backpack,Lifestyle,2,61.18,122.36,Returned
ORD-0005823,CUST-006524,2025-04-16,Noise-Canceling Headphones,Electronics,2,168.12,336.24,Shipped
ORD-0005824,CUST-008263,2025-07-23,Notebook Set,Stationery,5,13.49,67.45,Completed
ORD-0005825,CUST-003312,2026-01-23,Ergonomic Chair,Furniture,1,249.33,249.33,Shipped
ORD-0005826,CUST-003615,2026-03-07,Laptop Stand,Office,3,46.52,139.56,Shipped
ORD-0005827,CUST-002029,2026-08-16,Mechanical Keyboard,Electronics,1,87.22,87.22,Completed
ORD-0005828,CUST-007229,2026-03-06,Wireless Mouse,Electronics,1,28.03,28.03,Processing
ORD-0005829,CUST-009088,2025-10-09,Notebook Set,Stationery,4,12.29,49.16,Returned
ORD-0005830,CUST-008322,2023-02-05,Water Bottle,Lifestyle,5,18.04,90.2,Returned
ORD-0005831,CUST-005976,2021-12-15,Noise-Canceling Headphones,Electronics,5,162.28,811.4,Completed
ORD-0005832,CUST-004842,2025-06-16,Backpack,Lifestyle,2,57.5,115,Shipped
ORD-0005833,CUST-004056,2025-12-12,Desk Organizer,Office,1,23.36,23.36,Completed
ORD-0005834,CUST-003160,2025-10-09,USB-C Hub,Electronics,1,45.32,45.32,Cancelled
ORD-0005835,CUST-000990,2025-10-16,Webcam,Electronics,4,70.34,281.36,Completed
ORD-0005836,CUST-000853,2026-06-10,Water Bottle,Lifestyle,4,17.21,68.84,Returned
ORD-0005837,CUST-004851,2024-06-11,Water Bottle,Lifestyle,6,17.39,104.34,Completed
ORD-0005838,CUST-009940,2022-08-27,Wireless Mouse,Electronics,4,31.28,125.12,Completed
ORD-0005839,CUST-004549,2020-05-13,Ergonomic Chair,Furniture,1,251.64,251.64,Completed
ORD-0005840,CUST-000384,2026-07-13,Ergonomic Chair,Furniture,5,249.49,1247.45,Cancelled
ORD-0005841,CUST-007639,2021-01-28,Webcam,Electronics,3,78.8,236.4,Cancelled
ORD-0005842,CUST-006232,2023-11-30,Standing Desk,Furniture,2,413.11,826.22,Completed
ORD-0005843,CUST-009119,2025-09-19,Mechanical Keyboard,Electronics,2,82.51,165.02,Returned
ORD-0005844,CUST-009225,2024-11-15,Water Bottle,Lifestyle,6,19.86,119.16,Completed
ORD-0005845,CUST-007314,2025-06-05,Mechanical Keyboard,Electronics,2,95.08,190.16,Completed
ORD-0005846,CUST-007215,2025-12-26,Standing Desk,Furniture,2,384.47,768.94,Returned
ORD-0005847,CUST-005418,2024-04-20,Wireless Mouse,Electronics,6,31.01,186.06,Completed
ORD-0005848,CUST-007251,2021-09-23,Notebook Set,Stationery,3,12.56,37.68,Returned
ORD-0005849,CUST-009823,2023-11-28,Webcam,Electronics,3,78.27,234.81,Completed
ORD-0005850,CUST-005659,2026-08-09,Laptop Stand,Office,4,47.74,190.96,Cancelled
ORD-0005851,CUST-008797,2023-12-22,USB-C Hub,Electronics,2,50.4,100.8,Returned
ORD-0005852,CUST-009967,2026-05-14,Backpack,Lifestyle,6,65.36,392.16,Completed
ORD-0005853,CUST-007617,2021-08-04,Wireless Mouse,Electronics,3,29.71,89.13,Processing
ORD-0005854,CUST-000029,2026-07-11,Webcam,Electronics,5,69.85,349.25,Completed
ORD-0005855,CUST-008758,2023-01-28,Desk Organizer,Office,6,24.53,147.18,Completed
ORD-0005856,CUST-008171,2025-07-27,Backpack,Lifestyle,5,55.51,277.55,Cancelled
ORD-0005857,CUST-008220,2023-12-23,Notebook Set,Stationery,5,12.2,61,Cancelled
ORD-0005858,CUST-000720,2026-07-05,Noise-Canceling Headphones,Electronics,1,174.59,174.59,Shipped
ORD-0005859,CUST-001588,2026-06-09,Water Bottle,Lifestyle,2,19.18,38.36,Completed
ORD-0005860,CUST-005752,2026-04-07,Noise-Canceling Headphones,Electronics,3,180.35,541.05,Processing
ORD-0005861,CUST-005933,2021-09-24,USB-C Hub,Electronics,3,50.74,152.22,Returned
ORD-0005862,CUST-004406,2024-01-17,Standing Desk,Furniture,6,390.68,2344.08,Shipped
ORD-0005863,CUST-006122,2022-03-27,Wireless Mouse,Electronics,5,32.5,162.5,Completed
ORD-0005864,CUST-005604,2025-08-20,Standing Desk,Furniture,6,418.6,2511.6,Completed
ORD-0005865,CUST-006658,2024-02-26,Notebook Set,Stationery,6,12.48,74.88,Processing
ORD-0005866,CUST-006526,2026-07-23,Ergonomic Chair,Furniture,2,244.47,488.94,Completed
ORD-0005867,CUST-002626,2022-08-24,Desk Organizer,Office,2,26.77,53.54,Completed
ORD-0005868,CUST-003674,2022-10-18,Wireless Mouse,Electronics,5,32.15,160.75,Processing
ORD-0005869,CUST-005845,2026-04-15,Wireless Mouse,Electronics,3,28.93,86.79,Completed
ORD-0005870,CUST-001887,2022-03-13,Ergonomic Chair,Furniture,2,252.94,505.88,Completed
ORD-0005871,CUST-004815,2026-07-28,Desk Organizer,Office,2,26.56,53.12,Cancelled
ORD-0005872,CUST-001125,2025-07-29,Notebook Set,Stationery,6,11.59,69.54,Processing
ORD-0005873,CUST-009565,2026-07-25,Wireless Mouse,Electronics,1,30.43,30.43,Completed
ORD-0005874,CUST-003394,2022-08-03,Desk Organizer,Office,6,23.64,141.84,Shipped
ORD-0005875,CUST-004982,2026-05-27,Ergonomic Chair,Furniture,3,268.31,804.93,Processing
ORD-0005876,CUST-004630,2026-02-18,Noise-Canceling Headphones,Electronics,3,178.4,535.2,Cancelled
ORD-0005877,CUST-008715,2026-08-31,Desk Organizer,Office,2,26.16,52.32,Shipped
ORD-0005878,CUST-008906,2021-10-27,Mechanical Keyboard,Electronics,1,84.02,84.02,Completed
ORD-0005879,CUST-002267,2025-11-26,Standing Desk,Furniture,3,368.6,1105.8,Returned
ORD-0005880,CUST-004792,2026-03-24,Water Bottle,Lifestyle,1,19.94,19.94,Completed
ORD-0005881,CUST-006337,2026-08-03,Noise-Canceling Headphones,Electronics,5,166.19,830.95,Cancelled
ORD-0005882,CUST-006219,2024-09-22,Ergonomic Chair,Furniture,2,253.52,507.04,Shipped
ORD-0005883,CUST-004040,2026-03-04,Wireless Mouse,Electronics,4,30.8,123.2,Completed
ORD-0005884,CUST-002687,2021-06-16,Backpack,Lifestyle,2,59.29,118.58,Completed
ORD-0005885,CUST-008069,2026-06-16,Noise-Canceling Headphones,Electronics,6,187.68,1126.08,Completed
ORD-0005886,CUST-006166,2026-06-19,Wireless Mouse,Electronics,2,28.76,57.52,Completed
ORD-0005887,CUST-000413,2024-12-06,Noise-Canceling Headphones,Electronics,2,167.19,334.38,Processing
ORD-0005888,CUST-004528,2026-03-20,Backpack,Lifestyle,1,56.84,56.84,Returned
ORD-0005889,CUST-005717,2023-06-15,Water Bottle,Lifestyle,2,19.27,38.54,Shipped
ORD-0005890,CUST-003853,2026-05-06,Water Bottle,Lifestyle,6,20.15,120.9,Completed
ORD-0005891,CUST-001876,2024-03-05,Desk Organizer,Office,1,23.37,23.37,Completed
ORD-0005892,CUST-004462,2026-06-12,USB-C Hub,Electronics,1,52.24,52.24,Processing
ORD-0005893,CUST-003960,2025-09-23,Wireless Mouse,Electronics,6,32.51,195.06,Returned
ORD-0005894,CUST-008010,2026-03-05,Standing Desk,Furniture,5,399.17,1995.85,Completed
ORD-0005895,CUST-000063,2026-08-09,Ergonomic Chair,Furniture,6,228.87,1373.22,Completed
ORD-0005896,CUST-005488,2026-04-18,Backpack,Lifestyle,1,62.16,62.16,Completed
ORD-0005897,CUST-000168,2026-08-31,Water Bottle,Lifestyle,1,17.84,17.84,Completed
ORD-0005898,CUST-008477,2023-01-03,Wireless Mouse,Electronics,2,30.6,61.2,Cancelled
ORD-0005899,CUST-001630,2023-06-26,Ergonomic Chair,Furniture,1,225.7,225.7,Completed
ORD-0005900,CUST-008497,2025-12-17,Wireless Mouse,Electronics,4,27.22,108.88,Returned
ORD-0005901,CUST-007354,2025-08-30,Notebook Set,Stationery,1,12.37,12.37,Cancelled
ORD-0005902,CUST-001801,2025-04-28,Noise-Canceling Headphones,Electronics,5,195.97,979.85,Cancelled
ORD-0005903,CUST-005278,2023-07-27,Backpack,Lifestyle,3,65.15,195.45,Cancelled
ORD-0005904,CUST-009443,2025-04-15,Wireless Mouse,Electronics,1,31.8,31.8,Shipped
ORD-0005905,CUST-000249,2024-08-14,Standing Desk,Furniture,3,389.29,1167.87,Completed
ORD-0005906,CUST-004977,2024-10-12,Desk Organizer,Office,4,24.91,99.64,Completed
ORD-0005907,CUST-001881,2023-07-09,Laptop Stand,Office,5,47.58,237.9,Completed
ORD-0005908,CUST-004632,2023-05-03,Laptop Stand,Office,3,42.49,127.47,Completed
ORD-0005909,CUST-004498,2026-04-10,Wireless Mouse,Electronics,2,28.48,56.96,Shipped
ORD-0005910,CUST-007293,2022-05-21,Desk Organizer,Office,1,22.98,22.98,Cancelled
ORD-0005911,CUST-007749,2022-03-14,Notebook Set,Stationery,6,11.79,70.74,Shipped
ORD-0005912,CUST-004146,2023-11-20,Laptop Stand,Office,1,47.43,47.43,Completed
ORD-0005913,CUST-008989,2025-01-15,Backpack,Lifestyle,6,54.49,326.94,Returned
ORD-0005914,CUST-000320,2026-03-31,Noise-Canceling Headphones,Electronics,1,171.6,171.6,Completed
ORD-0005915,CUST-001021,2023-07-25,Webcam,Electronics,6,73.68,442.08,Cancelled
ORD-0005916,CUST-003380,2024-06-20,Webcam,Electronics,5,67.13,335.65,Completed
ORD-0005917,CUST-001297,2024-09-11,Wireless Mouse,Electronics,6,30.95,185.7,Completed
ORD-0005918,CUST-006008,2025-01-01,Laptop Stand,Office,5,42.12,210.6,Shipped
ORD-0005919,CUST-001167,2024-03-30,Laptop Stand,Office,4,46.42,185.68,Completed
ORD-0005920,CUST-002714,2023-05-01,Notebook Set,Stationery,2,12.49,24.98,Processing
ORD-0005921,CUST-006264,2025-07-06,Notebook Set,Stationery,1,12.18,12.18,Cancelled
ORD-0005922,CUST-002927,2024-03-25,Webcam,Electronics,3,66.87,200.61,Shipped
ORD-0005923,CUST-001634,2026-03-23,Webcam,Electronics,2,74.19,148.38,Completed
ORD-0005924,CUST-005304,2021-02-22,Mechanical Keyboard,Electronics,2,90.67,181.34,Returned
ORD-0005925,CUST-007691,2024-01-04,Wireless Mouse,Electronics,5,32.13,160.65,Completed
ORD-0005926,CUST-000611,2022-09-08,Laptop Stand,Office,5,42.25,211.25,Completed
ORD-0005927,CUST-005600,2025-11-24,Noise-Canceling Headphones,Electronics,1,195.51,195.51,Completed
ORD-0005928,CUST-003000,2025-03-08,Webcam,Electronics,5,79.18,395.9,Cancelled
ORD-0005929,CUST-003170,2026-09-05,Desk Organizer,Office,5,24.03,120.15,Returned
ORD-0005930,CUST-002049,2022-05-12,Mechanical Keyboard,Electronics,5,98.26,491.3,Completed
ORD-0005931,CUST-004867,2022-09-15,USB-C Hub,Electronics,4,46.59,186.36,Completed
ORD-0005932,CUST-000391,2020-05-13,USB-C Hub,Electronics,5,47.13,235.65,Processing
ORD-0005933,CUST-002026,2024-03-16,Mechanical Keyboard,Electronics,5,94.5,472.5,Completed
ORD-0005934,CUST-004284,2025-05-20,Noise-Canceling Headphones,Electronics,1,189.12,189.12,Completed
ORD-0005935,CUST-001868,2026-07-24,Mechanical Keyboard,Electronics,2,96.95,193.9,Completed
ORD-0005936,CUST-006968,2026-02-23,USB-C Hub,Electronics,5,50.69,253.45,Processing
ORD-0005937,CUST-006398,2026-04-23,Water Bottle,Lifestyle,4,20.01,80.04,Processing
ORD-0005938,CUST-007144,2026-08-08,Laptop Stand,Office,4,40.95,163.8,Cancelled
ORD-0005939,CUST-004806,2024-10-11,Wireless Mouse,Electronics,6,29.59,177.54,Completed
ORD-0005940,CUST-007425,2023-05-23,Laptop Stand,Office,4,41.31,165.24,Completed
ORD-0005941,CUST-005433,2023-11-18,USB-C Hub,Electronics,2,48.77,97.54,Completed
ORD-0005942,CUST-000101,2024-02-12,Webcam,Electronics,6,74.88,449.28,Cancelled
ORD-0005943,CUST-005917,2025-09-19,Backpack,Lifestyle,2,61.88,123.76,Completed
ORD-0005944,CUST-000068,2026-02-26,Backpack,Lifestyle,5,62.03,310.15,Shipped
ORD-0005945,CUST-002612,2026-09-03,Mechanical Keyboard,Electronics,4,80.88,323.52,Returned
ORD-0005946,CUST-007248,2025-06-04,Water Bottle,Lifestyle,3,19.94,59.82,Completed
ORD-0005947,CUST-002854,2026-08-31,Notebook Set,Stationery,1,12.98,12.98,Returned
ORD-0005948,CUST-003365,2024-04-19,Wireless Mouse,Electronics,6,27.11,162.66,Shipped
ORD-0005949,CUST-006199,2022-05-04,USB-C Hub,Electronics,3,49.41,148.23,Completed
ORD-0005950,CUST-000406,2025-02-01,Mechanical Keyboard,Electronics,3,88.82,266.46,Cancelled
ORD-0005951,CUST-003199,2026-07-11,Webcam,Electronics,2,79.78,159.56,Completed
ORD-0005952,CUST-000611,2023-05-09,Wireless Mouse,Electronics,2,27.32,54.64,Completed
ORD-0005953,CUST-002818,2026-06-09,USB-C Hub,Electronics,5,49.51,247.55,Completed
ORD-0005954,CUST-000353,2026-07-15,Mechanical Keyboard,Electronics,6,84.37,506.22,Completed
ORD-0005955,CUST-002100,2023-05-28,USB-C Hub,Electronics,6,49.14,294.84,Cancelled
ORD-0005956,CUST-002721,2025-03-15,Water Bottle,Lifestyle,4,18.58,74.32,Processing
ORD-0005957,CUST-004148,2026-07-10,Wireless Mouse,Electronics,1,30.28,30.28,Cancelled
ORD-0005958,CUST-006182,2023-10-09,Wireless Mouse,Electronics,5,29.22,146.1,Processing
ORD-0005959,CUST-003037,2025-06-29,Mechanical Keyboard,Electronics,6,81.69,490.14,Processing
ORD-0005960,CUST-009146,2022-08-05,Notebook Set,Stationery,5,13.92,69.6,Completed
ORD-0005961,CUST-006747,2023-08-20,Noise-Canceling Headphones,Electronics,4,197.09,788.36,Processing
ORD-0005962,CUST-002780,2024-05-31,Desk Organizer,Office,5,22.6,113,Completed
ORD-0005963,CUST-001700,2023-12-14,Laptop Stand,Office,6,46.53,279.18,Processing
ORD-0005964,CUST-006922,2024-10-02,Standing Desk,Furniture,6,411.87,2471.22,Shipped
ORD-0005965,CUST-005007,2026-09-04,Standing Desk,Furniture,3,398.05,1194.15,Completed
ORD-0005966,CUST-006433,2022-02-20,Standing Desk,Furniture,4,375.22,1500.88,Completed
ORD-0005967,CUST-003010,2026-08-04,Standing Desk,Furniture,5,374.87,1874.35,Completed
ORD-0005968,CUST-007832,2022-08-01,Water Bottle,Lifestyle,2,20.15,40.3,Completed
ORD-0005969,CUST-007223,2024-06-11,Backpack,Lifestyle,3,59.83,179.49,Cancelled
ORD-0005970,CUST-008557,2025-09-05,Laptop Stand,Office,5,45.77,228.85,Returned
ORD-0005971,CUST-001249,2025-07-06,Mechanical Keyboard,Electronics,2,92.51,185.02,Cancelled
ORD-0005972,CUST-003701,2025-07-31,Standing Desk,Furniture,6,388.04,2328.24,Processing
ORD-0005973,CUST-004791,2025-09-01,Wireless Mouse,Electronics,3,28.25,84.75,Cancelled
ORD-0005974,CUST-007554,2026-05-02,Desk Organizer,Office,2,26.04,52.08,Completed
ORD-0005975,CUST-003324,2025-06-16,Mechanical Keyboard,Electronics,3,82.54,247.62,Shipped
ORD-0005976,CUST-009814,2025-07-28,Webcam,Electronics,5,66.87,334.35,Completed
ORD-0005977,CUST-004540,2026-06-19,Mechanical Keyboard,Electronics,2,89.99,179.98,Completed
ORD-0005978,CUST-008791,2025-12-17,Wireless Mouse,Electronics,1,28.24,28.24,Completed
ORD-0005979,CUST-005155,2024-01-18,Mechanical Keyboard,Electronics,1,92.1,92.1,Completed
ORD-0005980,CUST-006461,2022-06-09,Wireless Mouse,Electronics,5,27.3,136.5,Shipped
ORD-0005981,CUST-004171,2020-12-31,Webcam,Electronics,5,79.31,396.55,Completed
ORD-0005982,CUST-002707,2026-05-30,Webcam,Electronics,5,80.56,402.8,Completed
ORD-0005983,CUST-001185,2026-08-22,Desk Organizer,Office,3,26.47,79.41,Returned
ORD-0005984,CUST-008600,2022-08-15,Laptop Stand,Office,2,40.59,81.18,Completed
ORD-0005985,CUST-000840,2025-03-05,Laptop Stand,Office,6,47.67,286.02,Shipped
ORD-0005986,CUST-001044,2026-05-18,Ergonomic Chair,Furniture,6,267.2,1603.2,Completed
ORD-0005987,CUST-007017,2026-03-30,Standing Desk,Furniture,2,419.63,839.26,Completed
ORD-0005988,CUST-003655,2026-05-08,Wireless Mouse,Electronics,3,28.43,85.29,Completed
ORD-0005989,CUST-002851,2023-03-07,Backpack,Lifestyle,3,57.21,171.63,Completed
ORD-0005990,CUST-001198,2025-06-20,Wireless Mouse,Electronics,5,27.87,139.35,Completed
ORD-0005991,CUST-005176,2022-11-08,Backpack,Lifestyle,6,58.11,348.66,Cancelled
ORD-0005992,CUST-007432,2026-05-24,Ergonomic Chair,Furniture,4,231.05,924.2,Completed
ORD-0005993,CUST-004484,2022-12-10,Water Bottle,Lifestyle,4,17.59,70.36,Returned
ORD-0005994,CUST-008707,2026-03-14,Water Bottle,Lifestyle,4,19.96,79.84,Cancelled
ORD-0005995,CUST-003997,2024-07-23,Laptop Stand,Office,3,45.78,137.34,Completed
ORD-0005996,CUST-008161,2021-11-02,USB-C Hub,Electronics,3,47.41,142.23,Cancelled
ORD-0005997,CUST-003944,2023-12-07,Laptop Stand,Office,5,45.85,229.25,Completed
ORD-0005998,CUST-007850,2025-06-23,Mechanical Keyboard,Electronics,4,93.68,374.72,Completed
ORD-0005999,CUST-009634,2025-04-06,Noise-Canceling Headphones,Electronics,3,180.75,542.25,Cancelled
ORD-0006000,CUST-008665,2023-11-21,Ergonomic Chair,Furniture,3,253.96,761.88,Shipped
ORD-0006001,CUST-004431,2024-01-21,Ergonomic Chair,Furniture,6,258.12,1548.72,Shipped
ORD-0006002,CUST-000379,2023-12-03,Backpack,Lifestyle,5,57.01,285.05,Completed
ORD-0006003,CUST-001199,2026-08-26,Webcam,Electronics,5,75.55,377.75,Completed
ORD-0006004,CUST-006654,2024-01-31,USB-C Hub,Electronics,1,49.83,49.83,Processing
ORD-0006005,CUST-008345,2026-01-19,USB-C Hub,Electronics,2,47.88,95.76,Completed
ORD-0006006,CUST-002377,2024-07-17,Wireless Mouse,Electronics,4,31.23,124.92,Completed
ORD-0006007,CUST-009022,2026-08-28,Backpack,Lifestyle,1,63.94,63.94,Returned
ORD-0006008,CUST-003141,2023-12-30,Ergonomic Chair,Furniture,5,244.25,1221.25,Cancelled
ORD-0006009,CUST-004607,2026-08-13,Mechanical Keyboard,Electronics,1,88.58,88.58,Processing
ORD-0006010,CUST-009236,2025-12-04,Water Bottle,Lifestyle,3,17.27,51.81,Processing
ORD-0006011,CUST-006039,2026-08-30,Water Bottle,Lifestyle,3,19.22,57.66,Processing
ORD-0006012,CUST-008985,2024-03-01,Water Bottle,Lifestyle,6,20.87,125.22,Completed
ORD-0006013,CUST-009109,2021-04-22,Backpack,Lifestyle,3,57.83,173.49,Cancelled
ORD-0006014,CUST-008763,2024-07-02,Backpack,Lifestyle,2,61.87,123.74,Completed
ORD-0006015,CUST-002303,2026-03-30,Standing Desk,Furniture,2,361.13,722.26,Completed
ORD-0006016,CUST-009561,2025-05-02,Backpack,Lifestyle,5,57.16,285.8,Cancelled
ORD-0006017,CUST-008287,2024-11-15,Notebook Set,Stationery,5,13.22,66.1,Returned
ORD-0006018,CUST-002411,2023-12-03,USB-C Hub,Electronics,4,50.97,203.88,Shipped
ORD-0006019,CUST-002623,2025-10-19,Ergonomic Chair,Furniture,5,272.77,1363.85,Completed
ORD-0006020,CUST-007551,2025-10-19,Wireless Mouse,Electronics,4,28.72,114.88,Completed
ORD-0006021,CUST-005823,2022-07-31,Webcam,Electronics,2,76.9,153.8,Shipped
ORD-0006022,CUST-004634,2026-08-27,Desk Organizer,Office,5,26.51,132.55,Completed
ORD-0006023,CUST-007321,2023-07-24,Noise-Canceling Headphones,Electronics,3,163.04,489.12,Cancelled
ORD-0006024,CUST-003863,2024-05-15,Webcam,Electronics,3,77.29,231.87,Completed
ORD-0006025,CUST-002465,2025-11-06,Standing Desk,Furniture,6,386.3,2317.8,Completed
ORD-0006026,CUST-000367,2022-11-19,Webcam,Electronics,4,80.79,323.16,Completed
ORD-0006027,CUST-006122,2024-04-22,Noise-Canceling Headphones,Electronics,5,181.81,909.05,Completed
ORD-0006028,CUST-006675,2024-08-08,Ergonomic Chair,Furniture,6,265.33,1591.98,Cancelled
ORD-0006029,CUST-008982,2025-11-29,Mechanical Keyboard,Electronics,2,89.3,178.6,Cancelled
ORD-0006030,CUST-000633,2026-01-07,Mechanical Keyboard,Electronics,1,81.32,81.32,Completed
ORD-0006031,CUST-005167,2026-08-03,Noise-Canceling Headphones,Electronics,5,192.19,960.95,Shipped
ORD-0006032,CUST-008599,2023-12-14,Webcam,Electronics,2,76.97,153.94,Cancelled
ORD-0006033,CUST-002232,2026-04-15,Notebook Set,Stationery,3,12.79,38.37,Returned
ORD-0006034,CUST-006271,2024-07-10,Standing Desk,Furniture,4,399.47,1597.88,Returned
ORD-0006035,CUST-007146,2026-06-22,Notebook Set,Stationery,3,13.01,39.03,Cancelled
ORD-0006036,CUST-001978,2026-03-18,Backpack,Lifestyle,6,60.27,361.62,Returned
ORD-0006037,CUST-004365,2026-01-27,Ergonomic Chair,Furniture,4,233.55,934.2,Shipped
ORD-0006038,CUST-009794,2026-08-17,Mechanical Keyboard,Electronics,5,84.97,424.85,Returned
ORD-0006039,CUST-004563,2023-01-10,Standing Desk,Furniture,4,418.99,1675.96,Returned
ORD-0006040,CUST-002304,2025-07-15,Laptop Stand,Office,1,47.92,47.92,Shipped
ORD-0006041,CUST-005147,2025-02-09,Laptop Stand,Office,3,48.32,144.96,Completed
ORD-0006042,CUST-005370,2026-06-09,Backpack,Lifestyle,2,64.7,129.4,Completed
ORD-0006043,CUST-006121,2026-07-18,Mechanical Keyboard,Electronics,6,89.69,538.14,Shipped
ORD-0006044,CUST-009756,2026-05-21,Noise-Canceling Headphones,Electronics,4,196.83,787.32,Completed
ORD-0006045,CUST-007409,2024-01-15,Ergonomic Chair,Furniture,2,226.23,452.46,Completed
ORD-0006046,CUST-006923,2026-06-28,Notebook Set,Stationery,6,11.6,69.6,Cancelled
ORD-0006047,CUST-006232,2023-04-18,Webcam,Electronics,5,79,395,Completed
ORD-0006048,CUST-008875,2020-04-15,Laptop Stand,Office,3,42.19,126.57,Completed
ORD-0006049,CUST-005619,2026-03-27,Water Bottle,Lifestyle,5,17.47,87.35,Shipped
ORD-0006050,CUST-004368,2023-11-10,Noise-Canceling Headphones,Electronics,1,187.01,187.01,Processing
ORD-0006051,CUST-007659,2026-02-20,Ergonomic Chair,Furniture,2,231.8,463.6,Returned
ORD-0006052,CUST-006351,2026-03-04,Desk Organizer,Office,5,26.77,133.85,Cancelled
ORD-0006053,CUST-007584,2024-08-22,USB-C Hub,Electronics,4,49.24,196.96,Shipped
ORD-0006054,CUST-007964,2023-12-31,Wireless Mouse,Electronics,3,28.73,86.19,Cancelled
ORD-0006055,CUST-007273,2026-08-21,Standing Desk,Furniture,3,390.31,1170.93,Shipped
ORD-0006056,CUST-006946,2024-10-02,Desk Organizer,Office,2,23.49,46.98,Completed
ORD-0006057,CUST-009274,2026-08-11,Water Bottle,Lifestyle,6,18.31,109.86,Completed
ORD-0006058,CUST-000797,2025-02-03,Standing Desk,Furniture,5,359.93,1799.65,Shipped
ORD-0006059,CUST-004940,2024-11-16,Mechanical Keyboard,Electronics,3,86.74,260.22,Cancelled
ORD-0006060,CUST-007533,2026-08-07,Mechanical Keyboard,Electronics,5,96.21,481.05,Completed
ORD-0006061,CUST-002768,2025-05-02,Water Bottle,Lifestyle,6,20.05,120.3,Completed
ORD-0006062,CUST-009382,2026-05-21,USB-C Hub,Electronics,1,44.83,44.83,Returned
ORD-0006063,CUST-005536,2025-03-16,Laptop Stand,Office,4,43.63,174.52,Cancelled
ORD-0006064,CUST-009264,2025-09-20,Standing Desk,Furniture,3,359.71,1079.13,Shipped
ORD-0006065,CUST-007335,2024-03-22,Laptop Stand,Office,1,45.45,45.45,Processing
ORD-0006066,CUST-002395,2025-07-04,Desk Organizer,Office,5,26.15,130.75,Completed
ORD-0006067,CUST-004082,2025-09-23,Laptop Stand,Office,5,42.86,214.3,Shipped
ORD-0006068,CUST-007866,2026-06-28,Mechanical Keyboard,Electronics,4,86.94,347.76,Returned
ORD-0006069,CUST-003623,2026-09-06,Noise-Canceling Headphones,Electronics,3,164.09,492.27,Returned
ORD-0006070,CUST-007531,2023-12-09,Wireless Mouse,Electronics,5,31.13,155.65,Processing
ORD-0006071,CUST-004002,2022-06-04,Ergonomic Chair,Furniture,1,261.82,261.82,Returned
ORD-0006072,CUST-002058,2022-06-09,Mechanical Keyboard,Electronics,6,89.62,537.72,Returned
ORD-0006073,CUST-000995,2025-09-18,Ergonomic Chair,Furniture,4,231.54,926.16,Completed
ORD-0006074,CUST-006480,2023-12-13,Wireless Mouse,Electronics,2,31.71,63.42,Returned
ORD-0006075,CUST-008516,2024-03-20,Notebook Set,Stationery,2,13.8,27.6,Shipped
ORD-0006076,CUST-000092,2021-02-14,Webcam,Electronics,5,71.57,357.85,Returned
ORD-0006077,CUST-007969,2023-09-14,Noise-Canceling Headphones,Electronics,3,167.68,503.04,Cancelled
ORD-0006078,CUST-008036,2021-08-28,Desk Organizer,Office,1,24.79,24.79,Shipped
ORD-0006079,CUST-005149,2025-12-10,Notebook Set,Stationery,5,11.9,59.5,Processing
ORD-0006080,CUST-004423,2026-04-07,USB-C Hub,Electronics,1,46.1,46.1,Shipped
ORD-0006081,CUST-005795,2020-11-20,Webcam,Electronics,2,69.68,139.36,Cancelled
ORD-0006082,CUST-009325,2025-12-21,Wireless Mouse,Electronics,5,27.43,137.15,Completed
ORD-0006083,CUST-003366,2026-05-29,Water Bottle,Lifestyle,3,19.08,57.24,Completed
ORD-0006084,CUST-004500,2024-12-25,USB-C Hub,Electronics,4,53.38,213.52,Processing
ORD-0006085,CUST-005157,2022-08-23,Water Bottle,Lifestyle,3,20.34,61.02,Shipped
ORD-0006086,CUST-005163,2023-03-27,Wireless Mouse,Electronics,3,28.02,84.06,Completed
ORD-0006087,CUST-005335,2026-02-15,Notebook Set,Stationery,5,11.75,58.75,Shipped
ORD-0006088,CUST-007687,2026-01-13,Webcam,Electronics,5,76.8,384,Processing
ORD-0006089,CUST-005994,2024-10-22,Notebook Set,Stationery,1,11.57,11.57,Processing
ORD-0006090,CUST-005534,2025-03-29,USB-C Hub,Electronics,1,48.49,48.49,Cancelled
ORD-0006091,CUST-009817,2026-06-19,Backpack,Lifestyle,4,53.83,215.32,Completed
ORD-0006092,CUST-008302,2024-09-07,Backpack,Lifestyle,6,59.12,354.72,Returned
ORD-0006093,CUST-000450,2023-01-15,Backpack,Lifestyle,1,57.64,57.64,Completed
ORD-0006094,CUST-001196,2024-01-24,Desk Organizer,Office,5,22.16,110.8,Processing
ORD-0006095,CUST-009170,2026-01-12,Backpack,Lifestyle,6,59.68,358.08,Processing
ORD-0006096,CUST-004790,2026-04-12,USB-C Hub,Electronics,6,50.64,303.84,Completed
ORD-0006097,CUST-008948,2026-02-10,Ergonomic Chair,Furniture,5,253.15,1265.75,Completed
ORD-0006098,CUST-007414,2026-01-23,Backpack,Lifestyle,4,55.12,220.48,Cancelled
ORD-0006099,CUST-009495,2026-05-15,Laptop Stand,Office,1,44.59,44.59,Completed
ORD-0006100,CUST-005011,2025-12-05,Water Bottle,Lifestyle,2,18.09,36.18,Completed
ORD-0006101,CUST-009391,2026-03-22,Standing Desk,Furniture,6,413.23,2479.38,Completed
ORD-0006102,CUST-005811,2025-09-23,Noise-Canceling Headphones,Electronics,3,181.55,544.65,Processing
ORD-0006103,CUST-003890,2022-09-12,Desk Organizer,Office,3,22.83,68.49,Completed
ORD-0006104,CUST-009660,2025-04-23,USB-C Hub,Electronics,1,52.85,52.85,Completed
ORD-0006105,CUST-009484,2026-05-09,Desk Organizer,Office,4,26.29,105.16,Shipped
ORD-0006106,CUST-004353,2025-05-28,Mechanical Keyboard,Electronics,5,94.14,470.7,Shipped
ORD-0006107,CUST-008840,2026-04-01,Wireless Mouse,Electronics,5,29.63,148.15,Returned
ORD-0006108,CUST-003812,2026-02-05,Desk Organizer,Office,5,25.56,127.8,Completed
ORD-0006109,CUST-002184,2022-06-01,Standing Desk,Furniture,6,375.37,2252.22,Completed
ORD-0006110,CUST-005452,2024-08-29,Noise-Canceling Headphones,Electronics,5,163.93,819.65,Shipped
ORD-0006111,CUST-003732,2025-04-04,Water Bottle,Lifestyle,3,17.43,52.29,Shipped
ORD-0006112,CUST-006586,2023-07-19,Webcam,Electronics,6,68.24,409.44,Returned
ORD-0006113,CUST-004274,2025-07-02,Mechanical Keyboard,Electronics,3,87.94,263.82,Shipped
ORD-0006114,CUST-002196,2025-09-07,Webcam,Electronics,2,71.22,142.44,Processing
ORD-0006115,CUST-003483,2026-02-11,USB-C Hub,Electronics,5,49.67,248.35,Completed
ORD-0006116,CUST-008940,2026-03-06,Noise-Canceling Headphones,Electronics,6,167.97,1007.82,Shipped
ORD-0006117,CUST-008063,2021-05-08,Wireless Mouse,Electronics,2,32.98,65.96,Completed
ORD-0006118,CUST-002706,2025-10-06,Backpack,Lifestyle,5,61.72,308.6,Completed
ORD-0006119,CUST-004311,2023-12-27,Desk Organizer,Office,6,22.4,134.4,Cancelled
ORD-0006120,CUST-009590,2024-06-30,Water Bottle,Lifestyle,5,20.86,104.3,Cancelled
ORD-0006121,CUST-006210,2026-06-26,Wireless Mouse,Electronics,4,31.26,125.04,Completed
ORD-0006122,CUST-002615,2025-02-26,Water Bottle,Lifestyle,4,17.32,69.28,Cancelled
ORD-0006123,CUST-002617,2025-10-11,Laptop Stand,Office,4,48.37,193.48,Shipped
ORD-0006124,CUST-009052,2024-07-06,USB-C Hub,Electronics,6,52.44,314.64,Completed
ORD-0006125,CUST-009673,2024-03-14,Standing Desk,Furniture,6,383.68,2302.08,Completed
ORD-0006126,CUST-005676,2025-08-22,Backpack,Lifestyle,5,57.47,287.35,Returned
ORD-0006127,CUST-006996,2025-09-04,Notebook Set,Stationery,2,11.55,23.1,Returned
ORD-0006128,CUST-001810,2023-05-18,Backpack,Lifestyle,1,54.46,54.46,Completed
ORD-0006129,CUST-008782,2025-10-18,Desk Organizer,Office,3,25.13,75.39,Shipped
ORD-0006130,CUST-002489,2022-07-28,Webcam,Electronics,1,73.92,73.92,Completed
ORD-0006131,CUST-003376,2026-02-24,USB-C Hub,Electronics,5,46.94,234.7,Returned
ORD-0006132,CUST-006607,2026-04-28,Notebook Set,Stationery,4,13.62,54.48,Cancelled
ORD-0006133,CUST-007440,2023-02-11,USB-C Hub,Electronics,4,53.76,215.04,Completed
ORD-0006134,CUST-007360,2026-02-22,USB-C Hub,Electronics,4,49.62,198.48,Completed
ORD-0006135,CUST-003280,2026-02-17,Desk Organizer,Office,2,24.35,48.7,Shipped
ORD-0006136,CUST-004866,2026-05-10,Backpack,Lifestyle,2,61.86,123.72,Processing
ORD-0006137,CUST-000448,2024-12-03,Water Bottle,Lifestyle,3,20.37,61.11,Processing
ORD-0006138,CUST-003277,2025-11-24,Laptop Stand,Office,6,42.88,257.28,Returned
ORD-0006139,CUST-005208,2025-03-27,Standing Desk,Furniture,6,360.2,2161.2,Completed
ORD-0006140,CUST-007234,2025-02-07,Wireless Mouse,Electronics,3,32.83,98.49,Shipped
ORD-0006141,CUST-003951,2021-10-11,Standing Desk,Furniture,5,433.29,2166.45,Completed
ORD-0006142,CUST-005021,2025-07-06,Desk Organizer,Office,6,24.99,149.94,Completed
ORD-0006143,CUST-009158,2024-01-04,Desk Organizer,Office,1,26.61,26.61,Shipped
ORD-0006144,CUST-008244,2026-01-24,Notebook Set,Stationery,3,13.86,41.58,Completed
ORD-0006145,CUST-009014,2026-08-31,Backpack,Lifestyle,1,57.95,57.95,Cancelled
ORD-0006146,CUST-000392,2025-12-28,Water Bottle,Lifestyle,4,17.61,70.44,Completed
ORD-0006147,CUST-004251,2026-08-13,Water Bottle,Lifestyle,4,17.17,68.68,Returned
ORD-0006148,CUST-009114,2025-08-17,Noise-Canceling Headphones,Electronics,1,190.78,190.78,Returned
ORD-0006149,CUST-008323,2026-03-03,Water Bottle,Lifestyle,4,19.05,76.2,Shipped
ORD-0006150,CUST-009567,2025-11-11,Desk Organizer,Office,4,23.1,92.4,Completed
ORD-0006151,CUST-009504,2023-12-29,Standing Desk,Furniture,1,392.66,392.66,Returned
ORD-0006152,CUST-008662,2026-07-27,Mechanical Keyboard,Electronics,6,90.23,541.38,Cancelled
ORD-0006153,CUST-006006,2025-03-23,Water Bottle,Lifestyle,4,20.16,80.64,Completed
ORD-0006154,CUST-002578,2024-09-10,Webcam,Electronics,6,79.69,478.14,Shipped
ORD-0006155,CUST-007707,2026-07-16,USB-C Hub,Electronics,6,48.63,291.78,Shipped
ORD-0006156,CUST-002351,2025-09-16,Notebook Set,Stationery,5,12.78,63.9,Returned
ORD-0006157,CUST-000583,2022-07-19,Noise-Canceling Headphones,Electronics,2,163.62,327.24,Completed
ORD-0006158,CUST-004921,2026-08-11,Notebook Set,Stationery,5,13.24,66.2,Completed
ORD-0006159,CUST-002442,2026-05-23,Water Bottle,Lifestyle,6,20.3,121.8,Processing
ORD-0006160,CUST-009453,2023-04-09,Mechanical Keyboard,Electronics,3,96.37,289.11,Processing
ORD-0006161,CUST-001044,2026-01-10,Water Bottle,Lifestyle,3,20.79,62.37,Processing
ORD-0006162,CUST-001284,2026-04-13,Mechanical Keyboard,Electronics,2,85.46,170.92,Cancelled
ORD-0006163,CUST-008216,2023-02-28,USB-C Hub,Electronics,2,45.2,90.4,Cancelled
ORD-0006164,CUST-008346,2025-10-11,Notebook Set,Stationery,3,13.74,41.22,Completed
ORD-0006165,CUST-006042,2025-12-11,Water Bottle,Lifestyle,2,17.73,35.46,Returned
ORD-0006166,CUST-007401,2025-12-20,Noise-Canceling Headphones,Electronics,5,189.27,946.35,Completed
ORD-0006167,CUST-003724,2026-01-19,Water Bottle,Lifestyle,1,18.81,18.81,Processing
ORD-0006168,CUST-009932,2024-03-09,Ergonomic Chair,Furniture,4,268.11,1072.44,Processing
ORD-0006169,CUST-006221,2022-07-31,Water Bottle,Lifestyle,2,17.99,35.98,Completed
ORD-0006170,CUST-000038,2024-08-18,Notebook Set,Stationery,4,13.97,55.88,Completed
ORD-0006171,CUST-008236,2026-04-04,Mechanical Keyboard,Electronics,1,94.93,94.93,Completed
ORD-0006172,CUST-009176,2024-11-30,Backpack,Lifestyle,3,56.23,168.69,Cancelled
ORD-0006173,CUST-009666,2024-12-22,Backpack,Lifestyle,3,57.53,172.59,Processing
ORD-0006174,CUST-005092,2025-11-02,USB-C Hub,Electronics,3,49.15,147.45,Completed
ORD-0006175,CUST-001105,2023-12-25,Wireless Mouse,Electronics,5,28.62,143.1,Processing
ORD-0006176,CUST-004779,2024-07-17,Standing Desk,Furniture,2,434.87,869.74,Completed
ORD-0006177,CUST-000475,2026-03-07,Mechanical Keyboard,Electronics,4,98.16,392.64,Returned
ORD-0006178,CUST-003825,2024-09-08,Webcam,Electronics,1,74.32,74.32,Cancelled
ORD-0006179,CUST-004410,2024-08-28,Standing Desk,Furniture,5,428.21,2141.05,Completed
ORD-0006180,CUST-006967,2024-04-07,Wireless Mouse,Electronics,3,28.65,85.95,Completed
ORD-0006181,CUST-000459,2024-12-23,Webcam,Electronics,2,69.88,139.76,Completed
ORD-0006182,CUST-007220,2025-11-08,USB-C Hub,Electronics,4,47.91,191.64,Cancelled
ORD-0006183,CUST-008714,2026-05-09,Standing Desk,Furniture,2,402.49,804.98,Completed
ORD-0006184,CUST-003410,2026-03-18,Mechanical Keyboard,Electronics,5,96.96,484.8,Cancelled
ORD-0006185,CUST-003965,2025-06-29,USB-C Hub,Electronics,2,44.55,89.1,Completed
ORD-0006186,CUST-008459,2026-08-03,Desk Organizer,Office,5,23.07,115.35,Completed
ORD-0006187,CUST-001950,2022-07-06,Standing Desk,Furniture,2,404.2,808.4,Completed
ORD-0006188,CUST-003267,2021-09-29,Webcam,Electronics,2,69.49,138.98,Shipped
ORD-0006189,CUST-005828,2025-05-15,Desk Organizer,Office,6,22.93,137.58,Completed
ORD-0006190,CUST-003530,2025-11-18,USB-C Hub,Electronics,6,44.63,267.78,Completed
ORD-0006191,CUST-001435,2024-04-20,Mechanical Keyboard,Electronics,6,83.52,501.12,Processing
ORD-0006192,CUST-009350,2026-08-15,Notebook Set,Stationery,4,13.99,55.96,Processing
ORD-0006193,CUST-002444,2026-01-03,Standing Desk,Furniture,6,370.78,2224.68,Completed
ORD-0006194,CUST-009959,2023-06-09,Noise-Canceling Headphones,Electronics,2,164.57,329.14,Cancelled
ORD-0006195,CUST-009005,2026-05-20,Wireless Mouse,Electronics,4,30.22,120.88,Returned
ORD-0006196,CUST-008423,2023-05-12,Notebook Set,Stationery,6,12.66,75.96,Processing
ORD-0006197,CUST-005967,2025-07-03,Noise-Canceling Headphones,Electronics,5,185.81,929.05,Cancelled
ORD-0006198,CUST-003660,2025-07-25,Backpack,Lifestyle,3,58.1,174.3,Completed
ORD-0006199,CUST-009277,2024-12-15,Water Bottle,Lifestyle,5,17.57,87.85,Completed
ORD-0006200,CUST-009613,2024-03-22,Wireless Mouse,Electronics,4,30.94,123.76,Cancelled
ORD-0006201,CUST-001637,2023-09-22,Mechanical Keyboard,Electronics,5,86.48,432.4,Completed
ORD-0006202,CUST-003923,2026-08-16,Wireless Mouse,Electronics,3,31.81,95.43,Shipped
ORD-0006203,CUST-001037,2025-04-06,Ergonomic Chair,Furniture,4,235.57,942.28,Processing
ORD-0006204,CUST-000958,2026-08-19,Notebook Set,Stationery,6,13.61,81.66,Shipped
ORD-0006205,CUST-008227,2023-07-26,Wireless Mouse,Electronics,1,30.99,30.99,Returned
ORD-0006206,CUST-006515,2025-06-18,Laptop Stand,Office,2,43.8,87.6,Processing
ORD-0006207,CUST-001751,2026-04-05,Ergonomic Chair,Furniture,2,270.73,541.46,Returned
ORD-0006208,CUST-004072,2026-03-22,Laptop Stand,Office,2,46.54,93.08,Processing
ORD-0006209,CUST-001616,2022-10-23,Laptop Stand,Office,4,44.14,176.56,Completed
ORD-0006210,CUST-004908,2025-05-05,Notebook Set,Stationery,6,13.24,79.44,Completed
ORD-0006211,CUST-005201,2026-01-23,Webcam,Electronics,1,71.58,71.58,Completed
ORD-0006212,CUST-006941,2026-07-26,Water Bottle,Lifestyle,5,18.14,90.7,Shipped
ORD-0006213,CUST-001492,2022-08-07,Notebook Set,Stationery,3,11.92,35.76,Shipped
ORD-0006214,CUST-009641,2026-03-04,Water Bottle,Lifestyle,1,17.44,17.44,Cancelled
ORD-0006215,CUST-002247,2026-07-07,Standing Desk,Furniture,2,365.58,731.16,Cancelled
ORD-0006216,CUST-004838,2025-09-16,Water Bottle,Lifestyle,5,20.72,103.6,Returned
ORD-0006217,CUST-001172,2025-07-08,Mechanical Keyboard,Electronics,2,87.6,175.2,Completed
ORD-0006218,CUST-005796,2024-06-05,Water Bottle,Lifestyle,2,19.26,38.52,Processing
ORD-0006219,CUST-004713,2024-02-15,Webcam,Electronics,6,70.07,420.42,Returned
ORD-0006220,CUST-009368,2025-08-31,Noise-Canceling Headphones,Electronics,5,194.02,970.1,Completed
ORD-0006221,CUST-000554,2024-05-09,Desk Organizer,Office,2,24.92,49.84,Returned
ORD-0006222,CUST-008604,2026-03-02,Laptop Stand,Office,3,45.94,137.82,Completed
ORD-0006223,CUST-002404,2026-07-15,Mechanical Keyboard,Electronics,3,88.5,265.5,Shipped
ORD-0006224,CUST-005633,2024-04-21,Mechanical Keyboard,Electronics,1,90.06,90.06,Processing
ORD-0006225,CUST-002191,2025-07-02,Noise-Canceling Headphones,Electronics,6,195.4,1172.4,Shipped
ORD-0006226,CUST-007177,2022-06-19,USB-C Hub,Electronics,6,51.33,307.98,Processing
ORD-0006227,CUST-003232,2025-10-11,Notebook Set,Stationery,4,12.56,50.24,Completed
ORD-0006228,CUST-007530,2026-05-25,Noise-Canceling Headphones,Electronics,1,193.27,193.27,Completed
ORD-0006229,CUST-000488,2024-10-06,Backpack,Lifestyle,4,55.36,221.44,Completed
ORD-0006230,CUST-006361,2026-02-15,Standing Desk,Furniture,4,434.49,1737.96,Completed
ORD-0006231,CUST-006490,2026-07-27,Mechanical Keyboard,Electronics,4,93.98,375.92,Completed
ORD-0006232,CUST-001165,2025-12-24,Notebook Set,Stationery,4,12.71,50.84,Completed
ORD-0006233,CUST-004031,2025-01-30,Mechanical Keyboard,Electronics,3,93.74,281.22,Returned
ORD-0006234,CUST-006721,2024-06-11,Backpack,Lifestyle,5,64.29,321.45,Returned
ORD-0006235,CUST-009228,2025-02-22,Ergonomic Chair,Furniture,2,272.19,544.38,Returned
ORD-0006236,CUST-006396,2023-07-17,Noise-Canceling Headphones,Electronics,3,177.27,531.81,Completed
ORD-0006237,CUST-001029,2024-02-18,Ergonomic Chair,Furniture,6,245.32,1471.92,Completed
ORD-0006238,CUST-002639,2023-11-07,Desk Organizer,Office,1,26.89,26.89,Shipped
ORD-0006239,CUST-005774,2023-12-07,Water Bottle,Lifestyle,4,17.1,68.4,Completed
ORD-0006240,CUST-006503,2024-08-14,Notebook Set,Stationery,5,13.74,68.7,Returned
ORD-0006241,CUST-007896,2026-09-02,Webcam,Electronics,1,67.41,67.41,Cancelled
ORD-0006242,CUST-008552,2021-03-31,Webcam,Electronics,1,68.5,68.5,Cancelled
ORD-0006243,CUST-000363,2024-05-28,Wireless Mouse,Electronics,1,32.48,32.48,Completed
ORD-0006244,CUST-005980,2025-01-02,Webcam,Electronics,1,77.34,77.34,Shipped
ORD-0006245,CUST-000944,2023-06-13,Backpack,Lifestyle,4,61.73,246.92,Completed
ORD-0006246,CUST-003303,2021-01-02,Mechanical Keyboard,Electronics,3,88.65,265.95,Processing
ORD-0006247,CUST-002903,2025-04-26,Webcam,Electronics,4,80.26,321.04,Completed
ORD-0006248,CUST-006453,2026-08-18,Backpack,Lifestyle,3,62.41,187.23,Cancelled
ORD-0006249,CUST-001210,2022-04-15,Backpack,Lifestyle,5,54.36,271.8,Completed
ORD-0006250,CUST-002625,2023-10-24,Ergonomic Chair,Furniture,4,262.01,1048.04,Completed
ORD-0006251,CUST-007861,2021-04-22,Noise-Canceling Headphones,Electronics,1,189.57,189.57,Cancelled
ORD-0006252,CUST-000723,2026-08-04,USB-C Hub,Electronics,4,52.31,209.24,Completed
ORD-0006253,CUST-002407,2026-03-20,Backpack,Lifestyle,5,58.14,290.7,Shipped
ORD-0006254,CUST-009741,2026-05-02,Webcam,Electronics,6,78.5,471,Shipped
ORD-0006255,CUST-006275,2024-12-28,Ergonomic Chair,Furniture,3,243.09,729.27,Processing
ORD-0006256,CUST-004932,2024-07-22,Webcam,Electronics,5,80.16,400.8,Completed
ORD-0006257,CUST-001993,2024-09-24,USB-C Hub,Electronics,2,47.52,95.04,Processing
ORD-0006258,CUST-004100,2025-12-05,Wireless Mouse,Electronics,6,29.22,175.32,Completed
ORD-0006259,CUST-000889,2025-07-14,Webcam,Electronics,6,79.62,477.72,Returned
ORD-0006260,CUST-008862,2020-07-17,Backpack,Lifestyle,6,61.38,368.28,Completed
ORD-0006261,CUST-005376,2026-06-14,Noise-Canceling Headphones,Electronics,6,182.76,1096.56,Shipped
ORD-0006262,CUST-008229,2026-05-19,Water Bottle,Lifestyle,2,17.86,35.72,Processing
ORD-0006263,CUST-004415,2024-12-19,USB-C Hub,Electronics,5,52.36,261.8,Processing
ORD-0006264,CUST-004344,2024-03-08,USB-C Hub,Electronics,5,44.77,223.85,Completed
ORD-0006265,CUST-003235,2025-03-25,Water Bottle,Lifestyle,4,18.22,72.88,Cancelled
ORD-0006266,CUST-002716,2024-05-19,Laptop Stand,Office,6,46.67,280.02,Returned
ORD-0006267,CUST-000924,2026-04-27,Notebook Set,Stationery,4,13.85,55.4,Completed
ORD-0006268,CUST-001810,2026-04-25,Wireless Mouse,Electronics,4,32.12,128.48,Completed
ORD-0006269,CUST-001970,2025-04-20,Wireless Mouse,Electronics,5,29.16,145.8,Returned
ORD-0006270,CUST-009314,2025-09-21,USB-C Hub,Electronics,3,48.35,145.05,Completed
ORD-0006271,CUST-000351,2026-02-23,Noise-Canceling Headphones,Electronics,3,190.76,572.28,Cancelled
ORD-0006272,CUST-004953,2023-10-10,Backpack,Lifestyle,1,60.79,60.79,Cancelled
ORD-0006273,CUST-007273,2026-04-29,Mechanical Keyboard,Electronics,5,90.8,454,Shipped
ORD-0006274,CUST-002170,2026-08-28,Backpack,Lifestyle,2,60.1,120.2,Processing
ORD-0006275,CUST-006137,2024-04-19,Notebook Set,Stationery,6,12.34,74.04,Cancelled
ORD-0006276,CUST-003527,2026-07-17,Desk Organizer,Office,3,25.99,77.97,Returned
ORD-0006277,CUST-000836,2024-11-08,Webcam,Electronics,2,71.35,142.7,Completed
ORD-0006278,CUST-007183,2025-08-26,Notebook Set,Stationery,4,13.66,54.64,Cancelled
ORD-0006279,CUST-005986,2026-07-24,Mechanical Keyboard,Electronics,4,84.27,337.08,Shipped
ORD-0006280,CUST-004261,2025-08-30,Ergonomic Chair,Furniture,1,254.77,254.77,Shipped
ORD-0006281,CUST-000164,2023-09-04,Desk Organizer,Office,4,24.68,98.72,Returned
ORD-0006282,CUST-009484,2026-05-23,Backpack,Lifestyle,1,63.25,63.25,Returned
ORD-0006283,CUST-005759,2024-10-24,Mechanical Keyboard,Electronics,1,93.19,93.19,Processing
ORD-0006284,CUST-009900,2026-05-12,Standing Desk,Furniture,6,401.38,2408.28,Completed
ORD-0006285,CUST-001533,2024-05-02,Water Bottle,Lifestyle,5,20.72,103.6,Completed
ORD-0006286,CUST-009042,2026-08-27,Desk Organizer,Office,1,23.67,23.67,Completed
ORD-0006287,CUST-006477,2024-03-19,Backpack,Lifestyle,5,64.62,323.1,Completed
ORD-0006288,CUST-006379,2025-06-26,Laptop Stand,Office,3,47.54,142.62,Completed
ORD-0006289,CUST-006060,2024-05-06,Backpack,Lifestyle,1,61.76,61.76,Processing
ORD-0006290,CUST-004390,2023-08-25,Notebook Set,Stationery,3,12.31,36.93,Processing
ORD-0006291,CUST-004465,2022-08-27,Noise-Canceling Headphones,Electronics,1,171.46,171.46,Shipped
ORD-0006292,CUST-008111,2024-02-05,Noise-Canceling Headphones,Electronics,6,184.83,1108.98,Cancelled
ORD-0006293,CUST-008903,2026-07-25,Backpack,Lifestyle,5,55,275,Returned
ORD-0006294,CUST-004489,2026-08-11,Ergonomic Chair,Furniture,6,232.02,1392.12,Completed
ORD-0006295,CUST-004607,2024-08-10,Backpack,Lifestyle,6,55.55,333.3,Completed
ORD-0006296,CUST-001406,2022-02-04,Webcam,Electronics,1,72.12,72.12,Completed
ORD-0006297,CUST-001585,2023-03-18,Notebook Set,Stationery,3,11.74,35.22,Shipped
ORD-0006298,CUST-008698,2024-11-23,Noise-Canceling Headphones,Electronics,3,191.97,575.91,Cancelled
ORD-0006299,CUST-006740,2020-04-09,Notebook Set,Stationery,3,12.23,36.69,Returned
ORD-0006300,CUST-006017,2026-09-04,Mechanical Keyboard,Electronics,1,84.92,84.92,Completed
ORD-0006301,CUST-007444,2026-02-16,Backpack,Lifestyle,1,59.16,59.16,Completed
ORD-0006302,CUST-004890,2026-01-15,Notebook Set,Stationery,1,11.54,11.54,Shipped
ORD-0006303,CUST-005160,2024-11-08,Water Bottle,Lifestyle,3,20.51,61.53,Completed
ORD-0006304,CUST-004803,2024-06-25,Laptop Stand,Office,1,41.42,41.42,Completed
ORD-0006305,CUST-000208,2024-05-17,Notebook Set,Stationery,3,13.69,41.07,Completed
ORD-0006306,CUST-005673,2024-03-19,Wireless Mouse,Electronics,5,32.61,163.05,Returned
ORD-0006307,CUST-001262,2023-09-22,Ergonomic Chair,Furniture,4,253.22,1012.88,Cancelled
ORD-0006308,CUST-001526,2026-04-02,Wireless Mouse,Electronics,3,32.64,97.92,Returned
ORD-0006309,CUST-005690,2025-05-11,Standing Desk,Furniture,2,429.86,859.72,Completed
ORD-0006310,CUST-002753,2026-06-22,Mechanical Keyboard,Electronics,1,97.24,97.24,Cancelled
ORD-0006311,CUST-009299,2026-04-06,Notebook Set,Stationery,6,12.31,73.86,Cancelled
ORD-0006312,CUST-006766,2024-11-11,Wireless Mouse,Electronics,4,27.93,111.72,Returned
ORD-0006313,CUST-006618,2026-07-27,Water Bottle,Lifestyle,3,19.06,57.18,Completed
ORD-0006314,CUST-009410,2025-03-23,Ergonomic Chair,Furniture,5,225.21,1126.05,Completed
ORD-0006315,CUST-005272,2025-04-02,Laptop Stand,Office,1,48.1,48.1,Completed
ORD-0006316,CUST-001967,2023-11-28,Ergonomic Chair,Furniture,3,259.35,778.05,Returned
ORD-0006317,CUST-000580,2022-07-21,Wireless Mouse,Electronics,4,32.5,130,Cancelled
ORD-0006318,CUST-001105,2025-03-30,Webcam,Electronics,6,68.56,411.36,Completed
ORD-0006319,CUST-008938,2024-09-21,Noise-Canceling Headphones,Electronics,1,172.52,172.52,Completed
ORD-0006320,CUST-001603,2023-10-26,Notebook Set,Stationery,5,11.59,57.95,Completed
ORD-0006321,CUST-001101,2025-11-15,Ergonomic Chair,Furniture,1,247.99,247.99,Completed
ORD-0006322,CUST-004210,2025-05-30,Webcam,Electronics,4,69.56,278.24,Completed
ORD-0006323,CUST-008950,2022-11-30,Desk Organizer,Office,6,22.94,137.64,Cancelled
ORD-0006324,CUST-003470,2024-07-16,Backpack,Lifestyle,4,63.69,254.76,Processing
ORD-0006325,CUST-001840,2023-04-03,Water Bottle,Lifestyle,1,17.94,17.94,Returned
ORD-0006326,CUST-002864,2021-12-31,Standing Desk,Furniture,6,365.07,2190.42,Processing
ORD-0006327,CUST-001117,2024-10-09,Backpack,Lifestyle,1,62.36,62.36,Completed
ORD-0006328,CUST-007107,2023-12-07,Standing Desk,Furniture,5,407.55,2037.75,Processing
ORD-0006329,CUST-003914,2024-09-02,Water Bottle,Lifestyle,3,19,57,Returned
ORD-0006330,CUST-003953,2026-03-13,Notebook Set,Stationery,2,12.09,24.18,Returned
ORD-0006331,CUST-009791,2026-07-09,Mechanical Keyboard,Electronics,3,89.15,267.45,Completed
ORD-0006332,CUST-000337,2026-04-06,Notebook Set,Stationery,3,13.92,41.76,Returned
ORD-0006333,CUST-006350,2025-05-30,Ergonomic Chair,Furniture,2,224.39,448.78,Returned
ORD-0006334,CUST-000216,2026-06-10,Webcam,Electronics,3,71.59,214.77,Completed
ORD-0006335,CUST-002380,2024-10-10,Webcam,Electronics,3,68.63,205.89,Completed
ORD-0006336,CUST-003934,2025-05-21,Standing Desk,Furniture,2,431.69,863.38,Shipped
ORD-0006337,CUST-009657,2026-05-30,Notebook Set,Stationery,2,11.72,23.44,Completed
ORD-0006338,CUST-001474,2023-09-08,Webcam,Electronics,6,74.17,445.02,Completed
ORD-0006339,CUST-006980,2026-05-09,Ergonomic Chair,Furniture,5,268.47,1342.35,Completed
ORD-0006340,CUST-004420,2026-03-20,Webcam,Electronics,4,78.69,314.76,Returned
ORD-0006341,CUST-002527,2026-08-30,Water Bottle,Lifestyle,5,18.79,93.95,Returned
ORD-0006342,CUST-003989,2023-06-15,Laptop Stand,Office,6,45.53,273.18,Cancelled
ORD-0006343,CUST-003145,2026-07-28,Notebook Set,Stationery,6,13.82,82.92,Cancelled
ORD-0006344,CUST-004976,2022-10-19,Water Bottle,Lifestyle,5,17.85,89.25,Shipped
ORD-0006345,CUST-001655,2026-07-26,Webcam,Electronics,5,81.11,405.55,Returned
ORD-0006346,CUST-007940,2023-01-02,Standing Desk,Furniture,4,432.5,1730,Processing
ORD-0006347,CUST-005766,2022-05-26,Wireless Mouse,Electronics,5,28.46,142.3,Completed
ORD-0006348,CUST-004494,2024-01-02,Webcam,Electronics,4,71.97,287.88,Processing
ORD-0006349,CUST-004694,2023-07-02,USB-C Hub,Electronics,1,45.56,45.56,Returned
ORD-0006350,CUST-003031,2025-03-17,Notebook Set,Stationery,5,12.51,62.55,Completed
ORD-0006351,CUST-002085,2025-09-08,Ergonomic Chair,Furniture,4,269.95,1079.8,Cancelled
ORD-0006352,CUST-004736,2026-06-26,Desk Organizer,Office,5,26.14,130.7,Shipped
ORD-0006353,CUST-006325,2024-02-28,Desk Organizer,Office,4,24.5,98,Processing
ORD-0006354,CUST-002221,2026-08-26,Desk Organizer,Office,1,26.19,26.19,Completed
ORD-0006355,CUST-001836,2026-03-19,Notebook Set,Stationery,3,12.74,38.22,Completed
ORD-0006356,CUST-005634,2024-03-22,Wireless Mouse,Electronics,4,30.68,122.72,Completed
ORD-0006357,CUST-007458,2026-05-07,Webcam,Electronics,6,75.03,450.18,Returned
ORD-0006358,CUST-003580,2024-10-19,Noise-Canceling Headphones,Electronics,2,178.39,356.78,Completed
ORD-0006359,CUST-000499,2024-09-12,Backpack,Lifestyle,3,63.35,190.05,Returned
ORD-0006360,CUST-008703,2025-05-18,Wireless Mouse,Electronics,4,28.37,113.48,Returned
ORD-0006361,CUST-007555,2025-12-05,Laptop Stand,Office,3,41.19,123.57,Shipped
ORD-0006362,CUST-000268,2025-07-23,Ergonomic Chair,Furniture,3,227.84,683.52,Cancelled
ORD-0006363,CUST-005693,2023-10-28,Noise-Canceling Headphones,Electronics,6,167.68,1006.08,Returned
ORD-0006364,CUST-008587,2021-12-06,USB-C Hub,Electronics,5,50.12,250.6,Completed
ORD-0006365,CUST-000083,2025-04-22,Mechanical Keyboard,Electronics,3,88.84,266.52,Completed
ORD-0006366,CUST-008642,2025-09-09,Laptop Stand,Office,5,42.11,210.55,Completed
ORD-0006367,CUST-006686,2021-04-17,Water Bottle,Lifestyle,5,19.31,96.55,Cancelled
ORD-0006368,CUST-002727,2024-08-12,Wireless Mouse,Electronics,2,31.71,63.42,Completed
ORD-0006369,CUST-001082,2025-07-02,Ergonomic Chair,Furniture,3,257.27,771.81,Cancelled
ORD-0006370,CUST-004486,2025-07-12,Ergonomic Chair,Furniture,4,261.49,1045.96,Processing
ORD-0006371,CUST-007031,2023-05-12,Ergonomic Chair,Furniture,6,260.93,1565.58,Completed
ORD-0006372,CUST-009152,2026-06-01,USB-C Hub,Electronics,1,47.59,47.59,Completed
ORD-0006373,CUST-000869,2025-05-19,Wireless Mouse,Electronics,2,28.86,57.72,Shipped
ORD-0006374,CUST-007366,2025-04-20,Standing Desk,Furniture,4,429.54,1718.16,Cancelled
ORD-0006375,CUST-000326,2023-07-14,Laptop Stand,Office,4,48.3,193.2,Cancelled
ORD-0006376,CUST-002396,2026-08-14,Ergonomic Chair,Furniture,1,265.45,265.45,Returned
ORD-0006377,CUST-008860,2022-03-27,Noise-Canceling Headphones,Electronics,4,167.03,668.12,Processing
ORD-0006378,CUST-003111,2024-10-17,Backpack,Lifestyle,4,57.08,228.32,Processing
ORD-0006379,CUST-009105,2025-02-27,Standing Desk,Furniture,5,373.93,1869.65,Processing
ORD-0006380,CUST-007548,2024-07-23,Webcam,Electronics,5,77.48,387.4,Completed
ORD-0006381,CUST-001521,2024-01-18,Desk Organizer,Office,6,25.82,154.92,Returned
ORD-0006382,CUST-004419,2026-06-26,Backpack,Lifestyle,2,60.63,121.26,Completed
ORD-0006383,CUST-006846,2024-12-25,Water Bottle,Lifestyle,4,19.05,76.2,Completed
ORD-0006384,CUST-002409,2024-07-14,Backpack,Lifestyle,6,60.15,360.9,Completed
ORD-0006385,CUST-003440,2026-02-15,Desk Organizer,Office,6,25.87,155.22,Returned
ORD-0006386,CUST-009586,2026-05-15,Desk Organizer,Office,4,23.82,95.28,Returned
ORD-0006387,CUST-003111,2025-08-04,Notebook Set,Stationery,1,12.27,12.27,Completed
ORD-0006388,CUST-007795,2020-05-27,Mechanical Keyboard,Electronics,2,89.08,178.16,Returned
ORD-0006389,CUST-001529,2026-06-11,Ergonomic Chair,Furniture,1,228.86,228.86,Processing
ORD-0006390,CUST-009361,2026-06-10,Mechanical Keyboard,Electronics,6,81.58,489.48,Returned
ORD-0006391,CUST-001804,2026-02-06,Webcam,Electronics,1,80.41,80.41,Shipped
ORD-0006392,CUST-005949,2026-04-09,Mechanical Keyboard,Electronics,3,97.62,292.86,Completed
ORD-0006393,CUST-002344,2025-12-13,Laptop Stand,Office,2,46.64,93.28,Completed
ORD-0006394,CUST-001929,2025-03-17,Standing Desk,Furniture,4,419.13,1676.52,Shipped
ORD-0006395,CUST-002561,2024-03-26,Notebook Set,Stationery,3,12.11,36.33,Completed
ORD-0006396,CUST-007086,2025-12-12,Standing Desk,Furniture,5,365.24,1826.2,Shipped
ORD-0006397,CUST-002540,2026-05-31,Webcam,Electronics,1,75.37,75.37,Returned
ORD-0006398,CUST-006017,2026-09-05,Standing Desk,Furniture,5,410.02,2050.1,Shipped
ORD-0006399,CUST-005258,2026-07-14,Mechanical Keyboard,Electronics,6,90.7,544.2,Completed
ORD-0006400,CUST-004063,2025-09-07,Backpack,Lifestyle,2,62.6,125.2,Completed
ORD-0006401,CUST-002440,2026-05-18,USB-C Hub,Electronics,5,46.34,231.7,Returned
ORD-0006402,CUST-002119,2026-03-13,Wireless Mouse,Electronics,5,29.27,146.35,Cancelled
ORD-0006403,CUST-007654,2025-07-24,Backpack,Lifestyle,4,63.83,255.32,Returned
ORD-0006404,CUST-005165,2025-04-10,Noise-Canceling Headphones,Electronics,1,188.65,188.65,Cancelled
ORD-0006405,CUST-002737,2026-02-07,Backpack,Lifestyle,1,54.08,54.08,Returned
ORD-0006406,CUST-001858,2025-03-24,Notebook Set,Stationery,5,12.16,60.8,Shipped
ORD-0006407,CUST-006144,2020-12-23,Wireless Mouse,Electronics,4,28.96,115.84,Completed
ORD-0006408,CUST-005033,2026-06-17,Wireless Mouse,Electronics,5,29.3,146.5,Returned
ORD-0006409,CUST-004316,2025-01-02,USB-C Hub,Electronics,6,48.66,291.96,Returned
ORD-0006410,CUST-005461,2023-04-30,Backpack,Lifestyle,4,55.81,223.24,Completed
ORD-0006411,CUST-009655,2026-08-31,Webcam,Electronics,2,69.83,139.66,Cancelled
ORD-0006412,CUST-003697,2023-05-11,Backpack,Lifestyle,5,57.33,286.65,Completed
ORD-0006413,CUST-001207,2026-06-30,Wireless Mouse,Electronics,4,27.93,111.72,Returned
ORD-0006414,CUST-007369,2026-08-09,USB-C Hub,Electronics,6,47.95,287.7,Returned
ORD-0006415,CUST-006649,2026-04-04,Mechanical Keyboard,Electronics,4,81.13,324.52,Shipped
ORD-0006416,CUST-003752,2026-06-14,Standing Desk,Furniture,4,427.07,1708.28,Completed
ORD-0006417,CUST-006656,2026-04-21,Webcam,Electronics,2,75.5,151,Completed
ORD-0006418,CUST-009966,2021-11-08,Noise-Canceling Headphones,Electronics,3,165.51,496.53,Completed
ORD-0006419,CUST-005267,2024-03-01,Standing Desk,Furniture,4,438.22,1752.88,Completed
ORD-0006420,CUST-005647,2021-05-08,Desk Organizer,Office,6,23.23,139.38,Completed
ORD-0006421,CUST-002324,2026-08-06,Wireless Mouse,Electronics,6,32.92,197.52,Returned
ORD-0006422,CUST-005431,2025-09-18,Webcam,Electronics,4,79.75,319,Processing
ORD-0006423,CUST-006587,2026-07-20,Wireless Mouse,Electronics,6,31.99,191.94,Completed
ORD-0006424,CUST-001101,2026-08-09,Webcam,Electronics,3,77.5,232.5,Cancelled
ORD-0006425,CUST-000614,2021-12-06,Wireless Mouse,Electronics,3,29.47,88.41,Shipped
ORD-0006426,CUST-005726,2024-12-06,Desk Organizer,Office,6,26.63,159.78,Returned
ORD-0006427,CUST-001009,2025-06-13,Wireless Mouse,Electronics,2,32.52,65.04,Cancelled
ORD-0006428,CUST-004653,2024-01-31,Notebook Set,Stationery,2,12.66,25.32,Returned
ORD-0006429,CUST-000118,2026-07-02,Webcam,Electronics,1,72.41,72.41,Returned
ORD-0006430,CUST-000691,2026-02-18,Standing Desk,Furniture,2,360.48,720.96,Completed
ORD-0006431,CUST-007774,2025-07-22,Backpack,Lifestyle,2,61.47,122.94,Returned
ORD-0006432,CUST-003322,2026-08-24,Wireless Mouse,Electronics,6,27.62,165.72,Processing
ORD-0006433,CUST-004191,2023-12-30,Desk Organizer,Office,5,25.43,127.15,Completed
ORD-0006434,CUST-004287,2026-03-21,USB-C Hub,Electronics,2,47.79,95.58,Shipped
ORD-0006435,CUST-007590,2025-12-04,Laptop Stand,Office,2,42.68,85.36,Completed
ORD-0006436,CUST-004404,2026-08-16,Notebook Set,Stationery,6,12.49,74.94,Cancelled
ORD-0006437,CUST-002652,2024-12-16,Laptop Stand,Office,3,44.55,133.65,Completed
ORD-0006438,CUST-008939,2026-06-29,Noise-Canceling Headphones,Electronics,4,174.89,699.56,Shipped
ORD-0006439,CUST-008403,2024-06-12,Mechanical Keyboard,Electronics,3,92.67,278.01,Completed
ORD-0006440,CUST-001390,2025-01-07,Wireless Mouse,Electronics,5,29.68,148.4,Shipped
ORD-0006441,CUST-006608,2022-12-24,Mechanical Keyboard,Electronics,3,92.63,277.89,Processing
ORD-0006442,CUST-008025,2025-12-29,Laptop Stand,Office,1,48.44,48.44,Completed
ORD-0006443,CUST-004281,2026-07-17,Notebook Set,Stationery,2,11.83,23.66,Completed
ORD-0006444,CUST-008010,2025-12-12,Noise-Canceling Headphones,Electronics,4,192.59,770.36,Completed
ORD-0006445,CUST-006400,2022-01-03,Webcam,Electronics,2,80.4,160.8,Cancelled
ORD-0006446,CUST-006481,2022-02-25,Backpack,Lifestyle,1,62.42,62.42,Shipped
ORD-0006447,CUST-007421,2025-10-24,Notebook Set,Stationery,4,13.19,52.76,Completed
ORD-0006448,CUST-000397,2026-02-26,Standing Desk,Furniture,5,408.85,2044.25,Processing
ORD-0006449,CUST-002681,2025-08-17,Wireless Mouse,Electronics,6,29.95,179.7,Completed
ORD-0006450,CUST-009524,2025-02-21,Laptop Stand,Office,4,46.37,185.48,Completed
ORD-0006451,CUST-003293,2025-05-24,Notebook Set,Stationery,4,11.83,47.32,Completed
ORD-0006452,CUST-007383,2026-01-27,Mechanical Keyboard,Electronics,6,97.75,586.5,Cancelled
ORD-0006453,CUST-000615,2023-02-05,Water Bottle,Lifestyle,6,19.69,118.14,Cancelled
ORD-0006454,CUST-009517,2025-10-11,Laptop Stand,Office,3,42.29,126.87,Completed
ORD-0006455,CUST-008898,2024-01-27,Webcam,Electronics,5,74.59,372.95,Completed
ORD-0006456,CUST-008916,2026-07-08,Laptop Stand,Office,5,47.54,237.7,Completed
ORD-0006457,CUST-007199,2025-09-10,Desk Organizer,Office,3,24.98,74.94,Processing
ORD-0006458,CUST-000943,2026-06-16,Backpack,Lifestyle,5,59.9,299.5,Processing
ORD-0006459,CUST-004154,2026-08-28,Noise-Canceling Headphones,Electronics,5,183.63,918.15,Cancelled
ORD-0006460,CUST-002605,2026-07-01,Webcam,Electronics,4,68.67,274.68,Returned
ORD-0006461,CUST-001712,2026-09-06,Notebook Set,Stationery,4,11.76,47.04,Cancelled
ORD-0006462,CUST-003515,2026-02-13,Wireless Mouse,Electronics,4,32.34,129.36,Shipped
ORD-0006463,CUST-006410,2026-04-15,Backpack,Lifestyle,2,61.95,123.9,Returned
ORD-0006464,CUST-008385,2025-04-01,Water Bottle,Lifestyle,2,18.39,36.78,Shipped
ORD-0006465,CUST-009294,2026-03-01,Backpack,Lifestyle,1,56.02,56.02,Processing
ORD-0006466,CUST-003401,2026-05-05,Laptop Stand,Office,6,49.11,294.66,Completed
ORD-0006467,CUST-008079,2022-10-29,Water Bottle,Lifestyle,1,17.56,17.56,Returned
ORD-0006468,CUST-001311,2024-10-23,Webcam,Electronics,2,66.7,133.4,Completed
ORD-0006469,CUST-007637,2023-11-29,Wireless Mouse,Electronics,1,30.63,30.63,Cancelled
ORD-0006470,CUST-002584,2026-09-03,Notebook Set,Stationery,6,11.55,69.3,Cancelled
ORD-0006471,CUST-007406,2025-05-06,Mechanical Keyboard,Electronics,3,90.52,271.56,Cancelled
ORD-0006472,CUST-002476,2025-05-16,Water Bottle,Lifestyle,6,20.34,122.04,Completed
ORD-0006473,CUST-006819,2026-04-19,Webcam,Electronics,3,77.48,232.44,Processing
ORD-0006474,CUST-006343,2023-08-31,Webcam,Electronics,1,80.36,80.36,Completed
ORD-0006475,CUST-002348,2024-11-15,Webcam,Electronics,6,81.3,487.8,Processing
ORD-0006476,CUST-008056,2026-03-17,USB-C Hub,Electronics,4,47.28,189.12,Completed
ORD-0006477,CUST-002245,2023-06-19,Webcam,Electronics,6,80.99,485.94,Completed
ORD-0006478,CUST-008853,2026-04-29,Mechanical Keyboard,Electronics,6,95.7,574.2,Completed
ORD-0006479,CUST-007590,2024-10-31,Desk Organizer,Office,3,26.38,79.14,Completed
ORD-0006480,CUST-006474,2025-02-15,Laptop Stand,Office,2,40.61,81.22,Shipped
ORD-0006481,CUST-000726,2026-02-27,Water Bottle,Lifestyle,4,17.99,71.96,Cancelled
ORD-0006482,CUST-006922,2023-01-29,Ergonomic Chair,Furniture,1,268.46,268.46,Shipped
ORD-0006483,CUST-004680,2024-10-09,Mechanical Keyboard,Electronics,2,91.56,183.12,Shipped
ORD-0006484,CUST-003696,2025-11-17,Desk Organizer,Office,1,26.66,26.66,Completed
ORD-0006485,CUST-009674,2025-12-23,Water Bottle,Lifestyle,5,20.39,101.95,Returned
ORD-0006486,CUST-001841,2025-08-18,USB-C Hub,Electronics,3,49.13,147.39,Shipped
ORD-0006487,CUST-005292,2026-08-01,Mechanical Keyboard,Electronics,4,86.21,344.84,Processing
ORD-0006488,CUST-006649,2025-11-05,Desk Organizer,Office,2,24.84,49.68,Completed
ORD-0006489,CUST-009433,2025-05-13,Laptop Stand,Office,6,47.99,287.94,Completed
ORD-0006490,CUST-009369,2026-06-22,Ergonomic Chair,Furniture,6,259.67,1558.02,Completed
ORD-0006491,CUST-007611,2024-01-18,Desk Organizer,Office,5,26.73,133.65,Completed
ORD-0006492,CUST-004761,2026-03-11,Water Bottle,Lifestyle,6,19.84,119.04,Cancelled
ORD-0006493,CUST-008720,2026-08-16,Webcam,Electronics,5,70.33,351.65,Processing
ORD-0006494,CUST-007836,2025-09-10,Water Bottle,Lifestyle,6,17.39,104.34,Completed
ORD-0006495,CUST-005844,2024-10-26,USB-C Hub,Electronics,4,51.6,206.4,Cancelled
ORD-0006496,CUST-009633,2026-09-01,Wireless Mouse,Electronics,3,28.44,85.32,Shipped
ORD-0006497,CUST-003207,2026-07-21,USB-C Hub,Electronics,2,45.9,91.8,Completed
ORD-0006498,CUST-004373,2025-05-10,Standing Desk,Furniture,1,408.35,408.35,Returned
ORD-0006499,CUST-002862,2024-09-09,Webcam,Electronics,2,81.06,162.12,Processing
ORD-0006500,CUST-002829,2026-08-01,Webcam,Electronics,2,73.94,147.88,Completed
ORD-0006501,CUST-007213,2024-06-05,Webcam,Electronics,5,78.59,392.95,Returned
ORD-0006502,CUST-009268,2023-06-23,USB-C Hub,Electronics,5,48.16,240.8,Shipped
ORD-0006503,CUST-005955,2024-01-22,Ergonomic Chair,Furniture,5,266.83,1334.15,Completed
ORD-0006504,CUST-001795,2021-10-11,Backpack,Lifestyle,4,61.74,246.96,Cancelled
ORD-0006505,CUST-008534,2026-07-01,Mechanical Keyboard,Electronics,6,96.03,576.18,Processing
ORD-0006506,CUST-008449,2025-12-22,USB-C Hub,Electronics,1,45.11,45.11,Cancelled
ORD-0006507,CUST-005722,2026-02-09,USB-C Hub,Electronics,2,44.86,89.72,Completed
ORD-0006508,CUST-003902,2025-01-20,Desk Organizer,Office,2,26.86,53.72,Completed
ORD-0006509,CUST-006390,2025-04-02,Notebook Set,Stationery,1,12.49,12.49,Shipped
ORD-0006510,CUST-004086,2024-10-11,Backpack,Lifestyle,6,55.21,331.26,Completed
ORD-0006511,CUST-008084,2023-05-12,USB-C Hub,Electronics,4,47.74,190.96,Completed
ORD-0006512,CUST-008614,2025-07-22,Notebook Set,Stationery,4,12.57,50.28,Completed
ORD-0006513,CUST-002497,2024-11-07,Ergonomic Chair,Furniture,3,266.93,800.79,Processing
ORD-0006514,CUST-003321,2023-07-12,Webcam,Electronics,2,79.88,159.76,Returned
ORD-0006515,CUST-009419,2021-07-28,Backpack,Lifestyle,6,59.83,358.98,Completed
ORD-0006516,CUST-007781,2025-02-22,Noise-Canceling Headphones,Electronics,6,188.41,1130.46,Completed
ORD-0006517,CUST-005272,2025-07-22,Standing Desk,Furniture,3,397.39,1192.17,Completed
ORD-0006518,CUST-005129,2025-11-30,Water Bottle,Lifestyle,5,19.26,96.3,Completed
ORD-0006519,CUST-004821,2024-12-29,Webcam,Electronics,1,76.62,76.62,Completed
ORD-0006520,CUST-004056,2023-11-12,Standing Desk,Furniture,4,422.21,1688.84,Completed
ORD-0006521,CUST-007149,2026-04-22,Notebook Set,Stationery,1,13.96,13.96,Processing
ORD-0006522,CUST-005291,2025-07-01,USB-C Hub,Electronics,6,52.81,316.86,Completed
ORD-0006523,CUST-009494,2023-05-30,Backpack,Lifestyle,6,64.33,385.98,Cancelled
ORD-0006524,CUST-007440,2026-08-30,Standing Desk,Furniture,1,365.27,365.27,Completed
ORD-0006525,CUST-005038,2023-04-09,Ergonomic Chair,Furniture,2,251.98,503.96,Shipped
ORD-0006526,CUST-009505,2025-09-04,USB-C Hub,Electronics,1,50.48,50.48,Completed
ORD-0006527,CUST-003255,2024-10-20,Webcam,Electronics,1,69.14,69.14,Completed
ORD-0006528,CUST-009948,2024-10-22,Wireless Mouse,Electronics,5,31.97,159.85,Shipped
ORD-0006529,CUST-003889,2024-09-08,Laptop Stand,Office,5,42.93,214.65,Shipped
ORD-0006530,CUST-004616,2026-04-28,Backpack,Lifestyle,1,54.31,54.31,Completed
ORD-0006531,CUST-008178,2024-09-27,Wireless Mouse,Electronics,2,30.22,60.44,Shipped
ORD-0006532,CUST-008403,2026-04-17,Webcam,Electronics,6,67.26,403.56,Completed
ORD-0006533,CUST-003400,2023-11-27,Notebook Set,Stationery,6,13.07,78.42,Processing
ORD-0006534,CUST-007966,2024-06-26,Mechanical Keyboard,Electronics,2,96.58,193.16,Completed
ORD-0006535,CUST-009352,2022-06-21,Water Bottle,Lifestyle,5,19.83,99.15,Shipped
ORD-0006536,CUST-005353,2025-12-28,Water Bottle,Lifestyle,1,18.18,18.18,Processing
ORD-0006537,CUST-007836,2023-05-22,Standing Desk,Furniture,1,401.49,401.49,Cancelled
ORD-0006538,CUST-004883,2026-02-08,Webcam,Electronics,2,73.18,146.36,Shipped
ORD-0006539,CUST-008768,2024-07-17,Mechanical Keyboard,Electronics,6,97.33,583.98,Returned
ORD-0006540,CUST-008117,2024-07-11,Laptop Stand,Office,2,43.27,86.54,Processing
ORD-0006541,CUST-008980,2026-04-29,Standing Desk,Furniture,3,405.93,1217.79,Processing
ORD-0006542,CUST-004279,2022-09-17,Noise-Canceling Headphones,Electronics,5,173.49,867.45,Completed
ORD-0006543,CUST-002331,2025-11-18,Laptop Stand,Office,3,41.26,123.78,Processing
ORD-0006544,CUST-005948,2025-04-28,Standing Desk,Furniture,2,399.93,799.86,Completed
ORD-0006545,CUST-002206,2022-06-04,Water Bottle,Lifestyle,4,19.54,78.16,Shipped
ORD-0006546,CUST-002385,2026-01-19,Water Bottle,Lifestyle,3,17.2,51.6,Cancelled
ORD-0006547,CUST-009998,2025-04-26,Noise-Canceling Headphones,Electronics,3,170.44,511.32,Completed
ORD-0006548,CUST-005329,2025-02-02,Noise-Canceling Headphones,Electronics,2,167.19,334.38,Completed
ORD-0006549,CUST-005680,2026-02-22,Mechanical Keyboard,Electronics,3,93.15,279.45,Cancelled
ORD-0006550,CUST-004605,2026-08-26,Mechanical Keyboard,Electronics,5,87.41,437.05,Completed
ORD-0006551,CUST-009038,2024-06-11,Notebook Set,Stationery,5,12.46,62.3,Shipped
ORD-0006552,CUST-003392,2022-07-01,Ergonomic Chair,Furniture,1,244.57,244.57,Completed
ORD-0006553,CUST-002683,2025-05-24,Desk Organizer,Office,1,22.54,22.54,Completed
ORD-0006554,CUST-005495,2026-06-08,Wireless Mouse,Electronics,3,31.31,93.93,Completed
ORD-0006555,CUST-000419,2026-08-11,Webcam,Electronics,4,75.83,303.32,Completed
ORD-0006556,CUST-009459,2022-11-24,Ergonomic Chair,Furniture,5,240.06,1200.3,Processing
ORD-0006557,CUST-007062,2026-01-03,Mechanical Keyboard,Electronics,6,81.17,487.02,Completed
ORD-0006558,CUST-006872,2026-03-28,Webcam,Electronics,1,80.3,80.3,Completed
ORD-0006559,CUST-008320,2025-08-01,Water Bottle,Lifestyle,2,18.99,37.98,Completed
ORD-0006560,CUST-004709,2023-10-09,Water Bottle,Lifestyle,1,18.53,18.53,Completed
ORD-0006561,CUST-001801,2022-03-08,Wireless Mouse,Electronics,4,29.32,117.28,Completed
ORD-0006562,CUST-004041,2026-04-23,Ergonomic Chair,Furniture,5,237.97,1189.85,Completed
ORD-0006563,CUST-002768,2025-08-27,Laptop Stand,Office,5,47.59,237.95,Processing
ORD-0006564,CUST-009975,2025-01-20,Laptop Stand,Office,6,41.18,247.08,Completed
ORD-0006565,CUST-000722,2024-06-03,Laptop Stand,Office,2,48.25,96.5,Completed
ORD-0006566,CUST-000152,2026-04-19,Mechanical Keyboard,Electronics,6,82.42,494.52,Processing
ORD-0006567,CUST-005401,2024-10-17,Water Bottle,Lifestyle,3,19.11,57.33,Shipped
ORD-0006568,CUST-001657,2025-09-04,USB-C Hub,Electronics,4,46.37,185.48,Completed
ORD-0006569,CUST-003310,2026-03-10,Notebook Set,Stationery,4,12.63,50.52,Completed
ORD-0006570,CUST-008680,2020-08-10,Mechanical Keyboard,Electronics,5,84.92,424.6,Processing
ORD-0006571,CUST-008351,2021-10-31,Standing Desk,Furniture,5,388.5,1942.5,Completed
ORD-0006572,CUST-005770,2024-07-13,Webcam,Electronics,5,67.48,337.4,Completed
ORD-0006573,CUST-002662,2026-04-29,Desk Organizer,Office,6,22.84,137.04,Processing
ORD-0006574,CUST-004032,2025-02-20,Water Bottle,Lifestyle,5,18.35,91.75,Processing
ORD-0006575,CUST-006258,2026-05-18,Webcam,Electronics,1,70.11,70.11,Shipped
ORD-0006576,CUST-000107,2023-12-02,Webcam,Electronics,6,68.92,413.52,Completed
ORD-0006577,CUST-006560,2023-10-07,Water Bottle,Lifestyle,2,17.56,35.12,Returned
ORD-0006578,CUST-000275,2024-11-18,Wireless Mouse,Electronics,5,32.29,161.45,Completed
ORD-0006579,CUST-001409,2026-05-14,Wireless Mouse,Electronics,2,29.06,58.12,Completed
ORD-0006580,CUST-004535,2024-01-12,Noise-Canceling Headphones,Electronics,6,170.13,1020.78,Shipped
ORD-0006581,CUST-001670,2026-03-26,Desk Organizer,Office,6,26.84,161.04,Shipped
ORD-0006582,CUST-007994,2024-11-25,Desk Organizer,Office,1,23.07,23.07,Completed
ORD-0006583,CUST-001995,2024-07-04,Noise-Canceling Headphones,Electronics,2,178.62,357.24,Returned
ORD-0006584,CUST-009415,2026-03-20,Ergonomic Chair,Furniture,6,256,1536,Completed
ORD-0006585,CUST-000868,2025-06-07,Webcam,Electronics,3,74.87,224.61,Processing
ORD-0006586,CUST-009270,2025-05-14,Webcam,Electronics,2,68.41,136.82,Completed
ORD-0006587,CUST-003501,2023-07-23,Webcam,Electronics,1,74.44,74.44,Completed
ORD-0006588,CUST-002137,2025-09-26,Noise-Canceling Headphones,Electronics,3,191.45,574.35,Returned
ORD-0006589,CUST-003689,2025-04-01,Mechanical Keyboard,Electronics,5,97.11,485.55,Returned
ORD-0006590,CUST-000786,2025-04-22,Backpack,Lifestyle,6,59.18,355.08,Completed
ORD-0006591,CUST-003216,2022-10-02,USB-C Hub,Electronics,1,49.79,49.79,Completed
ORD-0006592,CUST-001798,2026-01-30,Noise-Canceling Headphones,Electronics,1,176.66,176.66,Shipped
ORD-0006593,CUST-009899,2025-12-29,Notebook Set,Stationery,3,13.2,39.6,Processing
ORD-0006594,CUST-005061,2024-10-29,Noise-Canceling Headphones,Electronics,5,179.53,897.65,Cancelled
ORD-0006595,CUST-007872,2024-11-15,Backpack,Lifestyle,5,65.14,325.7,Returned
ORD-0006596,CUST-001989,2025-06-10,Standing Desk,Furniture,6,381.71,2290.26,Processing
ORD-0006597,CUST-006198,2026-08-24,Backpack,Lifestyle,2,60.63,121.26,Completed
ORD-0006598,CUST-009800,2025-03-08,USB-C Hub,Electronics,3,53.15,159.45,Processing
ORD-0006599,CUST-004404,2024-08-29,Ergonomic Chair,Furniture,4,270.68,1082.72,Cancelled
ORD-0006600,CUST-001712,2026-08-14,Noise-Canceling Headphones,Electronics,3,174.95,524.85,Returned
ORD-0006601,CUST-006039,2026-08-27,Laptop Stand,Office,4,45.81,183.24,Returned
ORD-0006602,CUST-005378,2023-04-09,Water Bottle,Lifestyle,1,17.24,17.24,Processing
ORD-0006603,CUST-003836,2026-01-02,Noise-Canceling Headphones,Electronics,5,177,885,Completed
ORD-0006604,CUST-004428,2024-06-05,Laptop Stand,Office,1,42.37,42.37,Processing
ORD-0006605,CUST-002583,2025-06-08,Noise-Canceling Headphones,Electronics,4,197.75,791,Completed
ORD-0006606,CUST-000444,2026-07-28,USB-C Hub,Electronics,6,47.71,286.26,Cancelled
ORD-0006607,CUST-008294,2025-09-21,Desk Organizer,Office,3,23.37,70.11,Completed
ORD-0006608,CUST-005221,2025-08-03,Notebook Set,Stationery,5,12.79,63.95,Completed
ORD-0006609,CUST-004768,2026-06-17,Backpack,Lifestyle,4,54.43,217.72,Completed
ORD-0006610,CUST-005654,2025-07-11,Desk Organizer,Office,1,23.59,23.59,Processing
ORD-0006611,CUST-001142,2025-04-15,Notebook Set,Stationery,5,13.3,66.5,Cancelled
ORD-0006612,CUST-006093,2026-03-11,Standing Desk,Furniture,5,381.63,1908.15,Completed
ORD-0006613,CUST-006513,2025-08-02,Laptop Stand,Office,6,49.32,295.92,Processing
ORD-0006614,CUST-005520,2026-04-27,Wireless Mouse,Electronics,3,30.32,90.96,Returned
ORD-0006615,CUST-000245,2025-01-30,Notebook Set,Stationery,1,11.9,11.9,Shipped
ORD-0006616,CUST-009378,2026-08-12,USB-C Hub,Electronics,5,53.31,266.55,Completed
ORD-0006617,CUST-009038,2024-01-09,Standing Desk,Furniture,6,434.28,2605.68,Shipped
ORD-0006618,CUST-008401,2026-01-28,Backpack,Lifestyle,3,56.61,169.83,Completed
ORD-0006619,CUST-004355,2025-07-30,Noise-Canceling Headphones,Electronics,2,172.6,345.2,Completed
ORD-0006620,CUST-009293,2025-10-02,Wireless Mouse,Electronics,1,28.11,28.11,Cancelled
ORD-0006621,CUST-006315,2026-02-15,Notebook Set,Stationery,6,13.34,80.04,Completed
ORD-0006622,CUST-004597,2024-11-06,Mechanical Keyboard,Electronics,6,82.54,495.24,Completed
ORD-0006623,CUST-002622,2023-11-03,Laptop Stand,Office,5,44.85,224.25,Completed
ORD-0006624,CUST-001596,2026-09-02,Mechanical Keyboard,Electronics,2,92.94,185.88,Shipped
ORD-0006625,CUST-003645,2025-07-01,Noise-Canceling Headphones,Electronics,2,181.64,363.28,Returned
ORD-0006626,CUST-002588,2021-10-14,Wireless Mouse,Electronics,5,27.98,139.9,Completed
ORD-0006627,CUST-007231,2022-07-11,Webcam,Electronics,4,74.96,299.84,Cancelled
ORD-0006628,CUST-001388,2023-08-22,Water Bottle,Lifestyle,4,19.3,77.2,Completed
ORD-0006629,CUST-009351,2025-04-05,Laptop Stand,Office,6,41.53,249.18,Returned
ORD-0006630,CUST-003386,2026-02-04,Backpack,Lifestyle,6,59.32,355.92,Shipped
ORD-0006631,CUST-009165,2023-09-08,Standing Desk,Furniture,4,424.36,1697.44,Processing
ORD-0006632,CUST-009024,2026-08-22,Water Bottle,Lifestyle,3,19.96,59.88,Completed
ORD-0006633,CUST-009608,2026-05-02,USB-C Hub,Electronics,3,45.86,137.58,Completed
ORD-0006634,CUST-003014,2025-08-24,Wireless Mouse,Electronics,6,30.7,184.2,Shipped
ORD-0006635,CUST-007089,2023-11-23,Desk Organizer,Office,2,23.91,47.82,Completed
ORD-0006636,CUST-004161,2026-08-16,Ergonomic Chair,Furniture,3,224.79,674.37,Completed
ORD-0006637,CUST-006389,2025-12-04,Wireless Mouse,Electronics,1,28.25,28.25,Completed
ORD-0006638,CUST-003116,2024-06-15,Webcam,Electronics,1,79.55,79.55,Cancelled
ORD-0006639,CUST-009365,2023-10-01,Laptop Stand,Office,6,48.41,290.46,Completed
ORD-0006640,CUST-007923,2022-05-25,Noise-Canceling Headphones,Electronics,1,197.32,197.32,Returned
ORD-0006641,CUST-008540,2026-05-22,Water Bottle,Lifestyle,2,19.09,38.18,Returned
ORD-0006642,CUST-009682,2026-08-13,Desk Organizer,Office,6,24.11,144.66,Completed
ORD-0006643,CUST-009186,2026-07-18,Notebook Set,Stationery,2,12.65,25.3,Returned
ORD-0006644,CUST-003194,2025-08-12,Backpack,Lifestyle,6,63.87,383.22,Returned
ORD-0006645,CUST-005981,2026-03-30,Standing Desk,Furniture,6,412.34,2474.04,Cancelled
ORD-0006646,CUST-009909,2022-12-22,Mechanical Keyboard,Electronics,6,83.7,502.2,Processing
ORD-0006647,CUST-002841,2026-08-27,Water Bottle,Lifestyle,3,17.14,51.42,Completed
ORD-0006648,CUST-003040,2025-10-27,Standing Desk,Furniture,3,360.48,1081.44,Returned
ORD-0006649,CUST-007026,2024-06-26,Laptop Stand,Office,5,41.29,206.45,Shipped
ORD-0006650,CUST-007176,2024-10-01,Water Bottle,Lifestyle,4,19.14,76.56,Returned
ORD-0006651,CUST-001097,2024-11-11,Noise-Canceling Headphones,Electronics,5,192.22,961.1,Processing
ORD-0006652,CUST-007244,2026-08-01,Backpack,Lifestyle,5,57.04,285.2,Cancelled
ORD-0006653,CUST-008837,2026-03-28,USB-C Hub,Electronics,2,46.07,92.14,Cancelled
ORD-0006654,CUST-004154,2026-05-19,USB-C Hub,Electronics,6,53.02,318.12,Processing
ORD-0006655,CUST-003715,2023-12-23,Desk Organizer,Office,5,24.75,123.75,Shipped
ORD-0006656,CUST-006983,2025-07-07,Notebook Set,Stationery,6,12.12,72.72,Completed
ORD-0006657,CUST-000996,2023-05-23,Webcam,Electronics,1,76.24,76.24,Completed
ORD-0006658,CUST-004034,2023-08-15,Ergonomic Chair,Furniture,4,225.98,903.92,Processing
ORD-0006659,CUST-007084,2024-11-02,Backpack,Lifestyle,4,57.1,228.4,Shipped
ORD-0006660,CUST-007615,2022-10-07,Water Bottle,Lifestyle,4,17.67,70.68,Processing
ORD-0006661,CUST-002202,2020-12-21,Notebook Set,Stationery,1,11.48,11.48,Cancelled
ORD-0006662,CUST-009883,2026-07-03,Webcam,Electronics,2,69.1,138.2,Processing
ORD-0006663,CUST-004985,2025-06-04,Ergonomic Chair,Furniture,6,240.03,1440.18,Completed
ORD-0006664,CUST-009598,2024-12-18,USB-C Hub,Electronics,4,51.51,206.04,Processing
ORD-0006665,CUST-000100,2021-01-11,Noise-Canceling Headphones,Electronics,6,186.16,1116.96,Shipped
ORD-0006666,CUST-002125,2023-10-21,Water Bottle,Lifestyle,4,17.16,68.64,Returned
ORD-0006667,CUST-002474,2022-07-08,Wireless Mouse,Electronics,5,31.79,158.95,Processing
ORD-0006668,CUST-007536,2025-11-06,Standing Desk,Furniture,6,435.21,2611.26,Completed
ORD-0006669,CUST-004226,2026-08-20,Standing Desk,Furniture,6,373.74,2242.44,Shipped
ORD-0006670,CUST-004146,2026-05-26,Wireless Mouse,Electronics,5,30.27,151.35,Completed
ORD-0006671,CUST-002899,2022-03-08,Backpack,Lifestyle,6,54,324,Cancelled
ORD-0006672,CUST-007341,2026-03-04,Water Bottle,Lifestyle,3,17.87,53.61,Shipped
ORD-0006673,CUST-002085,2026-06-09,Noise-Canceling Headphones,Electronics,4,189.4,757.6,Processing
ORD-0006674,CUST-006023,2025-03-17,Noise-Canceling Headphones,Electronics,4,181.91,727.64,Shipped
ORD-0006675,CUST-008033,2024-01-28,USB-C Hub,Electronics,2,53.22,106.44,Shipped
ORD-0006676,CUST-001533,2025-11-09,USB-C Hub,Electronics,3,51.78,155.34,Completed
ORD-0006677,CUST-008345,2025-12-23,Laptop Stand,Office,6,42.32,253.92,Returned
ORD-0006678,CUST-006384,2023-11-29,Mechanical Keyboard,Electronics,1,82,82,Returned
ORD-0006679,CUST-001336,2024-07-10,Mechanical Keyboard,Electronics,6,94.27,565.62,Completed
ORD-0006680,CUST-002654,2025-05-02,Standing Desk,Furniture,1,425.69,425.69,Cancelled
ORD-0006681,CUST-007168,2026-01-07,Laptop Stand,Office,6,41.4,248.4,Completed
ORD-0006682,CUST-002382,2023-10-02,Water Bottle,Lifestyle,1,19.48,19.48,Completed
ORD-0006683,CUST-004342,2021-08-23,USB-C Hub,Electronics,6,47.39,284.34,Completed
ORD-0006684,CUST-004810,2025-01-07,Standing Desk,Furniture,6,379.24,2275.44,Completed
ORD-0006685,CUST-007652,2026-06-12,Mechanical Keyboard,Electronics,3,86.55,259.65,Processing
ORD-0006686,CUST-007807,2025-10-06,Notebook Set,Stationery,5,11.96,59.8,Processing
ORD-0006687,CUST-006173,2026-03-31,Webcam,Electronics,5,71.72,358.6,Returned
ORD-0006688,CUST-003341,2024-12-24,Notebook Set,Stationery,4,12.4,49.6,Completed
ORD-0006689,CUST-002411,2024-06-12,Standing Desk,Furniture,2,430.82,861.64,Shipped
ORD-0006690,CUST-009311,2025-09-28,Ergonomic Chair,Furniture,4,228.14,912.56,Completed
ORD-0006691,CUST-006172,2025-02-23,Backpack,Lifestyle,3,55.43,166.29,Completed
ORD-0006692,CUST-002614,2023-08-29,Notebook Set,Stationery,6,12.57,75.42,Returned
ORD-0006693,CUST-009272,2025-05-26,Mechanical Keyboard,Electronics,4,81.6,326.4,Returned
ORD-0006694,CUST-000767,2026-08-25,Wireless Mouse,Electronics,3,30.64,91.92,Cancelled
ORD-0006695,CUST-009667,2021-12-22,Mechanical Keyboard,Electronics,2,95.42,190.84,Completed
ORD-0006696,CUST-001942,2023-11-02,USB-C Hub,Electronics,1,53.34,53.34,Cancelled
ORD-0006697,CUST-006099,2025-07-10,Standing Desk,Furniture,4,422.05,1688.2,Completed
ORD-0006698,CUST-005749,2026-07-02,Water Bottle,Lifestyle,6,19.1,114.6,Completed
ORD-0006699,CUST-006857,2024-03-04,Backpack,Lifestyle,1,59.21,59.21,Completed
ORD-0006700,CUST-009621,2026-03-02,Standing Desk,Furniture,3,420.86,1262.58,Completed
ORD-0006701,CUST-008742,2025-10-29,Backpack,Lifestyle,1,59.96,59.96,Completed
ORD-0006702,CUST-008134,2026-05-06,Water Bottle,Lifestyle,1,18.33,18.33,Completed
ORD-0006703,CUST-004825,2026-08-18,Mechanical Keyboard,Electronics,3,97.21,291.63,Cancelled
ORD-0006704,CUST-005108,2026-08-24,Ergonomic Chair,Furniture,4,228.29,913.16,Completed
ORD-0006705,CUST-002111,2020-11-10,Water Bottle,Lifestyle,6,18.27,109.62,Returned
ORD-0006706,CUST-000839,2026-08-27,Webcam,Electronics,2,71.24,142.48,Completed
ORD-0006707,CUST-002672,2026-05-26,Notebook Set,Stationery,4,13.36,53.44,Completed
ORD-0006708,CUST-009304,2026-02-01,Webcam,Electronics,1,67.87,67.87,Returned
ORD-0006709,CUST-004377,2022-05-28,Notebook Set,Stationery,5,11.58,57.9,Completed
ORD-0006710,CUST-002671,2025-11-21,Ergonomic Chair,Furniture,2,250.28,500.56,Processing
ORD-0006711,CUST-009782,2026-07-26,USB-C Hub,Electronics,4,48.45,193.8,Completed
ORD-0006712,CUST-002978,2024-11-20,Water Bottle,Lifestyle,1,19.37,19.37,Shipped
ORD-0006713,CUST-004296,2025-09-28,Desk Organizer,Office,1,23.62,23.62,Returned
ORD-0006714,CUST-003307,2026-02-14,Wireless Mouse,Electronics,5,29.65,148.25,Returned
ORD-0006715,CUST-007206,2025-02-15,Noise-Canceling Headphones,Electronics,1,169.31,169.31,Cancelled
ORD-0006716,CUST-003308,2022-02-14,Mechanical Keyboard,Electronics,1,88.27,88.27,Returned
ORD-0006717,CUST-001655,2020-02-19,Ergonomic Chair,Furniture,3,243.06,729.18,Completed
ORD-0006718,CUST-006406,2026-07-13,Laptop Stand,Office,4,45.12,180.48,Shipped
ORD-0006719,CUST-002174,2026-08-19,Backpack,Lifestyle,5,61.88,309.4,Cancelled
ORD-0006720,CUST-008550,2026-08-30,Mechanical Keyboard,Electronics,3,90.35,271.05,Completed
ORD-0006721,CUST-000850,2026-04-12,Water Bottle,Lifestyle,3,18.77,56.31,Shipped
ORD-0006722,CUST-000831,2026-03-28,Backpack,Lifestyle,1,59.75,59.75,Completed
ORD-0006723,CUST-005735,2023-04-18,Noise-Canceling Headphones,Electronics,3,175.6,526.8,Shipped
ORD-0006724,CUST-000829,2026-07-26,Webcam,Electronics,4,67.85,271.4,Shipped
ORD-0006725,CUST-007584,2025-06-17,Noise-Canceling Headphones,Electronics,4,174.44,697.76,Cancelled
ORD-0006726,CUST-000012,2021-03-03,Ergonomic Chair,Furniture,4,258.23,1032.92,Returned
ORD-0006727,CUST-003515,2025-09-22,Water Bottle,Lifestyle,6,20.85,125.1,Completed
ORD-0006728,CUST-007059,2025-03-06,Noise-Canceling Headphones,Electronics,4,167.52,670.08,Returned
ORD-0006729,CUST-008690,2024-09-04,Water Bottle,Lifestyle,2,18.99,37.98,Shipped
ORD-0006730,CUST-009421,2025-11-19,Water Bottle,Lifestyle,6,19.69,118.14,Completed
ORD-0006731,CUST-009604,2023-03-07,USB-C Hub,Electronics,2,48.54,97.08,Shipped
ORD-0006732,CUST-007986,2025-06-08,Desk Organizer,Office,1,24.33,24.33,Shipped
ORD-0006733,CUST-005082,2023-10-02,Ergonomic Chair,Furniture,5,231.55,1157.75,Cancelled
ORD-0006734,CUST-002181,2026-05-15,Desk Organizer,Office,2,24.06,48.12,Completed
ORD-0006735,CUST-003570,2026-07-16,Noise-Canceling Headphones,Electronics,3,162.52,487.56,Shipped
ORD-0006736,CUST-005354,2026-05-13,Backpack,Lifestyle,4,62.65,250.6,Processing
ORD-0006737,CUST-007827,2026-07-04,Backpack,Lifestyle,1,64.87,64.87,Completed
ORD-0006738,CUST-002792,2026-01-13,Wireless Mouse,Electronics,3,30.3,90.9,Processing
ORD-0006739,CUST-000594,2024-11-08,USB-C Hub,Electronics,4,51.36,205.44,Processing
ORD-0006740,CUST-007198,2024-01-24,Water Bottle,Lifestyle,5,17.39,86.95,Returned
ORD-0006741,CUST-007349,2023-11-22,Standing Desk,Furniture,5,427.69,2138.45,Completed
ORD-0006742,CUST-008993,2026-08-27,Backpack,Lifestyle,3,53.76,161.28,Completed
ORD-0006743,CUST-004732,2026-07-22,Laptop Stand,Office,3,43.23,129.69,Processing
ORD-0006744,CUST-001266,2021-11-20,Ergonomic Chair,Furniture,1,262.76,262.76,Completed
ORD-0006745,CUST-005745,2025-06-20,Standing Desk,Furniture,1,385.55,385.55,Shipped
ORD-0006746,CUST-001737,2026-06-25,Webcam,Electronics,1,68.71,68.71,Completed
ORD-0006747,CUST-005302,2023-07-07,Desk Organizer,Office,1,22.61,22.61,Cancelled
ORD-0006748,CUST-006557,2026-06-06,Notebook Set,Stationery,4,12.61,50.44,Cancelled
ORD-0006749,CUST-002243,2023-05-02,Water Bottle,Lifestyle,4,20.27,81.08,Processing
ORD-0006750,CUST-003300,2025-12-26,Mechanical Keyboard,Electronics,6,93.38,560.28,Completed
ORD-0006751,CUST-006395,2026-08-02,Water Bottle,Lifestyle,6,19.71,118.26,Completed
ORD-0006752,CUST-002990,2025-01-20,Desk Organizer,Office,3,24.87,74.61,Cancelled
ORD-0006753,CUST-001772,2020-08-06,Desk Organizer,Office,1,25.43,25.43,Cancelled
ORD-0006754,CUST-003507,2026-06-10,Webcam,Electronics,5,78.91,394.55,Shipped
ORD-0006755,CUST-009514,2025-07-19,Laptop Stand,Office,3,44.42,133.26,Completed
ORD-0006756,CUST-009202,2025-05-12,Standing Desk,Furniture,3,363.13,1089.39,Returned
ORD-0006757,CUST-006658,2024-02-07,USB-C Hub,Electronics,3,45.83,137.49,Processing
ORD-0006758,CUST-004093,2024-09-26,Laptop Stand,Office,2,45.23,90.46,Completed
ORD-0006759,CUST-009331,2024-10-05,Notebook Set,Stationery,5,13.23,66.15,Completed
ORD-0006760,CUST-008458,2026-06-19,Mechanical Keyboard,Electronics,4,88.99,355.96,Shipped
ORD-0006761,CUST-001456,2026-04-26,Water Bottle,Lifestyle,4,17.17,68.68,Shipped
ORD-0006762,CUST-001181,2022-07-26,Ergonomic Chair,Furniture,4,238,952,Completed
ORD-0006763,CUST-002579,2020-09-07,Desk Organizer,Office,4,22.18,88.72,Completed
ORD-0006764,CUST-002699,2022-12-16,USB-C Hub,Electronics,4,46.74,186.96,Processing
ORD-0006765,CUST-000893,2023-11-14,Mechanical Keyboard,Electronics,3,83.05,249.15,Cancelled
ORD-0006766,CUST-005884,2025-06-27,Water Bottle,Lifestyle,6,18,108,Cancelled
ORD-0006767,CUST-000062,2021-05-29,Water Bottle,Lifestyle,2,20.86,41.72,Processing
ORD-0006768,CUST-004710,2024-09-08,Desk Organizer,Office,4,25.21,100.84,Shipped
ORD-0006769,CUST-000943,2022-04-13,Water Bottle,Lifestyle,1,19.81,19.81,Returned
ORD-0006770,CUST-003043,2023-06-27,Webcam,Electronics,1,72.03,72.03,Returned
ORD-0006771,CUST-001789,2023-03-10,Laptop Stand,Office,3,40.88,122.64,Processing
ORD-0006772,CUST-008411,2023-06-28,Desk Organizer,Office,3,23.58,70.74,Completed
ORD-0006773,CUST-003031,2025-04-14,Backpack,Lifestyle,2,60.63,121.26,Completed
ORD-0006774,CUST-008076,2023-08-02,Water Bottle,Lifestyle,4,18.28,73.12,Completed
ORD-0006775,CUST-005239,2025-09-05,Standing Desk,Furniture,6,428.97,2573.82,Cancelled
ORD-0006776,CUST-007276,2026-02-14,Webcam,Electronics,6,67.65,405.9,Completed
ORD-0006777,CUST-001349,2024-01-05,Ergonomic Chair,Furniture,6,272.99,1637.94,Shipped
ORD-0006778,CUST-001960,2026-06-25,Laptop Stand,Office,2,41.71,83.42,Completed
ORD-0006779,CUST-006747,2023-07-23,Mechanical Keyboard,Electronics,4,98.23,392.92,Shipped
ORD-0006780,CUST-000875,2024-06-19,Laptop Stand,Office,6,41.91,251.46,Completed
ORD-0006781,CUST-003314,2025-02-10,Water Bottle,Lifestyle,4,18.82,75.28,Completed
ORD-0006782,CUST-004338,2024-05-16,Desk Organizer,Office,2,26.23,52.46,Completed
ORD-0006783,CUST-006015,2025-01-31,USB-C Hub,Electronics,4,50.4,201.6,Processing
ORD-0006784,CUST-009544,2024-08-22,Water Bottle,Lifestyle,6,18.87,113.22,Processing
ORD-0006785,CUST-003135,2026-03-04,Desk Organizer,Office,5,23.49,117.45,Completed
ORD-0006786,CUST-004750,2025-05-08,Standing Desk,Furniture,4,418.17,1672.68,Cancelled
ORD-0006787,CUST-003747,2026-07-20,USB-C Hub,Electronics,2,44.89,89.78,Completed
ORD-0006788,CUST-007177,2021-10-29,Backpack,Lifestyle,5,59.57,297.85,Completed
ORD-0006789,CUST-008516,2025-08-19,Standing Desk,Furniture,4,368.15,1472.6,Shipped
ORD-0006790,CUST-001984,2025-11-02,Desk Organizer,Office,2,24.64,49.28,Completed
ORD-0006791,CUST-002417,2023-02-08,Noise-Canceling Headphones,Electronics,4,164.35,657.4,Completed
ORD-0006792,CUST-002142,2023-04-15,Laptop Stand,Office,2,42.55,85.1,Completed
ORD-0006793,CUST-000482,2026-05-20,Standing Desk,Furniture,6,424.81,2548.86,Shipped
ORD-0006794,CUST-001563,2025-07-11,USB-C Hub,Electronics,5,47.5,237.5,Shipped
ORD-0006795,CUST-000148,2025-01-05,Notebook Set,Stationery,4,13.37,53.48,Cancelled
ORD-0006796,CUST-006327,2025-01-02,Ergonomic Chair,Furniture,5,257.84,1289.2,Shipped
ORD-0006797,CUST-006321,2024-09-01,Ergonomic Chair,Furniture,4,268.11,1072.44,Processing
ORD-0006798,CUST-001345,2025-11-11,Backpack,Lifestyle,6,59.63,357.78,Shipped
ORD-0006799,CUST-007728,2023-10-12,Ergonomic Chair,Furniture,4,264.73,1058.92,Completed
ORD-0006800,CUST-002307,2024-12-11,Noise-Canceling Headphones,Electronics,3,175.34,526.02,Shipped
ORD-0006801,CUST-005668,2025-01-23,Water Bottle,Lifestyle,1,20.45,20.45,Cancelled
ORD-0006802,CUST-005256,2025-09-12,USB-C Hub,Electronics,2,45.2,90.4,Cancelled
ORD-0006803,CUST-008747,2026-07-21,Backpack,Lifestyle,5,53.74,268.7,Completed
ORD-0006804,CUST-008634,2025-07-20,Ergonomic Chair,Furniture,3,253.74,761.22,Shipped
ORD-0006805,CUST-009695,2026-03-26,Notebook Set,Stationery,1,12.59,12.59,Completed
ORD-0006806,CUST-005144,2025-01-11,Noise-Canceling Headphones,Electronics,2,177.07,354.14,Returned
ORD-0006807,CUST-002856,2025-05-14,Backpack,Lifestyle,3,64.37,193.11,Cancelled
ORD-0006808,CUST-003262,2022-01-27,Wireless Mouse,Electronics,5,29.66,148.3,Cancelled
ORD-0006809,CUST-003442,2024-05-25,Standing Desk,Furniture,5,388.12,1940.6,Processing
ORD-0006810,CUST-000762,2025-04-12,USB-C Hub,Electronics,5,45.07,225.35,Returned
ORD-0006811,CUST-002156,2026-02-03,Ergonomic Chair,Furniture,1,273.72,273.72,Returned
ORD-0006812,CUST-005081,2026-08-08,Ergonomic Chair,Furniture,1,258.8,258.8,Returned
ORD-0006813,CUST-001262,2023-04-08,Ergonomic Chair,Furniture,1,235.62,235.62,Returned
ORD-0006814,CUST-007871,2023-09-23,Water Bottle,Lifestyle,4,18.03,72.12,Returned
ORD-0006815,CUST-000710,2025-10-24,Notebook Set,Stationery,5,11.83,59.15,Shipped
ORD-0006816,CUST-003592,2023-12-17,Backpack,Lifestyle,6,59.53,357.18,Processing
ORD-0006817,CUST-005398,2025-12-29,Desk Organizer,Office,5,22.83,114.15,Cancelled
ORD-0006818,CUST-004472,2022-11-09,Desk Organizer,Office,5,23.14,115.7,Shipped
ORD-0006819,CUST-007177,2026-06-14,Webcam,Electronics,2,70.75,141.5,Completed
ORD-0006820,CUST-006697,2025-09-29,Wireless Mouse,Electronics,6,32.26,193.56,Cancelled
ORD-0006821,CUST-007680,2026-06-24,USB-C Hub,Electronics,1,53.57,53.57,Completed
ORD-0006822,CUST-005160,2023-07-26,Ergonomic Chair,Furniture,1,239.41,239.41,Cancelled
ORD-0006823,CUST-000577,2025-08-01,Wireless Mouse,Electronics,1,30.05,30.05,Completed
ORD-0006824,CUST-006619,2024-05-06,USB-C Hub,Electronics,5,44.31,221.55,Cancelled
ORD-0006825,CUST-004350,2021-09-13,USB-C Hub,Electronics,3,50.19,150.57,Completed
ORD-0006826,CUST-003607,2026-05-13,USB-C Hub,Electronics,6,45.83,274.98,Completed
ORD-0006827,CUST-009176,2026-07-13,Backpack,Lifestyle,1,58.3,58.3,Completed
ORD-0006828,CUST-003940,2026-04-04,Noise-Canceling Headphones,Electronics,3,177.48,532.44,Completed
ORD-0006829,CUST-004014,2026-02-26,Mechanical Keyboard,Electronics,3,80.64,241.92,Completed
ORD-0006830,CUST-003163,2025-09-21,Webcam,Electronics,2,69.1,138.2,Returned
ORD-0006831,CUST-002497,2023-09-17,Ergonomic Chair,Furniture,1,258.33,258.33,Completed
ORD-0006832,CUST-009775,2024-10-31,Backpack,Lifestyle,5,63.57,317.85,Returned
ORD-0006833,CUST-008710,2026-06-12,Standing Desk,Furniture,3,437.92,1313.76,Completed
ORD-0006834,CUST-005591,2026-01-05,USB-C Hub,Electronics,1,47.88,47.88,Processing
ORD-0006835,CUST-006458,2025-01-13,Notebook Set,Stationery,2,12.13,24.26,Completed
ORD-0006836,CUST-006062,2024-07-19,USB-C Hub,Electronics,3,53.68,161.04,Completed
ORD-0006837,CUST-008113,2026-08-12,Laptop Stand,Office,3,47.8,143.4,Completed
ORD-0006838,CUST-007921,2024-01-13,Backpack,Lifestyle,6,60.6,363.6,Completed
ORD-0006839,CUST-001635,2026-03-14,Standing Desk,Furniture,2,392.9,785.8,Processing
ORD-0006840,CUST-003980,2024-02-01,Notebook Set,Stationery,5,11.75,58.75,Shipped
ORD-0006841,CUST-006858,2020-11-23,Ergonomic Chair,Furniture,2,264.94,529.88,Returned
ORD-0006842,CUST-007431,2023-12-01,Notebook Set,Stationery,5,13.86,69.3,Cancelled
ORD-0006843,CUST-004644,2024-09-30,Backpack,Lifestyle,4,60.22,240.88,Cancelled
ORD-0006844,CUST-000492,2025-01-03,Noise-Canceling Headphones,Electronics,1,176.96,176.96,Completed
ORD-0006845,CUST-004985,2023-10-22,Standing Desk,Furniture,2,392.32,784.64,Completed
ORD-0006846,CUST-004748,2025-05-11,Mechanical Keyboard,Electronics,1,88.91,88.91,Shipped
ORD-0006847,CUST-002659,2021-08-05,Laptop Stand,Office,1,49.44,49.44,Completed
ORD-0006848,CUST-003014,2024-12-08,Ergonomic Chair,Furniture,1,233.94,233.94,Completed
ORD-0006849,CUST-001521,2026-01-22,Desk Organizer,Office,2,24.23,48.46,Completed
ORD-0006850,CUST-005086,2025-12-20,Notebook Set,Stationery,5,12.75,63.75,Completed
ORD-0006851,CUST-001043,2026-08-23,Laptop Stand,Office,5,42.92,214.6,Completed
ORD-0006852,CUST-002206,2024-12-08,Laptop Stand,Office,4,48.07,192.28,Processing
ORD-0006853,CUST-001170,2023-09-11,Backpack,Lifestyle,1,63.05,63.05,Completed
ORD-0006854,CUST-007596,2026-01-02,Backpack,Lifestyle,5,62.49,312.45,Shipped
ORD-0006855,CUST-004113,2026-03-09,Mechanical Keyboard,Electronics,2,92.38,184.76,Cancelled
ORD-0006856,CUST-002893,2023-11-15,Noise-Canceling Headphones,Electronics,4,186.2,744.8,Completed
ORD-0006857,CUST-004147,2021-02-09,Mechanical Keyboard,Electronics,1,87.43,87.43,Returned
ORD-0006858,CUST-002848,2024-11-07,Backpack,Lifestyle,3,57.19,171.57,Processing
ORD-0006859,CUST-009028,2023-11-17,Water Bottle,Lifestyle,1,17.24,17.24,Completed
ORD-0006860,CUST-003105,2026-05-25,Mechanical Keyboard,Electronics,6,89.85,539.1,Shipped
ORD-0006861,CUST-009117,2023-06-07,USB-C Hub,Electronics,1,47.81,47.81,Completed
ORD-0006862,CUST-008436,2025-07-14,Water Bottle,Lifestyle,6,18.64,111.84,Completed
ORD-0006863,CUST-002795,2023-03-27,USB-C Hub,Electronics,6,44.68,268.08,Completed
ORD-0006864,CUST-001246,2026-06-26,Water Bottle,Lifestyle,4,17.87,71.48,Completed
ORD-0006865,CUST-009278,2025-07-26,Backpack,Lifestyle,1,63.13,63.13,Completed
ORD-0006866,CUST-002712,2026-01-16,Desk Organizer,Office,2,22.25,44.5,Completed
ORD-0006867,CUST-002413,2024-11-13,Notebook Set,Stationery,3,13.06,39.18,Completed
ORD-0006868,CUST-001388,2023-10-04,Ergonomic Chair,Furniture,1,262.2,262.2,Cancelled
ORD-0006869,CUST-001557,2026-04-29,Ergonomic Chair,Furniture,1,245.35,245.35,Shipped
ORD-0006870,CUST-006634,2023-09-18,Wireless Mouse,Electronics,3,29.03,87.09,Shipped
ORD-0006871,CUST-008129,2025-08-28,Webcam,Electronics,2,76.73,153.46,Completed
ORD-0006872,CUST-006687,2026-04-09,USB-C Hub,Electronics,5,49.18,245.9,Returned
ORD-0006873,CUST-008930,2024-05-30,USB-C Hub,Electronics,1,53.35,53.35,Completed
ORD-0006874,CUST-003753,2025-07-10,USB-C Hub,Electronics,1,52,52,Shipped
ORD-0006875,CUST-009826,2026-01-28,Water Bottle,Lifestyle,1,18.42,18.42,Completed
ORD-0006876,CUST-000928,2023-01-09,Desk Organizer,Office,3,26.63,79.89,Shipped
ORD-0006877,CUST-005880,2025-04-07,Ergonomic Chair,Furniture,3,249.43,748.29,Shipped
ORD-0006878,CUST-008319,2024-01-03,Standing Desk,Furniture,1,385.76,385.76,Completed
ORD-0006879,CUST-006539,2026-07-28,Desk Organizer,Office,5,23.55,117.75,Completed
ORD-0006880,CUST-008192,2025-04-22,Standing Desk,Furniture,5,385.2,1926,Completed
ORD-0006881,CUST-006962,2026-07-29,Standing Desk,Furniture,4,403.12,1612.48,Cancelled
ORD-0006882,CUST-001504,2026-01-01,Mechanical Keyboard,Electronics,2,81.54,163.08,Completed
ORD-0006883,CUST-009084,2026-03-05,Backpack,Lifestyle,5,60.02,300.1,Completed
ORD-0006884,CUST-000647,2020-08-03,Ergonomic Chair,Furniture,6,241.07,1446.42,Completed
ORD-0006885,CUST-008509,2025-01-18,Water Bottle,Lifestyle,5,20.59,102.95,Completed
ORD-0006886,CUST-005766,2021-07-05,Standing Desk,Furniture,6,438.24,2629.44,Cancelled
ORD-0006887,CUST-005828,2024-06-03,Notebook Set,Stationery,2,12.52,25.04,Processing
ORD-0006888,CUST-004472,2024-05-20,Standing Desk,Furniture,3,380.78,1142.34,Processing
ORD-0006889,CUST-003454,2024-02-10,Noise-Canceling Headphones,Electronics,3,173.86,521.58,Returned
ORD-0006890,CUST-007324,2025-09-02,Desk Organizer,Office,1,24.62,24.62,Cancelled
ORD-0006891,CUST-001569,2026-01-04,Noise-Canceling Headphones,Electronics,5,196.54,982.7,Cancelled
ORD-0006892,CUST-003892,2022-12-19,Standing Desk,Furniture,6,373.95,2243.7,Shipped
ORD-0006893,CUST-009277,2025-11-24,Backpack,Lifestyle,5,55.06,275.3,Cancelled
ORD-0006894,CUST-006766,2026-08-17,Notebook Set,Stationery,6,13.18,79.08,Returned
ORD-0006895,CUST-009552,2025-12-04,USB-C Hub,Electronics,3,50.3,150.9,Shipped
ORD-0006896,CUST-003351,2025-04-23,Webcam,Electronics,2,79.28,158.56,Completed
ORD-0006897,CUST-009082,2025-10-28,Water Bottle,Lifestyle,5,18.49,92.45,Completed
ORD-0006898,CUST-007779,2024-05-08,Notebook Set,Stationery,5,11.92,59.6,Completed
ORD-0006899,CUST-006602,2026-03-29,Laptop Stand,Office,2,42.51,85.02,Shipped
ORD-0006900,CUST-007805,2026-08-31,Mechanical Keyboard,Electronics,5,89.68,448.4,Returned
ORD-0006901,CUST-005797,2024-01-10,Wireless Mouse,Electronics,6,28.2,169.2,Completed
ORD-0006902,CUST-004005,2025-06-16,Backpack,Lifestyle,6,58.53,351.18,Cancelled
ORD-0006903,CUST-001390,2025-08-17,Wireless Mouse,Electronics,6,28.22,169.32,Processing
ORD-0006904,CUST-001139,2026-08-07,Laptop Stand,Office,3,43.95,131.85,Shipped
ORD-0006905,CUST-009494,2024-04-01,Backpack,Lifestyle,2,60.42,120.84,Processing
ORD-0006906,CUST-004017,2022-05-17,Desk Organizer,Office,3,22.68,68.04,Processing
ORD-0006907,CUST-005818,2026-06-04,Standing Desk,Furniture,2,382.05,764.1,Returned
ORD-0006908,CUST-002707,2025-12-12,Noise-Canceling Headphones,Electronics,6,166.38,998.28,Returned
ORD-0006909,CUST-007842,2026-08-15,Wireless Mouse,Electronics,6,28.53,171.18,Completed
ORD-0006910,CUST-004432,2025-02-21,Noise-Canceling Headphones,Electronics,2,194.98,389.96,Completed
ORD-0006911,CUST-009528,2026-02-25,Noise-Canceling Headphones,Electronics,3,175.84,527.52,Processing
ORD-0006912,CUST-002006,2026-06-16,Wireless Mouse,Electronics,1,32.47,32.47,Cancelled
ORD-0006913,CUST-009681,2025-07-04,Standing Desk,Furniture,3,370.1,1110.3,Completed
ORD-0006914,CUST-001137,2024-06-20,USB-C Hub,Electronics,1,50.06,50.06,Completed
ORD-0006915,CUST-007543,2025-02-14,Mechanical Keyboard,Electronics,6,95.29,571.74,Completed
ORD-0006916,CUST-001464,2025-10-25,Webcam,Electronics,6,74.56,447.36,Returned
ORD-0006917,CUST-001718,2026-07-05,Notebook Set,Stationery,6,13.75,82.5,Cancelled
ORD-0006918,CUST-008644,2020-05-10,Water Bottle,Lifestyle,1,18.65,18.65,Completed
ORD-0006919,CUST-001025,2025-06-04,Notebook Set,Stationery,4,13.76,55.04,Processing
ORD-0006920,CUST-007360,2024-05-28,Mechanical Keyboard,Electronics,2,83.3,166.6,Processing
ORD-0006921,CUST-008357,2024-04-10,Wireless Mouse,Electronics,5,32.54,162.7,Processing
ORD-0006922,CUST-007572,2024-09-11,Standing Desk,Furniture,5,428.43,2142.15,Processing
ORD-0006923,CUST-001165,2025-03-04,USB-C Hub,Electronics,6,51.03,306.18,Processing
ORD-0006924,CUST-008867,2026-02-22,Ergonomic Chair,Furniture,6,269.99,1619.94,Completed
ORD-0006925,CUST-004640,2023-05-24,Laptop Stand,Office,3,46.08,138.24,Completed
ORD-0006926,CUST-000251,2025-05-18,Notebook Set,Stationery,4,13.14,52.56,Completed
ORD-0006927,CUST-006193,2026-08-22,Standing Desk,Furniture,2,387.89,775.78,Completed
ORD-0006928,CUST-005220,2025-12-21,Wireless Mouse,Electronics,2,29.66,59.32,Completed
ORD-0006929,CUST-002330,2026-07-26,Noise-Canceling Headphones,Electronics,5,196.33,981.65,Completed
ORD-0006930,CUST-004457,2025-03-15,Laptop Stand,Office,2,41.72,83.44,Completed
ORD-0006931,CUST-001515,2024-04-12,Laptop Stand,Office,4,44.31,177.24,Returned
ORD-0006932,CUST-001007,2026-08-27,Ergonomic Chair,Furniture,4,224.95,899.8,Completed
ORD-0006933,CUST-009105,2025-05-16,Notebook Set,Stationery,5,12.31,61.55,Shipped
ORD-0006934,CUST-005259,2026-07-20,Wireless Mouse,Electronics,4,32,128,Completed
ORD-0006935,CUST-002972,2025-04-08,Notebook Set,Stationery,6,13.39,80.34,Completed
ORD-0006936,CUST-009590,2024-12-04,Backpack,Lifestyle,1,61.62,61.62,Shipped
ORD-0006937,CUST-000882,2025-10-24,USB-C Hub,Electronics,2,52.08,104.16,Completed
ORD-0006938,CUST-005009,2024-06-30,Standing Desk,Furniture,1,404.35,404.35,Processing
ORD-0006939,CUST-003234,2025-03-12,Wireless Mouse,Electronics,4,30.25,121,Processing
ORD-0006940,CUST-004647,2025-09-26,Mechanical Keyboard,Electronics,1,82.18,82.18,Cancelled
ORD-0006941,CUST-007268,2025-04-19,Ergonomic Chair,Furniture,6,257.03,1542.18,Completed
ORD-0006942,CUST-001439,2024-07-05,Webcam,Electronics,4,74.5,298,Completed
ORD-0006943,CUST-001304,2026-09-02,Notebook Set,Stationery,4,13.55,54.2,Completed
ORD-0006944,CUST-009837,2026-08-12,Laptop Stand,Office,1,42.51,42.51,Shipped
ORD-0006945,CUST-000136,2026-06-24,Wireless Mouse,Electronics,3,27.64,82.92,Returned
ORD-0006946,CUST-003899,2024-08-01,Mechanical Keyboard,Electronics,4,83,332,Completed
ORD-0006947,CUST-005157,2023-02-12,Noise-Canceling Headphones,Electronics,5,165.5,827.5,Shipped
ORD-0006948,CUST-006599,2026-01-09,Laptop Stand,Office,1,48.26,48.26,Completed
ORD-0006949,CUST-005319,2026-07-26,Standing Desk,Furniture,3,401.36,1204.08,Returned
ORD-0006950,CUST-007706,2023-04-07,Notebook Set,Stationery,3,13.1,39.3,Completed
ORD-0006951,CUST-007506,2025-09-10,Backpack,Lifestyle,2,59.57,119.14,Processing
ORD-0006952,CUST-000064,2026-06-07,Mechanical Keyboard,Electronics,3,96.71,290.13,Returned
ORD-0006953,CUST-007439,2026-01-07,Webcam,Electronics,4,79.75,319,Completed
ORD-0006954,CUST-006629,2026-09-02,Laptop Stand,Office,1,46.1,46.1,Completed
ORD-0006955,CUST-004681,2024-02-01,Wireless Mouse,Electronics,2,27.45,54.9,Shipped
ORD-0006956,CUST-003100,2022-03-09,Water Bottle,Lifestyle,1,18.86,18.86,Completed
ORD-0006957,CUST-007854,2024-06-29,Notebook Set,Stationery,5,12.74,63.7,Completed
ORD-0006958,CUST-003492,2026-02-22,Standing Desk,Furniture,2,382.8,765.6,Processing
ORD-0006959,CUST-008648,2025-11-01,Notebook Set,Stationery,6,12.61,75.66,Completed
ORD-0006960,CUST-008484,2022-09-08,Standing Desk,Furniture,4,428.38,1713.52,Returned
ORD-0006961,CUST-005732,2025-03-15,Webcam,Electronics,4,68.02,272.08,Completed
ORD-0006962,CUST-008905,2024-07-13,Backpack,Lifestyle,4,59.96,239.84,Shipped
ORD-0006963,CUST-002142,2023-09-26,Standing Desk,Furniture,1,425.66,425.66,Processing
ORD-0006964,CUST-009186,2026-03-01,Webcam,Electronics,1,71.62,71.62,Shipped
ORD-0006965,CUST-002253,2024-11-25,USB-C Hub,Electronics,2,46.44,92.88,Completed
ORD-0006966,CUST-008122,2024-08-27,Noise-Canceling Headphones,Electronics,3,192.46,577.38,Completed
ORD-0006967,CUST-006928,2026-08-25,Mechanical Keyboard,Electronics,6,86.6,519.6,Returned
ORD-0006968,CUST-006797,2023-12-04,USB-C Hub,Electronics,6,49.94,299.64,Completed
ORD-0006969,CUST-007929,2024-08-28,Standing Desk,Furniture,2,438.59,877.18,Shipped
ORD-0006970,CUST-006015,2026-06-26,Water Bottle,Lifestyle,1,17.21,17.21,Cancelled
ORD-0006971,CUST-005191,2022-05-09,Webcam,Electronics,1,74.55,74.55,Completed
ORD-0006972,CUST-008066,2026-04-21,Noise-Canceling Headphones,Electronics,3,169.55,508.65,Completed
ORD-0006973,CUST-003055,2026-03-11,Backpack,Lifestyle,1,65.09,65.09,Processing
ORD-0006974,CUST-000188,2023-12-20,USB-C Hub,Electronics,2,51.5,103,Completed
ORD-0006975,CUST-004045,2024-08-26,Webcam,Electronics,3,72.77,218.31,Cancelled
ORD-0006976,CUST-009566,2023-06-20,Noise-Canceling Headphones,Electronics,3,190.64,571.92,Shipped
ORD-0006977,CUST-001286,2020-11-04,Wireless Mouse,Electronics,1,30.69,30.69,Completed
ORD-0006978,CUST-002200,2024-08-08,Standing Desk,Furniture,1,428.24,428.24,Completed
ORD-0006979,CUST-003169,2024-07-19,Wireless Mouse,Electronics,4,30.58,122.32,Processing
ORD-0006980,CUST-000496,2025-09-28,Mechanical Keyboard,Electronics,2,80.71,161.42,Processing
ORD-0006981,CUST-006332,2024-03-20,Backpack,Lifestyle,2,64.14,128.28,Completed
ORD-0006982,CUST-006926,2024-08-24,Laptop Stand,Office,6,45.48,272.88,Cancelled
ORD-0006983,CUST-005574,2024-12-30,Desk Organizer,Office,1,26.38,26.38,Completed
ORD-0006984,CUST-003589,2026-07-05,Water Bottle,Lifestyle,3,18.44,55.32,Returned
ORD-0006985,CUST-001784,2026-03-02,Laptop Stand,Office,4,42.14,168.56,Completed
ORD-0006986,CUST-000032,2026-06-05,Ergonomic Chair,Furniture,6,240.98,1445.88,Shipped
ORD-0006987,CUST-001482,2026-06-14,Desk Organizer,Office,5,22.6,113,Cancelled
ORD-0006988,CUST-004160,2025-10-25,Noise-Canceling Headphones,Electronics,5,191.25,956.25,Completed
ORD-0006989,CUST-004063,2025-08-25,Water Bottle,Lifestyle,2,19.44,38.88,Returned
ORD-0006990,CUST-003587,2024-07-24,Webcam,Electronics,2,78.44,156.88,Cancelled
ORD-0006991,CUST-005344,2023-06-17,Webcam,Electronics,6,71.61,429.66,Completed
ORD-0006992,CUST-007274,2022-02-11,Notebook Set,Stationery,1,12.17,12.17,Processing
ORD-0006993,CUST-008496,2026-06-18,Desk Organizer,Office,6,24.86,149.16,Processing
ORD-0006994,CUST-009788,2026-05-25,Desk Organizer,Office,5,23.12,115.6,Returned
ORD-0006995,CUST-005973,2024-03-11,Backpack,Lifestyle,6,57.14,342.84,Completed
ORD-0006996,CUST-003037,2026-05-14,Mechanical Keyboard,Electronics,2,94.53,189.06,Cancelled
ORD-0006997,CUST-008512,2023-11-25,Wireless Mouse,Electronics,5,30.74,153.7,Completed
ORD-0006998,CUST-002817,2026-01-25,Mechanical Keyboard,Electronics,5,97.72,488.6,Completed
ORD-0006999,CUST-009809,2023-09-07,USB-C Hub,Electronics,2,46.34,92.68,Shipped
ORD-0007000,CUST-000017,2024-06-06,USB-C Hub,Electronics,5,50.01,250.05,Processing
ORD-0007001,CUST-007968,2025-06-30,Backpack,Lifestyle,3,62.08,186.24,Completed
ORD-0007002,CUST-008824,2022-10-26,Noise-Canceling Headphones,Electronics,5,186.71,933.55,Processing
ORD-0007003,CUST-007303,2026-05-24,Backpack,Lifestyle,5,64.76,323.8,Cancelled
ORD-0007004,CUST-006782,2020-10-06,Mechanical Keyboard,Electronics,1,82.23,82.23,Processing
ORD-0007005,CUST-006599,2026-05-30,USB-C Hub,Electronics,6,50.78,304.68,Returned
ORD-0007006,CUST-004029,2026-05-06,Desk Organizer,Office,4,24.01,96.04,Completed
ORD-0007007,CUST-002427,2026-08-28,Ergonomic Chair,Furniture,1,237.79,237.79,Shipped
ORD-0007008,CUST-001575,2022-09-25,Noise-Canceling Headphones,Electronics,3,175.93,527.79,Completed
ORD-0007009,CUST-008591,2025-06-09,Noise-Canceling Headphones,Electronics,1,164.53,164.53,Completed
ORD-0007010,CUST-000954,2022-06-15,Standing Desk,Furniture,2,380.83,761.66,Cancelled
ORD-0007011,CUST-005318,2026-08-21,Backpack,Lifestyle,2,63.18,126.36,Shipped
ORD-0007012,CUST-000099,2026-07-26,Ergonomic Chair,Furniture,2,268.4,536.8,Completed
ORD-0007013,CUST-004280,2023-04-15,Ergonomic Chair,Furniture,6,238.39,1430.34,Cancelled
ORD-0007014,CUST-002778,2026-03-23,USB-C Hub,Electronics,2,47.08,94.16,Shipped
ORD-0007015,CUST-008032,2026-06-02,Webcam,Electronics,3,80.16,240.48,Processing
ORD-0007016,CUST-001441,2026-05-03,Webcam,Electronics,6,75.39,452.34,Completed
ORD-0007017,CUST-004976,2025-10-09,Wireless Mouse,Electronics,3,27.23,81.69,Shipped
ORD-0007018,CUST-005819,2026-01-30,Laptop Stand,Office,5,47.56,237.8,Returned
ORD-0007019,CUST-003433,2026-02-25,Webcam,Electronics,4,68.3,273.2,Shipped
ORD-0007020,CUST-002114,2025-05-23,Notebook Set,Stationery,3,11.99,35.97,Completed
ORD-0007021,CUST-000916,2025-09-27,Backpack,Lifestyle,6,54.84,329.04,Returned
ORD-0007022,CUST-000136,2026-07-18,Water Bottle,Lifestyle,5,19.39,96.95,Processing
ORD-0007023,CUST-007208,2026-04-27,Wireless Mouse,Electronics,1,31.45,31.45,Cancelled
ORD-0007024,CUST-008221,2023-09-06,Desk Organizer,Office,2,22.33,44.66,Completed
ORD-0007025,CUST-002331,2024-10-11,USB-C Hub,Electronics,5,48.19,240.95,Completed
ORD-0007026,CUST-008266,2024-03-14,Standing Desk,Furniture,1,381.58,381.58,Completed
ORD-0007027,CUST-003000,2024-10-17,Water Bottle,Lifestyle,4,20.66,82.64,Cancelled
ORD-0007028,CUST-005752,2025-01-21,Mechanical Keyboard,Electronics,1,96.58,96.58,Cancelled
ORD-0007029,CUST-003654,2024-10-13,Ergonomic Chair,Furniture,6,245.13,1470.78,Completed
ORD-0007030,CUST-002070,2026-05-17,Wireless Mouse,Electronics,1,32.57,32.57,Processing
ORD-0007031,CUST-000669,2026-09-06,Water Bottle,Lifestyle,3,20.66,61.98,Completed
ORD-0007032,CUST-009004,2025-05-28,Noise-Canceling Headphones,Electronics,2,176.7,353.4,Cancelled
ORD-0007033,CUST-000835,2022-11-04,Laptop Stand,Office,4,47.81,191.24,Completed
ORD-0007034,CUST-007723,2026-03-26,Water Bottle,Lifestyle,1,20.68,20.68,Completed
ORD-0007035,CUST-007685,2020-10-13,Desk Organizer,Office,2,25.37,50.74,Completed
ORD-0007036,CUST-007115,2025-07-07,Wireless Mouse,Electronics,5,30.65,153.25,Completed
ORD-0007037,CUST-001797,2026-08-07,Wireless Mouse,Electronics,1,30.27,30.27,Completed
ORD-0007038,CUST-008812,2024-10-08,Notebook Set,Stationery,1,12.85,12.85,Returned
ORD-0007039,CUST-003630,2025-03-05,Ergonomic Chair,Furniture,5,259.63,1298.15,Cancelled
ORD-0007040,CUST-008743,2026-06-17,Notebook Set,Stationery,3,11.54,34.62,Shipped
ORD-0007041,CUST-000009,2026-02-01,Noise-Canceling Headphones,Electronics,5,166.45,832.25,Cancelled
ORD-0007042,CUST-007572,2024-04-29,Desk Organizer,Office,2,22.44,44.88,Returned
ORD-0007043,CUST-007845,2026-01-04,Mechanical Keyboard,Electronics,3,88.86,266.58,Completed
ORD-0007044,CUST-004850,2024-02-10,USB-C Hub,Electronics,2,50.85,101.7,Completed
ORD-0007045,CUST-001183,2026-08-02,Mechanical Keyboard,Electronics,6,85.58,513.48,Returned
ORD-0007046,CUST-004237,2025-08-02,Standing Desk,Furniture,6,379.33,2275.98,Shipped
ORD-0007047,CUST-000182,2020-07-18,USB-C Hub,Electronics,4,51.39,205.56,Returned
ORD-0007048,CUST-009627,2026-06-28,Notebook Set,Stationery,6,13.91,83.46,Completed
ORD-0007049,CUST-003100,2026-02-11,Noise-Canceling Headphones,Electronics,3,194.89,584.67,Completed
ORD-0007050,CUST-004526,2025-07-23,Ergonomic Chair,Furniture,6,225.17,1351.02,Completed
ORD-0007051,CUST-004900,2023-08-29,Notebook Set,Stationery,4,13.07,52.28,Completed
ORD-0007052,CUST-009530,2022-03-19,Desk Organizer,Office,5,22.65,113.25,Completed
ORD-0007053,CUST-008558,2024-11-19,Noise-Canceling Headphones,Electronics,6,174.45,1046.7,Cancelled
ORD-0007054,CUST-005240,2024-09-27,USB-C Hub,Electronics,6,48.07,288.42,Cancelled
ORD-0007055,CUST-007669,2026-07-04,Laptop Stand,Office,3,45.94,137.82,Processing
ORD-0007056,CUST-000455,2023-09-02,Mechanical Keyboard,Electronics,3,96.06,288.18,Completed
ORD-0007057,CUST-001447,2026-08-31,Water Bottle,Lifestyle,2,20.53,41.06,Completed
ORD-0007058,CUST-008002,2025-02-28,Desk Organizer,Office,2,22.43,44.86,Completed
ORD-0007059,CUST-005711,2026-05-03,Laptop Stand,Office,4,41.42,165.68,Completed
ORD-0007060,CUST-003026,2023-02-14,Mechanical Keyboard,Electronics,6,89.26,535.56,Processing
ORD-0007061,CUST-005949,2021-08-02,Mechanical Keyboard,Electronics,2,95.17,190.34,Completed
ORD-0007062,CUST-001105,2025-07-20,Noise-Canceling Headphones,Electronics,4,189.59,758.36,Shipped
ORD-0007063,CUST-001061,2026-01-01,Standing Desk,Furniture,5,377.65,1888.25,Shipped
ORD-0007064,CUST-006014,2026-06-04,Mechanical Keyboard,Electronics,3,97.96,293.88,Cancelled
ORD-0007065,CUST-008862,2023-12-07,Mechanical Keyboard,Electronics,6,87.6,525.6,Cancelled
ORD-0007066,CUST-009498,2024-08-15,Laptop Stand,Office,6,44.68,268.08,Completed
ORD-0007067,CUST-006953,2025-11-27,Ergonomic Chair,Furniture,2,269.58,539.16,Processing
ORD-0007068,CUST-007883,2026-08-16,Standing Desk,Furniture,3,428.79,1286.37,Completed
ORD-0007069,CUST-005045,2025-11-24,Standing Desk,Furniture,2,403.97,807.94,Shipped
ORD-0007070,CUST-002886,2024-10-28,Backpack,Lifestyle,1,59.36,59.36,Shipped
ORD-0007071,CUST-007331,2021-03-29,Notebook Set,Stationery,3,12.26,36.78,Processing
ORD-0007072,CUST-006452,2025-05-13,Notebook Set,Stationery,2,13.98,27.96,Completed
ORD-0007073,CUST-006000,2022-09-28,Webcam,Electronics,2,76.69,153.38,Completed
ORD-0007074,CUST-001966,2026-05-11,Standing Desk,Furniture,1,380.27,380.27,Returned
ORD-0007075,CUST-009489,2025-12-10,Notebook Set,Stationery,5,12.87,64.35,Shipped
ORD-0007076,CUST-006694,2025-06-09,Desk Organizer,Office,5,26.14,130.7,Completed
ORD-0007077,CUST-001564,2022-05-07,Standing Desk,Furniture,2,413.72,827.44,Completed
ORD-0007078,CUST-002779,2024-05-23,Water Bottle,Lifestyle,3,17.25,51.75,Processing
ORD-0007079,CUST-009828,2023-11-18,Mechanical Keyboard,Electronics,4,94.1,376.4,Completed
ORD-0007080,CUST-006651,2025-10-11,Noise-Canceling Headphones,Electronics,4,162.9,651.6,Returned
ORD-0007081,CUST-004739,2026-05-02,Webcam,Electronics,5,74.4,372,Cancelled
ORD-0007082,CUST-009190,2024-07-06,Wireless Mouse,Electronics,2,28.9,57.8,Completed
ORD-0007083,CUST-002748,2024-04-23,Standing Desk,Furniture,3,394.46,1183.38,Completed
ORD-0007084,CUST-001478,2023-09-09,Noise-Canceling Headphones,Electronics,5,173.51,867.55,Completed
ORD-0007085,CUST-009636,2024-06-20,Noise-Canceling Headphones,Electronics,5,196.3,981.5,Completed
ORD-0007086,CUST-003497,2025-03-14,Desk Organizer,Office,4,22.77,91.08,Completed
ORD-0007087,CUST-002654,2025-05-17,Wireless Mouse,Electronics,4,27.85,111.4,Returned
ORD-0007088,CUST-005608,2026-05-27,Wireless Mouse,Electronics,3,30.59,91.77,Cancelled
ORD-0007089,CUST-002552,2025-09-27,Webcam,Electronics,6,75.06,450.36,Returned
ORD-0007090,CUST-005157,2023-12-12,Wireless Mouse,Electronics,5,28.24,141.2,Completed
ORD-0007091,CUST-009098,2026-01-06,Standing Desk,Furniture,4,392.01,1568.04,Completed
ORD-0007092,CUST-003051,2026-01-05,Laptop Stand,Office,2,45.92,91.84,Completed
ORD-0007093,CUST-006171,2025-07-15,Mechanical Keyboard,Electronics,6,84.92,509.52,Completed
ORD-0007094,CUST-007646,2022-11-15,Backpack,Lifestyle,5,62.18,310.9,Completed
ORD-0007095,CUST-005037,2024-11-09,Standing Desk,Furniture,3,369.05,1107.15,Returned
ORD-0007096,CUST-005804,2025-12-13,Ergonomic Chair,Furniture,6,249.3,1495.8,Cancelled
ORD-0007097,CUST-006883,2024-05-16,Wireless Mouse,Electronics,2,31.7,63.4,Completed
ORD-0007098,CUST-003436,2023-05-29,Backpack,Lifestyle,2,55.62,111.24,Processing
ORD-0007099,CUST-008221,2023-06-09,Backpack,Lifestyle,3,54.41,163.23,Completed
ORD-0007100,CUST-000403,2025-12-04,Webcam,Electronics,1,70.31,70.31,Cancelled
ORD-0007101,CUST-005239,2024-09-22,Wireless Mouse,Electronics,3,32.86,98.58,Completed
ORD-0007102,CUST-007101,2025-05-06,Webcam,Electronics,3,78.74,236.22,Completed
ORD-0007103,CUST-005707,2024-05-06,Webcam,Electronics,5,79.79,398.95,Shipped
ORD-0007104,CUST-002582,2025-09-17,Wireless Mouse,Electronics,4,31.67,126.68,Completed
ORD-0007105,CUST-009522,2024-12-29,Backpack,Lifestyle,2,64.26,128.52,Cancelled
ORD-0007106,CUST-006549,2024-09-09,Noise-Canceling Headphones,Electronics,2,163.93,327.86,Completed
ORD-0007107,CUST-001490,2025-08-27,USB-C Hub,Electronics,2,46.93,93.86,Shipped
ORD-0007108,CUST-000073,2026-05-11,Backpack,Lifestyle,4,53.64,214.56,Completed
ORD-0007109,CUST-002444,2026-01-25,USB-C Hub,Electronics,6,49.57,297.42,Completed
ORD-0007110,CUST-002376,2026-04-12,Standing Desk,Furniture,2,402.76,805.52,Cancelled
ORD-0007111,CUST-007272,2026-02-12,Noise-Canceling Headphones,Electronics,3,183.4,550.2,Shipped
ORD-0007112,CUST-003521,2025-10-15,USB-C Hub,Electronics,4,50.34,201.36,Shipped
ORD-0007113,CUST-000977,2025-06-06,Laptop Stand,Office,3,48.06,144.18,Processing
ORD-0007114,CUST-005349,2024-09-11,Mechanical Keyboard,Electronics,5,84.51,422.55,Cancelled
ORD-0007115,CUST-006341,2025-11-23,Wireless Mouse,Electronics,1,30.66,30.66,Completed
ORD-0007116,CUST-005525,2025-04-21,Ergonomic Chair,Furniture,5,263.07,1315.35,Processing
ORD-0007117,CUST-009296,2026-05-19,Wireless Mouse,Electronics,6,31.81,190.86,Cancelled
ORD-0007118,CUST-002007,2026-09-03,Wireless Mouse,Electronics,2,27.14,54.28,Completed
ORD-0007119,CUST-000591,2026-07-22,Desk Organizer,Office,5,25.93,129.65,Completed
ORD-0007120,CUST-007811,2025-11-07,Webcam,Electronics,3,72.61,217.83,Processing
ORD-0007121,CUST-004856,2026-08-10,Water Bottle,Lifestyle,4,17.83,71.32,Completed
ORD-0007122,CUST-008395,2025-12-21,Webcam,Electronics,1,74.35,74.35,Completed
ORD-0007123,CUST-000650,2024-06-22,Laptop Stand,Office,6,46.87,281.22,Shipped
ORD-0007124,CUST-006520,2025-09-27,Desk Organizer,Office,2,24.81,49.62,Completed
ORD-0007125,CUST-007589,2024-09-06,Laptop Stand,Office,2,43.98,87.96,Returned
ORD-0007126,CUST-001919,2024-05-13,Notebook Set,Stationery,4,12.27,49.08,Completed
ORD-0007127,CUST-009149,2026-02-06,USB-C Hub,Electronics,2,52.72,105.44,Processing
ORD-0007128,CUST-005629,2026-01-16,Standing Desk,Furniture,2,396.41,792.82,Completed
ORD-0007129,CUST-002234,2025-10-21,Notebook Set,Stationery,1,12.97,12.97,Shipped
ORD-0007130,CUST-001325,2024-11-21,Laptop Stand,Office,1,42.45,42.45,Processing
ORD-0007131,CUST-007106,2026-09-07,Noise-Canceling Headphones,Electronics,1,191.7,191.7,Processing
ORD-0007132,CUST-008494,2024-10-27,Water Bottle,Lifestyle,3,18.45,55.35,Returned
ORD-0007133,CUST-003777,2025-08-18,USB-C Hub,Electronics,1,46.99,46.99,Returned
ORD-0007134,CUST-004806,2026-01-11,Standing Desk,Furniture,3,387.27,1161.81,Completed
ORD-0007135,CUST-003436,2022-05-23,USB-C Hub,Electronics,2,49.34,98.68,Cancelled
ORD-0007136,CUST-007515,2023-09-18,Webcam,Electronics,5,69.44,347.2,Processing
ORD-0007137,CUST-006034,2026-01-22,Desk Organizer,Office,4,22.95,91.8,Shipped
ORD-0007138,CUST-006232,2023-04-19,Mechanical Keyboard,Electronics,2,97.03,194.06,Completed
ORD-0007139,CUST-007590,2024-03-03,USB-C Hub,Electronics,2,45.82,91.64,Processing
ORD-0007140,CUST-001931,2023-08-08,Notebook Set,Stationery,4,11.82,47.28,Completed
ORD-0007141,CUST-003344,2023-10-01,Mechanical Keyboard,Electronics,3,84.39,253.17,Cancelled
ORD-0007142,CUST-009505,2024-06-11,Noise-Canceling Headphones,Electronics,3,194.55,583.65,Completed
ORD-0007143,CUST-005316,2021-06-19,Standing Desk,Furniture,1,370.79,370.79,Completed
ORD-0007144,CUST-003741,2026-07-31,Webcam,Electronics,3,79.56,238.68,Completed
ORD-0007145,CUST-005398,2026-01-21,Backpack,Lifestyle,2,54.63,109.26,Shipped
ORD-0007146,CUST-001040,2025-10-20,Desk Organizer,Office,4,24.58,98.32,Completed
ORD-0007147,CUST-007546,2020-02-04,USB-C Hub,Electronics,5,48.3,241.5,Cancelled
ORD-0007148,CUST-001740,2025-09-19,Ergonomic Chair,Furniture,2,261.56,523.12,Returned
ORD-0007149,CUST-005185,2023-10-20,Water Bottle,Lifestyle,4,17.18,68.72,Returned
ORD-0007150,CUST-000370,2025-01-21,Water Bottle,Lifestyle,1,18.91,18.91,Returned
ORD-0007151,CUST-002407,2025-05-26,Standing Desk,Furniture,6,379.92,2279.52,Returned
ORD-0007152,CUST-003694,2025-02-13,Noise-Canceling Headphones,Electronics,5,186.48,932.4,Completed
ORD-0007153,CUST-000066,2026-03-22,Noise-Canceling Headphones,Electronics,6,190.89,1145.34,Cancelled
ORD-0007154,CUST-008877,2026-08-13,Water Bottle,Lifestyle,2,17.56,35.12,Shipped
ORD-0007155,CUST-000358,2023-07-01,Backpack,Lifestyle,6,54.97,329.82,Processing
ORD-0007156,CUST-006628,2023-12-10,Notebook Set,Stationery,4,13.79,55.16,Processing
ORD-0007157,CUST-005976,2022-07-20,Ergonomic Chair,Furniture,4,233.9,935.6,Processing
ORD-0007158,CUST-006647,2022-03-30,Webcam,Electronics,2,70.82,141.64,Returned
ORD-0007159,CUST-002452,2022-11-20,Laptop Stand,Office,6,40.57,243.42,Processing
ORD-0007160,CUST-005246,2025-08-08,USB-C Hub,Electronics,2,49.67,99.34,Processing
ORD-0007161,CUST-004747,2026-07-08,Wireless Mouse,Electronics,3,30.84,92.52,Completed
ORD-0007162,CUST-007452,2023-09-07,Notebook Set,Stationery,4,11.54,46.16,Completed
ORD-0007163,CUST-001723,2026-07-24,Wireless Mouse,Electronics,4,27.54,110.16,Returned
ORD-0007164,CUST-008475,2025-04-30,Ergonomic Chair,Furniture,5,227.25,1136.25,Shipped
ORD-0007165,CUST-004554,2024-02-21,Webcam,Electronics,4,70.44,281.76,Completed
ORD-0007166,CUST-001852,2025-11-13,Noise-Canceling Headphones,Electronics,1,167.61,167.61,Processing
ORD-0007167,CUST-007697,2023-12-10,Laptop Stand,Office,2,45.55,91.1,Completed
ORD-0007168,CUST-004130,2025-01-26,Ergonomic Chair,Furniture,2,236.08,472.16,Completed
ORD-0007169,CUST-003495,2024-04-07,Water Bottle,Lifestyle,3,17.81,53.43,Completed
ORD-0007170,CUST-008428,2026-08-28,Webcam,Electronics,3,75.37,226.11,Completed
ORD-0007171,CUST-004029,2026-04-08,Noise-Canceling Headphones,Electronics,2,195.83,391.66,Completed
ORD-0007172,CUST-001712,2026-08-12,Wireless Mouse,Electronics,6,29.36,176.16,Completed
ORD-0007173,CUST-006286,2026-07-30,Ergonomic Chair,Furniture,2,234.76,469.52,Completed
ORD-0007174,CUST-003140,2023-06-20,Mechanical Keyboard,Electronics,2,89.41,178.82,Completed
ORD-0007175,CUST-009265,2024-12-02,Wireless Mouse,Electronics,2,30.3,60.6,Completed
ORD-0007176,CUST-003317,2026-02-14,Notebook Set,Stationery,2,11.67,23.34,Completed
ORD-0007177,CUST-004087,2026-03-07,USB-C Hub,Electronics,2,51.23,102.46,Cancelled
ORD-0007178,CUST-006800,2024-03-16,Wireless Mouse,Electronics,2,28.44,56.88,Completed
ORD-0007179,CUST-000728,2023-05-16,Webcam,Electronics,2,73.1,146.2,Completed
ORD-0007180,CUST-002691,2025-08-21,Notebook Set,Stationery,2,13.31,26.62,Completed
ORD-0007181,CUST-007449,2026-08-05,Mechanical Keyboard,Electronics,5,98.14,490.7,Returned
ORD-0007182,CUST-000685,2026-06-26,Ergonomic Chair,Furniture,1,234.55,234.55,Shipped
ORD-0007183,CUST-001531,2022-12-17,Desk Organizer,Office,1,24.51,24.51,Returned
ORD-0007184,CUST-002388,2025-02-21,Mechanical Keyboard,Electronics,5,81.82,409.1,Cancelled
ORD-0007185,CUST-002393,2024-06-26,Standing Desk,Furniture,3,413.28,1239.84,Cancelled
ORD-0007186,CUST-000265,2025-08-11,Wireless Mouse,Electronics,1,29.16,29.16,Completed
ORD-0007187,CUST-000711,2025-06-11,Standing Desk,Furniture,2,437.92,875.84,Returned
ORD-0007188,CUST-009067,2026-02-20,Standing Desk,Furniture,5,394.32,1971.6,Cancelled
ORD-0007189,CUST-009604,2025-07-03,USB-C Hub,Electronics,4,52.38,209.52,Completed
ORD-0007190,CUST-007056,2023-02-22,Wireless Mouse,Electronics,6,30.9,185.4,Completed
ORD-0007191,CUST-006496,2026-08-15,USB-C Hub,Electronics,6,46.93,281.58,Processing
ORD-0007192,CUST-006909,2023-12-07,Standing Desk,Furniture,6,420.28,2521.68,Completed
ORD-0007193,CUST-006757,2026-08-16,Webcam,Electronics,5,67.19,335.95,Returned
ORD-0007194,CUST-008604,2026-05-24,Standing Desk,Furniture,5,378.71,1893.55,Processing
ORD-0007195,CUST-002686,2026-01-06,Mechanical Keyboard,Electronics,4,81.35,325.4,Returned
ORD-0007196,CUST-009164,2024-01-21,Standing Desk,Furniture,1,397.43,397.43,Completed
ORD-0007197,CUST-003967,2025-06-20,Mechanical Keyboard,Electronics,6,96.15,576.9,Completed
ORD-0007198,CUST-006587,2025-08-25,Webcam,Electronics,1,74.72,74.72,Shipped
ORD-0007199,CUST-008166,2025-12-21,Laptop Stand,Office,3,45.54,136.62,Processing
ORD-0007200,CUST-007810,2026-07-05,Noise-Canceling Headphones,Electronics,4,169.12,676.48,Completed
ORD-0007201,CUST-002365,2021-02-08,Desk Organizer,Office,6,26.06,156.36,Processing
ORD-0007202,CUST-003049,2025-07-12,Standing Desk,Furniture,4,362.59,1450.36,Completed
ORD-0007203,CUST-009545,2024-09-02,Water Bottle,Lifestyle,5,19.24,96.2,Completed
ORD-0007204,CUST-001357,2023-06-27,Backpack,Lifestyle,1,56.13,56.13,Shipped
ORD-0007205,CUST-005791,2020-05-29,Standing Desk,Furniture,2,388.54,777.08,Shipped
ORD-0007206,CUST-004754,2026-04-10,Notebook Set,Stationery,2,13.9,27.8,Returned
ORD-0007207,CUST-006919,2025-04-15,Mechanical Keyboard,Electronics,5,84.15,420.75,Completed
ORD-0007208,CUST-000757,2026-09-04,Mechanical Keyboard,Electronics,2,95.34,190.68,Shipped
ORD-0007209,CUST-005626,2024-08-12,Laptop Stand,Office,5,44.71,223.55,Completed
ORD-0007210,CUST-005666,2023-12-08,Notebook Set,Stationery,5,13.23,66.15,Cancelled
ORD-0007211,CUST-002751,2026-01-26,Wireless Mouse,Electronics,1,29.62,29.62,Processing
ORD-0007212,CUST-003447,2026-09-04,Ergonomic Chair,Furniture,3,245.41,736.23,Shipped
ORD-0007213,CUST-008735,2026-06-14,USB-C Hub,Electronics,1,47.13,47.13,Completed
ORD-0007214,CUST-007553,2025-06-25,Notebook Set,Stationery,3,11.88,35.64,Processing
ORD-0007215,CUST-003889,2024-04-16,Mechanical Keyboard,Electronics,5,93.36,466.8,Shipped
ORD-0007216,CUST-005524,2024-08-26,Notebook Set,Stationery,3,12.69,38.07,Completed
ORD-0007217,CUST-008545,2024-04-29,Mechanical Keyboard,Electronics,2,86.86,173.72,Processing
ORD-0007218,CUST-008722,2025-11-10,Desk Organizer,Office,6,26.13,156.78,Processing
ORD-0007219,CUST-006701,2026-04-11,Water Bottle,Lifestyle,4,20.61,82.44,Cancelled
ORD-0007220,CUST-002030,2024-01-05,Water Bottle,Lifestyle,2,17.93,35.86,Completed
ORD-0007221,CUST-009242,2025-01-04,Webcam,Electronics,3,78.02,234.06,Processing
ORD-0007222,CUST-000870,2024-09-24,Notebook Set,Stationery,3,13.17,39.51,Cancelled
ORD-0007223,CUST-005336,2026-01-05,Mechanical Keyboard,Electronics,2,93.46,186.92,Returned
ORD-0007224,CUST-005376,2026-02-25,Backpack,Lifestyle,6,56.81,340.86,Completed
ORD-0007225,CUST-003097,2026-09-07,Desk Organizer,Office,4,22.67,90.68,Returned
ORD-0007226,CUST-004068,2026-05-03,Notebook Set,Stationery,2,13.51,27.02,Returned
ORD-0007227,CUST-003110,2026-08-02,Water Bottle,Lifestyle,1,17.48,17.48,Shipped
ORD-0007228,CUST-001879,2025-08-16,Mechanical Keyboard,Electronics,4,98.02,392.08,Completed
ORD-0007229,CUST-000913,2025-12-19,Notebook Set,Stationery,1,12.45,12.45,Cancelled
ORD-0007230,CUST-009861,2024-01-22,Wireless Mouse,Electronics,4,27.59,110.36,Completed
ORD-0007231,CUST-007021,2025-06-08,USB-C Hub,Electronics,5,47.61,238.05,Processing
ORD-0007232,CUST-006435,2025-01-05,Mechanical Keyboard,Electronics,5,91.06,455.3,Shipped
ORD-0007233,CUST-005602,2023-06-26,Laptop Stand,Office,5,42.52,212.6,Cancelled
ORD-0007234,CUST-002507,2025-05-04,Webcam,Electronics,3,74.01,222.03,Cancelled
ORD-0007235,CUST-005381,2023-01-06,Laptop Stand,Office,6,43.01,258.06,Processing
ORD-0007236,CUST-005312,2026-02-08,USB-C Hub,Electronics,5,46.85,234.25,Completed
ORD-0007237,CUST-008881,2025-03-29,Mechanical Keyboard,Electronics,5,93.8,469,Completed
ORD-0007238,CUST-008324,2025-03-30,Ergonomic Chair,Furniture,1,231.65,231.65,Returned
ORD-0007239,CUST-008582,2022-07-19,Webcam,Electronics,4,77.45,309.8,Cancelled
ORD-0007240,CUST-007064,2022-04-21,Standing Desk,Furniture,6,435.48,2612.88,Completed
ORD-0007241,CUST-001101,2023-12-13,Laptop Stand,Office,4,43.14,172.56,Completed
ORD-0007242,CUST-003174,2023-02-20,Webcam,Electronics,6,72.37,434.22,Returned
ORD-0007243,CUST-002981,2026-07-09,Backpack,Lifestyle,4,59.19,236.76,Returned
ORD-0007244,CUST-001576,2021-12-17,Wireless Mouse,Electronics,1,32.19,32.19,Completed
ORD-0007245,CUST-004190,2026-06-16,Webcam,Electronics,5,79.55,397.75,Completed
ORD-0007246,CUST-008072,2023-03-22,Mechanical Keyboard,Electronics,1,89.82,89.82,Shipped
ORD-0007247,CUST-007911,2024-11-06,Mechanical Keyboard,Electronics,2,86.92,173.84,Completed
ORD-0007248,CUST-007233,2026-03-08,Notebook Set,Stationery,4,11.58,46.32,Returned
ORD-0007249,CUST-007732,2023-05-14,Notebook Set,Stationery,3,13.01,39.03,Completed
ORD-0007250,CUST-002909,2026-02-10,Backpack,Lifestyle,4,58.23,232.92,Shipped
ORD-0007251,CUST-005818,2024-04-11,Backpack,Lifestyle,1,63.03,63.03,Returned
ORD-0007252,CUST-006212,2026-08-24,Notebook Set,Stationery,2,12.88,25.76,Completed
ORD-0007253,CUST-008164,2026-04-06,Webcam,Electronics,3,76.45,229.35,Shipped
ORD-0007254,CUST-008314,2026-08-04,Desk Organizer,Office,2,26.15,52.3,Completed
ORD-0007255,CUST-005524,2020-07-14,Notebook Set,Stationery,5,12.94,64.7,Cancelled
ORD-0007256,CUST-007901,2022-07-28,Mechanical Keyboard,Electronics,4,90.39,361.56,Completed
ORD-0007257,CUST-001102,2024-07-29,Standing Desk,Furniture,3,398.48,1195.44,Completed
ORD-0007258,CUST-005631,2024-10-26,Noise-Canceling Headphones,Electronics,2,192.51,385.02,Completed
ORD-0007259,CUST-008612,2024-08-25,Water Bottle,Lifestyle,3,20.66,61.98,Returned
ORD-0007260,CUST-000438,2026-04-04,Laptop Stand,Office,5,41.96,209.8,Returned
ORD-0007261,CUST-006788,2024-04-20,Wireless Mouse,Electronics,3,28.7,86.1,Returned
ORD-0007262,CUST-005025,2025-12-21,Webcam,Electronics,2,75.92,151.84,Shipped
ORD-0007263,CUST-008940,2023-11-13,USB-C Hub,Electronics,3,44.31,132.93,Shipped
ORD-0007264,CUST-000386,2025-06-17,Laptop Stand,Office,6,42.07,252.42,Completed
ORD-0007265,CUST-008665,2025-05-21,Webcam,Electronics,5,78.86,394.3,Processing
ORD-0007266,CUST-001714,2022-09-27,Webcam,Electronics,3,73.09,219.27,Completed
ORD-0007267,CUST-005276,2025-09-17,USB-C Hub,Electronics,6,49.79,298.74,Returned
ORD-0007268,CUST-000520,2023-05-10,Wireless Mouse,Electronics,1,30.07,30.07,Cancelled
ORD-0007269,CUST-005078,2025-09-18,Mechanical Keyboard,Electronics,6,92.01,552.06,Completed
ORD-0007270,CUST-000322,2024-05-22,USB-C Hub,Electronics,4,46.37,185.48,Shipped
ORD-0007271,CUST-007057,2025-03-21,Laptop Stand,Office,6,40.8,244.8,Completed
ORD-0007272,CUST-005745,2024-06-09,Water Bottle,Lifestyle,6,19.2,115.2,Completed
ORD-0007273,CUST-004095,2026-08-16,Noise-Canceling Headphones,Electronics,4,177.06,708.24,Completed
ORD-0007274,CUST-007363,2025-11-15,Desk Organizer,Office,6,22.73,136.38,Completed
ORD-0007275,CUST-003284,2025-01-08,Mechanical Keyboard,Electronics,6,95.58,573.48,Processing
ORD-0007276,CUST-007146,2024-01-08,Wireless Mouse,Electronics,6,28.65,171.9,Returned
ORD-0007277,CUST-001459,2024-02-07,Desk Organizer,Office,3,26,78,Completed
ORD-0007278,CUST-001842,2025-08-04,Notebook Set,Stationery,5,13.35,66.75,Completed
ORD-0007279,CUST-004523,2025-12-09,Mechanical Keyboard,Electronics,5,82.77,413.85,Returned
ORD-0007280,CUST-004146,2026-06-09,Wireless Mouse,Electronics,6,27.99,167.94,Processing
ORD-0007281,CUST-001661,2026-04-14,Webcam,Electronics,6,73.45,440.7,Cancelled
ORD-0007282,CUST-003989,2024-02-28,Ergonomic Chair,Furniture,4,231.11,924.44,Completed
ORD-0007283,CUST-008051,2026-03-26,USB-C Hub,Electronics,1,51,51,Completed
ORD-0007284,CUST-004806,2026-08-30,Standing Desk,Furniture,3,437.4,1312.2,Returned
ORD-0007285,CUST-002140,2022-11-14,Water Bottle,Lifestyle,5,18.84,94.2,Completed
ORD-0007286,CUST-002112,2026-07-09,Desk Organizer,Office,5,26.57,132.85,Returned
ORD-0007287,CUST-006112,2024-04-22,Laptop Stand,Office,2,43.75,87.5,Completed
ORD-0007288,CUST-004240,2022-12-08,Noise-Canceling Headphones,Electronics,5,172.94,864.7,Processing
ORD-0007289,CUST-000605,2025-12-22,Standing Desk,Furniture,4,437.61,1750.44,Returned
ORD-0007290,CUST-007580,2026-04-02,Ergonomic Chair,Furniture,1,264.15,264.15,Cancelled
ORD-0007291,CUST-007306,2026-03-02,Wireless Mouse,Electronics,4,29.82,119.28,Cancelled
ORD-0007292,CUST-001161,2024-09-22,Wireless Mouse,Electronics,6,32.51,195.06,Cancelled
ORD-0007293,CUST-005488,2025-07-11,Mechanical Keyboard,Electronics,2,86.53,173.06,Returned
ORD-0007294,CUST-007927,2025-10-25,Notebook Set,Stationery,2,12,24,Completed
ORD-0007295,CUST-001102,2025-09-16,Backpack,Lifestyle,5,64.05,320.25,Completed
ORD-0007296,CUST-002544,2026-07-23,Ergonomic Chair,Furniture,4,273.81,1095.24,Processing
ORD-0007297,CUST-009513,2022-01-10,Desk Organizer,Office,1,23.36,23.36,Completed
ORD-0007298,CUST-008082,2022-10-08,Noise-Canceling Headphones,Electronics,4,182.98,731.92,Completed
ORD-0007299,CUST-005470,2026-02-20,Standing Desk,Furniture,2,374.15,748.3,Completed
ORD-0007300,CUST-006422,2021-09-08,Mechanical Keyboard,Electronics,6,82.23,493.38,Completed
ORD-0007301,CUST-006402,2026-03-17,Water Bottle,Lifestyle,3,19.48,58.44,Shipped
ORD-0007302,CUST-009725,2026-08-08,Mechanical Keyboard,Electronics,1,90.79,90.79,Completed
ORD-0007303,CUST-007647,2025-07-14,USB-C Hub,Electronics,2,46.61,93.22,Shipped
ORD-0007304,CUST-002807,2026-06-05,Backpack,Lifestyle,3,64.92,194.76,Completed
ORD-0007305,CUST-000692,2023-02-24,Noise-Canceling Headphones,Electronics,1,172.88,172.88,Completed
ORD-0007306,CUST-008770,2026-07-20,Mechanical Keyboard,Electronics,2,97.89,195.78,Shipped
ORD-0007307,CUST-008023,2025-04-02,Ergonomic Chair,Furniture,4,228.25,913,Completed
ORD-0007308,CUST-002726,2024-11-26,Backpack,Lifestyle,4,55.34,221.36,Processing
ORD-0007309,CUST-000689,2026-03-10,Mechanical Keyboard,Electronics,4,89.02,356.08,Completed
ORD-0007310,CUST-000963,2024-09-21,Wireless Mouse,Electronics,3,30,90,Cancelled
ORD-0007311,CUST-007153,2022-06-18,Wireless Mouse,Electronics,5,32.82,164.1,Completed
ORD-0007312,CUST-005393,2023-07-10,Webcam,Electronics,4,73.96,295.84,Completed
ORD-0007313,CUST-004543,2025-07-12,Backpack,Lifestyle,4,56.05,224.2,Completed
ORD-0007314,CUST-005623,2024-02-24,Laptop Stand,Office,1,44.29,44.29,Completed
ORD-0007315,CUST-005891,2020-08-23,Standing Desk,Furniture,3,359.75,1079.25,Cancelled
ORD-0007316,CUST-003504,2025-07-23,Ergonomic Chair,Furniture,2,239.97,479.94,Cancelled
ORD-0007317,CUST-009442,2026-02-09,Wireless Mouse,Electronics,3,29.07,87.21,Completed
ORD-0007318,CUST-007488,2023-02-26,Laptop Stand,Office,2,48.78,97.56,Shipped
ORD-0007319,CUST-008653,2026-08-21,Standing Desk,Furniture,1,427.56,427.56,Cancelled
ORD-0007320,CUST-006650,2026-01-02,Mechanical Keyboard,Electronics,5,89.44,447.2,Processing
ORD-0007321,CUST-003942,2026-05-21,Noise-Canceling Headphones,Electronics,2,186.84,373.68,Completed
ORD-0007322,CUST-006702,2026-02-07,Wireless Mouse,Electronics,3,28.98,86.94,Completed
ORD-0007323,CUST-009808,2026-07-03,Ergonomic Chair,Furniture,4,267.65,1070.6,Processing
ORD-0007324,CUST-002865,2022-02-06,USB-C Hub,Electronics,3,47.53,142.59,Processing
ORD-0007325,CUST-003410,2026-04-25,Noise-Canceling Headphones,Electronics,5,180.97,904.85,Completed
ORD-0007326,CUST-006917,2024-12-13,Ergonomic Chair,Furniture,6,231.64,1389.84,Processing
ORD-0007327,CUST-003183,2026-01-03,Wireless Mouse,Electronics,5,30.1,150.5,Completed
ORD-0007328,CUST-008289,2025-10-12,Mechanical Keyboard,Electronics,3,86.2,258.6,Completed
ORD-0007329,CUST-008606,2026-08-11,Backpack,Lifestyle,6,58.97,353.82,Processing
ORD-0007330,CUST-001523,2023-11-09,USB-C Hub,Electronics,2,53.02,106.04,Returned
ORD-0007331,CUST-004703,2026-06-20,Ergonomic Chair,Furniture,4,228.62,914.48,Completed
ORD-0007332,CUST-004964,2024-08-13,Desk Organizer,Office,1,24.26,24.26,Shipped
ORD-0007333,CUST-007375,2026-04-08,Mechanical Keyboard,Electronics,2,89.87,179.74,Cancelled
ORD-0007334,CUST-008007,2026-05-08,Mechanical Keyboard,Electronics,1,94.95,94.95,Cancelled
ORD-0007335,CUST-008154,2025-05-05,Notebook Set,Stationery,4,13.45,53.8,Returned
ORD-0007336,CUST-006754,2025-04-25,USB-C Hub,Electronics,4,51.38,205.52,Completed
ORD-0007337,CUST-009476,2025-07-01,Noise-Canceling Headphones,Electronics,1,186.01,186.01,Completed
ORD-0007338,CUST-000430,2023-05-29,Notebook Set,Stationery,6,11.91,71.46,Completed
ORD-0007339,CUST-004066,2023-09-13,Noise-Canceling Headphones,Electronics,2,197.98,395.96,Cancelled
ORD-0007340,CUST-003383,2025-10-18,Ergonomic Chair,Furniture,2,235.46,470.92,Completed
ORD-0007341,CUST-004528,2026-07-18,Backpack,Lifestyle,3,59.54,178.62,Processing
ORD-0007342,CUST-000035,2026-06-08,Desk Organizer,Office,5,25.8,129,Completed
ORD-0007343,CUST-001729,2026-08-28,Wireless Mouse,Electronics,2,27.61,55.22,Completed
ORD-0007344,CUST-002606,2026-07-09,Ergonomic Chair,Furniture,4,270.52,1082.08,Returned
ORD-0007345,CUST-003086,2025-05-04,Wireless Mouse,Electronics,2,29.24,58.48,Completed
ORD-0007346,CUST-003974,2025-08-04,Backpack,Lifestyle,3,63.68,191.04,Completed
ORD-0007347,CUST-004328,2025-08-31,Notebook Set,Stationery,4,12.28,49.12,Completed
ORD-0007348,CUST-000500,2026-07-10,Laptop Stand,Office,2,46,92,Completed
ORD-0007349,CUST-000842,2024-12-22,Wireless Mouse,Electronics,2,31.54,63.08,Completed
ORD-0007350,CUST-002169,2025-09-20,Laptop Stand,Office,2,41.42,82.84,Returned
ORD-0007351,CUST-007201,2023-12-08,Desk Organizer,Office,1,22.37,22.37,Completed
ORD-0007352,CUST-009886,2020-10-29,Water Bottle,Lifestyle,6,18.37,110.22,Shipped
ORD-0007353,CUST-005944,2026-03-10,Wireless Mouse,Electronics,1,32.72,32.72,Returned
ORD-0007354,CUST-002285,2026-09-03,Ergonomic Chair,Furniture,2,241.22,482.44,Shipped
ORD-0007355,CUST-009233,2024-12-18,Desk Organizer,Office,1,24.83,24.83,Processing
ORD-0007356,CUST-006868,2025-04-22,Ergonomic Chair,Furniture,6,265.11,1590.66,Processing
ORD-0007357,CUST-009451,2025-09-27,USB-C Hub,Electronics,5,45.21,226.05,Shipped
ORD-0007358,CUST-002845,2021-01-17,Water Bottle,Lifestyle,2,17.21,34.42,Completed
ORD-0007359,CUST-007361,2026-02-09,Notebook Set,Stationery,6,13.4,80.4,Completed
ORD-0007360,CUST-005502,2026-07-16,Backpack,Lifestyle,1,61.34,61.34,Returned
ORD-0007361,CUST-008902,2023-05-17,Laptop Stand,Office,1,45.35,45.35,Processing
ORD-0007362,CUST-004450,2025-02-14,Webcam,Electronics,5,76.14,380.7,Processing
ORD-0007363,CUST-004216,2024-04-27,Backpack,Lifestyle,6,59.75,358.5,Shipped
ORD-0007364,CUST-000589,2023-07-04,Laptop Stand,Office,1,42.84,42.84,Returned
ORD-0007365,CUST-005019,2023-10-12,USB-C Hub,Electronics,3,47.77,143.31,Completed
ORD-0007366,CUST-009142,2024-03-16,Ergonomic Chair,Furniture,3,264.48,793.44,Returned
ORD-0007367,CUST-008880,2024-05-08,Wireless Mouse,Electronics,4,28.41,113.64,Completed
ORD-0007368,CUST-008594,2025-05-05,Standing Desk,Furniture,6,419.17,2515.02,Cancelled
ORD-0007369,CUST-001531,2026-06-10,Wireless Mouse,Electronics,4,29.88,119.52,Shipped
ORD-0007370,CUST-007882,2023-11-13,Standing Desk,Furniture,4,381.72,1526.88,Cancelled
ORD-0007371,CUST-000776,2025-07-15,Standing Desk,Furniture,2,409.79,819.58,Completed
ORD-0007372,CUST-006687,2023-11-06,Desk Organizer,Office,6,24.51,147.06,Processing
ORD-0007373,CUST-008120,2022-04-19,Laptop Stand,Office,5,47.37,236.85,Completed
ORD-0007374,CUST-006156,2023-09-01,Wireless Mouse,Electronics,1,31.3,31.3,Completed
ORD-0007375,CUST-006679,2025-10-30,Standing Desk,Furniture,1,436.31,436.31,Returned
ORD-0007376,CUST-009915,2023-09-01,Ergonomic Chair,Furniture,6,254.88,1529.28,Completed
ORD-0007377,CUST-006500,2026-06-11,Water Bottle,Lifestyle,4,19.9,79.6,Completed
ORD-0007378,CUST-007704,2026-07-11,Ergonomic Chair,Furniture,1,237.28,237.28,Returned
ORD-0007379,CUST-000852,2026-06-17,Mechanical Keyboard,Electronics,6,89.3,535.8,Cancelled
ORD-0007380,CUST-006488,2023-04-03,Noise-Canceling Headphones,Electronics,3,168.39,505.17,Shipped
ORD-0007381,CUST-009611,2025-08-28,Backpack,Lifestyle,5,58.1,290.5,Processing
ORD-0007382,CUST-006377,2025-01-11,Notebook Set,Stationery,5,13.95,69.75,Completed
ORD-0007383,CUST-008307,2025-01-06,Webcam,Electronics,4,70.34,281.36,Completed
ORD-0007384,CUST-001205,2024-04-22,Noise-Canceling Headphones,Electronics,5,172.33,861.65,Shipped
ORD-0007385,CUST-003948,2026-08-11,USB-C Hub,Electronics,3,47.75,143.25,Completed
ORD-0007386,CUST-006116,2025-07-24,Backpack,Lifestyle,4,53.59,214.36,Processing
ORD-0007387,CUST-001195,2024-04-19,Noise-Canceling Headphones,Electronics,4,169.89,679.56,Returned
ORD-0007388,CUST-006990,2026-03-17,Desk Organizer,Office,2,26.74,53.48,Shipped
ORD-0007389,CUST-005007,2026-09-05,Wireless Mouse,Electronics,4,30.53,122.12,Returned
ORD-0007390,CUST-009060,2026-04-30,Ergonomic Chair,Furniture,5,257.38,1286.9,Returned
ORD-0007391,CUST-008315,2026-01-07,Laptop Stand,Office,6,46.52,279.12,Returned
ORD-0007392,CUST-004564,2026-08-31,Ergonomic Chair,Furniture,1,263.28,263.28,Shipped
ORD-0007393,CUST-005860,2026-07-04,Laptop Stand,Office,1,48.92,48.92,Cancelled
ORD-0007394,CUST-001774,2026-08-21,Laptop Stand,Office,5,42.82,214.1,Processing
ORD-0007395,CUST-007749,2026-02-21,USB-C Hub,Electronics,4,53.52,214.08,Completed
ORD-0007396,CUST-000239,2026-04-14,Standing Desk,Furniture,6,396.02,2376.12,Completed
ORD-0007397,CUST-008855,2022-09-10,Webcam,Electronics,2,74.03,148.06,Completed
ORD-0007398,CUST-009605,2024-11-05,Desk Organizer,Office,5,25.59,127.95,Completed
ORD-0007399,CUST-002629,2024-08-07,Noise-Canceling Headphones,Electronics,4,181.05,724.2,Shipped
ORD-0007400,CUST-001830,2025-08-14,Backpack,Lifestyle,6,54.38,326.28,Shipped
ORD-0007401,CUST-000441,2024-10-27,USB-C Hub,Electronics,3,53.53,160.59,Completed
ORD-0007402,CUST-009163,2021-03-02,Water Bottle,Lifestyle,5,17.44,87.2,Returned
ORD-0007403,CUST-000020,2025-02-16,USB-C Hub,Electronics,4,46.9,187.6,Processing
ORD-0007404,CUST-002706,2025-08-10,Webcam,Electronics,3,69.74,209.22,Returned
ORD-0007405,CUST-009113,2025-03-20,Water Bottle,Lifestyle,1,18.59,18.59,Completed
ORD-0007406,CUST-008928,2022-05-30,Ergonomic Chair,Furniture,2,264.19,528.38,Processing
ORD-0007407,CUST-002931,2025-12-31,USB-C Hub,Electronics,6,46.74,280.44,Completed
ORD-0007408,CUST-003951,2025-11-16,Wireless Mouse,Electronics,6,32.7,196.2,Shipped
ORD-0007409,CUST-006492,2025-02-03,Laptop Stand,Office,2,43.46,86.92,Processing
ORD-0007410,CUST-007975,2023-02-25,Backpack,Lifestyle,1,62.69,62.69,Cancelled
ORD-0007411,CUST-005454,2026-05-12,Laptop Stand,Office,5,46.14,230.7,Cancelled
ORD-0007412,CUST-004661,2026-07-20,Noise-Canceling Headphones,Electronics,5,182.02,910.1,Shipped
ORD-0007413,CUST-001520,2026-05-02,Notebook Set,Stationery,1,11.87,11.87,Shipped
ORD-0007414,CUST-002838,2023-03-22,Standing Desk,Furniture,5,381.17,1905.85,Shipped
ORD-0007415,CUST-001025,2026-01-25,Wireless Mouse,Electronics,6,32.6,195.6,Completed
ORD-0007416,CUST-000361,2025-10-06,Ergonomic Chair,Furniture,1,226.84,226.84,Processing
ORD-0007417,CUST-007786,2023-01-01,Standing Desk,Furniture,5,421.66,2108.3,Processing
ORD-0007418,CUST-002481,2025-12-25,Backpack,Lifestyle,5,62.15,310.75,Completed
ORD-0007419,CUST-003811,2026-04-23,Noise-Canceling Headphones,Electronics,1,189.12,189.12,Returned
ORD-0007420,CUST-009548,2025-12-30,Water Bottle,Lifestyle,5,19.43,97.15,Cancelled
ORD-0007421,CUST-003974,2024-06-17,USB-C Hub,Electronics,5,51.04,255.2,Shipped
ORD-0007422,CUST-001412,2026-03-30,Noise-Canceling Headphones,Electronics,6,166.65,999.9,Processing
ORD-0007423,CUST-003221,2026-04-12,Water Bottle,Lifestyle,6,19.36,116.16,Processing
ORD-0007424,CUST-008357,2024-06-18,USB-C Hub,Electronics,5,51.3,256.5,Shipped
ORD-0007425,CUST-007439,2026-02-26,Water Bottle,Lifestyle,3,18.24,54.72,Completed
ORD-0007426,CUST-000907,2023-01-07,Wireless Mouse,Electronics,1,29.93,29.93,Returned
ORD-0007427,CUST-001543,2026-08-30,Laptop Stand,Office,1,41.78,41.78,Shipped
ORD-0007428,CUST-003358,2024-03-15,Standing Desk,Furniture,5,376.93,1884.65,Completed
ORD-0007429,CUST-000905,2024-10-11,USB-C Hub,Electronics,3,48.66,145.98,Shipped
ORD-0007430,CUST-008370,2025-06-11,Laptop Stand,Office,4,48.75,195,Returned
ORD-0007431,CUST-004704,2025-03-03,USB-C Hub,Electronics,3,51.87,155.61,Completed
ORD-0007432,CUST-002471,2026-04-02,USB-C Hub,Electronics,6,44.37,266.22,Completed
ORD-0007433,CUST-002290,2020-06-13,Backpack,Lifestyle,4,60.42,241.68,Completed
ORD-0007434,CUST-004810,2025-01-16,Laptop Stand,Office,6,46.2,277.2,Processing
ORD-0007435,CUST-006162,2021-11-16,Ergonomic Chair,Furniture,1,248.83,248.83,Returned
ORD-0007436,CUST-004008,2026-09-07,Ergonomic Chair,Furniture,2,266.45,532.9,Completed
ORD-0007437,CUST-007653,2025-05-30,Notebook Set,Stationery,3,13.4,40.2,Cancelled
ORD-0007438,CUST-000448,2024-03-16,Backpack,Lifestyle,5,62.12,310.6,Completed
ORD-0007439,CUST-003911,2024-09-26,Wireless Mouse,Electronics,1,32.75,32.75,Cancelled
ORD-0007440,CUST-003846,2025-08-21,Ergonomic Chair,Furniture,1,253.13,253.13,Returned
ORD-0007441,CUST-007273,2026-01-27,Desk Organizer,Office,6,24.19,145.14,Shipped
ORD-0007442,CUST-008450,2023-11-07,Notebook Set,Stationery,3,13.29,39.87,Completed
ORD-0007443,CUST-000624,2025-12-03,USB-C Hub,Electronics,4,45.14,180.56,Completed
ORD-0007444,CUST-000713,2026-04-25,Backpack,Lifestyle,3,60.17,180.51,Completed
ORD-0007445,CUST-004841,2025-12-31,Backpack,Lifestyle,2,56.67,113.34,Shipped
ORD-0007446,CUST-006776,2025-11-01,Laptop Stand,Office,3,40.71,122.13,Processing
ORD-0007447,CUST-006907,2026-04-01,USB-C Hub,Electronics,5,52.7,263.5,Shipped
ORD-0007448,CUST-009612,2024-07-06,Webcam,Electronics,1,75.49,75.49,Processing
ORD-0007449,CUST-009792,2024-10-29,Desk Organizer,Office,2,23.43,46.86,Processing
ORD-0007450,CUST-008168,2026-06-09,USB-C Hub,Electronics,3,45.73,137.19,Shipped
ORD-0007451,CUST-007696,2024-04-13,Webcam,Electronics,4,71.64,286.56,Completed
ORD-0007452,CUST-003361,2023-01-25,Desk Organizer,Office,3,26.55,79.65,Processing
ORD-0007453,CUST-002749,2026-01-12,Noise-Canceling Headphones,Electronics,2,178.77,357.54,Returned
ORD-0007454,CUST-008251,2025-07-01,Laptop Stand,Office,5,47.06,235.3,Cancelled
ORD-0007455,CUST-001758,2025-06-02,Water Bottle,Lifestyle,5,17.49,87.45,Shipped
ORD-0007456,CUST-002261,2023-11-08,Mechanical Keyboard,Electronics,5,94.37,471.85,Completed
ORD-0007457,CUST-004098,2023-05-11,Mechanical Keyboard,Electronics,1,90.04,90.04,Completed
ORD-0007458,CUST-001763,2026-07-26,Desk Organizer,Office,2,23.53,47.06,Cancelled
ORD-0007459,CUST-004336,2024-11-13,Mechanical Keyboard,Electronics,6,81.64,489.84,Processing
ORD-0007460,CUST-001890,2023-05-15,Ergonomic Chair,Furniture,1,272.7,272.7,Returned
ORD-0007461,CUST-005690,2026-07-24,Water Bottle,Lifestyle,5,17.38,86.9,Completed
ORD-0007462,CUST-006912,2023-05-21,Notebook Set,Stationery,2,11.58,23.16,Cancelled
ORD-0007463,CUST-002907,2024-05-18,Mechanical Keyboard,Electronics,3,88.02,264.06,Cancelled
ORD-0007464,CUST-009020,2026-01-30,Webcam,Electronics,6,69.76,418.56,Returned
ORD-0007465,CUST-005662,2026-03-29,Standing Desk,Furniture,4,362.67,1450.68,Completed
ORD-0007466,CUST-007859,2026-01-21,Wireless Mouse,Electronics,4,28.24,112.96,Completed
ORD-0007467,CUST-006068,2026-03-18,Ergonomic Chair,Furniture,3,227.3,681.9,Returned
ORD-0007468,CUST-005661,2025-12-10,Water Bottle,Lifestyle,4,17.69,70.76,Processing
ORD-0007469,CUST-006387,2025-11-02,Desk Organizer,Office,2,24.37,48.74,Cancelled
ORD-0007470,CUST-005318,2026-02-10,Desk Organizer,Office,5,24.05,120.25,Processing
ORD-0007471,CUST-005549,2026-08-09,Mechanical Keyboard,Electronics,3,84.86,254.58,Completed
ORD-0007472,CUST-001229,2025-06-28,Notebook Set,Stationery,3,12.51,37.53,Processing
ORD-0007473,CUST-005550,2023-03-17,Wireless Mouse,Electronics,4,30.46,121.84,Shipped
ORD-0007474,CUST-005289,2025-02-13,Water Bottle,Lifestyle,2,19.74,39.48,Returned
ORD-0007475,CUST-001351,2025-07-08,Backpack,Lifestyle,3,59.72,179.16,Completed
ORD-0007476,CUST-002836,2025-06-24,Laptop Stand,Office,2,42.53,85.06,Shipped
ORD-0007477,CUST-000346,2023-04-27,Webcam,Electronics,2,68.71,137.42,Cancelled
ORD-0007478,CUST-005916,2026-04-15,Notebook Set,Stationery,5,12.71,63.55,Completed
ORD-0007479,CUST-000006,2026-02-15,Laptop Stand,Office,6,41.3,247.8,Cancelled
ORD-0007480,CUST-003712,2026-04-15,Desk Organizer,Office,2,22.71,45.42,Returned
ORD-0007481,CUST-004801,2025-01-31,Ergonomic Chair,Furniture,2,234.61,469.22,Shipped
ORD-0007482,CUST-002464,2025-08-28,Standing Desk,Furniture,4,378.7,1514.8,Returned
ORD-0007483,CUST-005964,2026-03-24,Standing Desk,Furniture,6,391.06,2346.36,Completed
ORD-0007484,CUST-009747,2024-06-16,Noise-Canceling Headphones,Electronics,3,170.27,510.81,Completed
ORD-0007485,CUST-000228,2026-07-25,Mechanical Keyboard,Electronics,6,82.57,495.42,Cancelled
ORD-0007486,CUST-000426,2024-10-06,Water Bottle,Lifestyle,4,17.29,69.16,Completed
ORD-0007487,CUST-006103,2026-03-30,Standing Desk,Furniture,1,360.99,360.99,Cancelled
ORD-0007488,CUST-004156,2023-03-03,Standing Desk,Furniture,6,392.62,2355.72,Completed
ORD-0007489,CUST-008796,2025-03-13,Notebook Set,Stationery,6,13.47,80.82,Completed
ORD-0007490,CUST-006752,2024-01-31,Standing Desk,Furniture,3,432.76,1298.28,Shipped
ORD-0007491,CUST-007371,2025-05-27,Desk Organizer,Office,1,26.64,26.64,Completed
ORD-0007492,CUST-000277,2025-09-05,Ergonomic Chair,Furniture,4,243.96,975.84,Shipped
ORD-0007493,CUST-000232,2026-07-26,Webcam,Electronics,4,72.47,289.88,Returned
ORD-0007494,CUST-009206,2026-07-27,Notebook Set,Stationery,4,13.93,55.72,Processing
ORD-0007495,CUST-007541,2025-07-30,Laptop Stand,Office,6,40.83,244.98,Completed
ORD-0007496,CUST-002485,2026-08-23,Wireless Mouse,Electronics,3,29.76,89.28,Completed
ORD-0007497,CUST-001641,2026-02-01,Mechanical Keyboard,Electronics,1,86.5,86.5,Completed
ORD-0007498,CUST-003848,2021-06-13,USB-C Hub,Electronics,1,47.42,47.42,Returned
ORD-0007499,CUST-009102,2026-05-15,Desk Organizer,Office,4,22.22,88.88,Processing
ORD-0007500,CUST-005235,2026-03-15,Ergonomic Chair,Furniture,4,230.39,921.56,Processing
ORD-0007501,CUST-000461,2024-10-12,Noise-Canceling Headphones,Electronics,1,177.24,177.24,Completed
ORD-0007502,CUST-000635,2021-06-06,Laptop Stand,Office,3,41.02,123.06,Returned
ORD-0007503,CUST-006271,2021-05-21,Wireless Mouse,Electronics,1,30.38,30.38,Completed
ORD-0007504,CUST-000232,2026-03-27,Desk Organizer,Office,4,24.85,99.4,Returned
ORD-0007505,CUST-000534,2025-06-23,USB-C Hub,Electronics,2,49.4,98.8,Completed
ORD-0007506,CUST-007156,2024-06-14,Notebook Set,Stationery,2,12.94,25.88,Completed
ORD-0007507,CUST-005127,2024-03-01,Water Bottle,Lifestyle,2,19.85,39.7,Completed
ORD-0007508,CUST-001724,2023-01-26,Noise-Canceling Headphones,Electronics,1,193.83,193.83,Completed
ORD-0007509,CUST-001305,2024-08-05,Desk Organizer,Office,1,24.4,24.4,Cancelled
ORD-0007510,CUST-000483,2025-12-25,Mechanical Keyboard,Electronics,2,83.28,166.56,Cancelled
ORD-0007511,CUST-006875,2026-09-04,Desk Organizer,Office,3,26.21,78.63,Completed
ORD-0007512,CUST-009918,2023-10-16,Standing Desk,Furniture,1,368.46,368.46,Cancelled
ORD-0007513,CUST-000146,2025-06-06,Noise-Canceling Headphones,Electronics,5,167.83,839.15,Completed
ORD-0007514,CUST-007156,2026-01-07,USB-C Hub,Electronics,2,45.33,90.66,Returned
ORD-0007515,CUST-004231,2024-12-12,Noise-Canceling Headphones,Electronics,2,183.76,367.52,Processing
ORD-0007516,CUST-002524,2026-09-01,Ergonomic Chair,Furniture,1,232.35,232.35,Completed
ORD-0007517,CUST-007809,2022-12-02,Laptop Stand,Office,2,41.78,83.56,Completed
ORD-0007518,CUST-001287,2025-07-08,Mechanical Keyboard,Electronics,3,96.76,290.28,Completed
ORD-0007519,CUST-000934,2024-12-18,Notebook Set,Stationery,4,12.57,50.28,Completed
ORD-0007520,CUST-004425,2026-05-16,Noise-Canceling Headphones,Electronics,4,178.24,712.96,Completed
ORD-0007521,CUST-006993,2026-06-26,Notebook Set,Stationery,3,12.65,37.95,Completed
ORD-0007522,CUST-000787,2025-04-08,Ergonomic Chair,Furniture,3,265.47,796.41,Cancelled
ORD-0007523,CUST-004386,2025-12-22,Noise-Canceling Headphones,Electronics,1,171.21,171.21,Returned
ORD-0007524,CUST-005464,2022-09-05,Webcam,Electronics,2,72.83,145.66,Processing
ORD-0007525,CUST-004052,2021-03-26,Noise-Canceling Headphones,Electronics,6,188.52,1131.12,Returned
ORD-0007526,CUST-001727,2023-01-12,USB-C Hub,Electronics,3,52.09,156.27,Returned
ORD-0007527,CUST-001408,2026-04-21,Notebook Set,Stationery,6,12.89,77.34,Completed
ORD-0007528,CUST-006371,2025-04-25,Backpack,Lifestyle,3,63.73,191.19,Completed
ORD-0007529,CUST-003811,2026-08-13,Ergonomic Chair,Furniture,6,256.86,1541.16,Processing
ORD-0007530,CUST-000815,2022-07-28,Mechanical Keyboard,Electronics,4,95.23,380.92,Cancelled
ORD-0007531,CUST-007131,2026-06-27,Laptop Stand,Office,5,46.78,233.9,Processing
ORD-0007532,CUST-002796,2025-03-01,Backpack,Lifestyle,5,65.4,327,Processing
ORD-0007533,CUST-007522,2026-07-17,Webcam,Electronics,3,77.4,232.2,Processing
ORD-0007534,CUST-006001,2026-06-21,Mechanical Keyboard,Electronics,4,82.86,331.44,Shipped
ORD-0007535,CUST-007006,2023-04-02,Notebook Set,Stationery,2,13.09,26.18,Processing
ORD-0007536,CUST-007485,2025-12-01,Laptop Stand,Office,1,44.73,44.73,Processing
ORD-0007537,CUST-003933,2026-08-11,Webcam,Electronics,6,71.83,430.98,Completed
ORD-0007538,CUST-005212,2023-10-15,Wireless Mouse,Electronics,1,29.66,29.66,Completed
ORD-0007539,CUST-001942,2026-01-08,Webcam,Electronics,4,79.05,316.2,Completed
ORD-0007540,CUST-000570,2026-08-19,Mechanical Keyboard,Electronics,5,81.8,409,Returned
ORD-0007541,CUST-003491,2025-04-11,Backpack,Lifestyle,3,56.09,168.27,Completed
ORD-0007542,CUST-003201,2025-11-23,USB-C Hub,Electronics,2,51.82,103.64,Completed
ORD-0007543,CUST-006567,2025-12-01,USB-C Hub,Electronics,6,50.55,303.3,Shipped
ORD-0007544,CUST-007985,2026-06-29,Notebook Set,Stationery,2,12.13,24.26,Completed
ORD-0007545,CUST-005662,2024-07-04,Ergonomic Chair,Furniture,4,272.85,1091.4,Completed
ORD-0007546,CUST-006531,2026-09-02,Noise-Canceling Headphones,Electronics,5,169.81,849.05,Completed
ORD-0007547,CUST-000612,2024-06-11,Noise-Canceling Headphones,Electronics,6,193.47,1160.82,Completed
ORD-0007548,CUST-008011,2024-09-03,USB-C Hub,Electronics,1,49.91,49.91,Completed
ORD-0007549,CUST-009386,2025-06-26,Standing Desk,Furniture,5,384.55,1922.75,Completed
ORD-0007550,CUST-006683,2026-04-05,Wireless Mouse,Electronics,2,29.15,58.3,Completed
ORD-0007551,CUST-003429,2026-08-30,Notebook Set,Stationery,2,13.13,26.26,Returned
ORD-0007552,CUST-005946,2024-09-30,Water Bottle,Lifestyle,6,20.47,122.82,Processing
ORD-0007553,CUST-006647,2022-04-04,Laptop Stand,Office,1,42.49,42.49,Completed
ORD-0007554,CUST-001280,2025-01-12,Ergonomic Chair,Furniture,1,261.43,261.43,Processing
ORD-0007555,CUST-001622,2025-06-03,Noise-Canceling Headphones,Electronics,2,189.13,378.26,Cancelled
ORD-0007556,CUST-006894,2026-06-25,USB-C Hub,Electronics,3,46.26,138.78,Completed
ORD-0007557,CUST-009171,2025-11-13,Standing Desk,Furniture,4,411.71,1646.84,Returned
ORD-0007558,CUST-003448,2024-12-17,Water Bottle,Lifestyle,1,20.83,20.83,Completed
ORD-0007559,CUST-009811,2026-05-22,Ergonomic Chair,Furniture,1,229.13,229.13,Completed
ORD-0007560,CUST-006683,2026-07-27,Wireless Mouse,Electronics,4,31.38,125.52,Completed
ORD-0007561,CUST-008256,2026-01-11,Mechanical Keyboard,Electronics,3,89.3,267.9,Returned
ORD-0007562,CUST-009295,2024-03-28,Laptop Stand,Office,3,46.65,139.95,Cancelled
ORD-0007563,CUST-004518,2026-09-06,Desk Organizer,Office,5,25.07,125.35,Completed
ORD-0007564,CUST-000914,2024-11-24,Water Bottle,Lifestyle,1,18.07,18.07,Cancelled
ORD-0007565,CUST-007716,2023-03-23,Backpack,Lifestyle,4,62.67,250.68,Cancelled
ORD-0007566,CUST-003515,2026-07-25,Mechanical Keyboard,Electronics,4,85.94,343.76,Processing
ORD-0007567,CUST-001181,2024-07-04,Webcam,Electronics,5,72.54,362.7,Cancelled
ORD-0007568,CUST-002120,2026-01-11,Laptop Stand,Office,4,47.33,189.32,Shipped
ORD-0007569,CUST-009956,2026-09-03,USB-C Hub,Electronics,4,47,188,Completed
ORD-0007570,CUST-003120,2024-03-19,Laptop Stand,Office,1,46.36,46.36,Processing
ORD-0007571,CUST-004285,2022-11-25,Backpack,Lifestyle,5,56.16,280.8,Completed
ORD-0007572,CUST-005068,2022-10-19,Backpack,Lifestyle,5,60.59,302.95,Shipped
ORD-0007573,CUST-005174,2024-06-04,Ergonomic Chair,Furniture,1,250.38,250.38,Completed
ORD-0007574,CUST-009294,2026-09-02,Backpack,Lifestyle,6,58.28,349.68,Completed
ORD-0007575,CUST-000633,2025-10-14,Ergonomic Chair,Furniture,5,238.31,1191.55,Shipped
ORD-0007576,CUST-000169,2022-10-10,Laptop Stand,Office,2,45.1,90.2,Returned
ORD-0007577,CUST-003682,2022-07-03,Backpack,Lifestyle,2,62.52,125.04,Shipped
ORD-0007578,CUST-007377,2026-09-07,Noise-Canceling Headphones,Electronics,5,168.66,843.3,Processing
ORD-0007579,CUST-005723,2026-05-30,Noise-Canceling Headphones,Electronics,4,175.67,702.68,Cancelled
ORD-0007580,CUST-005027,2026-05-22,Backpack,Lifestyle,3,61,183,Completed
ORD-0007581,CUST-001358,2025-09-04,Laptop Stand,Office,1,46.08,46.08,Shipped
ORD-0007582,CUST-004964,2025-05-18,Standing Desk,Furniture,6,417.8,2506.8,Shipped
ORD-0007583,CUST-003266,2025-07-15,Wireless Mouse,Electronics,1,28.57,28.57,Processing
ORD-0007584,CUST-004102,2024-09-30,Webcam,Electronics,6,66.67,400.02,Completed
ORD-0007585,CUST-008216,2024-03-23,USB-C Hub,Electronics,1,53.71,53.71,Cancelled
ORD-0007586,CUST-008143,2023-12-26,Wireless Mouse,Electronics,5,30.92,154.6,Completed
ORD-0007587,CUST-007820,2024-12-31,Backpack,Lifestyle,2,58.47,116.94,Completed
ORD-0007588,CUST-006509,2023-01-07,Desk Organizer,Office,2,23.16,46.32,Shipped
ORD-0007589,CUST-000112,2026-07-26,Standing Desk,Furniture,4,436.91,1747.64,Completed
ORD-0007590,CUST-005845,2026-02-11,Standing Desk,Furniture,6,366.98,2201.88,Processing
ORD-0007591,CUST-000554,2022-02-10,Mechanical Keyboard,Electronics,2,81.71,163.42,Completed
ORD-0007592,CUST-001929,2023-11-07,Mechanical Keyboard,Electronics,2,92.64,185.28,Completed
ORD-0007593,CUST-003560,2026-09-02,Desk Organizer,Office,5,24.71,123.55,Returned
ORD-0007594,CUST-002327,2025-09-02,Ergonomic Chair,Furniture,3,235.76,707.28,Completed
ORD-0007595,CUST-008131,2026-04-07,Notebook Set,Stationery,2,12.93,25.86,Completed
ORD-0007596,CUST-004656,2026-06-16,Wireless Mouse,Electronics,3,30.92,92.76,Completed
ORD-0007597,CUST-003690,2021-09-24,Backpack,Lifestyle,5,55.41,277.05,Completed
ORD-0007598,CUST-007776,2023-12-09,Ergonomic Chair,Furniture,5,250.16,1250.8,Completed
ORD-0007599,CUST-004723,2026-01-13,Backpack,Lifestyle,2,54.36,108.72,Completed
ORD-0007600,CUST-005768,2026-07-24,Noise-Canceling Headphones,Electronics,5,174.14,870.7,Returned
ORD-0007601,CUST-005312,2026-07-15,Standing Desk,Furniture,6,430.89,2585.34,Completed
ORD-0007602,CUST-007041,2024-07-07,Desk Organizer,Office,4,26.03,104.12,Completed
ORD-0007603,CUST-007148,2025-11-26,Mechanical Keyboard,Electronics,6,88.94,533.64,Returned
ORD-0007604,CUST-003411,2023-01-17,Laptop Stand,Office,5,44.97,224.85,Completed
ORD-0007605,CUST-007127,2025-07-17,Webcam,Electronics,5,79.33,396.65,Cancelled
ORD-0007606,CUST-006488,2022-09-16,Noise-Canceling Headphones,Electronics,6,170.56,1023.36,Returned
ORD-0007607,CUST-003127,2026-01-17,Standing Desk,Furniture,1,418.57,418.57,Returned
ORD-0007608,CUST-001227,2025-06-09,USB-C Hub,Electronics,1,45.11,45.11,Completed
ORD-0007609,CUST-009041,2026-08-20,Wireless Mouse,Electronics,1,31.97,31.97,Cancelled
ORD-0007610,CUST-008979,2022-08-23,Notebook Set,Stationery,2,13.88,27.76,Cancelled
ORD-0007611,CUST-002678,2026-04-12,Water Bottle,Lifestyle,2,19.15,38.3,Completed
ORD-0007612,CUST-004889,2026-04-07,Wireless Mouse,Electronics,1,30.79,30.79,Shipped
ORD-0007613,CUST-002620,2023-05-29,Ergonomic Chair,Furniture,4,239.96,959.84,Processing
ORD-0007614,CUST-006980,2021-11-19,Backpack,Lifestyle,3,60.72,182.16,Completed
ORD-0007615,CUST-002622,2025-06-25,Desk Organizer,Office,6,22.52,135.12,Completed
ORD-0007616,CUST-006774,2026-09-01,Noise-Canceling Headphones,Electronics,2,173.55,347.1,Processing
ORD-0007617,CUST-004661,2024-09-13,Backpack,Lifestyle,6,64,384,Completed
ORD-0007618,CUST-003788,2026-05-08,Backpack,Lifestyle,5,62.76,313.8,Returned
ORD-0007619,CUST-004220,2025-07-30,Ergonomic Chair,Furniture,2,247.42,494.84,Cancelled
ORD-0007620,CUST-008753,2023-04-12,Ergonomic Chair,Furniture,4,230.05,920.2,Completed
ORD-0007621,CUST-003895,2025-06-11,Ergonomic Chair,Furniture,5,261.24,1306.2,Returned
ORD-0007622,CUST-002892,2026-09-07,Mechanical Keyboard,Electronics,5,81.31,406.55,Processing
ORD-0007623,CUST-003938,2025-03-27,Desk Organizer,Office,2,22.48,44.96,Shipped
ORD-0007624,CUST-003112,2023-08-22,USB-C Hub,Electronics,1,49.2,49.2,Shipped
ORD-0007625,CUST-000807,2026-08-08,Standing Desk,Furniture,5,422.08,2110.4,Returned
ORD-0007626,CUST-005447,2025-09-03,Noise-Canceling Headphones,Electronics,4,197.76,791.04,Completed
ORD-0007627,CUST-007333,2026-08-30,Laptop Stand,Office,1,45.93,45.93,Completed
ORD-0007628,CUST-001592,2024-03-19,USB-C Hub,Electronics,1,45.84,45.84,Cancelled
ORD-0007629,CUST-000589,2025-04-17,Laptop Stand,Office,6,47.43,284.58,Completed
ORD-0007630,CUST-005884,2026-02-14,Wireless Mouse,Electronics,3,32.93,98.79,Shipped
ORD-0007631,CUST-006061,2023-08-14,Wireless Mouse,Electronics,5,27.51,137.55,Cancelled
ORD-0007632,CUST-002559,2025-09-05,Backpack,Lifestyle,5,57.61,288.05,Completed
ORD-0007633,CUST-009211,2023-10-28,Ergonomic Chair,Furniture,4,271.11,1084.44,Cancelled
ORD-0007634,CUST-005639,2024-10-30,Standing Desk,Furniture,5,419.94,2099.7,Completed
ORD-0007635,CUST-008019,2024-11-24,Backpack,Lifestyle,6,58.89,353.34,Completed
ORD-0007636,CUST-006293,2024-09-29,USB-C Hub,Electronics,2,45.15,90.3,Shipped
ORD-0007637,CUST-002621,2025-04-01,Water Bottle,Lifestyle,1,20.5,20.5,Completed
ORD-0007638,CUST-005007,2026-09-06,Water Bottle,Lifestyle,1,20.2,20.2,Completed
ORD-0007639,CUST-000602,2024-11-05,Notebook Set,Stationery,6,12.25,73.5,Shipped
ORD-0007640,CUST-008414,2026-05-15,Desk Organizer,Office,4,24.39,97.56,Processing
ORD-0007641,CUST-009072,2024-05-12,Standing Desk,Furniture,6,422.93,2537.58,Completed
ORD-0007642,CUST-003126,2025-01-01,Standing Desk,Furniture,2,411.06,822.12,Processing
ORD-0007643,CUST-007094,2025-04-18,Mechanical Keyboard,Electronics,1,81.13,81.13,Shipped
ORD-0007644,CUST-001416,2026-08-04,Wireless Mouse,Electronics,4,28.37,113.48,Processing
ORD-0007645,CUST-004569,2024-04-15,Ergonomic Chair,Furniture,2,268.65,537.3,Cancelled
ORD-0007646,CUST-006080,2025-01-07,Webcam,Electronics,3,78.14,234.42,Returned
ORD-0007647,CUST-006174,2024-04-21,Notebook Set,Stationery,1,12.05,12.05,Completed
ORD-0007648,CUST-004341,2026-01-29,Webcam,Electronics,2,75.65,151.3,Completed
ORD-0007649,CUST-001440,2025-08-21,Wireless Mouse,Electronics,3,28.95,86.85,Completed
ORD-0007650,CUST-003128,2025-07-22,USB-C Hub,Electronics,5,49.79,248.95,Shipped
ORD-0007651,CUST-004561,2021-04-10,Desk Organizer,Office,1,24.02,24.02,Completed
ORD-0007652,CUST-000571,2025-07-23,Noise-Canceling Headphones,Electronics,4,191.7,766.8,Processing
ORD-0007653,CUST-000042,2022-03-15,Notebook Set,Stationery,5,12.2,61,Processing
ORD-0007654,CUST-001064,2025-01-02,Laptop Stand,Office,4,48.97,195.88,Shipped
ORD-0007655,CUST-002767,2026-06-21,Standing Desk,Furniture,3,363.74,1091.22,Completed
ORD-0007656,CUST-003741,2025-11-27,Ergonomic Chair,Furniture,4,241.62,966.48,Cancelled
ORD-0007657,CUST-003581,2024-08-29,Wireless Mouse,Electronics,2,29.65,59.3,Completed
ORD-0007658,CUST-006693,2025-07-15,Water Bottle,Lifestyle,2,19.96,39.92,Processing
ORD-0007659,CUST-003990,2023-06-11,USB-C Hub,Electronics,6,44.4,266.4,Returned
ORD-0007660,CUST-001790,2023-05-31,USB-C Hub,Electronics,3,44.74,134.22,Cancelled
ORD-0007661,CUST-006061,2022-05-15,Ergonomic Chair,Furniture,5,261.26,1306.3,Returned
ORD-0007662,CUST-007439,2026-07-12,USB-C Hub,Electronics,5,45.52,227.6,Completed
ORD-0007663,CUST-006123,2026-06-11,Laptop Stand,Office,5,41.87,209.35,Cancelled
ORD-0007664,CUST-009123,2023-11-27,Wireless Mouse,Electronics,4,28.03,112.12,Cancelled
ORD-0007665,CUST-003360,2024-10-21,Webcam,Electronics,3,73.4,220.2,Completed
ORD-0007666,CUST-000074,2023-10-15,Laptop Stand,Office,5,45.91,229.55,Shipped
ORD-0007667,CUST-006890,2025-08-06,Notebook Set,Stationery,1,12.16,12.16,Completed
ORD-0007668,CUST-006907,2026-07-12,Notebook Set,Stationery,5,13.92,69.6,Completed
ORD-0007669,CUST-007427,2026-02-03,Wireless Mouse,Electronics,2,30.44,60.88,Completed
ORD-0007670,CUST-007576,2023-12-01,Desk Organizer,Office,4,26.42,105.68,Completed
ORD-0007671,CUST-002111,2021-01-13,Water Bottle,Lifestyle,4,18.88,75.52,Shipped
ORD-0007672,CUST-001485,2024-05-20,Wireless Mouse,Electronics,4,29.09,116.36,Returned
ORD-0007673,CUST-003610,2023-03-04,Noise-Canceling Headphones,Electronics,5,180.22,901.1,Completed
ORD-0007674,CUST-004105,2024-05-17,Noise-Canceling Headphones,Electronics,2,188.1,376.2,Returned
ORD-0007675,CUST-007084,2024-06-05,Desk Organizer,Office,3,25.83,77.49,Completed
ORD-0007676,CUST-000926,2022-08-22,Laptop Stand,Office,3,43,129,Shipped
ORD-0007677,CUST-001101,2026-08-22,Water Bottle,Lifestyle,6,17.48,104.88,Completed
ORD-0007678,CUST-008114,2024-07-05,Mechanical Keyboard,Electronics,3,86.57,259.71,Shipped
ORD-0007679,CUST-001102,2024-12-19,USB-C Hub,Electronics,5,53.69,268.45,Shipped
ORD-0007680,CUST-009686,2026-07-24,Laptop Stand,Office,2,48.52,97.04,Shipped
ORD-0007681,CUST-006512,2023-06-19,Wireless Mouse,Electronics,6,32.87,197.22,Completed
ORD-0007682,CUST-003574,2022-11-11,Mechanical Keyboard,Electronics,5,94.87,474.35,Cancelled
ORD-0007683,CUST-005084,2024-02-18,USB-C Hub,Electronics,5,53.37,266.85,Completed
ORD-0007684,CUST-001404,2026-08-06,Backpack,Lifestyle,1,59.78,59.78,Completed
ORD-0007685,CUST-000575,2024-12-28,Wireless Mouse,Electronics,6,27.88,167.28,Completed
ORD-0007686,CUST-009335,2022-12-04,Backpack,Lifestyle,4,55.85,223.4,Completed
ORD-0007687,CUST-002343,2026-04-09,Desk Organizer,Office,2,22.62,45.24,Completed
ORD-0007688,CUST-009820,2024-06-25,Ergonomic Chair,Furniture,5,249.26,1246.3,Cancelled
ORD-0007689,CUST-007966,2026-03-10,Noise-Canceling Headphones,Electronics,3,197.1,591.3,Returned
ORD-0007690,CUST-006601,2026-04-12,Wireless Mouse,Electronics,6,30.34,182.04,Cancelled
ORD-0007691,CUST-002468,2023-04-04,Standing Desk,Furniture,1,389.4,389.4,Completed
ORD-0007692,CUST-007818,2026-05-06,Ergonomic Chair,Furniture,4,264.54,1058.16,Returned
ORD-0007693,CUST-000252,2025-01-03,Water Bottle,Lifestyle,5,18.77,93.85,Shipped
ORD-0007694,CUST-004539,2026-06-06,Ergonomic Chair,Furniture,1,258.11,258.11,Processing
ORD-0007695,CUST-008336,2023-08-09,Backpack,Lifestyle,4,56.35,225.4,Completed
ORD-0007696,CUST-004593,2026-05-31,Standing Desk,Furniture,1,397.46,397.46,Cancelled
ORD-0007697,CUST-001969,2026-05-04,Webcam,Electronics,5,77.35,386.75,Completed
ORD-0007698,CUST-004009,2022-08-05,Webcam,Electronics,4,76.91,307.64,Cancelled
ORD-0007699,CUST-006251,2025-10-13,USB-C Hub,Electronics,3,46.89,140.67,Returned
ORD-0007700,CUST-000945,2026-03-07,Notebook Set,Stationery,2,13.67,27.34,Cancelled
ORD-0007701,CUST-009817,2023-10-28,Wireless Mouse,Electronics,2,27.47,54.94,Cancelled
ORD-0007702,CUST-009418,2025-11-26,Ergonomic Chair,Furniture,4,247.42,989.68,Shipped
ORD-0007703,CUST-009206,2023-07-17,Noise-Canceling Headphones,Electronics,6,162.66,975.96,Completed
ORD-0007704,CUST-002698,2026-05-08,Ergonomic Chair,Furniture,2,257.98,515.96,Completed
ORD-0007705,CUST-004988,2026-08-31,Mechanical Keyboard,Electronics,6,81.3,487.8,Returned
ORD-0007706,CUST-008702,2026-06-04,Backpack,Lifestyle,5,63.4,317,Returned
ORD-0007707,CUST-003265,2026-08-23,Noise-Canceling Headphones,Electronics,1,195.48,195.48,Completed
ORD-0007708,CUST-002238,2025-07-07,Backpack,Lifestyle,4,64.36,257.44,Cancelled
ORD-0007709,CUST-008613,2026-01-31,Webcam,Electronics,2,80.58,161.16,Completed
ORD-0007710,CUST-001431,2024-06-09,Backpack,Lifestyle,2,60.59,121.18,Processing
ORD-0007711,CUST-007082,2022-09-05,Standing Desk,Furniture,5,433.43,2167.15,Cancelled
ORD-0007712,CUST-008188,2026-04-14,USB-C Hub,Electronics,1,48.52,48.52,Returned
ORD-0007713,CUST-000336,2026-01-31,Laptop Stand,Office,4,47.14,188.56,Completed
ORD-0007714,CUST-005039,2024-10-24,Mechanical Keyboard,Electronics,1,87.88,87.88,Completed
ORD-0007715,CUST-004530,2026-07-17,Water Bottle,Lifestyle,4,17.42,69.68,Processing
ORD-0007716,CUST-003196,2023-12-26,Webcam,Electronics,5,76.13,380.65,Returned
ORD-0007717,CUST-000015,2025-01-12,USB-C Hub,Electronics,2,45.6,91.2,Cancelled
ORD-0007718,CUST-009180,2021-10-05,Backpack,Lifestyle,2,58.47,116.94,Completed
ORD-0007719,CUST-000470,2026-05-17,Standing Desk,Furniture,4,411.32,1645.28,Completed
ORD-0007720,CUST-009855,2026-05-26,Webcam,Electronics,1,74.97,74.97,Cancelled
ORD-0007721,CUST-002546,2026-02-09,Webcam,Electronics,4,68.1,272.4,Shipped
ORD-0007722,CUST-008209,2026-01-28,Desk Organizer,Office,2,25.42,50.84,Cancelled
ORD-0007723,CUST-009631,2022-04-14,Noise-Canceling Headphones,Electronics,3,178.3,534.9,Completed
ORD-0007724,CUST-004743,2024-10-16,Water Bottle,Lifestyle,1,17.69,17.69,Completed
ORD-0007725,CUST-005809,2025-11-19,Mechanical Keyboard,Electronics,1,89.33,89.33,Completed
ORD-0007726,CUST-001786,2026-04-04,Desk Organizer,Office,6,24.74,148.44,Completed
ORD-0007727,CUST-008627,2026-05-10,Backpack,Lifestyle,2,59.75,119.5,Completed
ORD-0007728,CUST-000598,2026-06-09,Backpack,Lifestyle,1,55.47,55.47,Shipped
ORD-0007729,CUST-001747,2025-08-21,Backpack,Lifestyle,6,56.83,340.98,Completed
ORD-0007730,CUST-003607,2024-06-10,USB-C Hub,Electronics,4,50.29,201.16,Completed
ORD-0007731,CUST-001092,2021-11-18,Mechanical Keyboard,Electronics,3,82.45,247.35,Cancelled
ORD-0007732,CUST-006603,2026-06-30,Water Bottle,Lifestyle,4,20.39,81.56,Returned
ORD-0007733,CUST-000562,2022-04-05,Water Bottle,Lifestyle,6,20.32,121.92,Completed
ORD-0007734,CUST-008260,2026-09-07,Desk Organizer,Office,6,25.99,155.94,Completed
ORD-0007735,CUST-005939,2024-11-11,Desk Organizer,Office,3,26.74,80.22,Cancelled
ORD-0007736,CUST-006807,2026-08-24,Backpack,Lifestyle,5,61.63,308.15,Completed
ORD-0007737,CUST-008041,2025-11-22,USB-C Hub,Electronics,6,51.45,308.7,Returned
ORD-0007738,CUST-006205,2023-01-25,Webcam,Electronics,4,79.49,317.96,Returned
ORD-0007739,CUST-008751,2025-04-07,Wireless Mouse,Electronics,5,32.57,162.85,Cancelled
ORD-0007740,CUST-006670,2026-09-07,USB-C Hub,Electronics,2,48.72,97.44,Completed
ORD-0007741,CUST-006001,2026-05-05,Laptop Stand,Office,2,46.45,92.9,Completed
ORD-0007742,CUST-006882,2022-12-14,Standing Desk,Furniture,2,368.35,736.7,Completed
ORD-0007743,CUST-006292,2023-12-21,USB-C Hub,Electronics,1,53.05,53.05,Cancelled
ORD-0007744,CUST-007729,2024-10-25,Laptop Stand,Office,3,47.61,142.83,Shipped
ORD-0007745,CUST-005871,2023-01-10,Mechanical Keyboard,Electronics,6,94.37,566.22,Shipped
ORD-0007746,CUST-009935,2026-04-19,Wireless Mouse,Electronics,6,30.79,184.74,Cancelled
ORD-0007747,CUST-004138,2024-10-29,Standing Desk,Furniture,5,363.43,1817.15,Shipped
ORD-0007748,CUST-000391,2026-01-05,Standing Desk,Furniture,2,428.06,856.12,Completed
ORD-0007749,CUST-005384,2024-02-09,Standing Desk,Furniture,6,387.73,2326.38,Completed
ORD-0007750,CUST-004574,2026-09-07,Laptop Stand,Office,1,44.86,44.86,Processing
ORD-0007751,CUST-007448,2025-03-28,Desk Organizer,Office,3,23.56,70.68,Processing
ORD-0007752,CUST-004852,2025-11-02,Noise-Canceling Headphones,Electronics,5,175.2,876,Returned
ORD-0007753,CUST-008404,2023-10-03,Standing Desk,Furniture,3,422.09,1266.27,Processing
ORD-0007754,CUST-007054,2022-01-20,USB-C Hub,Electronics,2,50.82,101.64,Returned
ORD-0007755,CUST-004845,2022-01-09,Mechanical Keyboard,Electronics,6,85.85,515.1,Completed
ORD-0007756,CUST-000136,2026-08-16,Water Bottle,Lifestyle,4,17.44,69.76,Completed
ORD-0007757,CUST-007878,2025-10-03,Noise-Canceling Headphones,Electronics,5,189.43,947.15,Completed
ORD-0007758,CUST-006278,2024-09-08,Wireless Mouse,Electronics,6,32.6,195.6,Shipped
ORD-0007759,CUST-005425,2023-06-29,Wireless Mouse,Electronics,6,29.79,178.74,Completed
ORD-0007760,CUST-001270,2026-05-27,Wireless Mouse,Electronics,3,29.17,87.51,Completed
ORD-0007761,CUST-001904,2026-01-14,Laptop Stand,Office,6,48.42,290.52,Completed
ORD-0007762,CUST-007528,2026-04-02,Backpack,Lifestyle,2,56.69,113.38,Completed
ORD-0007763,CUST-008903,2026-08-05,Standing Desk,Furniture,2,406.35,812.7,Completed
ORD-0007764,CUST-004572,2023-04-20,Backpack,Lifestyle,3,56.94,170.82,Cancelled
ORD-0007765,CUST-002935,2022-06-01,Wireless Mouse,Electronics,3,30.41,91.23,Processing
ORD-0007766,CUST-004324,2023-12-14,Webcam,Electronics,3,72.58,217.74,Shipped
ORD-0007767,CUST-008864,2025-01-23,Wireless Mouse,Electronics,5,30.29,151.45,Processing
ORD-0007768,CUST-001068,2026-02-28,Mechanical Keyboard,Electronics,5,94.96,474.8,Cancelled
ORD-0007769,CUST-000101,2026-07-27,Mechanical Keyboard,Electronics,4,84.54,338.16,Completed
ORD-0007770,CUST-008401,2026-07-23,Laptop Stand,Office,1,40.63,40.63,Shipped
ORD-0007771,CUST-009159,2025-05-03,Mechanical Keyboard,Electronics,6,88.43,530.58,Shipped
ORD-0007772,CUST-008040,2025-10-10,Backpack,Lifestyle,5,60.56,302.8,Cancelled
ORD-0007773,CUST-004662,2025-05-30,Laptop Stand,Office,2,47.37,94.74,Completed
ORD-0007774,CUST-007815,2023-03-15,Water Bottle,Lifestyle,5,19.85,99.25,Cancelled
ORD-0007775,CUST-003409,2025-11-02,USB-C Hub,Electronics,1,53.89,53.89,Shipped
ORD-0007776,CUST-008690,2023-12-01,Ergonomic Chair,Furniture,4,259.12,1036.48,Returned
ORD-0007777,CUST-008576,2023-08-31,Desk Organizer,Office,6,24.36,146.16,Processing
ORD-0007778,CUST-003173,2026-08-06,Noise-Canceling Headphones,Electronics,6,196.14,1176.84,Shipped
ORD-0007779,CUST-007649,2024-12-06,Desk Organizer,Office,3,23.69,71.07,Completed
ORD-0007780,CUST-009933,2025-05-30,Desk Organizer,Office,4,22.6,90.4,Cancelled
ORD-0007781,CUST-006202,2026-08-09,Noise-Canceling Headphones,Electronics,2,164.77,329.54,Processing
ORD-0007782,CUST-001991,2025-01-22,Laptop Stand,Office,3,45.44,136.32,Completed
ORD-0007783,CUST-006083,2026-04-07,Mechanical Keyboard,Electronics,6,97.93,587.58,Completed
ORD-0007784,CUST-008316,2023-12-19,Desk Organizer,Office,4,26.93,107.72,Completed
ORD-0007785,CUST-009126,2026-06-26,Desk Organizer,Office,6,23.31,139.86,Cancelled
ORD-0007786,CUST-001173,2024-11-02,Notebook Set,Stationery,2,12.33,24.66,Completed
ORD-0007787,CUST-009974,2026-08-02,Mechanical Keyboard,Electronics,6,84.21,505.26,Processing
ORD-0007788,CUST-004064,2021-10-10,Water Bottle,Lifestyle,4,20.35,81.4,Completed
ORD-0007789,CUST-004105,2024-05-30,Noise-Canceling Headphones,Electronics,1,175.74,175.74,Completed
ORD-0007790,CUST-007614,2026-09-01,Laptop Stand,Office,3,43.05,129.15,Completed
ORD-0007791,CUST-009657,2024-07-31,Wireless Mouse,Electronics,4,31.64,126.56,Shipped
ORD-0007792,CUST-003240,2025-12-12,Backpack,Lifestyle,4,59.3,237.2,Shipped
ORD-0007793,CUST-004147,2022-06-27,Backpack,Lifestyle,3,60.56,181.68,Completed
ORD-0007794,CUST-006936,2022-12-27,Webcam,Electronics,2,76.85,153.7,Cancelled
ORD-0007795,CUST-009674,2026-03-27,Notebook Set,Stationery,2,13.64,27.28,Processing
ORD-0007796,CUST-008046,2022-08-21,Desk Organizer,Office,5,25.29,126.45,Completed
ORD-0007797,CUST-002705,2024-08-09,Backpack,Lifestyle,3,55.66,166.98,Completed
ORD-0007798,CUST-000337,2026-03-24,Wireless Mouse,Electronics,6,27.16,162.96,Shipped
ORD-0007799,CUST-007033,2025-06-07,Laptop Stand,Office,6,43.29,259.74,Completed
ORD-0007800,CUST-005238,2025-11-30,Noise-Canceling Headphones,Electronics,2,189.67,379.34,Cancelled
ORD-0007801,CUST-001004,2025-08-06,Backpack,Lifestyle,6,57.16,342.96,Returned
ORD-0007802,CUST-009577,2023-04-18,Wireless Mouse,Electronics,3,31.1,93.3,Processing
ORD-0007803,CUST-002602,2021-01-18,Backpack,Lifestyle,4,58.11,232.44,Completed
ORD-0007804,CUST-002667,2026-06-22,Wireless Mouse,Electronics,5,27.76,138.8,Shipped
ORD-0007805,CUST-008492,2022-07-14,Laptop Stand,Office,6,40.46,242.76,Shipped
ORD-0007806,CUST-000080,2026-03-14,Backpack,Lifestyle,3,59.45,178.35,Shipped
ORD-0007807,CUST-005613,2025-05-04,Webcam,Electronics,6,74.26,445.56,Completed
ORD-0007808,CUST-003951,2022-04-12,Notebook Set,Stationery,1,11.98,11.98,Returned
ORD-0007809,CUST-006410,2026-04-05,Mechanical Keyboard,Electronics,3,89.48,268.44,Cancelled
ORD-0007810,CUST-002166,2026-02-23,Noise-Canceling Headphones,Electronics,3,164.85,494.55,Completed
ORD-0007811,CUST-001303,2024-03-23,Desk Organizer,Office,1,25.29,25.29,Returned
ORD-0007812,CUST-001264,2025-10-09,Webcam,Electronics,1,75.03,75.03,Completed
ORD-0007813,CUST-004492,2026-05-19,USB-C Hub,Electronics,6,52.62,315.72,Processing
ORD-0007814,CUST-000406,2023-07-27,Water Bottle,Lifestyle,3,20.84,62.52,Shipped
ORD-0007815,CUST-001675,2024-10-01,Desk Organizer,Office,4,25.87,103.48,Cancelled
ORD-0007816,CUST-006255,2026-03-27,USB-C Hub,Electronics,5,51.79,258.95,Cancelled
ORD-0007817,CUST-000794,2026-07-28,Notebook Set,Stationery,1,13.96,13.96,Processing
ORD-0007818,CUST-001103,2025-06-09,Laptop Stand,Office,5,46.58,232.9,Completed
ORD-0007819,CUST-009385,2021-02-06,Standing Desk,Furniture,6,416.92,2501.52,Completed
ORD-0007820,CUST-009095,2022-11-07,Backpack,Lifestyle,4,64.83,259.32,Completed
ORD-0007821,CUST-004638,2026-05-05,Noise-Canceling Headphones,Electronics,6,188.06,1128.36,Returned
ORD-0007822,CUST-007896,2026-06-15,Webcam,Electronics,2,71.08,142.16,Completed
ORD-0007823,CUST-004752,2021-07-16,Noise-Canceling Headphones,Electronics,1,176.34,176.34,Completed
ORD-0007824,CUST-005637,2026-03-03,Backpack,Lifestyle,6,55.55,333.3,Shipped
ORD-0007825,CUST-002686,2025-12-01,Webcam,Electronics,5,76.44,382.2,Processing
ORD-0007826,CUST-005492,2025-05-11,Noise-Canceling Headphones,Electronics,1,171.68,171.68,Completed
ORD-0007827,CUST-005896,2023-04-17,Ergonomic Chair,Furniture,2,236.03,472.06,Cancelled
ORD-0007828,CUST-002719,2026-02-13,Backpack,Lifestyle,2,63.13,126.26,Completed
ORD-0007829,CUST-008145,2026-08-10,Wireless Mouse,Electronics,4,32.14,128.56,Completed
ORD-0007830,CUST-001523,2023-12-22,Mechanical Keyboard,Electronics,6,92.72,556.32,Cancelled
ORD-0007831,CUST-002000,2026-08-01,Laptop Stand,Office,4,40.59,162.36,Completed
ORD-0007832,CUST-001572,2026-07-06,USB-C Hub,Electronics,2,49.3,98.6,Cancelled
ORD-0007833,CUST-003084,2026-03-02,Mechanical Keyboard,Electronics,2,82.06,164.12,Completed
ORD-0007834,CUST-006520,2023-04-26,Ergonomic Chair,Furniture,3,250.5,751.5,Completed
ORD-0007835,CUST-009697,2022-12-30,USB-C Hub,Electronics,5,53.21,266.05,Completed
ORD-0007836,CUST-009369,2022-04-21,Notebook Set,Stationery,1,11.99,11.99,Shipped
ORD-0007837,CUST-003888,2026-08-27,Noise-Canceling Headphones,Electronics,6,174.92,1049.52,Returned
ORD-0007838,CUST-002027,2025-05-31,Noise-Canceling Headphones,Electronics,2,188.66,377.32,Cancelled
ORD-0007839,CUST-002580,2023-02-25,Noise-Canceling Headphones,Electronics,2,163.63,327.26,Completed
ORD-0007840,CUST-008893,2025-03-23,Mechanical Keyboard,Electronics,3,90.36,271.08,Shipped
ORD-0007841,CUST-009831,2024-06-28,Mechanical Keyboard,Electronics,1,94.09,94.09,Completed
ORD-0007842,CUST-006826,2021-07-22,Standing Desk,Furniture,2,359.23,718.46,Completed
ORD-0007843,CUST-003840,2024-03-15,Notebook Set,Stationery,3,11.51,34.53,Processing
ORD-0007844,CUST-006327,2026-08-23,Backpack,Lifestyle,6,61.44,368.64,Returned
ORD-0007845,CUST-004775,2026-03-30,USB-C Hub,Electronics,5,49.47,247.35,Completed
ORD-0007846,CUST-001293,2025-01-30,Notebook Set,Stationery,2,12.56,25.12,Cancelled
ORD-0007847,CUST-002029,2026-08-20,Wireless Mouse,Electronics,2,27.74,55.48,Completed
ORD-0007848,CUST-007173,2024-10-02,Wireless Mouse,Electronics,2,28.92,57.84,Completed
ORD-0007849,CUST-001993,2025-03-10,Notebook Set,Stationery,3,13.15,39.45,Cancelled
ORD-0007850,CUST-009881,2026-03-23,Webcam,Electronics,2,66.71,133.42,Returned
ORD-0007851,CUST-009942,2026-06-19,Desk Organizer,Office,5,25.25,126.25,Completed
ORD-0007852,CUST-000297,2025-01-26,Notebook Set,Stationery,5,11.73,58.65,Cancelled
ORD-0007853,CUST-002121,2023-03-21,Desk Organizer,Office,2,24.07,48.14,Cancelled
ORD-0007854,CUST-001721,2023-04-27,Mechanical Keyboard,Electronics,3,97.04,291.12,Shipped
ORD-0007855,CUST-006636,2025-08-19,Ergonomic Chair,Furniture,2,250.91,501.82,Cancelled
ORD-0007856,CUST-000095,2023-04-22,Water Bottle,Lifestyle,3,18.29,54.87,Completed
ORD-0007857,CUST-004230,2026-05-07,Webcam,Electronics,3,76.12,228.36,Shipped
ORD-0007858,CUST-009359,2025-12-29,Backpack,Lifestyle,4,60.62,242.48,Completed
ORD-0007859,CUST-002558,2025-05-22,Ergonomic Chair,Furniture,5,242.42,1212.1,Completed
ORD-0007860,CUST-006784,2025-05-21,Notebook Set,Stationery,1,13.43,13.43,Completed
ORD-0007861,CUST-000026,2021-05-25,Desk Organizer,Office,6,22.29,133.74,Completed
ORD-0007862,CUST-005605,2026-06-03,Noise-Canceling Headphones,Electronics,1,184.26,184.26,Completed
ORD-0007863,CUST-007816,2025-11-21,Standing Desk,Furniture,5,412.16,2060.8,Processing
ORD-0007864,CUST-004826,2025-05-23,Water Bottle,Lifestyle,1,18.23,18.23,Shipped
ORD-0007865,CUST-001174,2023-01-29,Ergonomic Chair,Furniture,6,269.35,1616.1,Completed
ORD-0007866,CUST-008517,2025-05-27,Backpack,Lifestyle,5,59.14,295.7,Completed
ORD-0007867,CUST-003558,2026-08-28,Notebook Set,Stationery,2,12.75,25.5,Completed
ORD-0007868,CUST-009465,2024-06-13,USB-C Hub,Electronics,1,45.88,45.88,Cancelled
ORD-0007869,CUST-009746,2024-12-02,Desk Organizer,Office,4,22.52,90.08,Completed
ORD-0007870,CUST-004506,2026-06-22,Notebook Set,Stationery,2,11.56,23.12,Cancelled
ORD-0007871,CUST-006488,2025-09-11,Water Bottle,Lifestyle,3,18.65,55.95,Processing
ORD-0007872,CUST-001398,2022-07-11,Wireless Mouse,Electronics,3,28.67,86.01,Completed
ORD-0007873,CUST-001800,2023-10-21,USB-C Hub,Electronics,3,48.03,144.09,Completed
ORD-0007874,CUST-009565,2024-09-05,Water Bottle,Lifestyle,6,20.67,124.02,Processing
ORD-0007875,CUST-006501,2026-02-05,USB-C Hub,Electronics,3,50.29,150.87,Processing
ORD-0007876,CUST-009567,2025-03-10,Laptop Stand,Office,5,41.09,205.45,Cancelled
ORD-0007877,CUST-004073,2024-09-02,Ergonomic Chair,Furniture,5,232.73,1163.65,Completed
ORD-0007878,CUST-008627,2025-10-08,Wireless Mouse,Electronics,6,31.44,188.64,Completed
ORD-0007879,CUST-007446,2026-05-27,USB-C Hub,Electronics,1,50.43,50.43,Cancelled
ORD-0007880,CUST-002077,2025-06-10,Noise-Canceling Headphones,Electronics,4,177.8,711.2,Completed
ORD-0007881,CUST-003807,2025-07-05,Water Bottle,Lifestyle,4,18.12,72.48,Shipped
ORD-0007882,CUST-003044,2022-04-27,Notebook Set,Stationery,2,13.65,27.3,Completed
ORD-0007883,CUST-001011,2025-12-26,Backpack,Lifestyle,3,53.94,161.82,Cancelled
ORD-0007884,CUST-005240,2024-09-04,Water Bottle,Lifestyle,4,18.27,73.08,Returned
ORD-0007885,CUST-001703,2026-04-21,Standing Desk,Furniture,1,384.76,384.76,Processing
ORD-0007886,CUST-006191,2025-12-24,Water Bottle,Lifestyle,2,18.38,36.76,Processing
ORD-0007887,CUST-003737,2025-08-27,Ergonomic Chair,Furniture,1,256.31,256.31,Completed
ORD-0007888,CUST-000742,2026-08-11,Laptop Stand,Office,1,41.13,41.13,Completed
ORD-0007889,CUST-007989,2025-08-17,Ergonomic Chair,Furniture,1,239.3,239.3,Completed
ORD-0007890,CUST-007199,2025-05-08,Water Bottle,Lifestyle,4,19.06,76.24,Shipped
ORD-0007891,CUST-007152,2025-04-14,Noise-Canceling Headphones,Electronics,1,165.37,165.37,Processing
ORD-0007892,CUST-000934,2025-05-06,Wireless Mouse,Electronics,3,32.11,96.33,Completed
ORD-0007893,CUST-001620,2024-07-04,USB-C Hub,Electronics,5,48.38,241.9,Cancelled
ORD-0007894,CUST-002810,2025-10-07,Laptop Stand,Office,2,43.6,87.2,Returned
ORD-0007895,CUST-001035,2026-04-26,Backpack,Lifestyle,4,59.85,239.4,Returned
ORD-0007896,CUST-002256,2024-11-01,Noise-Canceling Headphones,Electronics,4,181.35,725.4,Returned
ORD-0007897,CUST-002608,2026-08-23,Noise-Canceling Headphones,Electronics,5,175.27,876.35,Returned
ORD-0007898,CUST-007356,2020-08-20,Noise-Canceling Headphones,Electronics,5,185.96,929.8,Completed
ORD-0007899,CUST-009801,2023-10-04,USB-C Hub,Electronics,2,51.6,103.2,Cancelled
ORD-0007900,CUST-006772,2026-07-08,USB-C Hub,Electronics,6,50.75,304.5,Completed
ORD-0007901,CUST-007463,2026-07-20,Backpack,Lifestyle,5,61.97,309.85,Completed
ORD-0007902,CUST-000866,2026-09-02,Notebook Set,Stationery,5,11.95,59.75,Processing
ORD-0007903,CUST-002015,2025-10-13,Standing Desk,Furniture,2,414.01,828.02,Completed
ORD-0007904,CUST-001845,2024-01-18,Water Bottle,Lifestyle,4,17.72,70.88,Completed
ORD-0007905,CUST-007775,2024-11-26,Webcam,Electronics,2,78.99,157.98,Returned
ORD-0007906,CUST-005296,2024-11-28,USB-C Hub,Electronics,1,47.76,47.76,Shipped
ORD-0007907,CUST-003026,2023-05-15,USB-C Hub,Electronics,3,53.84,161.52,Cancelled
ORD-0007908,CUST-007926,2023-04-03,Ergonomic Chair,Furniture,6,260.07,1560.42,Cancelled
ORD-0007909,CUST-001906,2025-11-18,Noise-Canceling Headphones,Electronics,3,164.05,492.15,Completed
ORD-0007910,CUST-008883,2023-07-08,USB-C Hub,Electronics,2,44.85,89.7,Completed
ORD-0007911,CUST-000730,2025-08-21,Notebook Set,Stationery,6,12.07,72.42,Shipped
ORD-0007912,CUST-004472,2023-01-19,Laptop Stand,Office,5,42.46,212.3,Processing
ORD-0007913,CUST-009820,2025-04-28,Backpack,Lifestyle,3,53.98,161.94,Completed
ORD-0007914,CUST-008629,2026-06-18,Webcam,Electronics,4,66.64,266.56,Returned
ORD-0007915,CUST-004457,2021-07-27,Noise-Canceling Headphones,Electronics,2,167.86,335.72,Completed
ORD-0007916,CUST-003992,2024-04-06,Wireless Mouse,Electronics,2,31.87,63.74,Completed
ORD-0007917,CUST-001029,2024-10-26,Ergonomic Chair,Furniture,1,252.73,252.73,Cancelled
ORD-0007918,CUST-000903,2026-04-03,Standing Desk,Furniture,3,438.85,1316.55,Cancelled
ORD-0007919,CUST-006984,2021-06-07,Water Bottle,Lifestyle,6,18.71,112.26,Completed
ORD-0007920,CUST-004210,2024-06-01,Desk Organizer,Office,1,26.18,26.18,Cancelled
ORD-0007921,CUST-005670,2024-09-14,Laptop Stand,Office,5,46.57,232.85,Processing
ORD-0007922,CUST-000173,2023-01-19,Ergonomic Chair,Furniture,6,231.07,1386.42,Completed
ORD-0007923,CUST-009667,2021-12-16,Notebook Set,Stationery,4,12.82,51.28,Cancelled
ORD-0007924,CUST-008363,2025-07-03,USB-C Hub,Electronics,1,50.13,50.13,Cancelled
ORD-0007925,CUST-008698,2026-01-03,Mechanical Keyboard,Electronics,3,97.69,293.07,Completed
ORD-0007926,CUST-005861,2026-06-16,Backpack,Lifestyle,3,61.07,183.21,Completed
ORD-0007927,CUST-000709,2023-07-02,Webcam,Electronics,2,68.43,136.86,Completed
ORD-0007928,CUST-003618,2022-12-29,Ergonomic Chair,Furniture,2,271.54,543.08,Completed
ORD-0007929,CUST-007220,2024-06-19,Desk Organizer,Office,6,23.56,141.36,Completed
ORD-0007930,CUST-007323,2026-05-07,Desk Organizer,Office,4,24.66,98.64,Completed
ORD-0007931,CUST-006541,2024-06-21,Mechanical Keyboard,Electronics,1,92.12,92.12,Cancelled
ORD-0007932,CUST-007610,2024-04-22,Mechanical Keyboard,Electronics,2,90.62,181.24,Returned
ORD-0007933,CUST-000935,2025-11-26,Ergonomic Chair,Furniture,3,271.19,813.57,Completed
ORD-0007934,CUST-006956,2026-08-19,Ergonomic Chair,Furniture,5,237.88,1189.4,Processing
ORD-0007935,CUST-006338,2021-07-24,Noise-Canceling Headphones,Electronics,2,169.44,338.88,Completed
ORD-0007936,CUST-003117,2026-08-29,Ergonomic Chair,Furniture,2,235.35,470.7,Shipped
ORD-0007937,CUST-005714,2026-07-15,Ergonomic Chair,Furniture,3,260.01,780.03,Completed
ORD-0007938,CUST-001429,2022-01-24,Water Bottle,Lifestyle,6,17.18,103.08,Shipped
ORD-0007939,CUST-009654,2025-10-20,Noise-Canceling Headphones,Electronics,6,192.07,1152.42,Completed
ORD-0007940,CUST-000848,2024-10-13,Noise-Canceling Headphones,Electronics,3,190.66,571.98,Shipped
ORD-0007941,CUST-000297,2023-04-30,Standing Desk,Furniture,3,419.87,1259.61,Completed
ORD-0007942,CUST-001035,2026-07-20,Ergonomic Chair,Furniture,4,264.28,1057.12,Completed
ORD-0007943,CUST-007182,2025-10-02,Webcam,Electronics,5,66.97,334.85,Shipped
ORD-0007944,CUST-000365,2025-10-09,Desk Organizer,Office,3,22.09,66.27,Processing
ORD-0007945,CUST-006116,2026-04-25,Mechanical Keyboard,Electronics,1,88.09,88.09,Completed
ORD-0007946,CUST-007175,2025-04-06,Standing Desk,Furniture,6,398.94,2393.64,Completed
ORD-0007947,CUST-004645,2026-04-22,Water Bottle,Lifestyle,5,19.33,96.65,Processing
ORD-0007948,CUST-009120,2023-09-17,Webcam,Electronics,4,68.15,272.6,Cancelled
ORD-0007949,CUST-000247,2026-07-13,Noise-Canceling Headphones,Electronics,4,181.66,726.64,Completed
ORD-0007950,CUST-007959,2025-06-24,Notebook Set,Stationery,3,13,39,Completed
ORD-0007951,CUST-009803,2024-04-17,Laptop Stand,Office,2,47.91,95.82,Shipped
ORD-0007952,CUST-009630,2024-04-12,Webcam,Electronics,1,70.51,70.51,Completed
ORD-0007953,CUST-001482,2025-09-19,Standing Desk,Furniture,4,363.01,1452.04,Returned
ORD-0007954,CUST-001944,2024-01-16,Desk Organizer,Office,3,26.03,78.09,Completed
ORD-0007955,CUST-002594,2025-01-08,Mechanical Keyboard,Electronics,6,80.95,485.7,Returned
ORD-0007956,CUST-004764,2025-09-14,Backpack,Lifestyle,5,63.76,318.8,Completed
ORD-0007957,CUST-009532,2026-04-19,Backpack,Lifestyle,6,63.04,378.24,Processing
ORD-0007958,CUST-009983,2022-06-27,Webcam,Electronics,6,73.55,441.3,Processing
ORD-0007959,CUST-008391,2023-09-08,Water Bottle,Lifestyle,4,17.89,71.56,Cancelled
ORD-0007960,CUST-001167,2026-03-07,Noise-Canceling Headphones,Electronics,4,180.18,720.72,Returned
ORD-0007961,CUST-007345,2025-07-26,Water Bottle,Lifestyle,4,20.2,80.8,Completed
ORD-0007962,CUST-005205,2022-12-06,Notebook Set,Stationery,1,13.34,13.34,Completed
ORD-0007963,CUST-004393,2026-01-23,Ergonomic Chair,Furniture,3,239.76,719.28,Cancelled
ORD-0007964,CUST-000796,2025-09-11,Backpack,Lifestyle,1,64.82,64.82,Processing
ORD-0007965,CUST-006559,2026-05-22,Backpack,Lifestyle,2,63.16,126.32,Completed
ORD-0007966,CUST-001127,2025-10-08,Wireless Mouse,Electronics,6,30.71,184.26,Processing
ORD-0007967,CUST-009136,2024-11-29,Wireless Mouse,Electronics,3,30.25,90.75,Completed
ORD-0007968,CUST-000593,2025-03-12,Ergonomic Chair,Furniture,6,260.67,1564.02,Completed
ORD-0007969,CUST-006078,2025-06-11,Laptop Stand,Office,5,49.06,245.3,Completed
ORD-0007970,CUST-007879,2024-09-03,USB-C Hub,Electronics,3,52.61,157.83,Returned
ORD-0007971,CUST-005126,2025-06-15,Water Bottle,Lifestyle,3,17.62,52.86,Cancelled
ORD-0007972,CUST-000277,2025-11-24,Water Bottle,Lifestyle,4,19.83,79.32,Completed
ORD-0007973,CUST-003767,2026-08-31,Webcam,Electronics,3,68.04,204.12,Completed
ORD-0007974,CUST-006558,2026-08-13,Laptop Stand,Office,2,45.55,91.1,Shipped
ORD-0007975,CUST-004607,2025-06-12,Webcam,Electronics,6,72.7,436.2,Shipped
ORD-0007976,CUST-008260,2025-04-18,Standing Desk,Furniture,1,389.52,389.52,Shipped
ORD-0007977,CUST-001278,2026-01-30,Mechanical Keyboard,Electronics,1,83.11,83.11,Completed
ORD-0007978,CUST-001716,2025-09-30,Noise-Canceling Headphones,Electronics,6,184.63,1107.78,Completed
ORD-0007979,CUST-008441,2026-08-14,Standing Desk,Furniture,5,367.44,1837.2,Shipped
ORD-0007980,CUST-005693,2024-12-24,Backpack,Lifestyle,5,64.56,322.8,Processing
ORD-0007981,CUST-002001,2026-08-31,Wireless Mouse,Electronics,6,32.15,192.9,Completed
ORD-0007982,CUST-001958,2025-06-07,Laptop Stand,Office,3,41.16,123.48,Completed
ORD-0007983,CUST-008124,2023-04-17,Backpack,Lifestyle,6,54.23,325.38,Shipped
ORD-0007984,CUST-008632,2024-08-31,Noise-Canceling Headphones,Electronics,1,170.62,170.62,Shipped
ORD-0007985,CUST-002136,2025-07-14,Standing Desk,Furniture,6,434.25,2605.5,Processing
ORD-0007986,CUST-008675,2025-07-11,Water Bottle,Lifestyle,5,17.61,88.05,Processing
ORD-0007987,CUST-000922,2024-05-23,Standing Desk,Furniture,5,374.38,1871.9,Shipped
ORD-0007988,CUST-008331,2026-08-23,Noise-Canceling Headphones,Electronics,4,184.86,739.44,Cancelled
ORD-0007989,CUST-004893,2023-06-11,Water Bottle,Lifestyle,6,18.59,111.54,Completed
ORD-0007990,CUST-002900,2025-10-12,Wireless Mouse,Electronics,4,27.72,110.88,Completed
ORD-0007991,CUST-008134,2026-05-02,Water Bottle,Lifestyle,4,20.16,80.64,Shipped
ORD-0007992,CUST-009660,2026-05-07,USB-C Hub,Electronics,4,48.07,192.28,Processing
ORD-0007993,CUST-007816,2024-02-06,USB-C Hub,Electronics,2,46.49,92.98,Processing
ORD-0007994,CUST-000290,2025-09-28,Laptop Stand,Office,6,42.03,252.18,Processing
ORD-0007995,CUST-006473,2026-06-19,Laptop Stand,Office,3,42.17,126.51,Processing
ORD-0007996,CUST-007649,2024-05-13,Backpack,Lifestyle,4,55.94,223.76,Completed
ORD-0007997,CUST-003231,2026-02-12,Noise-Canceling Headphones,Electronics,2,181.51,363.02,Completed
ORD-0007998,CUST-004228,2026-08-29,Notebook Set,Stationery,3,13.48,40.44,Completed
ORD-0007999,CUST-002586,2023-12-26,Webcam,Electronics,2,74.38,148.76,Returned
ORD-0008000,CUST-002154,2022-12-03,Backpack,Lifestyle,5,56.09,280.45,Completed
ORD-0008001,CUST-001824,2026-08-26,Noise-Canceling Headphones,Electronics,2,187.24,374.48,Cancelled
ORD-0008002,CUST-007055,2026-08-09,Noise-Canceling Headphones,Electronics,1,166.78,166.78,Completed
ORD-0008003,CUST-000683,2025-01-02,Noise-Canceling Headphones,Electronics,1,166.98,166.98,Completed
ORD-0008004,CUST-000654,2023-01-29,Webcam,Electronics,3,69.21,207.63,Returned
ORD-0008005,CUST-009337,2026-02-12,Laptop Stand,Office,5,41.59,207.95,Completed
ORD-0008006,CUST-009427,2025-09-15,Mechanical Keyboard,Electronics,1,84.78,84.78,Completed
ORD-0008007,CUST-003306,2025-02-03,Notebook Set,Stationery,5,11.56,57.8,Completed
ORD-0008008,CUST-009164,2023-10-08,Mechanical Keyboard,Electronics,1,83.67,83.67,Shipped
ORD-0008009,CUST-006391,2025-12-23,Notebook Set,Stationery,1,11.91,11.91,Cancelled
ORD-0008010,CUST-007792,2026-08-26,Mechanical Keyboard,Electronics,5,97.19,485.95,Shipped
ORD-0008011,CUST-005209,2025-07-22,Laptop Stand,Office,2,47.27,94.54,Processing
ORD-0008012,CUST-001280,2025-01-13,Wireless Mouse,Electronics,6,28.58,171.48,Completed
ORD-0008013,CUST-001440,2023-10-05,Desk Organizer,Office,6,23.97,143.82,Returned
ORD-0008014,CUST-009998,2025-08-03,Laptop Stand,Office,5,46.17,230.85,Processing
ORD-0008015,CUST-000372,2023-08-06,Noise-Canceling Headphones,Electronics,1,182.22,182.22,Completed
ORD-0008016,CUST-005348,2024-04-15,Webcam,Electronics,5,80.15,400.75,Completed
ORD-0008017,CUST-006840,2022-10-11,USB-C Hub,Electronics,5,45.46,227.3,Completed
ORD-0008018,CUST-009026,2025-04-21,Desk Organizer,Office,1,26.75,26.75,Completed
ORD-0008019,CUST-002143,2026-07-27,Mechanical Keyboard,Electronics,2,96.52,193.04,Completed
ORD-0008020,CUST-009756,2026-05-27,Desk Organizer,Office,4,23.28,93.12,Processing
ORD-0008021,CUST-008053,2026-03-27,Ergonomic Chair,Furniture,6,245.72,1474.32,Shipped
ORD-0008022,CUST-004838,2024-11-23,Mechanical Keyboard,Electronics,6,82.21,493.26,Cancelled
ORD-0008023,CUST-006490,2025-09-27,Water Bottle,Lifestyle,1,17.77,17.77,Completed
ORD-0008024,CUST-006352,2026-06-30,Notebook Set,Stationery,1,11.76,11.76,Cancelled
ORD-0008025,CUST-005967,2025-05-19,Mechanical Keyboard,Electronics,5,83.69,418.45,Completed
ORD-0008026,CUST-004365,2024-02-02,Laptop Stand,Office,3,40.72,122.16,Processing
ORD-0008027,CUST-008396,2026-04-15,Backpack,Lifestyle,6,64.79,388.74,Cancelled
ORD-0008028,CUST-001987,2025-01-28,Laptop Stand,Office,1,48.88,48.88,Completed
ORD-0008029,CUST-002348,2026-01-23,Standing Desk,Furniture,5,410.91,2054.55,Completed
ORD-0008030,CUST-009609,2024-03-31,Noise-Canceling Headphones,Electronics,5,183.43,917.15,Returned
ORD-0008031,CUST-001365,2026-03-17,Water Bottle,Lifestyle,2,17.96,35.92,Shipped
ORD-0008032,CUST-008183,2026-08-31,USB-C Hub,Electronics,5,48.36,241.8,Processing
ORD-0008033,CUST-008413,2026-03-09,Noise-Canceling Headphones,Electronics,2,174.9,349.8,Completed
ORD-0008034,CUST-003872,2024-07-11,Desk Organizer,Office,4,23.48,93.92,Completed
ORD-0008035,CUST-000065,2024-07-10,Desk Organizer,Office,1,23.6,23.6,Cancelled
ORD-0008036,CUST-008925,2026-05-17,Wireless Mouse,Electronics,4,27.53,110.12,Completed
ORD-0008037,CUST-006529,2026-04-04,Noise-Canceling Headphones,Electronics,5,167.78,838.9,Completed
ORD-0008038,CUST-006115,2025-07-08,Mechanical Keyboard,Electronics,1,97.54,97.54,Completed
ORD-0008039,CUST-006083,2023-05-22,Water Bottle,Lifestyle,3,20.06,60.18,Cancelled
ORD-0008040,CUST-006583,2026-08-22,Desk Organizer,Office,1,24.37,24.37,Completed
ORD-0008041,CUST-005039,2025-04-15,USB-C Hub,Electronics,5,51.14,255.7,Completed
ORD-0008042,CUST-003438,2024-12-08,Desk Organizer,Office,3,22.98,68.94,Processing
ORD-0008043,CUST-006814,2026-01-01,Laptop Stand,Office,4,48.04,192.16,Completed
ORD-0008044,CUST-005949,2023-05-22,Desk Organizer,Office,4,23.84,95.36,Returned
ORD-0008045,CUST-006209,2025-06-01,Webcam,Electronics,2,70.48,140.96,Cancelled
ORD-0008046,CUST-001681,2022-07-18,Standing Desk,Furniture,6,416.04,2496.24,Shipped
ORD-0008047,CUST-007477,2024-07-21,Webcam,Electronics,1,67.29,67.29,Returned
ORD-0008048,CUST-006408,2023-08-03,Notebook Set,Stationery,4,13.23,52.92,Returned
ORD-0008049,CUST-007303,2025-10-01,Ergonomic Chair,Furniture,6,257.47,1544.82,Cancelled
ORD-0008050,CUST-004160,2026-03-22,Desk Organizer,Office,4,23.94,95.76,Returned
ORD-0008051,CUST-006246,2025-03-18,Noise-Canceling Headphones,Electronics,6,170.34,1022.04,Cancelled
ORD-0008052,CUST-002233,2025-11-26,Noise-Canceling Headphones,Electronics,6,171.24,1027.44,Cancelled
ORD-0008053,CUST-004783,2025-11-23,Wireless Mouse,Electronics,2,32.11,64.22,Returned
ORD-0008054,CUST-008521,2021-10-19,USB-C Hub,Electronics,2,45.49,90.98,Returned
ORD-0008055,CUST-002512,2023-08-07,Water Bottle,Lifestyle,4,20.27,81.08,Completed
ORD-0008056,CUST-000999,2026-09-03,Webcam,Electronics,1,71.61,71.61,Returned
ORD-0008057,CUST-001632,2026-07-24,Standing Desk,Furniture,2,395.59,791.18,Completed
ORD-0008058,CUST-001717,2025-10-01,Laptop Stand,Office,6,46.79,280.74,Returned
ORD-0008059,CUST-008276,2025-07-14,USB-C Hub,Electronics,3,48.99,146.97,Processing
ORD-0008060,CUST-000128,2023-10-15,Backpack,Lifestyle,2,53.85,107.7,Shipped
ORD-0008061,CUST-007806,2025-07-26,Mechanical Keyboard,Electronics,2,96.26,192.52,Completed
ORD-0008062,CUST-003118,2026-07-21,Standing Desk,Furniture,3,368.35,1105.05,Returned
ORD-0008063,CUST-002652,2026-02-13,Desk Organizer,Office,5,26.87,134.35,Returned
ORD-0008064,CUST-001558,2026-04-01,Wireless Mouse,Electronics,2,29.52,59.04,Returned
ORD-0008065,CUST-003802,2025-08-17,Notebook Set,Stationery,4,12.97,51.88,Completed
ORD-0008066,CUST-005740,2024-01-27,Desk Organizer,Office,5,22.4,112,Completed
ORD-0008067,CUST-009512,2026-05-14,Webcam,Electronics,6,72.64,435.84,Returned
ORD-0008068,CUST-004533,2021-12-14,Laptop Stand,Office,3,46.22,138.66,Shipped
ORD-0008069,CUST-007364,2026-04-13,Notebook Set,Stationery,6,13.42,80.52,Returned
ORD-0008070,CUST-005599,2026-01-14,Ergonomic Chair,Furniture,3,228.38,685.14,Returned
ORD-0008071,CUST-008239,2026-03-09,Desk Organizer,Office,2,25.93,51.86,Shipped
ORD-0008072,CUST-006523,2025-07-08,Webcam,Electronics,2,75.7,151.4,Completed
ORD-0008073,CUST-003305,2026-08-15,Laptop Stand,Office,3,42.76,128.28,Shipped
ORD-0008074,CUST-009192,2025-02-12,Water Bottle,Lifestyle,5,18.79,93.95,Returned
ORD-0008075,CUST-007623,2023-06-22,Desk Organizer,Office,2,26.5,53,Completed
ORD-0008076,CUST-002268,2025-12-04,Desk Organizer,Office,4,25.57,102.28,Returned
ORD-0008077,CUST-006454,2025-04-07,Wireless Mouse,Electronics,3,32.07,96.21,Completed
ORD-0008078,CUST-009105,2024-12-22,Laptop Stand,Office,5,40.51,202.55,Completed
ORD-0008079,CUST-002866,2024-09-07,USB-C Hub,Electronics,3,48.64,145.92,Cancelled
ORD-0008080,CUST-000944,2024-03-30,USB-C Hub,Electronics,1,46.13,46.13,Processing
ORD-0008081,CUST-007733,2026-05-15,Ergonomic Chair,Furniture,4,264.75,1059,Completed
ORD-0008082,CUST-007740,2026-04-13,Water Bottle,Lifestyle,1,19.99,19.99,Processing
ORD-0008083,CUST-005721,2024-01-19,Standing Desk,Furniture,2,404.59,809.18,Shipped
ORD-0008084,CUST-001456,2025-12-12,Mechanical Keyboard,Electronics,6,88.77,532.62,Returned
ORD-0008085,CUST-003354,2026-06-21,Mechanical Keyboard,Electronics,5,95.55,477.75,Shipped
ORD-0008086,CUST-009173,2022-02-09,Laptop Stand,Office,6,42.92,257.52,Completed
ORD-0008087,CUST-007754,2022-10-01,Backpack,Lifestyle,5,60.05,300.25,Cancelled
ORD-0008088,CUST-005858,2025-10-31,USB-C Hub,Electronics,2,44.5,89,Completed
ORD-0008089,CUST-007146,2024-07-22,Webcam,Electronics,5,69.29,346.45,Processing
ORD-0008090,CUST-009133,2025-06-28,Ergonomic Chair,Furniture,6,267.25,1603.5,Cancelled
ORD-0008091,CUST-006730,2025-06-07,Backpack,Lifestyle,5,53.83,269.15,Cancelled
ORD-0008092,CUST-000892,2026-07-01,Noise-Canceling Headphones,Electronics,6,182.85,1097.1,Completed
ORD-0008093,CUST-006001,2025-06-04,Water Bottle,Lifestyle,5,17.95,89.75,Returned
ORD-0008094,CUST-003107,2025-07-12,Water Bottle,Lifestyle,4,19.63,78.52,Returned
ORD-0008095,CUST-006125,2025-12-17,Laptop Stand,Office,4,43.72,174.88,Returned
ORD-0008096,CUST-007661,2025-12-28,Notebook Set,Stationery,1,12.61,12.61,Completed
ORD-0008097,CUST-008451,2026-08-15,Wireless Mouse,Electronics,5,28.69,143.45,Completed
ORD-0008098,CUST-002572,2026-08-22,Wireless Mouse,Electronics,6,29.68,178.08,Completed
ORD-0008099,CUST-007763,2025-07-29,Backpack,Lifestyle,3,58.25,174.75,Completed
ORD-0008100,CUST-009419,2024-11-29,Water Bottle,Lifestyle,3,18.07,54.21,Completed
ORD-0008101,CUST-006365,2023-01-07,Laptop Stand,Office,2,47.1,94.2,Cancelled
ORD-0008102,CUST-009351,2023-09-15,Backpack,Lifestyle,4,56.87,227.48,Cancelled
ORD-0008103,CUST-007579,2026-06-14,Standing Desk,Furniture,2,395.42,790.84,Returned
ORD-0008104,CUST-007489,2025-03-06,Notebook Set,Stationery,5,11.94,59.7,Completed
ORD-0008105,CUST-009774,2026-07-19,Webcam,Electronics,3,74.04,222.12,Completed
ORD-0008106,CUST-008091,2025-11-04,Mechanical Keyboard,Electronics,2,98.28,196.56,Completed
ORD-0008107,CUST-004500,2026-05-05,Water Bottle,Lifestyle,2,19.93,39.86,Shipped
ORD-0008108,CUST-005306,2021-08-06,Water Bottle,Lifestyle,6,17.34,104.04,Completed
ORD-0008109,CUST-004823,2025-05-11,Laptop Stand,Office,4,47.39,189.56,Shipped
ORD-0008110,CUST-006870,2026-02-14,Backpack,Lifestyle,1,59.01,59.01,Completed
ORD-0008111,CUST-002466,2026-04-19,Webcam,Electronics,6,66.81,400.86,Completed
ORD-0008112,CUST-000586,2022-07-08,Desk Organizer,Office,1,23.86,23.86,Completed
ORD-0008113,CUST-004840,2022-06-01,Standing Desk,Furniture,2,367.67,735.34,Completed
ORD-0008114,CUST-005927,2024-11-09,Wireless Mouse,Electronics,1,31.16,31.16,Processing
ORD-0008115,CUST-005559,2023-06-04,Noise-Canceling Headphones,Electronics,6,180.51,1083.06,Cancelled
ORD-0008116,CUST-005618,2025-03-13,Backpack,Lifestyle,1,64.38,64.38,Completed
ORD-0008117,CUST-004539,2026-02-11,Noise-Canceling Headphones,Electronics,2,191.68,383.36,Completed
ORD-0008118,CUST-004520,2023-06-16,Wireless Mouse,Electronics,3,31.48,94.44,Completed
ORD-0008119,CUST-006267,2025-10-25,Backpack,Lifestyle,4,57.4,229.6,Cancelled
ORD-0008120,CUST-005683,2024-08-24,Standing Desk,Furniture,3,393.49,1180.47,Processing
ORD-0008121,CUST-007342,2026-06-20,Webcam,Electronics,6,76.84,461.04,Shipped
ORD-0008122,CUST-005899,2025-12-22,Backpack,Lifestyle,3,58.62,175.86,Processing
ORD-0008123,CUST-006872,2024-05-12,Webcam,Electronics,5,80.5,402.5,Completed
ORD-0008124,CUST-005596,2024-09-28,Desk Organizer,Office,2,26.79,53.58,Completed
ORD-0008125,CUST-005830,2025-05-23,Desk Organizer,Office,1,26.68,26.68,Shipped
ORD-0008126,CUST-000423,2026-08-10,Notebook Set,Stationery,1,13.56,13.56,Processing
ORD-0008127,CUST-003960,2022-04-27,Standing Desk,Furniture,4,374.85,1499.4,Returned
ORD-0008128,CUST-004374,2025-05-02,USB-C Hub,Electronics,2,44.41,88.82,Cancelled
ORD-0008129,CUST-005318,2026-03-07,Mechanical Keyboard,Electronics,2,91.5,183,Completed
ORD-0008130,CUST-006780,2026-01-12,Desk Organizer,Office,4,25.22,100.88,Completed
ORD-0008131,CUST-006060,2026-06-23,Laptop Stand,Office,2,45.05,90.1,Cancelled
ORD-0008132,CUST-008029,2026-05-09,Wireless Mouse,Electronics,1,30.7,30.7,Returned
ORD-0008133,CUST-000551,2024-03-20,Laptop Stand,Office,5,41.86,209.3,Returned
ORD-0008134,CUST-001347,2026-08-16,Noise-Canceling Headphones,Electronics,1,176.75,176.75,Shipped
ORD-0008135,CUST-004404,2025-09-30,Mechanical Keyboard,Electronics,2,87.93,175.86,Cancelled
ORD-0008136,CUST-000488,2025-07-03,Laptop Stand,Office,1,40.54,40.54,Returned
ORD-0008137,CUST-005530,2026-03-31,Backpack,Lifestyle,3,58.6,175.8,Cancelled
ORD-0008138,CUST-005672,2026-06-01,Water Bottle,Lifestyle,6,18.45,110.7,Shipped
ORD-0008139,CUST-006811,2025-04-18,Noise-Canceling Headphones,Electronics,2,176.66,353.32,Cancelled
ORD-0008140,CUST-002631,2022-11-15,Backpack,Lifestyle,6,58.28,349.68,Completed
ORD-0008141,CUST-006462,2026-07-07,Laptop Stand,Office,5,48.62,243.1,Cancelled
ORD-0008142,CUST-002076,2024-12-07,USB-C Hub,Electronics,3,46.7,140.1,Completed
ORD-0008143,CUST-004706,2025-10-25,Desk Organizer,Office,4,22.79,91.16,Cancelled
ORD-0008144,CUST-009464,2024-11-24,Ergonomic Chair,Furniture,4,240.06,960.24,Shipped
ORD-0008145,CUST-007833,2024-12-05,Notebook Set,Stationery,4,12.3,49.2,Returned
ORD-0008146,CUST-007384,2026-07-11,USB-C Hub,Electronics,1,44.39,44.39,Shipped
ORD-0008147,CUST-003250,2026-07-16,Wireless Mouse,Electronics,3,32.53,97.59,Completed
ORD-0008148,CUST-005412,2026-05-29,Backpack,Lifestyle,2,64.43,128.86,Shipped
ORD-0008149,CUST-001608,2026-06-12,Notebook Set,Stationery,3,12.75,38.25,Completed
ORD-0008150,CUST-004785,2025-05-22,Wireless Mouse,Electronics,5,27.41,137.05,Completed
ORD-0008151,CUST-004604,2025-12-28,Ergonomic Chair,Furniture,1,245.68,245.68,Completed
ORD-0008152,CUST-007731,2024-06-22,Standing Desk,Furniture,6,436.39,2618.34,Returned
ORD-0008153,CUST-009554,2025-09-21,Ergonomic Chair,Furniture,4,252.97,1011.88,Returned
ORD-0008154,CUST-003804,2023-07-29,Notebook Set,Stationery,3,12.87,38.61,Completed
ORD-0008155,CUST-004317,2025-09-10,Laptop Stand,Office,3,48.7,146.1,Shipped
ORD-0008156,CUST-008059,2023-05-06,Desk Organizer,Office,4,25.98,103.92,Completed
ORD-0008157,CUST-008690,2023-12-22,Wireless Mouse,Electronics,4,30.17,120.68,Processing
ORD-0008158,CUST-008418,2024-10-29,USB-C Hub,Electronics,4,47.93,191.72,Shipped
ORD-0008159,CUST-000836,2023-10-26,Webcam,Electronics,6,74.92,449.52,Shipped
ORD-0008160,CUST-002076,2025-08-12,USB-C Hub,Electronics,5,53.4,267,Completed
ORD-0008161,CUST-009864,2025-04-09,Water Bottle,Lifestyle,5,20.79,103.95,Cancelled
ORD-0008162,CUST-003276,2025-09-23,Notebook Set,Stationery,2,11.84,23.68,Returned
ORD-0008163,CUST-008143,2023-08-31,USB-C Hub,Electronics,6,46.46,278.76,Returned
ORD-0008164,CUST-007306,2023-12-16,Mechanical Keyboard,Electronics,4,92.25,369,Completed
ORD-0008165,CUST-009446,2021-10-13,Mechanical Keyboard,Electronics,5,86.37,431.85,Cancelled
ORD-0008166,CUST-008062,2026-08-10,Ergonomic Chair,Furniture,2,254.52,509.04,Completed
ORD-0008167,CUST-001517,2026-07-09,Standing Desk,Furniture,5,403.21,2016.05,Completed
ORD-0008168,CUST-009024,2026-09-02,Notebook Set,Stationery,6,11.94,71.64,Completed
ORD-0008169,CUST-004157,2026-05-03,Standing Desk,Furniture,3,378.22,1134.66,Returned
ORD-0008170,CUST-009973,2024-07-17,Noise-Canceling Headphones,Electronics,1,174.07,174.07,Completed
ORD-0008171,CUST-006421,2026-03-18,Desk Organizer,Office,5,22.95,114.75,Processing
ORD-0008172,CUST-004311,2026-08-16,Laptop Stand,Office,6,49.04,294.24,Processing
ORD-0008173,CUST-009018,2021-05-13,Desk Organizer,Office,3,23.92,71.76,Completed
ORD-0008174,CUST-004322,2025-01-11,Laptop Stand,Office,2,48.27,96.54,Completed
ORD-0008175,CUST-000513,2024-05-10,Notebook Set,Stationery,6,12.94,77.64,Returned
ORD-0008176,CUST-004211,2026-02-10,Standing Desk,Furniture,6,395.79,2374.74,Returned
ORD-0008177,CUST-008421,2026-08-07,Laptop Stand,Office,5,44.91,224.55,Cancelled
ORD-0008178,CUST-003273,2024-02-28,Water Bottle,Lifestyle,5,20.39,101.95,Completed
ORD-0008179,CUST-008784,2025-06-29,USB-C Hub,Electronics,5,52.98,264.9,Cancelled
ORD-0008180,CUST-004031,2025-12-02,Wireless Mouse,Electronics,3,27.14,81.42,Completed
ORD-0008181,CUST-000333,2026-06-11,Mechanical Keyboard,Electronics,2,94.9,189.8,Completed
ORD-0008182,CUST-002693,2024-06-27,Laptop Stand,Office,5,49.4,247,Completed
ORD-0008183,CUST-001819,2024-08-31,Desk Organizer,Office,4,23.96,95.84,Processing
ORD-0008184,CUST-001758,2026-01-05,Wireless Mouse,Electronics,4,29.17,116.68,Cancelled
ORD-0008185,CUST-003616,2023-11-30,Noise-Canceling Headphones,Electronics,4,186.79,747.16,Completed
ORD-0008186,CUST-007135,2025-12-28,Wireless Mouse,Electronics,3,30.84,92.52,Returned
ORD-0008187,CUST-007182,2025-08-21,Laptop Stand,Office,3,48.35,145.05,Cancelled
ORD-0008188,CUST-004598,2024-07-17,Ergonomic Chair,Furniture,5,271.6,1358,Cancelled
ORD-0008189,CUST-008478,2024-01-16,Notebook Set,Stationery,1,13.35,13.35,Returned
ORD-0008190,CUST-002940,2026-07-29,USB-C Hub,Electronics,5,48.52,242.6,Cancelled
ORD-0008191,CUST-003931,2025-03-27,Backpack,Lifestyle,1,62.89,62.89,Completed
ORD-0008192,CUST-003650,2025-12-26,Backpack,Lifestyle,2,56.19,112.38,Completed
ORD-0008193,CUST-000046,2026-01-14,USB-C Hub,Electronics,4,44.36,177.44,Completed
ORD-0008194,CUST-009472,2021-09-14,Wireless Mouse,Electronics,6,30.96,185.76,Completed
ORD-0008195,CUST-000251,2023-11-01,Backpack,Lifestyle,6,57.31,343.86,Shipped
ORD-0008196,CUST-006692,2025-05-14,Standing Desk,Furniture,2,402.25,804.5,Returned
ORD-0008197,CUST-005070,2022-12-22,Mechanical Keyboard,Electronics,2,94.97,189.94,Completed
ORD-0008198,CUST-008470,2026-04-24,Standing Desk,Furniture,1,380.12,380.12,Cancelled
ORD-0008199,CUST-004221,2026-02-01,Desk Organizer,Office,6,22.13,132.78,Cancelled
ORD-0008200,CUST-009105,2024-09-18,Water Bottle,Lifestyle,2,17.24,34.48,Completed
ORD-0008201,CUST-001738,2026-04-22,Standing Desk,Furniture,3,392.28,1176.84,Completed
ORD-0008202,CUST-001530,2024-05-29,Noise-Canceling Headphones,Electronics,3,196.68,590.04,Completed
ORD-0008203,CUST-007694,2025-12-12,USB-C Hub,Electronics,3,50.2,150.6,Processing
ORD-0008204,CUST-002915,2021-11-21,USB-C Hub,Electronics,6,46.34,278.04,Completed
ORD-0008205,CUST-002636,2025-06-15,Mechanical Keyboard,Electronics,2,90.66,181.32,Completed
ORD-0008206,CUST-005708,2026-01-05,Wireless Mouse,Electronics,3,32.78,98.34,Cancelled
ORD-0008207,CUST-003315,2026-02-28,Laptop Stand,Office,3,42.61,127.83,Completed
ORD-0008208,CUST-003956,2025-12-29,Backpack,Lifestyle,5,58.72,293.6,Completed
ORD-0008209,CUST-000813,2025-06-26,Webcam,Electronics,5,79.98,399.9,Processing
ORD-0008210,CUST-007255,2026-08-21,Notebook Set,Stationery,2,12.9,25.8,Shipped
ORD-0008211,CUST-004652,2024-06-23,Notebook Set,Stationery,5,13.57,67.85,Processing
ORD-0008212,CUST-007170,2025-05-30,Standing Desk,Furniture,1,362.7,362.7,Completed
ORD-0008213,CUST-008986,2026-07-16,Mechanical Keyboard,Electronics,5,96.93,484.65,Processing
ORD-0008214,CUST-003469,2023-01-20,Ergonomic Chair,Furniture,6,250.62,1503.72,Shipped
ORD-0008215,CUST-009464,2025-01-28,Wireless Mouse,Electronics,5,32.73,163.65,Completed
ORD-0008216,CUST-000019,2026-03-02,Notebook Set,Stationery,5,12.94,64.7,Completed
ORD-0008217,CUST-001862,2026-07-24,Desk Organizer,Office,3,22.6,67.8,Completed
ORD-0008218,CUST-002677,2025-05-12,Webcam,Electronics,1,72.15,72.15,Completed
ORD-0008219,CUST-006081,2024-01-29,Notebook Set,Stationery,3,14.01,42.03,Cancelled
ORD-0008220,CUST-004033,2026-06-02,Laptop Stand,Office,4,45.28,181.12,Completed
ORD-0008221,CUST-001588,2024-12-05,Ergonomic Chair,Furniture,1,251.68,251.68,Shipped
ORD-0008222,CUST-002340,2024-09-25,Ergonomic Chair,Furniture,2,240.02,480.04,Completed
ORD-0008223,CUST-002921,2023-06-19,Ergonomic Chair,Furniture,5,246.14,1230.7,Completed
ORD-0008224,CUST-004474,2025-10-08,Ergonomic Chair,Furniture,1,230.2,230.2,Processing
ORD-0008225,CUST-006324,2026-02-10,Water Bottle,Lifestyle,1,19.65,19.65,Processing
ORD-0008226,CUST-005281,2025-11-14,Mechanical Keyboard,Electronics,6,83.75,502.5,Processing
ORD-0008227,CUST-001126,2025-02-02,Laptop Stand,Office,6,46.94,281.64,Cancelled
ORD-0008228,CUST-008131,2026-03-29,Mechanical Keyboard,Electronics,1,93.23,93.23,Completed
ORD-0008229,CUST-001944,2024-05-06,Mechanical Keyboard,Electronics,4,87.9,351.6,Shipped
ORD-0008230,CUST-004046,2024-06-12,Wireless Mouse,Electronics,1,32.99,32.99,Completed
ORD-0008231,CUST-000319,2025-07-28,Ergonomic Chair,Furniture,6,233.6,1401.6,Cancelled
ORD-0008232,CUST-009236,2025-08-21,Desk Organizer,Office,4,22.84,91.36,Cancelled
ORD-0008233,CUST-006858,2021-04-27,Webcam,Electronics,6,76.53,459.18,Completed
ORD-0008234,CUST-003380,2022-05-12,Webcam,Electronics,2,74.44,148.88,Completed
ORD-0008235,CUST-007497,2026-03-21,USB-C Hub,Electronics,5,49.19,245.95,Processing
ORD-0008236,CUST-003510,2026-09-03,Mechanical Keyboard,Electronics,5,97.76,488.8,Completed
ORD-0008237,CUST-009963,2024-06-19,Water Bottle,Lifestyle,1,17.41,17.41,Returned
ORD-0008238,CUST-000833,2025-08-09,Noise-Canceling Headphones,Electronics,5,179.95,899.75,Completed
ORD-0008239,CUST-009039,2023-12-13,Water Bottle,Lifestyle,5,18.41,92.05,Shipped
ORD-0008240,CUST-000331,2025-09-26,Notebook Set,Stationery,5,11.84,59.2,Completed
ORD-0008241,CUST-001717,2024-08-03,USB-C Hub,Electronics,1,44.87,44.87,Returned
ORD-0008242,CUST-005493,2024-05-24,Notebook Set,Stationery,6,13.28,79.68,Returned
ORD-0008243,CUST-005843,2025-02-01,Laptop Stand,Office,1,42.92,42.92,Completed
ORD-0008244,CUST-003020,2026-06-29,Noise-Canceling Headphones,Electronics,5,163.06,815.3,Processing
ORD-0008245,CUST-008338,2025-06-13,Desk Organizer,Office,6,23.41,140.46,Processing
ORD-0008246,CUST-004838,2024-06-08,Laptop Stand,Office,6,48.89,293.34,Completed
ORD-0008247,CUST-001591,2024-07-18,Backpack,Lifestyle,4,55.33,221.32,Shipped
ORD-0008248,CUST-007271,2026-03-10,Standing Desk,Furniture,4,424.13,1696.52,Completed
ORD-0008249,CUST-009127,2025-01-13,Webcam,Electronics,3,69.43,208.29,Completed
ORD-0008250,CUST-009720,2026-05-15,Water Bottle,Lifestyle,1,19.59,19.59,Processing
ORD-0008251,CUST-004129,2025-10-02,Wireless Mouse,Electronics,1,31.09,31.09,Shipped
ORD-0008252,CUST-007682,2026-07-21,Ergonomic Chair,Furniture,1,269.76,269.76,Returned
ORD-0008253,CUST-006919,2026-05-30,Laptop Stand,Office,4,42.6,170.4,Completed
ORD-0008254,CUST-007466,2026-08-18,Notebook Set,Stationery,3,12.92,38.76,Processing
ORD-0008255,CUST-009986,2025-04-05,Wireless Mouse,Electronics,6,29.17,175.02,Returned
ORD-0008256,CUST-002432,2021-10-18,Webcam,Electronics,3,69.16,207.48,Completed
ORD-0008257,CUST-001657,2026-02-14,Laptop Stand,Office,5,41.08,205.4,Shipped
ORD-0008258,CUST-003114,2025-06-19,Desk Organizer,Office,4,26.56,106.24,Completed
ORD-0008259,CUST-002007,2026-06-21,Ergonomic Chair,Furniture,5,258.4,1292,Completed
ORD-0008260,CUST-006066,2025-09-01,Wireless Mouse,Electronics,2,32,64,Returned
ORD-0008261,CUST-007091,2025-07-02,Webcam,Electronics,2,69.57,139.14,Cancelled
ORD-0008262,CUST-008764,2023-02-18,Wireless Mouse,Electronics,1,31.19,31.19,Completed
ORD-0008263,CUST-000113,2026-07-19,Wireless Mouse,Electronics,3,31.3,93.9,Returned
ORD-0008264,CUST-000422,2025-09-27,Standing Desk,Furniture,6,389.7,2338.2,Completed
ORD-0008265,CUST-000601,2026-03-05,Wireless Mouse,Electronics,4,32.83,131.32,Completed
ORD-0008266,CUST-001061,2026-07-06,Water Bottle,Lifestyle,1,19.26,19.26,Completed
ORD-0008267,CUST-005194,2026-08-18,Laptop Stand,Office,1,48.72,48.72,Cancelled
ORD-0008268,CUST-003667,2026-06-20,Notebook Set,Stationery,5,11.84,59.2,Completed
ORD-0008269,CUST-006146,2021-01-10,Wireless Mouse,Electronics,2,31.85,63.7,Cancelled
ORD-0008270,CUST-006798,2026-08-12,Wireless Mouse,Electronics,4,30.97,123.88,Cancelled
ORD-0008271,CUST-006113,2024-12-12,Water Bottle,Lifestyle,2,18.42,36.84,Processing
ORD-0008272,CUST-007466,2026-04-15,Notebook Set,Stationery,6,13.33,79.98,Shipped
ORD-0008273,CUST-000343,2023-12-26,Notebook Set,Stationery,3,13.51,40.53,Completed
ORD-0008274,CUST-006649,2025-11-12,Wireless Mouse,Electronics,3,27.97,83.91,Returned
ORD-0008275,CUST-009849,2026-02-02,Backpack,Lifestyle,1,55.06,55.06,Returned
ORD-0008276,CUST-002277,2025-02-13,Water Bottle,Lifestyle,2,18.16,36.32,Completed
ORD-0008277,CUST-001660,2024-07-11,Mechanical Keyboard,Electronics,6,90.81,544.86,Processing
ORD-0008278,CUST-007024,2025-01-09,Desk Organizer,Office,4,25.57,102.28,Completed
ORD-0008279,CUST-004753,2024-04-06,Noise-Canceling Headphones,Electronics,1,170.38,170.38,Completed
ORD-0008280,CUST-000769,2026-04-22,Standing Desk,Furniture,5,402.31,2011.55,Completed
ORD-0008281,CUST-002743,2024-10-16,USB-C Hub,Electronics,4,49.19,196.76,Processing
ORD-0008282,CUST-000049,2026-05-29,Laptop Stand,Office,5,46.35,231.75,Shipped
ORD-0008283,CUST-006942,2026-07-14,Webcam,Electronics,5,75.76,378.8,Completed
ORD-0008284,CUST-009363,2026-08-24,Mechanical Keyboard,Electronics,5,93.28,466.4,Completed
ORD-0008285,CUST-005866,2024-12-01,Laptop Stand,Office,2,43.05,86.1,Completed
ORD-0008286,CUST-001669,2024-04-22,Notebook Set,Stationery,5,11.5,57.5,Completed
ORD-0008287,CUST-009802,2026-04-13,Noise-Canceling Headphones,Electronics,5,184.39,921.95,Shipped
ORD-0008288,CUST-007902,2025-06-22,Standing Desk,Furniture,2,370.75,741.5,Completed
ORD-0008289,CUST-001504,2026-06-10,Backpack,Lifestyle,3,60.94,182.82,Cancelled
ORD-0008290,CUST-007884,2026-01-23,Laptop Stand,Office,4,43.71,174.84,Returned
ORD-0008291,CUST-006634,2022-08-16,Notebook Set,Stationery,5,13.27,66.35,Processing
ORD-0008292,CUST-007442,2022-08-04,Ergonomic Chair,Furniture,3,266.49,799.47,Completed
ORD-0008293,CUST-000032,2024-05-13,USB-C Hub,Electronics,4,48.88,195.52,Shipped
ORD-0008294,CUST-009099,2026-06-06,Wireless Mouse,Electronics,6,29.98,179.88,Cancelled
ORD-0008295,CUST-006407,2025-10-10,Desk Organizer,Office,5,24.43,122.15,Shipped
ORD-0008296,CUST-006171,2025-08-18,Ergonomic Chair,Furniture,3,263.53,790.59,Completed
ORD-0008297,CUST-006550,2024-10-25,Ergonomic Chair,Furniture,2,250.94,501.88,Cancelled
ORD-0008298,CUST-002609,2021-02-18,Backpack,Lifestyle,5,63.99,319.95,Returned
ORD-0008299,CUST-002651,2025-02-21,USB-C Hub,Electronics,4,45.28,181.12,Completed
ORD-0008300,CUST-003452,2026-06-28,Webcam,Electronics,3,66.85,200.55,Completed
ORD-0008301,CUST-008832,2024-11-22,Desk Organizer,Office,2,26.31,52.62,Shipped
ORD-0008302,CUST-003201,2025-11-14,Wireless Mouse,Electronics,5,32.41,162.05,Shipped
ORD-0008303,CUST-005466,2026-06-24,Notebook Set,Stationery,1,13.89,13.89,Completed
ORD-0008304,CUST-001992,2025-12-24,Mechanical Keyboard,Electronics,4,91.16,364.64,Completed
ORD-0008305,CUST-008400,2025-04-30,Backpack,Lifestyle,6,54.69,328.14,Cancelled
ORD-0008306,CUST-001885,2022-07-10,Mechanical Keyboard,Electronics,3,80.96,242.88,Completed
ORD-0008307,CUST-006658,2023-03-31,Backpack,Lifestyle,6,59.33,355.98,Returned
ORD-0008308,CUST-008132,2025-07-20,Webcam,Electronics,5,71.86,359.3,Shipped
ORD-0008309,CUST-004724,2024-11-29,Noise-Canceling Headphones,Electronics,2,188.67,377.34,Completed
ORD-0008310,CUST-002752,2025-09-11,Desk Organizer,Office,6,25.14,150.84,Completed
ORD-0008311,CUST-008004,2024-06-06,Standing Desk,Furniture,5,416.68,2083.4,Cancelled
ORD-0008312,CUST-000269,2026-07-22,Backpack,Lifestyle,2,59.09,118.18,Completed
ORD-0008313,CUST-002546,2026-07-13,Water Bottle,Lifestyle,5,20.66,103.3,Shipped
ORD-0008314,CUST-007951,2026-01-14,Desk Organizer,Office,3,25.87,77.61,Cancelled
ORD-0008315,CUST-002634,2025-11-11,Backpack,Lifestyle,5,62.13,310.65,Completed
ORD-0008316,CUST-005395,2025-06-04,Water Bottle,Lifestyle,1,20.07,20.07,Processing
ORD-0008317,CUST-002327,2025-09-28,Desk Organizer,Office,3,24.26,72.78,Cancelled
ORD-0008318,CUST-000798,2025-05-28,Desk Organizer,Office,5,25.58,127.9,Completed
ORD-0008319,CUST-009548,2024-04-11,Mechanical Keyboard,Electronics,5,90.36,451.8,Cancelled
ORD-0008320,CUST-003767,2026-09-03,Notebook Set,Stationery,2,11.64,23.28,Completed
ORD-0008321,CUST-003823,2021-09-18,Water Bottle,Lifestyle,1,20.83,20.83,Completed
ORD-0008322,CUST-007002,2023-02-22,Standing Desk,Furniture,5,377.36,1886.8,Completed
ORD-0008323,CUST-001248,2022-02-25,Laptop Stand,Office,4,44.92,179.68,Completed
ORD-0008324,CUST-001700,2022-04-20,USB-C Hub,Electronics,6,53.25,319.5,Shipped
ORD-0008325,CUST-002788,2024-09-11,Notebook Set,Stationery,6,13.6,81.6,Shipped
ORD-0008326,CUST-004026,2026-02-18,Laptop Stand,Office,6,47.44,284.64,Completed
ORD-0008327,CUST-004503,2025-12-12,Mechanical Keyboard,Electronics,4,91.93,367.72,Cancelled
ORD-0008328,CUST-002486,2026-05-10,Standing Desk,Furniture,5,416.65,2083.25,Completed
ORD-0008329,CUST-000789,2025-11-17,Backpack,Lifestyle,6,63.51,381.06,Completed
ORD-0008330,CUST-008563,2021-07-09,Backpack,Lifestyle,6,59.33,355.98,Returned
ORD-0008331,CUST-004233,2025-04-02,Ergonomic Chair,Furniture,4,257.34,1029.36,Cancelled
ORD-0008332,CUST-005434,2025-04-01,Desk Organizer,Office,4,22.4,89.6,Cancelled
ORD-0008333,CUST-008166,2026-07-04,Notebook Set,Stationery,4,13.1,52.4,Processing
ORD-0008334,CUST-002143,2026-04-27,USB-C Hub,Electronics,4,53.04,212.16,Completed
ORD-0008335,CUST-000524,2023-04-21,Water Bottle,Lifestyle,6,17.46,104.76,Shipped
ORD-0008336,CUST-003040,2023-10-14,Backpack,Lifestyle,3,58.1,174.3,Completed
ORD-0008337,CUST-000097,2026-07-13,Desk Organizer,Office,4,23.27,93.08,Completed
ORD-0008338,CUST-004864,2025-10-05,Standing Desk,Furniture,1,410.2,410.2,Completed
ORD-0008339,CUST-008762,2025-12-13,Noise-Canceling Headphones,Electronics,2,187.56,375.12,Shipped
ORD-0008340,CUST-006280,2024-01-28,Backpack,Lifestyle,3,54.19,162.57,Shipped
ORD-0008341,CUST-005802,2026-06-29,Desk Organizer,Office,5,26.79,133.95,Shipped
ORD-0008342,CUST-007246,2023-05-02,Mechanical Keyboard,Electronics,2,92.74,185.48,Processing
ORD-0008343,CUST-002895,2026-04-20,Ergonomic Chair,Furniture,1,243.01,243.01,Shipped
ORD-0008344,CUST-008027,2022-09-21,Mechanical Keyboard,Electronics,6,90.33,541.98,Completed
ORD-0008345,CUST-000869,2024-05-12,Standing Desk,Furniture,2,402.66,805.32,Shipped
ORD-0008346,CUST-000215,2021-12-18,Desk Organizer,Office,4,25.45,101.8,Processing
ORD-0008347,CUST-001822,2025-12-20,Laptop Stand,Office,6,41.9,251.4,Cancelled
ORD-0008348,CUST-004595,2024-05-29,Noise-Canceling Headphones,Electronics,2,171.21,342.42,Completed
ORD-0008349,CUST-002696,2026-02-11,Laptop Stand,Office,6,46.99,281.94,Completed
ORD-0008350,CUST-003202,2023-09-06,Standing Desk,Furniture,2,360.29,720.58,Completed
ORD-0008351,CUST-008901,2025-06-28,Ergonomic Chair,Furniture,4,259.86,1039.44,Returned
ORD-0008352,CUST-005407,2026-05-18,Backpack,Lifestyle,6,55.93,335.58,Returned
ORD-0008353,CUST-009074,2024-10-22,Laptop Stand,Office,3,41.01,123.03,Completed
ORD-0008354,CUST-000381,2023-06-23,USB-C Hub,Electronics,4,48.97,195.88,Completed
ORD-0008355,CUST-004589,2026-05-07,Ergonomic Chair,Furniture,5,226.78,1133.9,Returned
ORD-0008356,CUST-000786,2026-08-16,Backpack,Lifestyle,2,59.64,119.28,Completed
ORD-0008357,CUST-009880,2024-04-05,Standing Desk,Furniture,3,363,1089,Returned
ORD-0008358,CUST-005019,2023-04-21,Webcam,Electronics,3,69.04,207.12,Completed
ORD-0008359,CUST-002203,2022-07-21,Mechanical Keyboard,Electronics,3,90.51,271.53,Completed
ORD-0008360,CUST-007875,2025-04-08,Standing Desk,Furniture,3,419.45,1258.35,Completed
ORD-0008361,CUST-001904,2025-11-21,Laptop Stand,Office,3,45.72,137.16,Completed
ORD-0008362,CUST-001958,2025-07-25,Noise-Canceling Headphones,Electronics,3,186.61,559.83,Returned
ORD-0008363,CUST-006805,2026-08-19,Water Bottle,Lifestyle,2,18.44,36.88,Completed
ORD-0008364,CUST-004682,2021-08-27,Ergonomic Chair,Furniture,2,226.56,453.12,Cancelled
ORD-0008365,CUST-006795,2022-02-22,Ergonomic Chair,Furniture,1,260.61,260.61,Cancelled
ORD-0008366,CUST-008222,2026-07-27,Notebook Set,Stationery,3,13.1,39.3,Completed
ORD-0008367,CUST-007216,2026-02-22,Laptop Stand,Office,3,49.4,148.2,Completed
ORD-0008368,CUST-002241,2026-04-27,Standing Desk,Furniture,1,438.47,438.47,Cancelled
ORD-0008369,CUST-002142,2026-06-20,Wireless Mouse,Electronics,6,31.74,190.44,Completed
ORD-0008370,CUST-001746,2023-09-29,Notebook Set,Stationery,4,13.04,52.16,Returned
ORD-0008371,CUST-001150,2021-07-18,Laptop Stand,Office,6,44.12,264.72,Cancelled
ORD-0008372,CUST-004913,2026-03-14,Mechanical Keyboard,Electronics,6,88.27,529.62,Completed
ORD-0008373,CUST-005665,2025-10-04,Noise-Canceling Headphones,Electronics,2,186.75,373.5,Shipped
ORD-0008374,CUST-008231,2020-05-19,Mechanical Keyboard,Electronics,3,82.83,248.49,Returned
ORD-0008375,CUST-003480,2026-07-04,Mechanical Keyboard,Electronics,1,84.53,84.53,Returned
ORD-0008376,CUST-008799,2025-04-06,Notebook Set,Stationery,3,14.01,42.03,Completed
ORD-0008377,CUST-002546,2025-09-03,Laptop Stand,Office,5,46.56,232.8,Shipped
ORD-0008378,CUST-006126,2023-08-12,Laptop Stand,Office,3,43.25,129.75,Completed
ORD-0008379,CUST-007620,2026-01-28,Noise-Canceling Headphones,Electronics,1,174.94,174.94,Completed
ORD-0008380,CUST-008282,2024-09-25,Mechanical Keyboard,Electronics,2,89.31,178.62,Cancelled
ORD-0008381,CUST-005872,2026-03-24,Wireless Mouse,Electronics,5,29.18,145.9,Completed
ORD-0008382,CUST-009732,2025-03-31,Notebook Set,Stationery,5,12.66,63.3,Processing
ORD-0008383,CUST-000038,2026-09-03,Laptop Stand,Office,1,49.07,49.07,Returned
ORD-0008384,CUST-000702,2025-02-10,Noise-Canceling Headphones,Electronics,1,164.69,164.69,Completed
ORD-0008385,CUST-000216,2026-06-12,Wireless Mouse,Electronics,4,27.06,108.24,Completed
ORD-0008386,CUST-000433,2025-11-07,Water Bottle,Lifestyle,2,18.58,37.16,Completed
ORD-0008387,CUST-007897,2025-12-27,Ergonomic Chair,Furniture,2,254.35,508.7,Processing
ORD-0008388,CUST-009141,2025-09-13,Noise-Canceling Headphones,Electronics,6,171.5,1029,Completed
ORD-0008389,CUST-008331,2026-08-02,Water Bottle,Lifestyle,1,17.84,17.84,Returned
ORD-0008390,CUST-006052,2025-02-09,Noise-Canceling Headphones,Electronics,1,181.64,181.64,Processing
ORD-0008391,CUST-009811,2026-07-04,Standing Desk,Furniture,4,429.92,1719.68,Cancelled
ORD-0008392,CUST-003344,2025-03-03,Standing Desk,Furniture,6,417.54,2505.24,Processing
ORD-0008393,CUST-000977,2025-10-03,Backpack,Lifestyle,6,62.5,375,Completed
ORD-0008394,CUST-008332,2022-06-13,USB-C Hub,Electronics,2,44.2,88.4,Processing
ORD-0008395,CUST-009733,2020-06-30,Noise-Canceling Headphones,Electronics,3,170.36,511.08,Shipped
ORD-0008396,CUST-008764,2025-01-07,Webcam,Electronics,4,80.54,322.16,Shipped
ORD-0008397,CUST-009866,2026-08-16,Laptop Stand,Office,2,40.77,81.54,Cancelled
ORD-0008398,CUST-008539,2022-04-28,Notebook Set,Stationery,3,12.16,36.48,Shipped
ORD-0008399,CUST-003969,2025-06-10,Mechanical Keyboard,Electronics,5,82.28,411.4,Completed
ORD-0008400,CUST-003727,2025-07-11,Ergonomic Chair,Furniture,5,252.81,1264.05,Completed
ORD-0008401,CUST-003745,2026-05-06,Ergonomic Chair,Furniture,5,249.01,1245.05,Processing
ORD-0008402,CUST-001195,2026-01-25,Noise-Canceling Headphones,Electronics,4,190.72,762.88,Returned
ORD-0008403,CUST-001314,2025-07-25,Notebook Set,Stationery,6,12.59,75.54,Shipped
ORD-0008404,CUST-004726,2024-11-25,Notebook Set,Stationery,2,13.49,26.98,Shipped
ORD-0008405,CUST-007584,2026-02-07,Notebook Set,Stationery,2,12.98,25.96,Shipped
ORD-0008406,CUST-005932,2022-09-23,Mechanical Keyboard,Electronics,6,89.07,534.42,Returned
ORD-0008407,CUST-006311,2024-06-03,Mechanical Keyboard,Electronics,6,89.76,538.56,Completed
ORD-0008408,CUST-009840,2026-08-29,Mechanical Keyboard,Electronics,1,85.38,85.38,Completed
ORD-0008409,CUST-004910,2023-10-02,Backpack,Lifestyle,5,64.65,323.25,Shipped
ORD-0008410,CUST-007472,2026-02-24,Water Bottle,Lifestyle,5,20.11,100.55,Shipped
ORD-0008411,CUST-005643,2024-08-18,Backpack,Lifestyle,2,65.3,130.6,Completed
ORD-0008412,CUST-000275,2025-03-18,Backpack,Lifestyle,3,54.75,164.25,Completed
ORD-0008413,CUST-003250,2026-07-27,Mechanical Keyboard,Electronics,2,95.98,191.96,Processing
ORD-0008414,CUST-003736,2025-06-08,Mechanical Keyboard,Electronics,2,96.49,192.98,Completed
ORD-0008415,CUST-007639,2024-07-06,Webcam,Electronics,5,71.74,358.7,Shipped
ORD-0008416,CUST-000034,2024-12-29,Mechanical Keyboard,Electronics,2,88.83,177.66,Completed
ORD-0008417,CUST-002708,2024-08-05,Backpack,Lifestyle,5,56.37,281.85,Completed
ORD-0008418,CUST-002070,2026-04-16,Noise-Canceling Headphones,Electronics,4,175.95,703.8,Shipped
ORD-0008419,CUST-004913,2025-04-05,Webcam,Electronics,2,76.09,152.18,Returned
ORD-0008420,CUST-003709,2023-12-26,USB-C Hub,Electronics,1,45.27,45.27,Processing
ORD-0008421,CUST-007662,2026-01-03,Standing Desk,Furniture,3,405.88,1217.64,Completed
ORD-0008422,CUST-003601,2026-01-24,Backpack,Lifestyle,2,54.16,108.32,Returned
ORD-0008423,CUST-000129,2022-11-06,Laptop Stand,Office,1,45.12,45.12,Shipped
ORD-0008424,CUST-002397,2022-04-26,Laptop Stand,Office,5,47.05,235.25,Cancelled
ORD-0008425,CUST-001592,2025-05-22,Notebook Set,Stationery,5,12.89,64.45,Completed
ORD-0008426,CUST-005723,2026-05-21,Backpack,Lifestyle,3,56.56,169.68,Returned
ORD-0008427,CUST-004881,2026-02-15,Standing Desk,Furniture,3,406.37,1219.11,Completed
ORD-0008428,CUST-007748,2023-08-07,Webcam,Electronics,2,81.25,162.5,Processing
ORD-0008429,CUST-005026,2023-12-05,Ergonomic Chair,Furniture,3,257.24,771.72,Cancelled
ORD-0008430,CUST-002694,2026-05-15,Ergonomic Chair,Furniture,2,236.72,473.44,Completed
ORD-0008431,CUST-001711,2026-01-08,Desk Organizer,Office,3,22.56,67.68,Completed
ORD-0008432,CUST-004126,2024-11-06,Backpack,Lifestyle,4,59.81,239.24,Cancelled
ORD-0008433,CUST-006615,2025-05-06,Standing Desk,Furniture,6,391.56,2349.36,Completed
ORD-0008434,CUST-004373,2025-02-02,Noise-Canceling Headphones,Electronics,6,172.42,1034.52,Completed
ORD-0008435,CUST-009242,2022-02-07,Standing Desk,Furniture,6,431.61,2589.66,Processing
ORD-0008436,CUST-008911,2023-10-10,Notebook Set,Stationery,1,13.23,13.23,Processing
ORD-0008437,CUST-007332,2026-04-04,Standing Desk,Furniture,1,407.66,407.66,Shipped
ORD-0008438,CUST-003073,2022-09-18,USB-C Hub,Electronics,1,48.84,48.84,Returned
ORD-0008439,CUST-000441,2024-04-20,Standing Desk,Furniture,5,420.53,2102.65,Processing
ORD-0008440,CUST-000907,2023-08-14,Standing Desk,Furniture,1,365.63,365.63,Completed
ORD-0008441,CUST-007797,2026-06-29,Standing Desk,Furniture,3,371.01,1113.03,Completed
ORD-0008442,CUST-008541,2026-04-04,Ergonomic Chair,Furniture,1,251.82,251.82,Completed
ORD-0008443,CUST-004007,2026-07-28,Standing Desk,Furniture,1,436.19,436.19,Cancelled
ORD-0008444,CUST-006892,2025-10-12,USB-C Hub,Electronics,4,53.49,213.96,Shipped
ORD-0008445,CUST-008727,2024-12-28,Laptop Stand,Office,1,49.16,49.16,Completed
ORD-0008446,CUST-001065,2025-05-21,Webcam,Electronics,5,71.91,359.55,Completed
ORD-0008447,CUST-008879,2026-05-24,USB-C Hub,Electronics,4,46.17,184.68,Completed
ORD-0008448,CUST-006284,2024-07-04,Noise-Canceling Headphones,Electronics,4,175.87,703.48,Processing
ORD-0008449,CUST-004508,2022-05-21,Backpack,Lifestyle,5,58.25,291.25,Returned
ORD-0008450,CUST-002703,2026-08-09,Webcam,Electronics,3,69.74,209.22,Completed
ORD-0008451,CUST-001877,2026-02-12,Desk Organizer,Office,3,26.4,79.2,Returned
ORD-0008452,CUST-003934,2025-11-10,Water Bottle,Lifestyle,6,18.07,108.42,Cancelled
ORD-0008453,CUST-009894,2023-06-09,Notebook Set,Stationery,6,13.47,80.82,Processing
ORD-0008454,CUST-006640,2026-07-29,Noise-Canceling Headphones,Electronics,5,164.26,821.3,Processing
ORD-0008455,CUST-008459,2026-02-04,USB-C Hub,Electronics,4,49.88,199.52,Processing
ORD-0008456,CUST-001042,2020-08-28,Standing Desk,Furniture,6,366.82,2200.92,Completed
ORD-0008457,CUST-009834,2026-03-17,Ergonomic Chair,Furniture,5,246.92,1234.6,Cancelled
ORD-0008458,CUST-004666,2024-08-06,Mechanical Keyboard,Electronics,5,88.62,443.1,Shipped
ORD-0008459,CUST-006615,2025-07-29,Laptop Stand,Office,5,49.28,246.4,Cancelled
ORD-0008460,CUST-004202,2024-09-09,Webcam,Electronics,6,76.73,460.38,Completed
ORD-0008461,CUST-002420,2025-01-12,Mechanical Keyboard,Electronics,1,98.43,98.43,Completed
ORD-0008462,CUST-002785,2026-08-01,USB-C Hub,Electronics,3,46.9,140.7,Processing
ORD-0008463,CUST-003869,2025-10-09,Ergonomic Chair,Furniture,4,272.34,1089.36,Completed
ORD-0008464,CUST-002572,2025-06-28,Notebook Set,Stationery,2,12.72,25.44,Completed
ORD-0008465,CUST-004960,2021-08-03,Desk Organizer,Office,5,25.93,129.65,Shipped
ORD-0008466,CUST-004941,2025-09-30,Mechanical Keyboard,Electronics,4,88.44,353.76,Shipped
ORD-0008467,CUST-007426,2024-11-19,Desk Organizer,Office,2,22.92,45.84,Completed
ORD-0008468,CUST-003162,2026-05-06,Desk Organizer,Office,1,26.57,26.57,Cancelled
ORD-0008469,CUST-003178,2021-02-05,USB-C Hub,Electronics,3,53.23,159.69,Completed
ORD-0008470,CUST-004878,2025-05-15,Water Bottle,Lifestyle,1,17.69,17.69,Shipped
ORD-0008471,CUST-007423,2025-02-18,Water Bottle,Lifestyle,4,19.95,79.8,Completed
ORD-0008472,CUST-004255,2026-04-29,Standing Desk,Furniture,2,390.31,780.62,Processing
ORD-0008473,CUST-003540,2026-05-24,Webcam,Electronics,1,72.84,72.84,Completed
ORD-0008474,CUST-006119,2023-07-02,Wireless Mouse,Electronics,6,28.56,171.36,Completed
ORD-0008475,CUST-003327,2022-11-28,Noise-Canceling Headphones,Electronics,2,178.75,357.5,Returned
ORD-0008476,CUST-006951,2023-12-10,Webcam,Electronics,2,69.2,138.4,Processing
ORD-0008477,CUST-008700,2025-05-22,Webcam,Electronics,6,76.73,460.38,Cancelled
ORD-0008478,CUST-000068,2025-01-04,Noise-Canceling Headphones,Electronics,6,168.84,1013.04,Returned
ORD-0008479,CUST-003438,2026-05-22,Desk Organizer,Office,5,22.68,113.4,Shipped
ORD-0008480,CUST-004833,2025-08-08,Laptop Stand,Office,5,41.49,207.45,Cancelled
ORD-0008481,CUST-006075,2024-05-28,Noise-Canceling Headphones,Electronics,2,176.01,352.02,Returned
ORD-0008482,CUST-002247,2026-07-15,Desk Organizer,Office,1,26.16,26.16,Returned
ORD-0008483,CUST-007528,2026-01-25,Desk Organizer,Office,3,23.67,71.01,Returned
ORD-0008484,CUST-001759,2026-08-01,Wireless Mouse,Electronics,5,27.62,138.1,Completed
ORD-0008485,CUST-009548,2026-05-04,Desk Organizer,Office,3,24.95,74.85,Returned
ORD-0008486,CUST-006644,2024-05-11,Ergonomic Chair,Furniture,2,234.71,469.42,Completed
ORD-0008487,CUST-002606,2021-06-23,Backpack,Lifestyle,5,59.38,296.9,Processing
ORD-0008488,CUST-007783,2023-08-14,Webcam,Electronics,6,72.59,435.54,Cancelled
ORD-0008489,CUST-004286,2021-10-23,Laptop Stand,Office,3,42.11,126.33,Returned
ORD-0008490,CUST-008200,2026-02-16,Backpack,Lifestyle,6,64.15,384.9,Cancelled
ORD-0008491,CUST-001800,2022-11-17,Notebook Set,Stationery,2,11.98,23.96,Completed
ORD-0008492,CUST-003196,2025-12-05,Standing Desk,Furniture,5,420.3,2101.5,Completed
ORD-0008493,CUST-004695,2024-10-22,Ergonomic Chair,Furniture,3,256.9,770.7,Completed
ORD-0008494,CUST-003412,2026-06-12,Notebook Set,Stationery,3,12.26,36.78,Cancelled
ORD-0008495,CUST-006372,2025-03-01,Water Bottle,Lifestyle,3,20.48,61.44,Cancelled
ORD-0008496,CUST-000694,2026-07-16,Backpack,Lifestyle,4,57.91,231.64,Cancelled
ORD-0008497,CUST-005490,2025-07-01,Ergonomic Chair,Furniture,4,233.29,933.16,Processing
ORD-0008498,CUST-009062,2026-05-06,Webcam,Electronics,1,79.2,79.2,Completed
ORD-0008499,CUST-000855,2025-11-04,USB-C Hub,Electronics,6,52.47,314.82,Returned
ORD-0008500,CUST-005672,2025-11-19,Wireless Mouse,Electronics,5,30.3,151.5,Completed
ORD-0008501,CUST-005896,2025-04-08,Ergonomic Chair,Furniture,2,273.68,547.36,Cancelled
ORD-0008502,CUST-009074,2025-01-13,Wireless Mouse,Electronics,5,31.51,157.55,Shipped
ORD-0008503,CUST-001310,2024-02-08,Webcam,Electronics,6,73.71,442.26,Completed
ORD-0008504,CUST-004641,2022-11-30,Water Bottle,Lifestyle,1,18.64,18.64,Shipped
ORD-0008505,CUST-006973,2025-08-15,Laptop Stand,Office,2,41.29,82.58,Cancelled
ORD-0008506,CUST-009493,2025-06-15,Mechanical Keyboard,Electronics,3,95.24,285.72,Completed
ORD-0008507,CUST-006719,2025-02-13,Ergonomic Chair,Furniture,3,269.27,807.81,Cancelled
ORD-0008508,CUST-001771,2025-07-18,Notebook Set,Stationery,1,11.78,11.78,Returned
ORD-0008509,CUST-002064,2026-08-27,Backpack,Lifestyle,6,56.61,339.66,Processing
ORD-0008510,CUST-001595,2022-01-24,Mechanical Keyboard,Electronics,6,97.63,585.78,Processing
ORD-0008511,CUST-003492,2026-03-21,Mechanical Keyboard,Electronics,5,97.08,485.4,Completed
ORD-0008512,CUST-003561,2026-05-06,Webcam,Electronics,5,69.19,345.95,Completed
ORD-0008513,CUST-000370,2026-02-13,Standing Desk,Furniture,4,389.1,1556.4,Shipped
ORD-0008514,CUST-003111,2025-04-20,USB-C Hub,Electronics,6,48.96,293.76,Shipped
ORD-0008515,CUST-003108,2025-10-10,Mechanical Keyboard,Electronics,2,84.22,168.44,Completed
ORD-0008516,CUST-001627,2026-08-07,Desk Organizer,Office,3,23.72,71.16,Cancelled
ORD-0008517,CUST-003647,2021-07-04,Standing Desk,Furniture,1,365.52,365.52,Cancelled
ORD-0008518,CUST-007587,2025-04-10,Wireless Mouse,Electronics,4,29.29,117.16,Returned
ORD-0008519,CUST-002870,2026-03-17,Mechanical Keyboard,Electronics,5,95.93,479.65,Processing
ORD-0008520,CUST-003627,2022-09-21,Water Bottle,Lifestyle,1,18.97,18.97,Completed
ORD-0008521,CUST-006033,2024-11-14,Mechanical Keyboard,Electronics,3,93.06,279.18,Cancelled
ORD-0008522,CUST-001862,2026-07-17,USB-C Hub,Electronics,5,45.19,225.95,Completed
ORD-0008523,CUST-009801,2023-07-28,Standing Desk,Furniture,6,381.65,2289.9,Completed
ORD-0008524,CUST-002296,2026-04-23,Laptop Stand,Office,5,42.51,212.55,Cancelled
ORD-0008525,CUST-006998,2025-11-19,Notebook Set,Stationery,3,12.8,38.4,Completed
ORD-0008526,CUST-001676,2023-12-26,Noise-Canceling Headphones,Electronics,1,180.64,180.64,Cancelled
ORD-0008527,CUST-007648,2023-09-06,Mechanical Keyboard,Electronics,6,86.45,518.7,Completed
ORD-0008528,CUST-002623,2026-06-30,Webcam,Electronics,3,71.08,213.24,Processing
ORD-0008529,CUST-007413,2026-05-28,Notebook Set,Stationery,2,12.41,24.82,Completed
ORD-0008530,CUST-005398,2026-05-27,Ergonomic Chair,Furniture,4,242.66,970.64,Completed
ORD-0008531,CUST-007020,2025-05-02,Standing Desk,Furniture,6,422.62,2535.72,Completed
ORD-0008532,CUST-007134,2023-01-17,Backpack,Lifestyle,6,64.01,384.06,Returned
ORD-0008533,CUST-008756,2024-12-21,Ergonomic Chair,Furniture,1,248.34,248.34,Cancelled
ORD-0008534,CUST-005883,2024-12-16,Mechanical Keyboard,Electronics,5,94.52,472.6,Completed
ORD-0008535,CUST-008654,2024-08-05,Backpack,Lifestyle,1,56.11,56.11,Completed
ORD-0008536,CUST-009319,2026-08-09,Desk Organizer,Office,1,24.94,24.94,Shipped
ORD-0008537,CUST-005430,2023-06-16,Backpack,Lifestyle,4,62.54,250.16,Cancelled
ORD-0008538,CUST-000451,2026-04-16,Mechanical Keyboard,Electronics,3,87.7,263.1,Returned
ORD-0008539,CUST-009797,2021-10-29,Desk Organizer,Office,6,26.76,160.56,Completed
ORD-0008540,CUST-005170,2026-06-23,Noise-Canceling Headphones,Electronics,1,176.74,176.74,Returned
ORD-0008541,CUST-000217,2023-04-22,Laptop Stand,Office,2,42.14,84.28,Shipped
ORD-0008542,CUST-008995,2026-04-15,Standing Desk,Furniture,3,396.6,1189.8,Processing
ORD-0008543,CUST-003720,2024-10-25,Ergonomic Chair,Furniture,2,257.75,515.5,Returned
ORD-0008544,CUST-002849,2025-08-04,Backpack,Lifestyle,6,57.56,345.36,Processing
ORD-0008545,CUST-002850,2025-03-11,Notebook Set,Stationery,4,13.41,53.64,Completed
ORD-0008546,CUST-000209,2025-07-29,Notebook Set,Stationery,4,13.15,52.6,Shipped
ORD-0008547,CUST-002356,2024-12-29,Water Bottle,Lifestyle,1,20.86,20.86,Completed
ORD-0008548,CUST-000482,2025-12-21,Mechanical Keyboard,Electronics,6,96.6,579.6,Completed
ORD-0008549,CUST-001711,2026-02-11,Standing Desk,Furniture,2,403.64,807.28,Completed
ORD-0008550,CUST-005943,2025-05-03,Backpack,Lifestyle,3,61.94,185.82,Cancelled
ORD-0008551,CUST-002056,2025-02-05,Webcam,Electronics,4,75.3,301.2,Completed
ORD-0008552,CUST-002079,2026-03-19,Wireless Mouse,Electronics,1,29.68,29.68,Completed
ORD-0008553,CUST-008659,2023-08-27,Ergonomic Chair,Furniture,4,235.08,940.32,Processing
ORD-0008554,CUST-003688,2026-07-28,Standing Desk,Furniture,4,430.96,1723.84,Shipped
ORD-0008555,CUST-002484,2021-11-14,Backpack,Lifestyle,1,59.93,59.93,Cancelled
ORD-0008556,CUST-001573,2026-04-19,Water Bottle,Lifestyle,4,18.27,73.08,Completed
ORD-0008557,CUST-006975,2026-02-02,Wireless Mouse,Electronics,4,31.22,124.88,Completed
ORD-0008558,CUST-007175,2024-08-21,Noise-Canceling Headphones,Electronics,1,174.86,174.86,Cancelled
ORD-0008559,CUST-008623,2025-07-25,Webcam,Electronics,2,81.1,162.2,Completed
ORD-0008560,CUST-004990,2024-05-12,Wireless Mouse,Electronics,2,31.16,62.32,Completed
ORD-0008561,CUST-002440,2025-11-05,Webcam,Electronics,5,72.02,360.1,Processing
ORD-0008562,CUST-005111,2021-12-03,Water Bottle,Lifestyle,3,17.49,52.47,Completed
ORD-0008563,CUST-005911,2026-01-05,Notebook Set,Stationery,4,11.76,47.04,Returned
ORD-0008564,CUST-000742,2026-09-06,USB-C Hub,Electronics,5,48.58,242.9,Completed
ORD-0008565,CUST-007530,2026-05-04,Noise-Canceling Headphones,Electronics,1,174.28,174.28,Returned
ORD-0008566,CUST-008030,2026-05-02,Wireless Mouse,Electronics,2,32.95,65.9,Shipped
ORD-0008567,CUST-008507,2024-03-13,Webcam,Electronics,4,73.58,294.32,Shipped
ORD-0008568,CUST-008047,2026-05-07,Water Bottle,Lifestyle,2,19.56,39.12,Completed
ORD-0008569,CUST-008745,2025-11-29,Webcam,Electronics,2,70.34,140.68,Processing
ORD-0008570,CUST-003280,2023-05-09,Ergonomic Chair,Furniture,4,244.47,977.88,Cancelled
ORD-0008571,CUST-000676,2026-09-01,Noise-Canceling Headphones,Electronics,1,181.79,181.79,Returned
ORD-0008572,CUST-003466,2023-09-08,Desk Organizer,Office,1,26.5,26.5,Completed
ORD-0008573,CUST-007055,2026-09-05,Noise-Canceling Headphones,Electronics,5,170,850,Cancelled
ORD-0008574,CUST-008118,2025-08-21,Noise-Canceling Headphones,Electronics,5,191.03,955.15,Shipped
ORD-0008575,CUST-001299,2025-05-07,Laptop Stand,Office,2,46.85,93.7,Completed
ORD-0008576,CUST-005578,2024-05-21,Standing Desk,Furniture,2,408.87,817.74,Shipped
ORD-0008577,CUST-001474,2023-11-16,Laptop Stand,Office,3,42.23,126.69,Cancelled
ORD-0008578,CUST-000952,2021-12-21,Webcam,Electronics,1,67.32,67.32,Returned
ORD-0008579,CUST-001512,2023-04-07,Desk Organizer,Office,3,24.14,72.42,Completed
ORD-0008580,CUST-007767,2023-10-23,Noise-Canceling Headphones,Electronics,2,196.13,392.26,Processing
ORD-0008581,CUST-005762,2020-11-29,Water Bottle,Lifestyle,4,19.32,77.28,Cancelled
ORD-0008582,CUST-000688,2022-11-02,Webcam,Electronics,1,74.89,74.89,Completed
ORD-0008583,CUST-005466,2026-08-26,Wireless Mouse,Electronics,6,31.87,191.22,Completed
ORD-0008584,CUST-009146,2025-11-22,Laptop Stand,Office,6,45.89,275.34,Completed
ORD-0008585,CUST-008247,2026-05-15,Ergonomic Chair,Furniture,2,234.87,469.74,Completed
ORD-0008586,CUST-004215,2025-05-08,Mechanical Keyboard,Electronics,6,85.86,515.16,Cancelled
ORD-0008587,CUST-004214,2022-08-03,Notebook Set,Stationery,3,12.76,38.28,Completed
ORD-0008588,CUST-003593,2026-02-12,Water Bottle,Lifestyle,1,19.01,19.01,Cancelled
ORD-0008589,CUST-004773,2023-07-29,Wireless Mouse,Electronics,4,30.53,122.12,Completed
ORD-0008590,CUST-002009,2025-10-04,Webcam,Electronics,2,74.32,148.64,Completed
ORD-0008591,CUST-002725,2026-04-10,Water Bottle,Lifestyle,2,20.11,40.22,Returned
ORD-0008592,CUST-006926,2024-11-13,Noise-Canceling Headphones,Electronics,4,168.97,675.88,Completed
ORD-0008593,CUST-004777,2024-06-20,Notebook Set,Stationery,1,12.66,12.66,Shipped
ORD-0008594,CUST-001862,2026-07-03,Wireless Mouse,Electronics,2,29.38,58.76,Completed
ORD-0008595,CUST-000018,2024-03-13,Standing Desk,Furniture,5,371.89,1859.45,Completed
ORD-0008596,CUST-002190,2026-04-28,Noise-Canceling Headphones,Electronics,2,165.2,330.4,Processing
ORD-0008597,CUST-000489,2024-11-01,USB-C Hub,Electronics,2,51.41,102.82,Returned
ORD-0008598,CUST-000741,2025-11-24,Backpack,Lifestyle,4,58.3,233.2,Completed
ORD-0008599,CUST-002424,2023-01-19,Backpack,Lifestyle,5,53.73,268.65,Completed
ORD-0008600,CUST-003079,2026-04-24,Standing Desk,Furniture,5,402.76,2013.8,Processing
ORD-0008601,CUST-009252,2025-09-27,Noise-Canceling Headphones,Electronics,3,186.36,559.08,Completed
ORD-0008602,CUST-004766,2022-05-09,Laptop Stand,Office,2,45.07,90.14,Completed
ORD-0008603,CUST-009973,2024-06-23,Backpack,Lifestyle,5,63.59,317.95,Processing
ORD-0008604,CUST-005478,2025-11-16,Backpack,Lifestyle,5,62.27,311.35,Completed
ORD-0008605,CUST-008974,2020-12-25,Desk Organizer,Office,6,23.83,142.98,Cancelled
ORD-0008606,CUST-007314,2022-12-13,Mechanical Keyboard,Electronics,1,85.63,85.63,Processing
ORD-0008607,CUST-005908,2026-07-09,Ergonomic Chair,Furniture,5,254.42,1272.1,Processing
ORD-0008608,CUST-007129,2026-05-30,Standing Desk,Furniture,6,383.63,2301.78,Completed
ORD-0008609,CUST-006703,2024-03-12,Ergonomic Chair,Furniture,3,253.57,760.71,Returned
ORD-0008610,CUST-005253,2026-05-31,Standing Desk,Furniture,4,410.61,1642.44,Returned
ORD-0008611,CUST-009318,2025-10-12,USB-C Hub,Electronics,6,48.91,293.46,Cancelled
ORD-0008612,CUST-005426,2026-06-26,Notebook Set,Stationery,1,13.83,13.83,Returned
ORD-0008613,CUST-000322,2023-04-12,USB-C Hub,Electronics,1,53.67,53.67,Returned
ORD-0008614,CUST-003296,2023-09-14,Laptop Stand,Office,2,45.68,91.36,Completed
ORD-0008615,CUST-000902,2025-01-16,Desk Organizer,Office,4,26.6,106.4,Completed
ORD-0008616,CUST-003333,2023-08-08,Notebook Set,Stationery,6,12.86,77.16,Processing
ORD-0008617,CUST-003381,2025-12-19,Notebook Set,Stationery,5,12.51,62.55,Cancelled
ORD-0008618,CUST-006482,2025-09-02,Notebook Set,Stationery,4,12.97,51.88,Completed
ORD-0008619,CUST-001856,2026-02-07,Laptop Stand,Office,3,49.24,147.72,Returned
ORD-0008620,CUST-003426,2021-05-11,Desk Organizer,Office,2,24.75,49.5,Returned
ORD-0008621,CUST-003037,2025-02-24,Mechanical Keyboard,Electronics,3,94.83,284.49,Completed
ORD-0008622,CUST-000778,2023-07-12,Noise-Canceling Headphones,Electronics,5,196.33,981.65,Completed
ORD-0008623,CUST-005884,2026-03-29,Water Bottle,Lifestyle,4,20.81,83.24,Completed
ORD-0008624,CUST-000062,2022-11-26,Water Bottle,Lifestyle,2,19.73,39.46,Completed
ORD-0008625,CUST-001136,2026-01-13,Webcam,Electronics,6,69.49,416.94,Returned
ORD-0008626,CUST-001815,2026-06-08,Wireless Mouse,Electronics,4,32.12,128.48,Completed
ORD-0008627,CUST-004332,2023-03-24,Water Bottle,Lifestyle,6,19.18,115.08,Returned
ORD-0008628,CUST-009670,2022-02-12,Desk Organizer,Office,3,26.12,78.36,Shipped
ORD-0008629,CUST-008405,2022-12-21,Noise-Canceling Headphones,Electronics,4,166.95,667.8,Completed
ORD-0008630,CUST-001740,2025-10-03,Standing Desk,Furniture,3,379.5,1138.5,Shipped
ORD-0008631,CUST-004455,2024-10-13,Water Bottle,Lifestyle,5,20.36,101.8,Processing
ORD-0008632,CUST-009172,2026-05-01,Standing Desk,Furniture,5,398.26,1991.3,Completed
ORD-0008633,CUST-001785,2025-06-03,Ergonomic Chair,Furniture,5,242.56,1212.8,Completed
ORD-0008634,CUST-004197,2022-03-03,Webcam,Electronics,3,75.86,227.58,Completed
ORD-0008635,CUST-000801,2025-10-13,Standing Desk,Furniture,5,380.03,1900.15,Completed
ORD-0008636,CUST-002524,2026-07-26,Webcam,Electronics,4,70.29,281.16,Completed
ORD-0008637,CUST-004871,2025-11-06,Webcam,Electronics,6,79.27,475.62,Completed
ORD-0008638,CUST-007431,2024-05-24,Webcam,Electronics,3,73.56,220.68,Completed
ORD-0008639,CUST-009723,2024-09-18,Standing Desk,Furniture,4,374.57,1498.28,Returned
ORD-0008640,CUST-005382,2026-04-09,USB-C Hub,Electronics,4,53.03,212.12,Processing
ORD-0008641,CUST-001493,2026-03-16,Standing Desk,Furniture,2,367.08,734.16,Completed
ORD-0008642,CUST-005524,2026-04-10,Backpack,Lifestyle,4,61.57,246.28,Returned
ORD-0008643,CUST-007012,2023-04-17,Webcam,Electronics,4,72.8,291.2,Processing
ORD-0008644,CUST-007901,2026-02-23,Water Bottle,Lifestyle,6,19.01,114.06,Completed
ORD-0008645,CUST-002413,2024-12-03,Webcam,Electronics,4,78.31,313.24,Completed
ORD-0008646,CUST-007742,2024-09-25,Water Bottle,Lifestyle,3,19.56,58.68,Completed
ORD-0008647,CUST-008668,2023-11-23,Wireless Mouse,Electronics,3,30.41,91.23,Shipped
ORD-0008648,CUST-005646,2021-09-09,Noise-Canceling Headphones,Electronics,4,165.82,663.28,Cancelled
ORD-0008649,CUST-005146,2021-12-06,Mechanical Keyboard,Electronics,4,94.01,376.04,Completed
ORD-0008650,CUST-006024,2025-11-12,Standing Desk,Furniture,4,383.95,1535.8,Completed
ORD-0008651,CUST-004776,2021-09-05,Desk Organizer,Office,2,22.09,44.18,Shipped
ORD-0008652,CUST-008639,2025-12-22,Noise-Canceling Headphones,Electronics,2,177.92,355.84,Returned
ORD-0008653,CUST-006916,2025-03-10,Mechanical Keyboard,Electronics,2,84.16,168.32,Completed
ORD-0008654,CUST-000582,2023-09-28,Ergonomic Chair,Furniture,4,266.41,1065.64,Completed
ORD-0008655,CUST-006525,2026-04-03,Notebook Set,Stationery,2,13.99,27.98,Completed
ORD-0008656,CUST-008528,2026-01-12,Ergonomic Chair,Furniture,1,241.21,241.21,Completed
ORD-0008657,CUST-000724,2025-08-09,Desk Organizer,Office,6,23.69,142.14,Cancelled
ORD-0008658,CUST-003632,2026-03-30,Backpack,Lifestyle,5,57.41,287.05,Returned
ORD-0008659,CUST-006342,2024-09-15,Wireless Mouse,Electronics,4,27.82,111.28,Completed
ORD-0008660,CUST-003876,2022-08-14,Water Bottle,Lifestyle,5,20.83,104.15,Completed
ORD-0008661,CUST-004550,2026-08-12,Noise-Canceling Headphones,Electronics,1,169.29,169.29,Cancelled
ORD-0008662,CUST-001252,2026-03-20,Ergonomic Chair,Furniture,3,227.53,682.59,Completed
ORD-0008663,CUST-001155,2025-03-23,Water Bottle,Lifestyle,4,18.12,72.48,Completed
ORD-0008664,CUST-003582,2023-06-15,Mechanical Keyboard,Electronics,6,97.4,584.4,Completed
ORD-0008665,CUST-003678,2025-08-14,Webcam,Electronics,6,80.32,481.92,Completed
ORD-0008666,CUST-003360,2023-09-25,USB-C Hub,Electronics,2,53,106,Completed
ORD-0008667,CUST-008778,2026-02-03,Water Bottle,Lifestyle,2,18.91,37.82,Returned
ORD-0008668,CUST-008422,2026-07-18,Standing Desk,Furniture,5,365.06,1825.3,Completed
ORD-0008669,CUST-006142,2026-08-24,Noise-Canceling Headphones,Electronics,1,169.27,169.27,Shipped
ORD-0008670,CUST-001821,2024-12-21,Standing Desk,Furniture,2,373.96,747.92,Completed
ORD-0008671,CUST-007422,2026-07-14,Backpack,Lifestyle,6,60.03,360.18,Cancelled
ORD-0008672,CUST-000720,2026-02-11,Backpack,Lifestyle,3,56,168,Shipped
ORD-0008673,CUST-001306,2025-02-02,Notebook Set,Stationery,4,11.8,47.2,Shipped
ORD-0008674,CUST-006676,2024-10-08,Notebook Set,Stationery,4,13.03,52.12,Processing
ORD-0008675,CUST-008336,2023-06-11,Noise-Canceling Headphones,Electronics,5,186.99,934.95,Completed
ORD-0008676,CUST-002136,2022-12-02,USB-C Hub,Electronics,6,50.18,301.08,Completed
ORD-0008677,CUST-001554,2026-07-20,Water Bottle,Lifestyle,5,18.39,91.95,Completed
ORD-0008678,CUST-000500,2026-04-12,Mechanical Keyboard,Electronics,4,96.61,386.44,Cancelled
ORD-0008679,CUST-001565,2026-09-03,Ergonomic Chair,Furniture,5,255.49,1277.45,Shipped
ORD-0008680,CUST-009591,2025-04-24,Ergonomic Chair,Furniture,4,242.68,970.72,Completed
ORD-0008681,CUST-007125,2025-05-28,Standing Desk,Furniture,5,397.22,1986.1,Returned
ORD-0008682,CUST-000879,2025-08-20,Noise-Canceling Headphones,Electronics,1,171.22,171.22,Processing
ORD-0008683,CUST-004837,2024-11-14,Noise-Canceling Headphones,Electronics,3,193.99,581.97,Completed
ORD-0008684,CUST-009302,2024-12-05,Backpack,Lifestyle,5,58.53,292.65,Shipped
ORD-0008685,CUST-004054,2023-10-30,Ergonomic Chair,Furniture,3,270.28,810.84,Returned
ORD-0008686,CUST-001019,2024-05-02,Mechanical Keyboard,Electronics,4,92.23,368.92,Completed
ORD-0008687,CUST-005577,2025-01-20,Notebook Set,Stationery,5,12.78,63.9,Completed
ORD-0008688,CUST-008957,2021-11-14,USB-C Hub,Electronics,5,49.4,247,Returned
ORD-0008689,CUST-005250,2023-11-28,Standing Desk,Furniture,6,431.91,2591.46,Returned
ORD-0008690,CUST-008473,2025-10-13,Ergonomic Chair,Furniture,6,269.25,1615.5,Completed
ORD-0008691,CUST-006040,2025-07-25,Laptop Stand,Office,5,40.76,203.8,Completed
ORD-0008692,CUST-008002,2025-08-15,Ergonomic Chair,Furniture,4,229.2,916.8,Cancelled
ORD-0008693,CUST-004694,2022-03-17,Webcam,Electronics,3,79.58,238.74,Processing
ORD-0008694,CUST-002000,2025-09-11,Webcam,Electronics,6,75.42,452.52,Shipped
ORD-0008695,CUST-001576,2026-07-10,Backpack,Lifestyle,4,62.65,250.6,Completed
ORD-0008696,CUST-006064,2024-11-21,Notebook Set,Stationery,2,13.03,26.06,Completed
ORD-0008697,CUST-004764,2026-05-26,Mechanical Keyboard,Electronics,6,83.93,503.58,Cancelled
ORD-0008698,CUST-006542,2023-02-01,Mechanical Keyboard,Electronics,1,94.42,94.42,Completed
ORD-0008699,CUST-002016,2026-09-06,Mechanical Keyboard,Electronics,4,87.9,351.6,Completed
ORD-0008700,CUST-009491,2026-05-08,Webcam,Electronics,6,67.7,406.2,Shipped
ORD-0008701,CUST-006685,2024-03-19,Wireless Mouse,Electronics,1,27.89,27.89,Completed
ORD-0008702,CUST-006331,2024-02-27,Wireless Mouse,Electronics,2,29.99,59.98,Returned
ORD-0008703,CUST-006184,2026-09-02,Wireless Mouse,Electronics,3,32.91,98.73,Returned
ORD-0008704,CUST-006021,2023-07-13,Desk Organizer,Office,5,23.11,115.55,Cancelled
ORD-0008705,CUST-004098,2025-07-10,USB-C Hub,Electronics,4,47.31,189.24,Returned
ORD-0008706,CUST-006122,2022-05-08,Water Bottle,Lifestyle,5,17.76,88.8,Returned
ORD-0008707,CUST-009530,2021-04-06,Notebook Set,Stationery,6,11.6,69.6,Returned
ORD-0008708,CUST-007575,2025-10-07,Water Bottle,Lifestyle,1,18.78,18.78,Cancelled
ORD-0008709,CUST-009769,2026-05-28,Water Bottle,Lifestyle,6,17.8,106.8,Completed
ORD-0008710,CUST-000545,2026-04-20,Noise-Canceling Headphones,Electronics,6,187.4,1124.4,Completed
ORD-0008711,CUST-004897,2026-02-26,Wireless Mouse,Electronics,2,28.47,56.94,Completed
ORD-0008712,CUST-001174,2026-05-20,Noise-Canceling Headphones,Electronics,6,186.49,1118.94,Processing
ORD-0008713,CUST-005403,2026-08-29,Ergonomic Chair,Furniture,3,226.53,679.59,Completed
ORD-0008714,CUST-001585,2026-06-18,Wireless Mouse,Electronics,5,29.75,148.75,Completed
ORD-0008715,CUST-006407,2024-12-21,Laptop Stand,Office,1,41.95,41.95,Shipped
ORD-0008716,CUST-007982,2026-08-20,Ergonomic Chair,Furniture,3,272.45,817.35,Shipped
ORD-0008717,CUST-004599,2026-08-16,Ergonomic Chair,Furniture,5,241.41,1207.05,Cancelled
ORD-0008718,CUST-004191,2025-08-09,USB-C Hub,Electronics,2,44.67,89.34,Completed
ORD-0008719,CUST-006467,2021-06-25,Standing Desk,Furniture,3,400.2,1200.6,Processing
ORD-0008720,CUST-000477,2025-02-06,Desk Organizer,Office,3,26.61,79.83,Shipped
ORD-0008721,CUST-008924,2024-02-25,Standing Desk,Furniture,2,375.97,751.94,Completed
ORD-0008722,CUST-000003,2024-11-11,Notebook Set,Stationery,6,13.9,83.4,Shipped
ORD-0008723,CUST-005914,2021-05-08,Laptop Stand,Office,1,45.81,45.81,Cancelled
ORD-0008724,CUST-007740,2024-09-14,Mechanical Keyboard,Electronics,2,98.29,196.58,Cancelled
ORD-0008725,CUST-007110,2025-08-30,Water Bottle,Lifestyle,2,18.41,36.82,Cancelled
ORD-0008726,CUST-009210,2026-08-19,Wireless Mouse,Electronics,6,32.05,192.3,Completed
ORD-0008727,CUST-007270,2026-05-23,Webcam,Electronics,4,68.12,272.48,Shipped
ORD-0008728,CUST-008874,2024-05-17,Wireless Mouse,Electronics,4,29.7,118.8,Completed
ORD-0008729,CUST-007379,2026-07-28,Laptop Stand,Office,1,42.69,42.69,Completed
ORD-0008730,CUST-000530,2024-06-08,Notebook Set,Stationery,4,13.74,54.96,Cancelled
ORD-0008731,CUST-001133,2022-07-17,Standing Desk,Furniture,3,377.63,1132.89,Returned
ORD-0008732,CUST-004549,2020-10-29,Webcam,Electronics,6,72,432,Completed
ORD-0008733,CUST-002894,2026-06-24,Laptop Stand,Office,3,46.74,140.22,Completed
ORD-0008734,CUST-009313,2026-09-05,Standing Desk,Furniture,1,417.53,417.53,Completed
ORD-0008735,CUST-005685,2022-06-01,Notebook Set,Stationery,3,11.73,35.19,Completed
ORD-0008736,CUST-006669,2023-06-25,Standing Desk,Furniture,4,376.1,1504.4,Completed
ORD-0008737,CUST-000331,2024-07-20,Backpack,Lifestyle,4,60.77,243.08,Shipped
ORD-0008738,CUST-003775,2026-06-18,Standing Desk,Furniture,2,387.14,774.28,Completed
ORD-0008739,CUST-009333,2023-02-26,Mechanical Keyboard,Electronics,5,88.97,444.85,Returned
ORD-0008740,CUST-006161,2024-01-26,Laptop Stand,Office,1,44.15,44.15,Returned
ORD-0008741,CUST-001578,2026-07-29,USB-C Hub,Electronics,2,45.49,90.98,Completed
ORD-0008742,CUST-009351,2025-08-24,Standing Desk,Furniture,2,415.53,831.06,Cancelled
ORD-0008743,CUST-006467,2021-10-13,Webcam,Electronics,3,78.59,235.77,Cancelled
ORD-0008744,CUST-008900,2023-03-07,Water Bottle,Lifestyle,5,19.42,97.1,Completed
ORD-0008745,CUST-008563,2025-07-23,Webcam,Electronics,6,69.31,415.86,Returned
ORD-0008746,CUST-001178,2025-11-10,Laptop Stand,Office,1,42.36,42.36,Cancelled
ORD-0008747,CUST-006349,2024-09-21,Notebook Set,Stationery,3,13.1,39.3,Shipped
ORD-0008748,CUST-009748,2023-12-29,Noise-Canceling Headphones,Electronics,1,192.27,192.27,Completed
ORD-0008749,CUST-001197,2024-09-13,Webcam,Electronics,1,67.89,67.89,Shipped
ORD-0008750,CUST-004695,2025-02-12,Water Bottle,Lifestyle,5,17.12,85.6,Returned
ORD-0008751,CUST-005124,2024-11-29,USB-C Hub,Electronics,3,46,138,Processing
ORD-0008752,CUST-004721,2026-07-13,Desk Organizer,Office,2,24.08,48.16,Completed
ORD-0008753,CUST-008454,2024-08-07,Noise-Canceling Headphones,Electronics,3,189.38,568.14,Shipped
ORD-0008754,CUST-004381,2026-02-02,Noise-Canceling Headphones,Electronics,2,164.29,328.58,Processing
ORD-0008755,CUST-000956,2026-09-02,Desk Organizer,Office,5,24.16,120.8,Cancelled
ORD-0008756,CUST-001284,2026-02-11,Mechanical Keyboard,Electronics,1,93.13,93.13,Shipped
ORD-0008757,CUST-002568,2025-01-15,Notebook Set,Stationery,4,11.61,46.44,Completed
ORD-0008758,CUST-000606,2025-03-03,Ergonomic Chair,Furniture,3,227.56,682.68,Returned
ORD-0008759,CUST-002291,2023-06-26,Webcam,Electronics,2,71.05,142.1,Completed
ORD-0008760,CUST-006769,2022-07-27,Webcam,Electronics,4,76.7,306.8,Cancelled
ORD-0008761,CUST-006355,2026-03-07,Notebook Set,Stationery,6,12.62,75.72,Completed
ORD-0008762,CUST-004611,2026-04-05,Laptop Stand,Office,4,41.91,167.64,Completed
ORD-0008763,CUST-009243,2023-01-21,Standing Desk,Furniture,6,388.06,2328.36,Cancelled
ORD-0008764,CUST-004915,2025-08-01,Noise-Canceling Headphones,Electronics,1,173.24,173.24,Cancelled
ORD-0008765,CUST-003667,2026-08-22,USB-C Hub,Electronics,3,45.06,135.18,Shipped
ORD-0008766,CUST-001615,2025-07-09,Notebook Set,Stationery,2,12.63,25.26,Returned
ORD-0008767,CUST-008104,2026-04-27,Standing Desk,Furniture,2,415.59,831.18,Completed
ORD-0008768,CUST-000542,2021-12-21,Water Bottle,Lifestyle,4,19.82,79.28,Shipped
ORD-0008769,CUST-002962,2026-06-15,Water Bottle,Lifestyle,2,17.55,35.1,Returned
ORD-0008770,CUST-002046,2022-12-27,Webcam,Electronics,3,71.93,215.79,Completed
ORD-0008771,CUST-008986,2026-05-16,Notebook Set,Stationery,1,11.95,11.95,Shipped
ORD-0008772,CUST-002337,2022-02-22,Standing Desk,Furniture,4,374.65,1498.6,Completed
ORD-0008773,CUST-004004,2026-01-05,Mechanical Keyboard,Electronics,4,85.31,341.24,Processing
ORD-0008774,CUST-000894,2025-10-06,Water Bottle,Lifestyle,6,20.07,120.42,Cancelled
ORD-0008775,CUST-006577,2025-04-15,Backpack,Lifestyle,3,64.97,194.91,Processing
ORD-0008776,CUST-003777,2024-11-19,Webcam,Electronics,5,66.69,333.45,Processing
ORD-0008777,CUST-007689,2026-09-01,USB-C Hub,Electronics,1,52.41,52.41,Processing
ORD-0008778,CUST-005194,2026-04-10,Notebook Set,Stationery,2,11.6,23.2,Completed
ORD-0008779,CUST-004030,2024-06-20,Laptop Stand,Office,2,43.56,87.12,Returned
ORD-0008780,CUST-002168,2023-11-05,Backpack,Lifestyle,3,53.79,161.37,Shipped
ORD-0008781,CUST-008995,2026-08-08,Laptop Stand,Office,4,40.63,162.52,Returned
ORD-0008782,CUST-009632,2025-08-07,USB-C Hub,Electronics,3,50.96,152.88,Cancelled
ORD-0008783,CUST-009975,2026-08-06,Webcam,Electronics,3,66.63,199.89,Processing
ORD-0008784,CUST-005819,2026-04-06,Wireless Mouse,Electronics,6,27.82,166.92,Returned
ORD-0008785,CUST-003050,2026-02-13,Backpack,Lifestyle,1,57.61,57.61,Completed
ORD-0008786,CUST-000272,2023-05-17,USB-C Hub,Electronics,2,44.98,89.96,Completed
ORD-0008787,CUST-008656,2024-12-22,Notebook Set,Stationery,3,12.5,37.5,Processing
ORD-0008788,CUST-009328,2023-09-11,Mechanical Keyboard,Electronics,1,90.25,90.25,Shipped
ORD-0008789,CUST-004341,2026-08-21,Backpack,Lifestyle,5,61.58,307.9,Shipped
ORD-0008790,CUST-006414,2025-10-03,Backpack,Lifestyle,1,62.82,62.82,Returned
ORD-0008791,CUST-003191,2024-12-02,Water Bottle,Lifestyle,6,19.46,116.76,Processing
ORD-0008792,CUST-007003,2026-08-31,Desk Organizer,Office,5,25.77,128.85,Completed
ORD-0008793,CUST-009028,2024-11-19,Webcam,Electronics,2,72.28,144.56,Cancelled
ORD-0008794,CUST-000573,2026-08-14,Water Bottle,Lifestyle,1,19.97,19.97,Completed
ORD-0008795,CUST-001961,2021-07-27,Backpack,Lifestyle,6,59.19,355.14,Completed
ORD-0008796,CUST-004407,2026-05-26,USB-C Hub,Electronics,4,49.33,197.32,Completed
ORD-0008797,CUST-000401,2025-04-20,Backpack,Lifestyle,3,63.6,190.8,Shipped
ORD-0008798,CUST-006587,2026-01-16,Wireless Mouse,Electronics,1,29.85,29.85,Completed
ORD-0008799,CUST-008119,2026-02-15,Backpack,Lifestyle,5,64.15,320.75,Completed
ORD-0008800,CUST-008022,2026-05-23,Backpack,Lifestyle,6,59.59,357.54,Cancelled
ORD-0008801,CUST-007450,2024-12-11,Ergonomic Chair,Furniture,3,237.8,713.4,Cancelled
ORD-0008802,CUST-005847,2024-07-20,Water Bottle,Lifestyle,1,19.67,19.67,Shipped
ORD-0008803,CUST-002230,2022-01-25,Webcam,Electronics,2,76.74,153.48,Cancelled
ORD-0008804,CUST-003046,2026-05-07,Ergonomic Chair,Furniture,3,260.29,780.87,Cancelled
ORD-0008805,CUST-006566,2026-08-21,Notebook Set,Stationery,3,13.7,41.1,Completed
ORD-0008806,CUST-001647,2024-10-30,Desk Organizer,Office,6,22.37,134.22,Processing
ORD-0008807,CUST-008030,2026-07-12,Water Bottle,Lifestyle,3,19.31,57.93,Cancelled
ORD-0008808,CUST-009308,2025-10-30,Noise-Canceling Headphones,Electronics,3,196,588,Completed
ORD-0008809,CUST-006366,2026-02-14,Webcam,Electronics,4,70.49,281.96,Completed
ORD-0008810,CUST-001673,2026-05-10,Water Bottle,Lifestyle,3,19.97,59.91,Cancelled
ORD-0008811,CUST-001314,2025-09-17,Ergonomic Chair,Furniture,6,253.42,1520.52,Shipped
ORD-0008812,CUST-005311,2025-01-30,Backpack,Lifestyle,5,62.47,312.35,Shipped
ORD-0008813,CUST-005638,2026-07-30,Mechanical Keyboard,Electronics,5,85.36,426.8,Completed
ORD-0008814,CUST-008602,2026-07-05,USB-C Hub,Electronics,5,49.75,248.75,Cancelled
ORD-0008815,CUST-001948,2026-04-20,Backpack,Lifestyle,1,61.18,61.18,Completed
ORD-0008816,CUST-000402,2025-08-17,Ergonomic Chair,Furniture,1,248.85,248.85,Returned
ORD-0008817,CUST-004421,2025-09-09,Noise-Canceling Headphones,Electronics,1,197.35,197.35,Returned
ORD-0008818,CUST-008836,2026-02-13,Notebook Set,Stationery,6,11.81,70.86,Completed
ORD-0008819,CUST-009004,2024-11-16,Notebook Set,Stationery,5,13.03,65.15,Completed
ORD-0008820,CUST-005064,2023-05-05,Mechanical Keyboard,Electronics,2,81.65,163.3,Completed
ORD-0008821,CUST-008199,2023-09-24,Notebook Set,Stationery,2,11.87,23.74,Completed
ORD-0008822,CUST-009356,2023-08-27,Water Bottle,Lifestyle,6,19.86,119.16,Shipped
ORD-0008823,CUST-009023,2022-12-18,USB-C Hub,Electronics,5,49.84,249.2,Processing
ORD-0008824,CUST-009333,2024-06-01,Desk Organizer,Office,5,23.98,119.9,Completed
ORD-0008825,CUST-005230,2020-01-31,Laptop Stand,Office,1,48.5,48.5,Cancelled
ORD-0008826,CUST-002702,2025-10-16,Ergonomic Chair,Furniture,5,228.67,1143.35,Completed
ORD-0008827,CUST-007402,2024-10-10,Wireless Mouse,Electronics,1,29.9,29.9,Cancelled
ORD-0008828,CUST-009343,2026-04-21,Noise-Canceling Headphones,Electronics,2,194.16,388.32,Completed
ORD-0008829,CUST-006991,2024-12-22,Backpack,Lifestyle,5,61.76,308.8,Cancelled
ORD-0008830,CUST-000080,2026-07-12,Ergonomic Chair,Furniture,1,267.8,267.8,Shipped
ORD-0008831,CUST-002907,2026-08-14,Water Bottle,Lifestyle,5,20.79,103.95,Completed
ORD-0008832,CUST-001991,2023-05-18,Desk Organizer,Office,1,24.99,24.99,Completed
ORD-0008833,CUST-001755,2026-04-19,Webcam,Electronics,6,77.31,463.86,Completed
ORD-0008834,CUST-002590,2026-07-17,Backpack,Lifestyle,6,53.93,323.58,Processing
ORD-0008835,CUST-005304,2022-02-14,Ergonomic Chair,Furniture,6,258.82,1552.92,Shipped
ORD-0008836,CUST-007733,2026-06-17,Wireless Mouse,Electronics,5,28.1,140.5,Processing
ORD-0008837,CUST-001288,2026-07-31,Noise-Canceling Headphones,Electronics,4,180.73,722.92,Completed
ORD-0008838,CUST-000585,2026-02-10,Ergonomic Chair,Furniture,4,270.76,1083.04,Returned
ORD-0008839,CUST-006129,2026-01-09,Water Bottle,Lifestyle,1,20.23,20.23,Processing
ORD-0008840,CUST-001501,2021-01-04,Webcam,Electronics,6,77.9,467.4,Cancelled
ORD-0008841,CUST-000677,2026-08-16,Noise-Canceling Headphones,Electronics,5,194.15,970.75,Cancelled
ORD-0008842,CUST-001150,2025-08-24,Noise-Canceling Headphones,Electronics,1,175.68,175.68,Completed
ORD-0008843,CUST-002567,2024-01-22,Desk Organizer,Office,6,26.52,159.12,Processing
ORD-0008844,CUST-001745,2023-03-11,Desk Organizer,Office,5,24.6,123,Completed
ORD-0008845,CUST-001274,2025-11-26,Laptop Stand,Office,2,42.34,84.68,Shipped
ORD-0008846,CUST-003704,2021-06-17,USB-C Hub,Electronics,3,47.36,142.08,Processing
ORD-0008847,CUST-004470,2026-01-22,Water Bottle,Lifestyle,6,17.33,103.98,Processing
ORD-0008848,CUST-007601,2024-01-17,Wireless Mouse,Electronics,1,27.84,27.84,Cancelled
ORD-0008849,CUST-006775,2024-08-03,Standing Desk,Furniture,6,436.08,2616.48,Completed
ORD-0008850,CUST-003737,2026-02-20,Noise-Canceling Headphones,Electronics,1,181.42,181.42,Cancelled
ORD-0008851,CUST-004489,2026-02-01,Desk Organizer,Office,2,24.11,48.22,Cancelled
ORD-0008852,CUST-004187,2026-02-01,Notebook Set,Stationery,6,11.64,69.84,Returned
ORD-0008853,CUST-002415,2024-06-29,Mechanical Keyboard,Electronics,5,92.63,463.15,Completed
ORD-0008854,CUST-004659,2026-08-08,Laptop Stand,Office,3,48.81,146.43,Completed
ORD-0008855,CUST-001339,2025-06-11,Noise-Canceling Headphones,Electronics,4,196.29,785.16,Completed
ORD-0008856,CUST-006015,2024-08-07,Backpack,Lifestyle,1,60.01,60.01,Returned
ORD-0008857,CUST-007296,2025-07-28,Wireless Mouse,Electronics,5,27.44,137.2,Completed
ORD-0008858,CUST-007786,2025-09-01,Noise-Canceling Headphones,Electronics,1,191.65,191.65,Returned
ORD-0008859,CUST-006183,2023-10-08,Wireless Mouse,Electronics,6,30.41,182.46,Returned
ORD-0008860,CUST-008541,2024-07-24,Laptop Stand,Office,6,45.04,270.24,Completed
ORD-0008861,CUST-009834,2025-07-16,Notebook Set,Stationery,2,13.09,26.18,Processing
ORD-0008862,CUST-000441,2025-04-17,Webcam,Electronics,2,81.01,162.02,Completed
ORD-0008863,CUST-002145,2025-06-21,USB-C Hub,Electronics,4,49.35,197.4,Cancelled
ORD-0008864,CUST-007828,2022-12-17,Water Bottle,Lifestyle,6,18.12,108.72,Completed
ORD-0008865,CUST-006335,2026-01-20,Noise-Canceling Headphones,Electronics,3,175.41,526.23,Cancelled
ORD-0008866,CUST-002188,2026-07-31,Ergonomic Chair,Furniture,3,243.77,731.31,Processing
ORD-0008867,CUST-006949,2024-08-13,Laptop Stand,Office,3,42.31,126.93,Completed
ORD-0008868,CUST-008340,2023-08-04,USB-C Hub,Electronics,2,53.88,107.76,Completed
ORD-0008869,CUST-002691,2026-07-03,Mechanical Keyboard,Electronics,4,80.97,323.88,Shipped
ORD-0008870,CUST-009184,2020-07-15,Webcam,Electronics,4,67.02,268.08,Completed
ORD-0008871,CUST-008676,2026-03-09,Noise-Canceling Headphones,Electronics,6,164.57,987.42,Returned
ORD-0008872,CUST-008861,2026-03-11,Webcam,Electronics,4,67.3,269.2,Shipped
ORD-0008873,CUST-009207,2026-04-29,Wireless Mouse,Electronics,6,29.74,178.44,Completed
ORD-0008874,CUST-006662,2025-05-17,Mechanical Keyboard,Electronics,2,84.15,168.3,Shipped
ORD-0008875,CUST-004654,2025-12-21,Ergonomic Chair,Furniture,1,229.67,229.67,Completed
ORD-0008876,CUST-006537,2026-06-05,Noise-Canceling Headphones,Electronics,4,164.61,658.44,Completed
ORD-0008877,CUST-008549,2023-09-20,Mechanical Keyboard,Electronics,1,88.87,88.87,Processing
ORD-0008878,CUST-009538,2026-08-11,Noise-Canceling Headphones,Electronics,4,194.79,779.16,Completed
ORD-0008879,CUST-003470,2021-11-28,Backpack,Lifestyle,4,59.16,236.64,Shipped
ORD-0008880,CUST-009047,2023-07-05,Mechanical Keyboard,Electronics,5,97.85,489.25,Processing
ORD-0008881,CUST-006821,2022-07-31,Water Bottle,Lifestyle,5,20.2,101,Completed
ORD-0008882,CUST-001135,2023-11-22,Backpack,Lifestyle,3,64.44,193.32,Cancelled
ORD-0008883,CUST-000104,2026-05-02,Wireless Mouse,Electronics,5,29.62,148.1,Processing
ORD-0008884,CUST-004888,2026-04-23,USB-C Hub,Electronics,6,50.05,300.3,Processing
ORD-0008885,CUST-007759,2025-09-17,Notebook Set,Stationery,3,13.2,39.6,Processing
ORD-0008886,CUST-000047,2026-05-03,Laptop Stand,Office,1,46.15,46.15,Completed
ORD-0008887,CUST-004193,2026-02-09,Backpack,Lifestyle,1,62.33,62.33,Completed
ORD-0008888,CUST-001804,2025-11-26,Water Bottle,Lifestyle,5,18.69,93.45,Completed
ORD-0008889,CUST-000060,2026-01-12,Laptop Stand,Office,4,42.85,171.4,Returned
ORD-0008890,CUST-005112,2025-08-25,Noise-Canceling Headphones,Electronics,6,193.26,1159.56,Shipped
ORD-0008891,CUST-001417,2026-09-05,Noise-Canceling Headphones,Electronics,3,167.26,501.78,Cancelled
ORD-0008892,CUST-003320,2024-06-21,Mechanical Keyboard,Electronics,5,93.93,469.65,Shipped
ORD-0008893,CUST-007828,2024-06-09,Notebook Set,Stationery,2,13.82,27.64,Completed
ORD-0008894,CUST-008522,2022-07-23,Ergonomic Chair,Furniture,5,240.73,1203.65,Processing
ORD-0008895,CUST-008013,2024-02-16,Water Bottle,Lifestyle,3,18.62,55.86,Shipped
ORD-0008896,CUST-003415,2024-10-05,Wireless Mouse,Electronics,1,27.22,27.22,Cancelled
ORD-0008897,CUST-004150,2024-12-27,Mechanical Keyboard,Electronics,3,87.3,261.9,Shipped
ORD-0008898,CUST-007052,2022-08-02,Webcam,Electronics,5,81.32,406.6,Completed
ORD-0008899,CUST-008405,2021-11-12,Water Bottle,Lifestyle,2,18.79,37.58,Completed
ORD-0008900,CUST-009310,2025-06-10,Backpack,Lifestyle,3,63.61,190.83,Completed
ORD-0008901,CUST-007795,2023-01-29,Noise-Canceling Headphones,Electronics,4,177.92,711.68,Completed
ORD-0008902,CUST-001417,2026-07-11,Noise-Canceling Headphones,Electronics,2,169.96,339.92,Processing
ORD-0008903,CUST-005974,2026-02-16,Mechanical Keyboard,Electronics,2,97.78,195.56,Completed
ORD-0008904,CUST-002394,2024-09-14,Webcam,Electronics,4,75.95,303.8,Processing
ORD-0008905,CUST-003038,2026-08-11,Webcam,Electronics,5,80.3,401.5,Completed
ORD-0008906,CUST-003748,2021-05-27,USB-C Hub,Electronics,4,51.55,206.2,Shipped
ORD-0008907,CUST-006940,2026-08-01,Wireless Mouse,Electronics,3,28.39,85.17,Completed
ORD-0008908,CUST-007258,2026-08-15,Mechanical Keyboard,Electronics,3,87.7,263.1,Completed
ORD-0008909,CUST-002610,2023-05-29,Desk Organizer,Office,2,26.51,53.02,Shipped
ORD-0008910,CUST-003203,2025-03-06,Wireless Mouse,Electronics,4,30.04,120.16,Returned
ORD-0008911,CUST-007374,2026-08-23,Desk Organizer,Office,2,23.6,47.2,Completed
ORD-0008912,CUST-008870,2024-11-15,Laptop Stand,Office,2,41.55,83.1,Completed
ORD-0008913,CUST-003769,2025-09-12,Standing Desk,Furniture,3,385.03,1155.09,Returned
ORD-0008914,CUST-009694,2020-08-27,Mechanical Keyboard,Electronics,2,82.47,164.94,Completed
ORD-0008915,CUST-003336,2022-01-23,Laptop Stand,Office,3,45.15,135.45,Processing
ORD-0008916,CUST-007863,2025-09-06,Ergonomic Chair,Furniture,5,273.48,1367.4,Cancelled
ORD-0008917,CUST-007504,2025-03-27,Notebook Set,Stationery,1,13.62,13.62,Completed
ORD-0008918,CUST-005744,2022-03-19,Standing Desk,Furniture,5,386.93,1934.65,Completed
ORD-0008919,CUST-004136,2026-03-15,Desk Organizer,Office,5,23.06,115.3,Completed
ORD-0008920,CUST-003957,2025-10-20,Backpack,Lifestyle,4,59.3,237.2,Completed
ORD-0008921,CUST-000856,2025-05-15,Water Bottle,Lifestyle,4,17.33,69.32,Completed
ORD-0008922,CUST-006466,2026-05-17,Ergonomic Chair,Furniture,3,243.45,730.35,Completed
ORD-0008923,CUST-008721,2025-12-31,Wireless Mouse,Electronics,5,32.31,161.55,Processing
ORD-0008924,CUST-007499,2025-10-10,Water Bottle,Lifestyle,6,17.94,107.64,Returned
ORD-0008925,CUST-002367,2026-06-29,Standing Desk,Furniture,5,363.24,1816.2,Returned
ORD-0008926,CUST-007671,2026-08-03,Backpack,Lifestyle,1,62.81,62.81,Processing
ORD-0008927,CUST-005186,2026-03-27,Laptop Stand,Office,2,46.32,92.64,Cancelled
ORD-0008928,CUST-009132,2026-08-12,Wireless Mouse,Electronics,5,31.07,155.35,Completed
ORD-0008929,CUST-000658,2023-06-26,Mechanical Keyboard,Electronics,5,83.1,415.5,Shipped
ORD-0008930,CUST-002095,2025-10-23,USB-C Hub,Electronics,6,47.09,282.54,Returned
ORD-0008931,CUST-003412,2025-12-10,Desk Organizer,Office,1,26.47,26.47,Shipped
ORD-0008932,CUST-007588,2024-04-19,Laptop Stand,Office,3,46.34,139.02,Processing
ORD-0008933,CUST-006123,2025-01-03,Backpack,Lifestyle,2,54.61,109.22,Processing
ORD-0008934,CUST-003759,2025-05-08,Standing Desk,Furniture,5,410.86,2054.3,Completed
ORD-0008935,CUST-000826,2026-04-21,Mechanical Keyboard,Electronics,1,87.49,87.49,Processing
ORD-0008936,CUST-005605,2024-04-12,Wireless Mouse,Electronics,6,30.6,183.6,Completed
ORD-0008937,CUST-005756,2025-02-16,Backpack,Lifestyle,1,59.65,59.65,Completed
ORD-0008938,CUST-000443,2026-07-06,Webcam,Electronics,4,79.1,316.4,Cancelled
ORD-0008939,CUST-001291,2025-10-05,Ergonomic Chair,Furniture,2,252.65,505.3,Completed
ORD-0008940,CUST-003974,2022-09-25,Standing Desk,Furniture,5,418.24,2091.2,Returned
ORD-0008941,CUST-001102,2025-12-05,Water Bottle,Lifestyle,2,19.62,39.24,Completed
ORD-0008942,CUST-004299,2024-11-24,USB-C Hub,Electronics,5,49.66,248.3,Processing
ORD-0008943,CUST-007111,2026-06-14,Standing Desk,Furniture,3,383.2,1149.6,Returned
ORD-0008944,CUST-003701,2026-03-14,Noise-Canceling Headphones,Electronics,4,162.11,648.44,Cancelled
ORD-0008945,CUST-009327,2024-11-22,USB-C Hub,Electronics,1,49.13,49.13,Returned
ORD-0008946,CUST-000575,2023-12-18,Wireless Mouse,Electronics,2,28.3,56.6,Processing
ORD-0008947,CUST-004178,2025-10-06,Desk Organizer,Office,4,25.87,103.48,Shipped
ORD-0008948,CUST-006304,2026-06-25,Wireless Mouse,Electronics,4,31.62,126.48,Completed
ORD-0008949,CUST-007420,2024-01-18,Standing Desk,Furniture,5,367.74,1838.7,Completed
ORD-0008950,CUST-004474,2026-07-15,USB-C Hub,Electronics,4,52.26,209.04,Shipped
ORD-0008951,CUST-000223,2024-03-31,Wireless Mouse,Electronics,4,32.23,128.92,Shipped
ORD-0008952,CUST-002229,2023-07-04,Noise-Canceling Headphones,Electronics,3,177.92,533.76,Cancelled
ORD-0008953,CUST-009517,2026-03-18,Wireless Mouse,Electronics,4,28.84,115.36,Completed
ORD-0008954,CUST-006136,2024-04-05,Desk Organizer,Office,6,25.96,155.76,Processing
ORD-0008955,CUST-006210,2026-08-08,Backpack,Lifestyle,2,62.03,124.06,Cancelled
ORD-0008956,CUST-007395,2026-05-11,Backpack,Lifestyle,3,63.11,189.33,Completed
ORD-0008957,CUST-007349,2026-05-06,Backpack,Lifestyle,3,62.81,188.43,Completed
ORD-0008958,CUST-003738,2025-11-19,Mechanical Keyboard,Electronics,5,87.27,436.35,Cancelled
ORD-0008959,CUST-000844,2023-06-27,Webcam,Electronics,6,75.65,453.9,Completed
ORD-0008960,CUST-007860,2025-04-02,Notebook Set,Stationery,4,12.02,48.08,Returned
ORD-0008961,CUST-003818,2026-02-16,Notebook Set,Stationery,3,12.3,36.9,Shipped
ORD-0008962,CUST-004729,2025-11-02,Noise-Canceling Headphones,Electronics,4,163.91,655.64,Processing
ORD-0008963,CUST-008211,2025-07-21,Desk Organizer,Office,6,23.54,141.24,Completed
ORD-0008964,CUST-002615,2024-05-19,Wireless Mouse,Electronics,3,30.62,91.86,Completed
ORD-0008965,CUST-009696,2023-10-01,Standing Desk,Furniture,6,400.93,2405.58,Completed
ORD-0008966,CUST-005185,2024-10-12,Webcam,Electronics,2,76.83,153.66,Shipped
ORD-0008967,CUST-008535,2025-03-29,Notebook Set,Stationery,1,12.72,12.72,Processing
ORD-0008968,CUST-004502,2026-03-04,Noise-Canceling Headphones,Electronics,3,172.46,517.38,Completed
ORD-0008969,CUST-003445,2026-02-12,Wireless Mouse,Electronics,1,31.11,31.11,Completed
ORD-0008970,CUST-007285,2026-07-11,USB-C Hub,Electronics,4,48.93,195.72,Shipped
ORD-0008971,CUST-002071,2024-06-23,Laptop Stand,Office,2,46.54,93.08,Completed
ORD-0008972,CUST-009255,2023-11-22,Desk Organizer,Office,3,24.94,74.82,Completed
ORD-0008973,CUST-004173,2023-11-26,Ergonomic Chair,Furniture,5,229.68,1148.4,Cancelled
ORD-0008974,CUST-004925,2025-03-06,Laptop Stand,Office,1,47.49,47.49,Cancelled
ORD-0008975,CUST-006109,2025-11-04,Desk Organizer,Office,2,23.91,47.82,Completed
ORD-0008976,CUST-002672,2021-07-24,Water Bottle,Lifestyle,4,18.08,72.32,Shipped
ORD-0008977,CUST-007705,2023-07-28,Webcam,Electronics,4,76.42,305.68,Completed
ORD-0008978,CUST-007440,2024-10-28,Desk Organizer,Office,6,24.98,149.88,Completed
ORD-0008979,CUST-005118,2025-12-11,Backpack,Lifestyle,5,60.36,301.8,Completed
ORD-0008980,CUST-005905,2025-06-02,Notebook Set,Stationery,5,13.39,66.95,Processing
ORD-0008981,CUST-005780,2025-09-28,Webcam,Electronics,5,76.43,382.15,Returned
ORD-0008982,CUST-001464,2025-12-22,Backpack,Lifestyle,6,54.65,327.9,Returned
ORD-0008983,CUST-004005,2025-01-15,USB-C Hub,Electronics,3,49.03,147.09,Completed
ORD-0008984,CUST-008877,2026-07-09,Notebook Set,Stationery,2,12.13,24.26,Shipped
ORD-0008985,CUST-008378,2026-01-28,Notebook Set,Stationery,6,11.71,70.26,Cancelled
ORD-0008986,CUST-000910,2025-02-21,USB-C Hub,Electronics,1,51.52,51.52,Completed
ORD-0008987,CUST-004498,2026-06-27,Backpack,Lifestyle,5,62.99,314.95,Completed
ORD-0008988,CUST-001828,2021-10-26,Notebook Set,Stationery,6,13.02,78.12,Returned
ORD-0008989,CUST-009171,2025-02-22,Standing Desk,Furniture,1,366.89,366.89,Returned
ORD-0008990,CUST-005074,2022-04-12,Mechanical Keyboard,Electronics,4,88.52,354.08,Processing
ORD-0008991,CUST-004663,2025-04-23,Laptop Stand,Office,5,48.16,240.8,Completed
ORD-0008992,CUST-004981,2024-10-04,Laptop Stand,Office,1,48.69,48.69,Shipped
ORD-0008993,CUST-004090,2025-03-15,Ergonomic Chair,Furniture,5,265.24,1326.2,Completed
ORD-0008994,CUST-004866,2025-07-17,Mechanical Keyboard,Electronics,1,84.38,84.38,Processing
ORD-0008995,CUST-001541,2025-08-04,Ergonomic Chair,Furniture,1,255.86,255.86,Completed
ORD-0008996,CUST-006337,2025-12-06,Laptop Stand,Office,4,41.59,166.36,Returned
ORD-0008997,CUST-003035,2021-04-26,Mechanical Keyboard,Electronics,4,90.57,362.28,Completed
ORD-0008998,CUST-007169,2025-10-11,Laptop Stand,Office,3,49.28,147.84,Completed
ORD-0008999,CUST-006903,2025-12-20,Water Bottle,Lifestyle,1,19.56,19.56,Shipped
ORD-0009000,CUST-007589,2024-07-01,Wireless Mouse,Electronics,3,28.7,86.1,Cancelled
ORD-0009001,CUST-004687,2026-04-02,Mechanical Keyboard,Electronics,2,83.55,167.1,Shipped
ORD-0009002,CUST-007311,2026-06-27,Standing Desk,Furniture,3,438.37,1315.11,Cancelled
ORD-0009003,CUST-006146,2024-07-27,Laptop Stand,Office,6,43.51,261.06,Completed
ORD-0009004,CUST-008169,2023-09-25,Desk Organizer,Office,4,25.4,101.6,Returned
ORD-0009005,CUST-004469,2026-01-27,Ergonomic Chair,Furniture,6,267.33,1603.98,Completed
ORD-0009006,CUST-009681,2024-12-29,Notebook Set,Stationery,3,11.73,35.19,Completed
ORD-0009007,CUST-000295,2025-04-09,Mechanical Keyboard,Electronics,1,93.98,93.98,Cancelled
ORD-0009008,CUST-007413,2026-05-11,Webcam,Electronics,1,78.25,78.25,Completed
ORD-0009009,CUST-005611,2026-08-16,Laptop Stand,Office,5,43.22,216.1,Cancelled
ORD-0009010,CUST-006451,2026-06-16,Standing Desk,Furniture,2,426.59,853.18,Completed
ORD-0009011,CUST-001148,2024-01-30,Webcam,Electronics,6,74.09,444.54,Cancelled
ORD-0009012,CUST-004858,2026-07-16,Standing Desk,Furniture,1,437.44,437.44,Shipped
ORD-0009013,CUST-003354,2025-11-27,Desk Organizer,Office,3,26.68,80.04,Completed
ORD-0009014,CUST-004436,2024-02-12,Desk Organizer,Office,3,23.93,71.79,Completed
ORD-0009015,CUST-009535,2026-08-03,Desk Organizer,Office,1,22.59,22.59,Returned
ORD-0009016,CUST-008655,2022-02-05,Noise-Canceling Headphones,Electronics,4,167.05,668.2,Completed
ORD-0009017,CUST-002273,2025-05-05,Mechanical Keyboard,Electronics,2,94.16,188.32,Completed
ORD-0009018,CUST-000073,2026-04-04,Webcam,Electronics,6,69.3,415.8,Cancelled
ORD-0009019,CUST-006701,2026-07-03,Laptop Stand,Office,6,45.4,272.4,Completed
ORD-0009020,CUST-002114,2025-10-05,Laptop Stand,Office,4,49.37,197.48,Processing
ORD-0009021,CUST-006728,2025-12-04,Laptop Stand,Office,6,42.78,256.68,Completed
ORD-0009022,CUST-002526,2024-01-09,Notebook Set,Stationery,1,12.89,12.89,Completed
ORD-0009023,CUST-008822,2024-12-31,Wireless Mouse,Electronics,5,28.29,141.45,Processing
ORD-0009024,CUST-008375,2026-08-10,Ergonomic Chair,Furniture,1,239.34,239.34,Completed
ORD-0009025,CUST-004433,2025-10-01,Standing Desk,Furniture,3,423.36,1270.08,Shipped
ORD-0009026,CUST-004918,2026-05-31,Webcam,Electronics,6,66.79,400.74,Completed
ORD-0009027,CUST-004643,2025-08-31,Ergonomic Chair,Furniture,5,230.87,1154.35,Completed
ORD-0009028,CUST-003196,2024-03-26,Backpack,Lifestyle,6,64.2,385.2,Completed
ORD-0009029,CUST-003162,2026-05-13,Notebook Set,Stationery,3,12.13,36.39,Cancelled
ORD-0009030,CUST-003686,2025-12-07,USB-C Hub,Electronics,4,48.04,192.16,Completed
ORD-0009031,CUST-006234,2025-12-22,Wireless Mouse,Electronics,5,30.1,150.5,Completed
ORD-0009032,CUST-005872,2026-06-28,Laptop Stand,Office,3,44.23,132.69,Shipped
ORD-0009033,CUST-000568,2024-04-24,Laptop Stand,Office,1,48.73,48.73,Completed
ORD-0009034,CUST-006059,2025-12-27,Desk Organizer,Office,1,26.38,26.38,Completed
ORD-0009035,CUST-002881,2026-07-05,Laptop Stand,Office,4,45.93,183.72,Completed
ORD-0009036,CUST-008283,2026-02-18,Desk Organizer,Office,2,22.14,44.28,Cancelled
ORD-0009037,CUST-007136,2025-09-14,Laptop Stand,Office,4,47.73,190.92,Completed
ORD-0009038,CUST-005668,2024-01-16,Backpack,Lifestyle,2,62,124,Shipped
ORD-0009039,CUST-008097,2026-06-13,USB-C Hub,Electronics,3,52.6,157.8,Processing
ORD-0009040,CUST-002055,2026-01-25,Desk Organizer,Office,6,25.64,153.84,Completed
ORD-0009041,CUST-002254,2023-04-26,Standing Desk,Furniture,6,376.92,2261.52,Processing
ORD-0009042,CUST-006272,2026-09-07,Laptop Stand,Office,5,47.77,238.85,Completed
ORD-0009043,CUST-009758,2024-08-18,Noise-Canceling Headphones,Electronics,1,177.81,177.81,Shipped
ORD-0009044,CUST-003858,2023-07-20,Standing Desk,Furniture,1,420.57,420.57,Completed
ORD-0009045,CUST-003414,2025-08-14,USB-C Hub,Electronics,5,50.35,251.75,Completed
ORD-0009046,CUST-003617,2023-06-03,Notebook Set,Stationery,5,12.02,60.1,Completed
ORD-0009047,CUST-003366,2026-09-05,Notebook Set,Stationery,5,13.92,69.6,Returned
ORD-0009048,CUST-008820,2021-07-11,Webcam,Electronics,6,74.73,448.38,Completed
ORD-0009049,CUST-008536,2025-11-30,Ergonomic Chair,Furniture,2,269.1,538.2,Completed
ORD-0009050,CUST-005414,2022-07-14,Water Bottle,Lifestyle,2,17.98,35.96,Processing
ORD-0009051,CUST-008434,2022-10-29,Mechanical Keyboard,Electronics,2,92.28,184.56,Returned
ORD-0009052,CUST-002074,2026-08-17,Noise-Canceling Headphones,Electronics,6,182.94,1097.64,Completed
ORD-0009053,CUST-001417,2026-07-16,Wireless Mouse,Electronics,6,31.56,189.36,Cancelled
ORD-0009054,CUST-009446,2025-12-19,USB-C Hub,Electronics,3,49.28,147.84,Completed
ORD-0009055,CUST-007999,2026-02-01,Noise-Canceling Headphones,Electronics,2,189.6,379.2,Completed
ORD-0009056,CUST-008423,2025-02-11,Wireless Mouse,Electronics,1,27.94,27.94,Completed
ORD-0009057,CUST-000305,2024-01-31,Noise-Canceling Headphones,Electronics,2,185.98,371.96,Shipped
ORD-0009058,CUST-009798,2026-04-24,Mechanical Keyboard,Electronics,4,97.12,388.48,Completed
ORD-0009059,CUST-001257,2026-08-06,Water Bottle,Lifestyle,1,18.16,18.16,Returned
ORD-0009060,CUST-000135,2026-09-03,Backpack,Lifestyle,3,63.56,190.68,Processing
ORD-0009061,CUST-009598,2025-05-11,Backpack,Lifestyle,4,64.61,258.44,Returned
ORD-0009062,CUST-001211,2022-10-01,Laptop Stand,Office,1,41.2,41.2,Completed
ORD-0009063,CUST-009329,2023-08-27,Mechanical Keyboard,Electronics,5,98.05,490.25,Completed
ORD-0009064,CUST-002858,2025-05-02,Wireless Mouse,Electronics,1,31.67,31.67,Completed
ORD-0009065,CUST-004671,2022-12-24,Mechanical Keyboard,Electronics,5,83.51,417.55,Processing
ORD-0009066,CUST-001565,2023-12-07,Water Bottle,Lifestyle,5,20.71,103.55,Completed
ORD-0009067,CUST-004141,2025-11-20,Notebook Set,Stationery,2,13.46,26.92,Returned
ORD-0009068,CUST-009667,2026-01-16,Standing Desk,Furniture,1,425.45,425.45,Completed
ORD-0009069,CUST-009821,2026-07-10,Desk Organizer,Office,3,22.34,67.02,Returned
ORD-0009070,CUST-002483,2025-09-05,Backpack,Lifestyle,6,54.28,325.68,Completed
ORD-0009071,CUST-000442,2026-07-31,USB-C Hub,Electronics,1,48.34,48.34,Completed
ORD-0009072,CUST-003229,2021-05-06,Wireless Mouse,Electronics,3,29.97,89.91,Completed
ORD-0009073,CUST-009344,2025-07-17,USB-C Hub,Electronics,3,48.44,145.32,Completed
ORD-0009074,CUST-008063,2025-10-15,Water Bottle,Lifestyle,3,19.38,58.14,Completed
ORD-0009075,CUST-000937,2023-02-14,Desk Organizer,Office,5,24.41,122.05,Completed
ORD-0009076,CUST-006097,2024-10-09,USB-C Hub,Electronics,6,50.66,303.96,Completed
ORD-0009077,CUST-001732,2026-01-22,Wireless Mouse,Electronics,2,31.06,62.12,Shipped
ORD-0009078,CUST-001729,2026-09-07,Water Bottle,Lifestyle,2,18.39,36.78,Returned
ORD-0009079,CUST-004551,2025-10-09,Backpack,Lifestyle,5,60.28,301.4,Completed
ORD-0009080,CUST-009128,2024-09-27,Standing Desk,Furniture,2,374.56,749.12,Completed
ORD-0009081,CUST-007000,2026-08-25,Standing Desk,Furniture,6,388.3,2329.8,Processing
ORD-0009082,CUST-001219,2026-06-14,Webcam,Electronics,5,71.46,357.3,Returned
ORD-0009083,CUST-007813,2022-02-19,Notebook Set,Stationery,6,11.55,69.3,Completed
ORD-0009084,CUST-008024,2024-07-30,Desk Organizer,Office,3,23.23,69.69,Completed
ORD-0009085,CUST-007134,2021-05-17,Ergonomic Chair,Furniture,6,241.7,1450.2,Completed
ORD-0009086,CUST-001682,2026-03-06,Noise-Canceling Headphones,Electronics,2,177.54,355.08,Processing
ORD-0009087,CUST-009370,2025-06-22,Desk Organizer,Office,4,26.14,104.56,Shipped
ORD-0009088,CUST-008006,2025-08-29,USB-C Hub,Electronics,2,48.95,97.9,Completed
ORD-0009089,CUST-009665,2024-01-19,Noise-Canceling Headphones,Electronics,3,164.31,492.93,Shipped
ORD-0009090,CUST-006916,2022-05-26,Mechanical Keyboard,Electronics,1,92.69,92.69,Processing
ORD-0009091,CUST-007624,2025-12-12,Ergonomic Chair,Furniture,4,264.39,1057.56,Processing
ORD-0009092,CUST-006598,2026-05-08,Ergonomic Chair,Furniture,1,231.25,231.25,Returned
ORD-0009093,CUST-004366,2025-09-29,Desk Organizer,Office,6,22.71,136.26,Processing
ORD-0009094,CUST-008717,2023-01-15,Wireless Mouse,Electronics,1,29.43,29.43,Cancelled
ORD-0009095,CUST-001491,2024-07-29,Ergonomic Chair,Furniture,2,232.57,465.14,Completed
ORD-0009096,CUST-004552,2026-06-16,Standing Desk,Furniture,4,414.93,1659.72,Completed
ORD-0009097,CUST-003081,2023-12-06,Ergonomic Chair,Furniture,1,242.45,242.45,Processing
ORD-0009098,CUST-004366,2025-02-08,Desk Organizer,Office,1,23.21,23.21,Completed
ORD-0009099,CUST-004292,2026-05-08,USB-C Hub,Electronics,5,48,240,Completed
ORD-0009100,CUST-004889,2026-05-20,Desk Organizer,Office,5,25.07,125.35,Completed
ORD-0009101,CUST-002671,2025-09-28,Backpack,Lifestyle,1,65.37,65.37,Cancelled
ORD-0009102,CUST-002228,2026-03-15,Laptop Stand,Office,3,48.06,144.18,Completed
ORD-0009103,CUST-000759,2024-12-25,USB-C Hub,Electronics,3,48.01,144.03,Completed
ORD-0009104,CUST-000066,2025-12-28,Notebook Set,Stationery,3,13.32,39.96,Completed
ORD-0009105,CUST-001089,2025-02-16,Noise-Canceling Headphones,Electronics,2,170.84,341.68,Returned
ORD-0009106,CUST-005487,2025-08-24,Mechanical Keyboard,Electronics,3,90.62,271.86,Cancelled
ORD-0009107,CUST-007176,2024-10-17,Webcam,Electronics,3,81.25,243.75,Returned
ORD-0009108,CUST-007269,2024-12-24,Backpack,Lifestyle,6,59.29,355.74,Cancelled
ORD-0009109,CUST-006579,2025-09-08,Standing Desk,Furniture,5,379.33,1896.65,Processing
ORD-0009110,CUST-003999,2025-03-11,Noise-Canceling Headphones,Electronics,1,189.74,189.74,Completed
ORD-0009111,CUST-004642,2026-06-05,Standing Desk,Furniture,5,414.34,2071.7,Completed
ORD-0009112,CUST-001834,2026-06-26,Webcam,Electronics,4,67.11,268.44,Shipped
ORD-0009113,CUST-000001,2026-02-05,Noise-Canceling Headphones,Electronics,4,170.61,682.44,Completed
ORD-0009114,CUST-004276,2026-08-12,Desk Organizer,Office,5,22.67,113.35,Shipped
ORD-0009115,CUST-005452,2024-11-05,Laptop Stand,Office,4,48.01,192.04,Completed
ORD-0009116,CUST-008784,2025-08-13,Standing Desk,Furniture,1,365.99,365.99,Completed
ORD-0009117,CUST-000277,2023-05-19,Backpack,Lifestyle,4,53.96,215.84,Completed
ORD-0009118,CUST-007585,2026-08-22,USB-C Hub,Electronics,3,49.83,149.49,Cancelled
ORD-0009119,CUST-002614,2023-07-26,USB-C Hub,Electronics,4,53.89,215.56,Cancelled
ORD-0009120,CUST-002504,2026-06-11,Laptop Stand,Office,2,45.73,91.46,Returned
ORD-0009121,CUST-002972,2025-09-29,Notebook Set,Stationery,1,13.78,13.78,Completed
ORD-0009122,CUST-006186,2021-11-16,Ergonomic Chair,Furniture,4,236.33,945.32,Shipped
ORD-0009123,CUST-002483,2025-09-19,Water Bottle,Lifestyle,6,19.75,118.5,Processing
ORD-0009124,CUST-004528,2026-04-17,USB-C Hub,Electronics,3,46.36,139.08,Completed
ORD-0009125,CUST-001985,2023-07-03,Noise-Canceling Headphones,Electronics,2,186.77,373.54,Cancelled
ORD-0009126,CUST-007681,2026-06-20,Backpack,Lifestyle,6,53.62,321.72,Completed
ORD-0009127,CUST-000524,2024-03-24,Laptop Stand,Office,2,44.82,89.64,Completed
ORD-0009128,CUST-009460,2026-03-26,Wireless Mouse,Electronics,5,31.58,157.9,Returned
ORD-0009129,CUST-004380,2025-08-18,Water Bottle,Lifestyle,4,18.03,72.12,Completed
ORD-0009130,CUST-007500,2026-08-16,Noise-Canceling Headphones,Electronics,5,162.9,814.5,Completed
ORD-0009131,CUST-000199,2026-08-17,Ergonomic Chair,Furniture,5,237.01,1185.05,Completed
ORD-0009132,CUST-009017,2024-12-04,Desk Organizer,Office,3,22.6,67.8,Completed
ORD-0009133,CUST-008331,2026-04-19,Mechanical Keyboard,Electronics,3,84.75,254.25,Completed
ORD-0009134,CUST-009501,2023-04-24,Backpack,Lifestyle,4,53.65,214.6,Processing
ORD-0009135,CUST-004974,2024-01-14,Notebook Set,Stationery,2,13.94,27.88,Cancelled
ORD-0009136,CUST-004196,2026-09-07,Water Bottle,Lifestyle,2,18.28,36.56,Completed
ORD-0009137,CUST-004199,2025-08-25,Water Bottle,Lifestyle,6,17.71,106.26,Returned
ORD-0009138,CUST-004705,2021-11-30,Desk Organizer,Office,5,23.49,117.45,Processing
ORD-0009139,CUST-003466,2021-05-29,Ergonomic Chair,Furniture,6,252.66,1515.96,Shipped
ORD-0009140,CUST-005568,2026-03-16,Wireless Mouse,Electronics,5,28.57,142.85,Returned
ORD-0009141,CUST-008727,2023-06-23,Webcam,Electronics,3,78.44,235.32,Cancelled
ORD-0009142,CUST-008151,2025-06-07,Notebook Set,Stationery,5,13.41,67.05,Shipped
ORD-0009143,CUST-007692,2023-02-13,Water Bottle,Lifestyle,5,18.44,92.2,Shipped
ORD-0009144,CUST-001695,2026-08-19,USB-C Hub,Electronics,2,46.86,93.72,Processing
ORD-0009145,CUST-002371,2026-03-24,Webcam,Electronics,4,79.43,317.72,Completed
ORD-0009146,CUST-003871,2026-08-04,Wireless Mouse,Electronics,3,30.23,90.69,Returned
ORD-0009147,CUST-004467,2024-04-19,Webcam,Electronics,3,74.18,222.54,Processing
ORD-0009148,CUST-005672,2026-03-08,Ergonomic Chair,Furniture,1,248.14,248.14,Processing
ORD-0009149,CUST-009742,2026-08-31,Webcam,Electronics,1,67.4,67.4,Shipped
ORD-0009150,CUST-008004,2025-07-24,Water Bottle,Lifestyle,2,19.2,38.4,Cancelled
ORD-0009151,CUST-009909,2024-01-19,Notebook Set,Stationery,1,11.69,11.69,Completed
ORD-0009152,CUST-009799,2023-03-28,Noise-Canceling Headphones,Electronics,1,196.51,196.51,Completed
ORD-0009153,CUST-003186,2022-03-23,USB-C Hub,Electronics,6,47.46,284.76,Processing
ORD-0009154,CUST-000019,2026-03-23,Noise-Canceling Headphones,Electronics,5,192.72,963.6,Completed
ORD-0009155,CUST-007076,2024-10-22,Mechanical Keyboard,Electronics,2,83.97,167.94,Completed
ORD-0009156,CUST-008368,2022-03-17,Notebook Set,Stationery,1,13.47,13.47,Returned
ORD-0009157,CUST-009479,2026-03-18,Wireless Mouse,Electronics,4,30.89,123.56,Returned
ORD-0009158,CUST-002076,2025-12-19,Laptop Stand,Office,2,47.3,94.6,Processing
ORD-0009159,CUST-006731,2025-01-31,USB-C Hub,Electronics,4,49.61,198.44,Shipped
ORD-0009160,CUST-008587,2024-10-17,Desk Organizer,Office,3,26.01,78.03,Returned
ORD-0009161,CUST-009654,2025-06-15,Webcam,Electronics,1,78.03,78.03,Cancelled
ORD-0009162,CUST-006503,2025-04-12,Laptop Stand,Office,5,48.16,240.8,Returned
ORD-0009163,CUST-001226,2026-04-02,Notebook Set,Stationery,2,12.52,25.04,Completed
ORD-0009164,CUST-009619,2022-10-30,Standing Desk,Furniture,2,384.07,768.14,Cancelled
ORD-0009165,CUST-001949,2026-03-20,Backpack,Lifestyle,4,61.37,245.48,Completed
ORD-0009166,CUST-001402,2025-04-20,Noise-Canceling Headphones,Electronics,5,188.77,943.85,Returned
ORD-0009167,CUST-001517,2026-03-19,Noise-Canceling Headphones,Electronics,4,183.26,733.04,Shipped
ORD-0009168,CUST-009751,2026-07-09,Webcam,Electronics,3,72.68,218.04,Processing
ORD-0009169,CUST-007881,2024-09-06,Ergonomic Chair,Furniture,1,272.58,272.58,Completed
ORD-0009170,CUST-004381,2026-03-15,Webcam,Electronics,2,76.18,152.36,Completed
ORD-0009171,CUST-007296,2026-05-05,Webcam,Electronics,2,67.94,135.88,Completed
ORD-0009172,CUST-001687,2025-05-22,Notebook Set,Stationery,2,12.28,24.56,Completed
ORD-0009173,CUST-001447,2026-08-24,USB-C Hub,Electronics,1,44.13,44.13,Completed
ORD-0009174,CUST-004408,2024-12-13,Backpack,Lifestyle,3,63.25,189.75,Shipped
ORD-0009175,CUST-000255,2025-08-26,Webcam,Electronics,4,78.72,314.88,Completed
ORD-0009176,CUST-005966,2023-10-03,Mechanical Keyboard,Electronics,5,87.62,438.1,Cancelled
ORD-0009177,CUST-001444,2025-04-09,Noise-Canceling Headphones,Electronics,1,192.29,192.29,Cancelled
ORD-0009178,CUST-001792,2023-05-15,Wireless Mouse,Electronics,6,31.4,188.4,Cancelled
ORD-0009179,CUST-000474,2026-08-21,Noise-Canceling Headphones,Electronics,2,187.75,375.5,Processing
ORD-0009180,CUST-002506,2025-04-19,Water Bottle,Lifestyle,5,17.27,86.35,Processing
ORD-0009181,CUST-006924,2025-11-08,Webcam,Electronics,5,80.07,400.35,Completed
ORD-0009182,CUST-006288,2023-12-28,Noise-Canceling Headphones,Electronics,2,167.98,335.96,Shipped
ORD-0009183,CUST-005931,2026-04-11,Standing Desk,Furniture,2,372.81,745.62,Returned
ORD-0009184,CUST-000271,2026-08-27,Wireless Mouse,Electronics,6,29.28,175.68,Completed
ORD-0009185,CUST-005765,2026-06-29,Backpack,Lifestyle,5,62.88,314.4,Completed
ORD-0009186,CUST-003328,2024-10-15,USB-C Hub,Electronics,6,53.68,322.08,Processing
ORD-0009187,CUST-005141,2026-05-04,Mechanical Keyboard,Electronics,5,94.2,471,Completed
ORD-0009188,CUST-005063,2026-07-20,Mechanical Keyboard,Electronics,2,93.51,187.02,Completed
ORD-0009189,CUST-006368,2023-12-27,Webcam,Electronics,3,71.49,214.47,Shipped
ORD-0009190,CUST-008377,2022-02-15,Laptop Stand,Office,2,47.7,95.4,Cancelled
ORD-0009191,CUST-002912,2024-08-12,Notebook Set,Stationery,5,12.22,61.1,Processing
ORD-0009192,CUST-005441,2024-07-12,Webcam,Electronics,3,80.19,240.57,Returned
ORD-0009193,CUST-002486,2025-10-12,Backpack,Lifestyle,2,55.43,110.86,Completed
ORD-0009194,CUST-009413,2024-10-06,Laptop Stand,Office,2,45.11,90.22,Returned
ORD-0009195,CUST-009240,2025-05-23,Notebook Set,Stationery,4,11.85,47.4,Completed
ORD-0009196,CUST-006764,2024-07-19,Wireless Mouse,Electronics,5,29.74,148.7,Completed
ORD-0009197,CUST-001171,2025-08-01,Water Bottle,Lifestyle,1,18.55,18.55,Returned
ORD-0009198,CUST-007531,2024-10-24,Notebook Set,Stationery,3,12.74,38.22,Completed
ORD-0009199,CUST-001314,2026-01-23,Water Bottle,Lifestyle,6,20.78,124.68,Returned
ORD-0009200,CUST-003361,2024-09-19,Mechanical Keyboard,Electronics,6,87.98,527.88,Cancelled
ORD-0009201,CUST-003846,2024-08-06,Mechanical Keyboard,Electronics,6,93.24,559.44,Shipped
ORD-0009202,CUST-005676,2025-10-13,Wireless Mouse,Electronics,4,31.33,125.32,Completed
ORD-0009203,CUST-008656,2025-05-15,Webcam,Electronics,1,76.22,76.22,Completed
ORD-0009204,CUST-008818,2026-02-01,Water Bottle,Lifestyle,3,17.82,53.46,Completed
ORD-0009205,CUST-000510,2024-02-04,Mechanical Keyboard,Electronics,4,94.9,379.6,Cancelled
ORD-0009206,CUST-005496,2022-03-05,Noise-Canceling Headphones,Electronics,6,186.97,1121.82,Shipped
ORD-0009207,CUST-001382,2024-11-07,Desk Organizer,Office,1,24.98,24.98,Shipped
ORD-0009208,CUST-004403,2024-01-14,Water Bottle,Lifestyle,3,17.41,52.23,Returned
ORD-0009209,CUST-007055,2026-07-10,Laptop Stand,Office,5,40.51,202.55,Cancelled
ORD-0009210,CUST-002325,2026-08-20,Webcam,Electronics,2,68.43,136.86,Cancelled
ORD-0009211,CUST-001587,2022-09-30,Standing Desk,Furniture,5,388.66,1943.3,Cancelled
ORD-0009212,CUST-005605,2023-03-10,Backpack,Lifestyle,4,61.23,244.92,Processing
ORD-0009213,CUST-005722,2025-12-24,Webcam,Electronics,6,71.82,430.92,Shipped
ORD-0009214,CUST-008287,2024-07-20,Water Bottle,Lifestyle,5,18.93,94.65,Processing
ORD-0009215,CUST-007860,2026-08-20,Desk Organizer,Office,4,24.91,99.64,Completed
ORD-0009216,CUST-006802,2020-06-17,Backpack,Lifestyle,2,64.01,128.02,Processing
ORD-0009217,CUST-008668,2026-01-20,Webcam,Electronics,5,79.68,398.4,Completed
ORD-0009218,CUST-003524,2024-07-11,Backpack,Lifestyle,3,57.64,172.92,Shipped
ORD-0009219,CUST-002919,2026-04-26,Mechanical Keyboard,Electronics,5,83.22,416.1,Processing
ORD-0009220,CUST-004054,2022-03-29,Notebook Set,Stationery,1,12.08,12.08,Processing
ORD-0009221,CUST-004673,2026-05-16,Water Bottle,Lifestyle,2,18.2,36.4,Completed
ORD-0009222,CUST-005559,2024-05-13,Laptop Stand,Office,1,45.13,45.13,Shipped
ORD-0009223,CUST-004373,2025-12-25,Ergonomic Chair,Furniture,1,264.5,264.5,Cancelled
ORD-0009224,CUST-006026,2026-04-29,Wireless Mouse,Electronics,2,29.56,59.12,Cancelled
ORD-0009225,CUST-008960,2021-07-28,Water Bottle,Lifestyle,2,20.41,40.82,Shipped
ORD-0009226,CUST-006767,2025-04-23,Wireless Mouse,Electronics,6,27.28,163.68,Completed
ORD-0009227,CUST-008606,2026-06-07,USB-C Hub,Electronics,3,44.22,132.66,Cancelled
ORD-0009228,CUST-003021,2025-06-22,USB-C Hub,Electronics,6,44.47,266.82,Completed
ORD-0009229,CUST-006142,2025-11-12,Water Bottle,Lifestyle,4,20.1,80.4,Processing
ORD-0009230,CUST-009988,2026-03-10,Wireless Mouse,Electronics,4,32.75,131,Completed
ORD-0009231,CUST-007794,2025-09-07,Standing Desk,Furniture,5,363.93,1819.65,Returned
ORD-0009232,CUST-004157,2026-05-03,Laptop Stand,Office,3,49.2,147.6,Completed
ORD-0009233,CUST-006303,2026-08-25,Noise-Canceling Headphones,Electronics,3,185.34,556.02,Completed
ORD-0009234,CUST-002252,2026-03-12,Webcam,Electronics,5,79.53,397.65,Returned
ORD-0009235,CUST-000038,2023-08-03,Standing Desk,Furniture,5,407.74,2038.7,Processing
ORD-0009236,CUST-002656,2025-07-08,USB-C Hub,Electronics,4,50.96,203.84,Returned
ORD-0009237,CUST-004189,2026-02-06,Ergonomic Chair,Furniture,4,243.03,972.12,Completed
ORD-0009238,CUST-006640,2022-11-08,Mechanical Keyboard,Electronics,4,87.75,351,Completed
ORD-0009239,CUST-002626,2026-04-23,USB-C Hub,Electronics,3,48.57,145.71,Returned
ORD-0009240,CUST-009262,2026-08-01,Laptop Stand,Office,6,43.24,259.44,Cancelled
ORD-0009241,CUST-001538,2021-04-12,Mechanical Keyboard,Electronics,1,88.66,88.66,Completed
ORD-0009242,CUST-002259,2022-08-16,Notebook Set,Stationery,3,12.41,37.23,Completed
ORD-0009243,CUST-008421,2025-11-27,Water Bottle,Lifestyle,3,19.55,58.65,Cancelled
ORD-0009244,CUST-003786,2023-03-16,Ergonomic Chair,Furniture,5,243.7,1218.5,Cancelled
ORD-0009245,CUST-002530,2020-09-10,Noise-Canceling Headphones,Electronics,4,175.68,702.72,Cancelled
ORD-0009246,CUST-002350,2023-05-11,Wireless Mouse,Electronics,6,31.96,191.76,Processing
ORD-0009247,CUST-005373,2026-06-04,USB-C Hub,Electronics,5,52.93,264.65,Processing
ORD-0009248,CUST-004771,2026-05-23,Standing Desk,Furniture,4,416.77,1667.08,Returned
ORD-0009249,CUST-002355,2024-11-04,Noise-Canceling Headphones,Electronics,1,181.66,181.66,Returned
ORD-0009250,CUST-000521,2025-10-10,Ergonomic Chair,Furniture,1,270.28,270.28,Completed
ORD-0009251,CUST-009152,2022-11-13,Noise-Canceling Headphones,Electronics,1,174.01,174.01,Returned
ORD-0009252,CUST-007287,2023-11-01,Water Bottle,Lifestyle,5,19.94,99.7,Processing
ORD-0009253,CUST-008917,2026-09-07,Standing Desk,Furniture,1,386.76,386.76,Completed
ORD-0009254,CUST-005096,2026-05-24,Standing Desk,Furniture,2,401.95,803.9,Completed
ORD-0009255,CUST-008914,2026-07-12,Laptop Stand,Office,2,45.06,90.12,Shipped
ORD-0009256,CUST-008848,2025-01-30,Laptop Stand,Office,5,48.74,243.7,Shipped
ORD-0009257,CUST-007660,2026-02-08,Webcam,Electronics,5,76.04,380.2,Completed
ORD-0009258,CUST-001602,2021-08-20,Backpack,Lifestyle,3,62.3,186.9,Completed
ORD-0009259,CUST-006188,2026-01-05,Wireless Mouse,Electronics,2,31.83,63.66,Completed
ORD-0009260,CUST-003457,2021-06-19,Laptop Stand,Office,3,47.61,142.83,Completed
ORD-0009261,CUST-009511,2023-04-16,Laptop Stand,Office,1,44.97,44.97,Returned
ORD-0009262,CUST-003371,2026-01-25,Noise-Canceling Headphones,Electronics,1,164.81,164.81,Processing
ORD-0009263,CUST-006884,2024-10-16,Laptop Stand,Office,6,41,246,Processing
ORD-0009264,CUST-003770,2026-02-21,Mechanical Keyboard,Electronics,4,98.14,392.56,Completed
ORD-0009265,CUST-001959,2025-12-25,Noise-Canceling Headphones,Electronics,1,173.63,173.63,Returned
ORD-0009266,CUST-000272,2024-03-06,Water Bottle,Lifestyle,2,19.74,39.48,Processing
ORD-0009267,CUST-006431,2026-08-19,USB-C Hub,Electronics,2,49.76,99.52,Cancelled
ORD-0009268,CUST-001394,2024-11-21,Laptop Stand,Office,2,48.45,96.9,Processing
ORD-0009269,CUST-003253,2025-08-13,USB-C Hub,Electronics,1,45.82,45.82,Cancelled
ORD-0009270,CUST-005564,2024-12-18,Ergonomic Chair,Furniture,2,233.96,467.92,Cancelled
ORD-0009271,CUST-008041,2025-12-25,Wireless Mouse,Electronics,5,29.45,147.25,Returned
ORD-0009272,CUST-005299,2024-02-04,Noise-Canceling Headphones,Electronics,5,172.12,860.6,Processing
ORD-0009273,CUST-009727,2023-04-14,Standing Desk,Furniture,4,401.01,1604.04,Cancelled
ORD-0009274,CUST-000879,2025-07-02,Mechanical Keyboard,Electronics,6,87.38,524.28,Shipped
ORD-0009275,CUST-004093,2025-08-21,Standing Desk,Furniture,2,436.48,872.96,Cancelled
ORD-0009276,CUST-008369,2026-02-20,Notebook Set,Stationery,2,13.15,26.3,Completed
ORD-0009277,CUST-006245,2021-10-16,USB-C Hub,Electronics,4,46.47,185.88,Cancelled
ORD-0009278,CUST-009329,2025-12-27,Standing Desk,Furniture,5,420.59,2102.95,Completed
ORD-0009279,CUST-000646,2025-05-16,Webcam,Electronics,6,80.64,483.84,Cancelled
ORD-0009280,CUST-002061,2023-08-04,Wireless Mouse,Electronics,1,29.6,29.6,Shipped
ORD-0009281,CUST-009783,2025-09-08,Laptop Stand,Office,4,48.8,195.2,Shipped
ORD-0009282,CUST-006729,2026-08-31,Water Bottle,Lifestyle,4,20.71,82.84,Cancelled
ORD-0009283,CUST-005077,2023-08-13,Wireless Mouse,Electronics,4,30.29,121.16,Processing
ORD-0009284,CUST-009203,2025-01-22,Mechanical Keyboard,Electronics,2,97.41,194.82,Cancelled
ORD-0009285,CUST-006121,2025-10-19,Ergonomic Chair,Furniture,6,251.75,1510.5,Cancelled
ORD-0009286,CUST-000963,2026-02-13,Notebook Set,Stationery,3,13.36,40.08,Completed
ORD-0009287,CUST-006840,2026-03-24,Wireless Mouse,Electronics,3,27.2,81.6,Shipped
ORD-0009288,CUST-004914,2023-05-02,Laptop Stand,Office,6,42.57,255.42,Shipped
ORD-0009289,CUST-009670,2021-11-11,Wireless Mouse,Electronics,1,29.49,29.49,Shipped
ORD-0009290,CUST-009455,2025-07-31,Wireless Mouse,Electronics,5,27.69,138.45,Cancelled
ORD-0009291,CUST-001353,2023-09-15,Mechanical Keyboard,Electronics,3,90.81,272.43,Completed
ORD-0009292,CUST-005641,2026-02-06,Standing Desk,Furniture,5,416.71,2083.55,Completed
ORD-0009293,CUST-006423,2021-04-07,Noise-Canceling Headphones,Electronics,5,176.02,880.1,Processing
ORD-0009294,CUST-004781,2024-06-02,Ergonomic Chair,Furniture,1,226.45,226.45,Completed
ORD-0009295,CUST-007011,2025-10-19,Laptop Stand,Office,3,44.28,132.84,Completed
ORD-0009296,CUST-006331,2026-02-25,Notebook Set,Stationery,5,12.98,64.9,Shipped
ORD-0009297,CUST-000025,2022-05-11,Laptop Stand,Office,5,45.07,225.35,Completed
ORD-0009298,CUST-008397,2025-05-24,Ergonomic Chair,Furniture,5,226.36,1131.8,Processing
ORD-0009299,CUST-005325,2026-01-31,Ergonomic Chair,Furniture,4,244.68,978.72,Completed
ORD-0009300,CUST-005724,2026-06-17,Water Bottle,Lifestyle,3,17.34,52.02,Processing
ORD-0009301,CUST-000976,2023-10-18,Laptop Stand,Office,2,48.32,96.64,Completed
ORD-0009302,CUST-002492,2026-08-05,Water Bottle,Lifestyle,4,19.32,77.28,Returned
ORD-0009303,CUST-004178,2023-01-30,Standing Desk,Furniture,2,416.75,833.5,Processing
ORD-0009304,CUST-009770,2025-07-30,Standing Desk,Furniture,3,395.72,1187.16,Completed
ORD-0009305,CUST-008955,2026-01-23,Mechanical Keyboard,Electronics,5,95.15,475.75,Cancelled
ORD-0009306,CUST-009974,2026-05-14,Water Bottle,Lifestyle,2,18.34,36.68,Completed
ORD-0009307,CUST-004216,2025-11-18,Desk Organizer,Office,3,22.08,66.24,Processing
ORD-0009308,CUST-003171,2026-07-07,Mechanical Keyboard,Electronics,3,81.55,244.65,Cancelled
ORD-0009309,CUST-008265,2025-11-11,Standing Desk,Furniture,4,393.96,1575.84,Processing
ORD-0009310,CUST-002571,2023-11-22,Laptop Stand,Office,5,41.6,208,Completed
ORD-0009311,CUST-008359,2025-09-02,Standing Desk,Furniture,6,423.31,2539.86,Completed
ORD-0009312,CUST-009051,2024-05-21,Noise-Canceling Headphones,Electronics,5,190.37,951.85,Returned
ORD-0009313,CUST-006413,2025-11-17,Backpack,Lifestyle,5,58.71,293.55,Completed
ORD-0009314,CUST-007061,2024-03-21,Desk Organizer,Office,3,26.45,79.35,Completed
ORD-0009315,CUST-004437,2023-08-25,Notebook Set,Stationery,5,12.19,60.95,Completed
ORD-0009316,CUST-006747,2023-08-10,USB-C Hub,Electronics,3,51.35,154.05,Processing
ORD-0009317,CUST-005806,2026-08-26,Mechanical Keyboard,Electronics,2,84.66,169.32,Shipped
ORD-0009318,CUST-009634,2024-04-28,Standing Desk,Furniture,3,379.43,1138.29,Completed
ORD-0009319,CUST-000952,2021-12-30,Webcam,Electronics,6,70.54,423.24,Completed
ORD-0009320,CUST-007729,2023-07-23,Desk Organizer,Office,5,24.28,121.4,Completed
ORD-0009321,CUST-008575,2025-10-27,Noise-Canceling Headphones,Electronics,2,177.42,354.84,Processing
ORD-0009322,CUST-008363,2025-05-26,Mechanical Keyboard,Electronics,2,98.1,196.2,Shipped
ORD-0009323,CUST-005964,2025-08-09,Webcam,Electronics,6,75.61,453.66,Shipped
ORD-0009324,CUST-009641,2026-08-20,Noise-Canceling Headphones,Electronics,2,164.05,328.1,Cancelled
ORD-0009325,CUST-004525,2026-06-18,Wireless Mouse,Electronics,6,30.46,182.76,Completed
ORD-0009326,CUST-003818,2025-11-02,Notebook Set,Stationery,3,12.27,36.81,Shipped
ORD-0009327,CUST-009104,2023-03-19,Wireless Mouse,Electronics,5,32.12,160.6,Cancelled
ORD-0009328,CUST-008471,2025-01-27,Mechanical Keyboard,Electronics,6,84.04,504.24,Completed
ORD-0009329,CUST-002209,2024-04-16,Standing Desk,Furniture,2,378.92,757.84,Shipped
ORD-0009330,CUST-007790,2025-10-12,USB-C Hub,Electronics,4,44.28,177.12,Returned
ORD-0009331,CUST-006711,2024-06-25,USB-C Hub,Electronics,1,46.3,46.3,Completed
ORD-0009332,CUST-008842,2024-11-06,Wireless Mouse,Electronics,1,31.67,31.67,Processing
ORD-0009333,CUST-003129,2020-07-27,Desk Organizer,Office,4,24.08,96.32,Completed
ORD-0009334,CUST-000150,2024-01-05,Water Bottle,Lifestyle,5,18.33,91.65,Completed
ORD-0009335,CUST-000091,2025-08-22,Laptop Stand,Office,1,48.63,48.63,Completed
ORD-0009336,CUST-002431,2023-11-06,Webcam,Electronics,1,74.77,74.77,Returned
ORD-0009337,CUST-009057,2022-09-30,Backpack,Lifestyle,1,55.53,55.53,Cancelled
ORD-0009338,CUST-003830,2025-09-05,Notebook Set,Stationery,5,13.05,65.25,Completed
ORD-0009339,CUST-006907,2026-03-12,Mechanical Keyboard,Electronics,2,92.67,185.34,Completed
ORD-0009340,CUST-004511,2025-01-27,Water Bottle,Lifestyle,1,18.81,18.81,Cancelled
ORD-0009341,CUST-002485,2026-07-27,Water Bottle,Lifestyle,6,19.8,118.8,Shipped
ORD-0009342,CUST-007926,2024-02-21,Desk Organizer,Office,4,26.8,107.2,Completed
ORD-0009343,CUST-005689,2022-12-04,Desk Organizer,Office,3,25.95,77.85,Completed
ORD-0009344,CUST-008623,2025-09-22,Standing Desk,Furniture,6,423.4,2540.4,Returned
ORD-0009345,CUST-000204,2025-06-22,Webcam,Electronics,1,77.24,77.24,Shipped
ORD-0009346,CUST-008930,2022-01-13,Wireless Mouse,Electronics,5,29.92,149.6,Cancelled
ORD-0009347,CUST-003472,2026-06-28,Noise-Canceling Headphones,Electronics,6,171.42,1028.52,Completed
ORD-0009348,CUST-009361,2025-07-07,Ergonomic Chair,Furniture,3,240.24,720.72,Returned
ORD-0009349,CUST-009994,2022-03-16,Noise-Canceling Headphones,Electronics,4,195.52,782.08,Completed
ORD-0009350,CUST-000084,2026-07-27,Backpack,Lifestyle,5,59.14,295.7,Completed
ORD-0009351,CUST-006554,2025-06-15,Webcam,Electronics,1,71.75,71.75,Completed
ORD-0009352,CUST-003299,2024-08-24,Notebook Set,Stationery,1,13.8,13.8,Completed
ORD-0009353,CUST-000457,2025-07-25,Webcam,Electronics,4,68.7,274.8,Completed
ORD-0009354,CUST-008864,2026-01-04,Notebook Set,Stationery,2,12.41,24.82,Returned
ORD-0009355,CUST-004388,2025-07-29,USB-C Hub,Electronics,4,48.6,194.4,Returned
ORD-0009356,CUST-008026,2020-12-29,Webcam,Electronics,6,70.94,425.64,Completed
ORD-0009357,CUST-003963,2026-06-20,Wireless Mouse,Electronics,2,29.65,59.3,Shipped
ORD-0009358,CUST-002580,2026-07-08,Noise-Canceling Headphones,Electronics,5,182.2,911,Completed
ORD-0009359,CUST-006590,2022-06-28,Noise-Canceling Headphones,Electronics,2,172.85,345.7,Cancelled
ORD-0009360,CUST-009320,2026-01-10,Backpack,Lifestyle,6,58.83,352.98,Processing
ORD-0009361,CUST-002720,2022-09-07,Desk Organizer,Office,5,26.02,130.1,Completed
ORD-0009362,CUST-002112,2026-04-19,Water Bottle,Lifestyle,3,20.77,62.31,Processing
ORD-0009363,CUST-003078,2024-07-24,Desk Organizer,Office,4,23.86,95.44,Processing
ORD-0009364,CUST-006439,2022-08-17,Mechanical Keyboard,Electronics,5,95.58,477.9,Cancelled
ORD-0009365,CUST-007982,2025-12-12,Mechanical Keyboard,Electronics,5,98.12,490.6,Returned
ORD-0009366,CUST-003762,2023-03-06,Noise-Canceling Headphones,Electronics,1,177.27,177.27,Cancelled
ORD-0009367,CUST-007332,2024-06-01,Laptop Stand,Office,1,47.05,47.05,Cancelled
ORD-0009368,CUST-005536,2025-09-16,Laptop Stand,Office,4,45.14,180.56,Returned
ORD-0009369,CUST-002366,2022-02-19,Standing Desk,Furniture,3,412.64,1237.92,Completed
ORD-0009370,CUST-009234,2026-07-24,Noise-Canceling Headphones,Electronics,6,195.1,1170.6,Completed
ORD-0009371,CUST-002780,2024-12-17,USB-C Hub,Electronics,4,45.62,182.48,Returned
ORD-0009372,CUST-001208,2024-05-26,Backpack,Lifestyle,6,65.01,390.06,Shipped
ORD-0009373,CUST-005303,2026-02-25,Laptop Stand,Office,3,41.1,123.3,Cancelled
ORD-0009374,CUST-003745,2026-01-23,Water Bottle,Lifestyle,1,19.43,19.43,Processing
ORD-0009375,CUST-002314,2023-12-01,Wireless Mouse,Electronics,2,29.99,59.98,Completed
ORD-0009376,CUST-006157,2026-08-02,USB-C Hub,Electronics,3,51.54,154.62,Shipped
ORD-0009377,CUST-001613,2026-07-23,Desk Organizer,Office,4,25.42,101.68,Returned
ORD-0009378,CUST-002247,2026-08-07,Mechanical Keyboard,Electronics,5,93.02,465.1,Completed
ORD-0009379,CUST-000920,2025-11-22,Notebook Set,Stationery,5,12.68,63.4,Shipped
ORD-0009380,CUST-008990,2025-03-17,Noise-Canceling Headphones,Electronics,6,166.4,998.4,Returned
ORD-0009381,CUST-003206,2025-10-19,Webcam,Electronics,6,73.58,441.48,Processing
ORD-0009382,CUST-003788,2026-06-03,Desk Organizer,Office,5,22.12,110.6,Processing
ORD-0009383,CUST-001448,2024-09-14,Noise-Canceling Headphones,Electronics,5,186.09,930.45,Completed
ORD-0009384,CUST-000129,2024-03-24,Wireless Mouse,Electronics,2,28.16,56.32,Shipped
ORD-0009385,CUST-003902,2026-03-10,Desk Organizer,Office,2,23.39,46.78,Completed
ORD-0009386,CUST-003994,2024-04-06,Webcam,Electronics,4,74.88,299.52,Completed
ORD-0009387,CUST-003490,2025-01-20,Wireless Mouse,Electronics,1,32.51,32.51,Completed
ORD-0009388,CUST-005864,2025-09-04,Ergonomic Chair,Furniture,4,232.64,930.56,Completed
ORD-0009389,CUST-007383,2025-10-18,Standing Desk,Furniture,6,407.57,2445.42,Completed
ORD-0009390,CUST-005668,2022-06-21,Laptop Stand,Office,1,47.16,47.16,Shipped
ORD-0009391,CUST-005398,2025-11-08,Wireless Mouse,Electronics,6,32.8,196.8,Shipped
ORD-0009392,CUST-000510,2024-01-01,Ergonomic Chair,Furniture,2,235.69,471.38,Returned
ORD-0009393,CUST-008268,2025-11-03,Standing Desk,Furniture,6,417.06,2502.36,Completed
ORD-0009394,CUST-007526,2025-08-11,Backpack,Lifestyle,1,59.41,59.41,Returned
ORD-0009395,CUST-009418,2024-11-24,Ergonomic Chair,Furniture,4,246.84,987.36,Returned
ORD-0009396,CUST-006709,2025-04-15,Desk Organizer,Office,5,23.5,117.5,Completed
ORD-0009397,CUST-006308,2026-07-16,Backpack,Lifestyle,1,53.68,53.68,Returned
ORD-0009398,CUST-001052,2024-06-29,Laptop Stand,Office,1,41.68,41.68,Returned
ORD-0009399,CUST-009954,2025-10-15,Mechanical Keyboard,Electronics,6,84.34,506.04,Processing
ORD-0009400,CUST-003844,2026-02-24,Water Bottle,Lifestyle,2,19.28,38.56,Completed
ORD-0009401,CUST-003717,2023-08-27,Standing Desk,Furniture,3,412.72,1238.16,Completed
ORD-0009402,CUST-005474,2026-08-18,Wireless Mouse,Electronics,4,27.84,111.36,Completed
ORD-0009403,CUST-004952,2022-08-04,Notebook Set,Stationery,2,13.67,27.34,Returned
ORD-0009404,CUST-004579,2024-12-15,Notebook Set,Stationery,2,13.91,27.82,Completed
ORD-0009405,CUST-005613,2024-07-09,Wireless Mouse,Electronics,1,31.55,31.55,Completed
ORD-0009406,CUST-000876,2026-06-08,Webcam,Electronics,4,76.03,304.12,Cancelled
ORD-0009407,CUST-000411,2025-09-22,USB-C Hub,Electronics,6,51.38,308.28,Completed
ORD-0009408,CUST-009535,2023-10-31,Backpack,Lifestyle,2,55.59,111.18,Completed
ORD-0009409,CUST-003601,2025-07-19,Ergonomic Chair,Furniture,1,248.89,248.89,Completed
ORD-0009410,CUST-009424,2026-02-23,Notebook Set,Stationery,4,13.39,53.56,Processing
ORD-0009411,CUST-008024,2026-01-19,Noise-Canceling Headphones,Electronics,3,167.43,502.29,Processing
ORD-0009412,CUST-000075,2022-04-27,USB-C Hub,Electronics,3,52.08,156.24,Processing
ORD-0009413,CUST-002464,2025-11-11,Backpack,Lifestyle,2,64.41,128.82,Shipped
ORD-0009414,CUST-004721,2026-09-01,Backpack,Lifestyle,1,62.7,62.7,Shipped
ORD-0009415,CUST-005937,2025-03-09,Webcam,Electronics,1,79.48,79.48,Cancelled
ORD-0009416,CUST-009227,2025-09-12,Laptop Stand,Office,5,41.69,208.45,Completed
ORD-0009417,CUST-009993,2021-07-07,Standing Desk,Furniture,6,422.28,2533.68,Processing
ORD-0009418,CUST-009290,2026-05-06,Ergonomic Chair,Furniture,3,229.11,687.33,Completed
ORD-0009419,CUST-002634,2025-04-16,Water Bottle,Lifestyle,3,17.23,51.69,Processing
ORD-0009420,CUST-000723,2025-09-27,Desk Organizer,Office,4,25.39,101.56,Completed
ORD-0009421,CUST-009933,2023-09-03,Ergonomic Chair,Furniture,6,271.15,1626.9,Cancelled
ORD-0009422,CUST-000180,2025-11-04,Backpack,Lifestyle,5,54.23,271.15,Returned
ORD-0009423,CUST-003954,2026-08-07,USB-C Hub,Electronics,4,47.11,188.44,Completed
ORD-0009424,CUST-006171,2025-02-08,Desk Organizer,Office,2,25.53,51.06,Completed
ORD-0009425,CUST-008061,2023-06-02,Laptop Stand,Office,2,47.46,94.92,Cancelled
ORD-0009426,CUST-002694,2026-06-30,Standing Desk,Furniture,3,394.6,1183.8,Completed
ORD-0009427,CUST-003220,2026-05-15,Backpack,Lifestyle,4,57.65,230.6,Cancelled
ORD-0009428,CUST-000346,2024-02-03,Standing Desk,Furniture,6,395.4,2372.4,Completed
ORD-0009429,CUST-001378,2025-07-21,Mechanical Keyboard,Electronics,3,83.97,251.91,Shipped
ORD-0009430,CUST-002245,2026-03-20,Mechanical Keyboard,Electronics,5,97.89,489.45,Shipped
ORD-0009431,CUST-004510,2023-05-09,Laptop Stand,Office,1,45.92,45.92,Completed
ORD-0009432,CUST-004608,2024-08-12,USB-C Hub,Electronics,6,45.84,275.04,Cancelled
ORD-0009433,CUST-000443,2024-10-09,Webcam,Electronics,1,77.88,77.88,Completed
ORD-0009434,CUST-004337,2026-03-13,Desk Organizer,Office,6,24.25,145.5,Cancelled
ORD-0009435,CUST-009036,2026-07-23,Desk Organizer,Office,3,24.32,72.96,Completed
ORD-0009436,CUST-008444,2021-10-23,Mechanical Keyboard,Electronics,3,81.37,244.11,Completed
ORD-0009437,CUST-004814,2022-12-19,Notebook Set,Stationery,3,12.18,36.54,Completed
ORD-0009438,CUST-002670,2020-08-22,Laptop Stand,Office,2,48.1,96.2,Completed
ORD-0009439,CUST-004658,2026-08-14,Wireless Mouse,Electronics,1,30.61,30.61,Cancelled
ORD-0009440,CUST-009137,2021-08-15,Notebook Set,Stationery,3,13.55,40.65,Completed
ORD-0009441,CUST-001626,2022-11-07,USB-C Hub,Electronics,1,49.51,49.51,Cancelled
ORD-0009442,CUST-005373,2025-12-13,Water Bottle,Lifestyle,2,17.57,35.14,Completed
ORD-0009443,CUST-008522,2024-02-03,Standing Desk,Furniture,6,421.11,2526.66,Processing
ORD-0009444,CUST-009562,2025-11-25,Wireless Mouse,Electronics,6,28.96,173.76,Completed
ORD-0009445,CUST-007289,2025-12-28,Wireless Mouse,Electronics,6,30.38,182.28,Completed
ORD-0009446,CUST-009356,2023-06-23,Mechanical Keyboard,Electronics,5,96.09,480.45,Completed
ORD-0009447,CUST-002823,2026-01-21,Ergonomic Chair,Furniture,1,265.93,265.93,Cancelled
ORD-0009448,CUST-004097,2023-02-06,Standing Desk,Furniture,3,424.91,1274.73,Shipped
ORD-0009449,CUST-002313,2026-09-04,Mechanical Keyboard,Electronics,4,96.92,387.68,Cancelled
ORD-0009450,CUST-002790,2020-05-26,Noise-Canceling Headphones,Electronics,5,189.95,949.75,Processing
ORD-0009451,CUST-003687,2023-06-15,Water Bottle,Lifestyle,6,17.49,104.94,Shipped
ORD-0009452,CUST-002672,2025-06-23,Backpack,Lifestyle,3,54.36,163.08,Completed
ORD-0009453,CUST-009259,2024-10-14,Backpack,Lifestyle,4,60.45,241.8,Cancelled
ORD-0009454,CUST-005718,2026-09-05,Webcam,Electronics,1,80.51,80.51,Processing
ORD-0009455,CUST-003186,2022-04-30,Wireless Mouse,Electronics,6,27.11,162.66,Cancelled
ORD-0009456,CUST-002935,2021-10-21,Noise-Canceling Headphones,Electronics,6,171.89,1031.34,Shipped
ORD-0009457,CUST-003807,2024-08-28,Noise-Canceling Headphones,Electronics,6,197.96,1187.76,Completed
ORD-0009458,CUST-008778,2023-06-15,Wireless Mouse,Electronics,1,32.54,32.54,Cancelled
ORD-0009459,CUST-004475,2026-03-11,Noise-Canceling Headphones,Electronics,4,167.09,668.36,Completed
ORD-0009460,CUST-000543,2023-11-29,Standing Desk,Furniture,4,428.37,1713.48,Completed
ORD-0009461,CUST-008964,2026-07-07,Mechanical Keyboard,Electronics,4,88.73,354.92,Processing
ORD-0009462,CUST-000066,2025-01-05,Wireless Mouse,Electronics,1,31.06,31.06,Completed
ORD-0009463,CUST-000053,2025-04-27,Desk Organizer,Office,4,24.19,96.76,Returned
ORD-0009464,CUST-007585,2026-08-15,USB-C Hub,Electronics,3,44.44,133.32,Cancelled
ORD-0009465,CUST-002379,2024-03-06,Noise-Canceling Headphones,Electronics,2,190.21,380.42,Shipped
ORD-0009466,CUST-000109,2025-08-31,Wireless Mouse,Electronics,3,28.51,85.53,Completed
ORD-0009467,CUST-003148,2025-10-30,Ergonomic Chair,Furniture,3,268.19,804.57,Cancelled
ORD-0009468,CUST-009119,2026-01-18,Desk Organizer,Office,1,22.54,22.54,Processing
ORD-0009469,CUST-006801,2025-12-30,Notebook Set,Stationery,5,12.43,62.15,Completed
ORD-0009470,CUST-004976,2025-05-28,Wireless Mouse,Electronics,6,28.95,173.7,Cancelled
ORD-0009471,CUST-002232,2026-08-12,Webcam,Electronics,1,72.62,72.62,Cancelled
ORD-0009472,CUST-007845,2024-02-05,Webcam,Electronics,3,77.13,231.39,Shipped
ORD-0009473,CUST-003647,2022-02-11,Desk Organizer,Office,1,24.54,24.54,Returned
ORD-0009474,CUST-007507,2026-04-17,Ergonomic Chair,Furniture,4,251.38,1005.52,Completed
ORD-0009475,CUST-008656,2024-11-22,Webcam,Electronics,6,67.86,407.16,Completed
ORD-0009476,CUST-006893,2026-06-19,Backpack,Lifestyle,4,63.56,254.24,Processing
ORD-0009477,CUST-009703,2026-02-23,Notebook Set,Stationery,4,14,56,Completed
ORD-0009478,CUST-006668,2026-07-15,Water Bottle,Lifestyle,1,19.72,19.72,Cancelled
ORD-0009479,CUST-007410,2021-01-27,Wireless Mouse,Electronics,2,31.3,62.6,Completed
ORD-0009480,CUST-000745,2026-05-06,Mechanical Keyboard,Electronics,6,91.13,546.78,Shipped
ORD-0009481,CUST-006948,2021-04-07,Laptop Stand,Office,3,41.43,124.29,Completed
ORD-0009482,CUST-005031,2025-05-12,Wireless Mouse,Electronics,2,30.75,61.5,Completed
ORD-0009483,CUST-001013,2026-04-29,Water Bottle,Lifestyle,1,19.65,19.65,Completed
ORD-0009484,CUST-004279,2026-06-04,Desk Organizer,Office,1,26.06,26.06,Cancelled
ORD-0009485,CUST-005507,2026-03-01,Water Bottle,Lifestyle,5,20.46,102.3,Processing
ORD-0009486,CUST-004379,2026-08-20,Webcam,Electronics,2,67.92,135.84,Completed
ORD-0009487,CUST-006523,2022-11-07,Ergonomic Chair,Furniture,3,227.08,681.24,Cancelled
ORD-0009488,CUST-009931,2021-07-21,Wireless Mouse,Electronics,1,30.43,30.43,Completed
ORD-0009489,CUST-009717,2024-10-02,Webcam,Electronics,1,76.45,76.45,Completed
ORD-0009490,CUST-009440,2026-04-28,Notebook Set,Stationery,2,12.19,24.38,Completed
ORD-0009491,CUST-005673,2025-09-21,Backpack,Lifestyle,3,56.01,168.03,Completed
ORD-0009492,CUST-002993,2026-05-20,Standing Desk,Furniture,5,386.22,1931.1,Completed
ORD-0009493,CUST-007336,2026-08-05,Webcam,Electronics,1,81.33,81.33,Completed
ORD-0009494,CUST-009739,2026-07-23,Webcam,Electronics,3,70.66,211.98,Completed
ORD-0009495,CUST-008135,2021-09-05,Desk Organizer,Office,2,24.31,48.62,Completed
ORD-0009496,CUST-005031,2021-05-08,Webcam,Electronics,5,68.18,340.9,Processing
ORD-0009497,CUST-001859,2023-05-26,Laptop Stand,Office,1,47.92,47.92,Processing
ORD-0009498,CUST-009577,2025-10-28,Backpack,Lifestyle,4,56.16,224.64,Completed
ORD-0009499,CUST-007904,2026-04-17,Backpack,Lifestyle,1,57.09,57.09,Cancelled
ORD-0009500,CUST-005425,2026-06-22,Backpack,Lifestyle,6,56.32,337.92,Completed
ORD-0009501,CUST-007971,2024-09-24,Wireless Mouse,Electronics,1,27.27,27.27,Shipped
ORD-0009502,CUST-006143,2024-04-21,Webcam,Electronics,2,72.29,144.58,Processing
ORD-0009503,CUST-002813,2026-07-08,Mechanical Keyboard,Electronics,3,93.65,280.95,Completed
ORD-0009504,CUST-001038,2026-01-11,Standing Desk,Furniture,6,369.83,2218.98,Completed
ORD-0009505,CUST-000123,2025-11-09,Standing Desk,Furniture,2,380.48,760.96,Processing
ORD-0009506,CUST-005738,2026-03-02,USB-C Hub,Electronics,4,53.82,215.28,Completed
ORD-0009507,CUST-007165,2021-10-01,Water Bottle,Lifestyle,1,17.31,17.31,Completed
ORD-0009508,CUST-004011,2023-09-22,Noise-Canceling Headphones,Electronics,1,190.23,190.23,Processing
ORD-0009509,CUST-004226,2026-06-20,Wireless Mouse,Electronics,2,27,54,Completed
ORD-0009510,CUST-008133,2025-07-04,Desk Organizer,Office,3,26.33,78.99,Completed
ORD-0009511,CUST-007500,2026-05-10,Water Bottle,Lifestyle,4,20.49,81.96,Completed
ORD-0009512,CUST-007678,2026-03-09,Wireless Mouse,Electronics,5,27.12,135.6,Completed
ORD-0009513,CUST-002481,2026-02-13,Standing Desk,Furniture,5,366.54,1832.7,Processing
ORD-0009514,CUST-009049,2025-10-10,Ergonomic Chair,Furniture,4,270.75,1083,Completed
ORD-0009515,CUST-001478,2024-07-03,Noise-Canceling Headphones,Electronics,6,181.27,1087.62,Completed
ORD-0009516,CUST-000612,2024-01-01,Ergonomic Chair,Furniture,2,257.79,515.58,Completed
ORD-0009517,CUST-001323,2022-06-10,Mechanical Keyboard,Electronics,3,89.29,267.87,Completed
ORD-0009518,CUST-000765,2026-01-30,Water Bottle,Lifestyle,6,18.79,112.74,Completed
ORD-0009519,CUST-009891,2024-08-24,Standing Desk,Furniture,4,409.17,1636.68,Shipped
ORD-0009520,CUST-008791,2026-01-18,Standing Desk,Furniture,3,399.11,1197.33,Completed
ORD-0009521,CUST-002499,2025-06-07,Desk Organizer,Office,1,23.57,23.57,Processing
ORD-0009522,CUST-000843,2026-07-16,Ergonomic Chair,Furniture,2,229.99,459.98,Completed
ORD-0009523,CUST-001803,2025-11-17,Noise-Canceling Headphones,Electronics,6,167.29,1003.74,Completed
ORD-0009524,CUST-005890,2025-08-15,Mechanical Keyboard,Electronics,2,97.09,194.18,Completed
ORD-0009525,CUST-007267,2026-06-02,Desk Organizer,Office,1,23.24,23.24,Completed
ORD-0009526,CUST-008989,2025-06-20,Wireless Mouse,Electronics,4,27.06,108.24,Completed
ORD-0009527,CUST-002809,2024-08-29,Notebook Set,Stationery,6,13.26,79.56,Processing
ORD-0009528,CUST-001702,2025-09-11,Standing Desk,Furniture,2,407.4,814.8,Completed
ORD-0009529,CUST-003716,2024-10-18,Notebook Set,Stationery,2,12.1,24.2,Processing
ORD-0009530,CUST-002030,2023-03-25,Webcam,Electronics,3,70.44,211.32,Completed
ORD-0009531,CUST-006419,2025-04-13,Standing Desk,Furniture,1,368.72,368.72,Shipped
ORD-0009532,CUST-008678,2025-03-14,USB-C Hub,Electronics,3,52.06,156.18,Completed
ORD-0009533,CUST-007221,2022-05-18,Wireless Mouse,Electronics,2,30.27,60.54,Completed
ORD-0009534,CUST-007022,2023-04-22,Water Bottle,Lifestyle,5,19.34,96.7,Processing
ORD-0009535,CUST-008576,2026-03-19,Laptop Stand,Office,1,44.1,44.1,Completed
ORD-0009536,CUST-006598,2025-10-03,Water Bottle,Lifestyle,5,19.39,96.95,Shipped
ORD-0009537,CUST-004013,2025-04-18,Noise-Canceling Headphones,Electronics,1,197.61,197.61,Cancelled
ORD-0009538,CUST-002478,2026-07-16,Laptop Stand,Office,1,46.59,46.59,Shipped
ORD-0009539,CUST-005290,2022-04-24,Laptop Stand,Office,3,48.82,146.46,Shipped
ORD-0009540,CUST-005360,2025-07-27,Standing Desk,Furniture,6,425.78,2554.68,Completed
ORD-0009541,CUST-007882,2023-11-10,Wireless Mouse,Electronics,6,30.94,185.64,Completed
ORD-0009542,CUST-007725,2025-12-03,Standing Desk,Furniture,4,382.43,1529.72,Shipped
ORD-0009543,CUST-003396,2023-07-28,Notebook Set,Stationery,6,11.5,69,Shipped
ORD-0009544,CUST-005901,2024-04-22,Desk Organizer,Office,3,26.72,80.16,Completed
ORD-0009545,CUST-009996,2023-02-18,Webcam,Electronics,2,78.96,157.92,Shipped
ORD-0009546,CUST-000383,2024-01-14,Laptop Stand,Office,5,42.67,213.35,Completed
ORD-0009547,CUST-004446,2026-08-10,Desk Organizer,Office,1,25.66,25.66,Cancelled
ORD-0009548,CUST-009241,2026-08-13,Wireless Mouse,Electronics,2,30.78,61.56,Returned
ORD-0009549,CUST-001855,2025-12-23,Ergonomic Chair,Furniture,4,237.06,948.24,Cancelled
ORD-0009550,CUST-001974,2024-12-10,Notebook Set,Stationery,4,12.01,48.04,Processing
ORD-0009551,CUST-001719,2025-10-19,Webcam,Electronics,6,69.2,415.2,Shipped
ORD-0009552,CUST-003646,2025-09-15,Notebook Set,Stationery,6,12.01,72.06,Processing
ORD-0009553,CUST-001363,2026-08-21,Backpack,Lifestyle,5,62,310,Returned
ORD-0009554,CUST-001648,2024-06-02,Backpack,Lifestyle,3,56.93,170.79,Completed
ORD-0009555,CUST-000357,2025-07-07,Webcam,Electronics,1,78.77,78.77,Cancelled
ORD-0009556,CUST-009927,2025-01-21,Backpack,Lifestyle,6,64.55,387.3,Completed
ORD-0009557,CUST-002027,2024-01-02,Webcam,Electronics,5,79.74,398.7,Returned
ORD-0009558,CUST-008040,2024-02-16,Ergonomic Chair,Furniture,1,243.85,243.85,Completed
ORD-0009559,CUST-000627,2025-10-09,Noise-Canceling Headphones,Electronics,5,176.83,884.15,Completed
ORD-0009560,CUST-004854,2023-02-10,Webcam,Electronics,4,81.24,324.96,Completed
ORD-0009561,CUST-005284,2025-07-16,Ergonomic Chair,Furniture,4,254.92,1019.68,Cancelled
ORD-0009562,CUST-009254,2026-06-09,Mechanical Keyboard,Electronics,5,90.15,450.75,Completed
ORD-0009563,CUST-004308,2025-03-30,Mechanical Keyboard,Electronics,6,81,486,Returned
ORD-0009564,CUST-002699,2021-02-09,Laptop Stand,Office,5,44.54,222.7,Completed
ORD-0009565,CUST-005946,2020-12-05,Laptop Stand,Office,5,43.79,218.95,Cancelled
ORD-0009566,CUST-000961,2022-06-09,Webcam,Electronics,5,78.03,390.15,Processing
ORD-0009567,CUST-004201,2025-06-20,Water Bottle,Lifestyle,3,19,57,Completed
ORD-0009568,CUST-004906,2021-07-19,Standing Desk,Furniture,2,430.79,861.58,Returned
ORD-0009569,CUST-000777,2020-06-07,Notebook Set,Stationery,3,11.67,35.01,Cancelled
ORD-0009570,CUST-002638,2024-03-07,Webcam,Electronics,3,68.04,204.12,Completed
ORD-0009571,CUST-006770,2026-06-12,Desk Organizer,Office,1,22.96,22.96,Completed
ORD-0009572,CUST-007883,2026-08-05,Water Bottle,Lifestyle,6,20.6,123.6,Completed
ORD-0009573,CUST-000191,2026-06-10,USB-C Hub,Electronics,6,46.78,280.68,Processing
ORD-0009574,CUST-001917,2025-06-18,Desk Organizer,Office,3,22.45,67.35,Returned
ORD-0009575,CUST-007900,2026-06-02,Desk Organizer,Office,4,26.71,106.84,Completed
ORD-0009576,CUST-008920,2025-06-20,Notebook Set,Stationery,4,12.67,50.68,Cancelled
ORD-0009577,CUST-003077,2025-12-17,Notebook Set,Stationery,6,12.88,77.28,Cancelled
ORD-0009578,CUST-007069,2025-03-18,Water Bottle,Lifestyle,1,18.4,18.4,Returned
ORD-0009579,CUST-001784,2026-01-03,Noise-Canceling Headphones,Electronics,2,182.71,365.42,Processing
ORD-0009580,CUST-000232,2026-07-09,Notebook Set,Stationery,5,13.84,69.2,Shipped
ORD-0009581,CUST-004748,2024-02-03,Noise-Canceling Headphones,Electronics,5,173.71,868.55,Completed
ORD-0009582,CUST-007606,2026-02-10,Webcam,Electronics,4,78.8,315.2,Completed
ORD-0009583,CUST-002935,2024-03-04,Wireless Mouse,Electronics,3,29.43,88.29,Completed
ORD-0009584,CUST-001127,2026-03-05,USB-C Hub,Electronics,1,45,45,Returned
ORD-0009585,CUST-008016,2024-05-10,Desk Organizer,Office,6,26.46,158.76,Cancelled
ORD-0009586,CUST-003017,2025-09-06,Ergonomic Chair,Furniture,6,267.87,1607.22,Shipped
ORD-0009587,CUST-001325,2021-09-15,Mechanical Keyboard,Electronics,2,86.63,173.26,Completed
ORD-0009588,CUST-008298,2024-06-21,Wireless Mouse,Electronics,4,32.36,129.44,Completed
ORD-0009589,CUST-007389,2026-09-07,Webcam,Electronics,4,79.39,317.56,Shipped
ORD-0009590,CUST-009618,2025-09-03,Wireless Mouse,Electronics,1,28.11,28.11,Completed
ORD-0009591,CUST-000643,2026-06-29,Webcam,Electronics,2,68.33,136.66,Completed
ORD-0009592,CUST-004242,2024-11-06,Water Bottle,Lifestyle,5,20.77,103.85,Completed
ORD-0009593,CUST-006398,2023-08-14,Standing Desk,Furniture,1,422.64,422.64,Completed
ORD-0009594,CUST-005536,2025-01-05,Mechanical Keyboard,Electronics,3,88.85,266.55,Completed
ORD-0009595,CUST-009685,2024-04-14,Backpack,Lifestyle,5,64.65,323.25,Cancelled
ORD-0009596,CUST-003804,2025-11-18,Wireless Mouse,Electronics,4,27.14,108.56,Cancelled
ORD-0009597,CUST-008044,2025-07-06,Mechanical Keyboard,Electronics,1,85.39,85.39,Completed
ORD-0009598,CUST-003811,2021-04-21,Standing Desk,Furniture,5,438.24,2191.2,Completed
ORD-0009599,CUST-006865,2026-07-06,USB-C Hub,Electronics,6,47.58,285.48,Completed
ORD-0009600,CUST-008842,2020-05-22,Webcam,Electronics,5,67.11,335.55,Completed
ORD-0009601,CUST-008372,2026-01-10,Laptop Stand,Office,4,42.13,168.52,Returned
ORD-0009602,CUST-003632,2026-02-23,Mechanical Keyboard,Electronics,5,97.75,488.75,Completed
ORD-0009603,CUST-007847,2025-10-29,Backpack,Lifestyle,3,60.17,180.51,Shipped
ORD-0009604,CUST-001024,2023-08-26,Laptop Stand,Office,4,42.49,169.96,Completed
ORD-0009605,CUST-003174,2024-05-22,Standing Desk,Furniture,6,391.67,2350.02,Completed
ORD-0009606,CUST-009686,2024-02-10,Noise-Canceling Headphones,Electronics,2,184.49,368.98,Cancelled
ORD-0009607,CUST-006316,2026-07-30,Ergonomic Chair,Furniture,2,266.89,533.78,Cancelled
ORD-0009608,CUST-002741,2023-08-30,Ergonomic Chair,Furniture,1,269.01,269.01,Returned
ORD-0009609,CUST-007807,2025-01-11,Standing Desk,Furniture,5,416,2080,Completed
ORD-0009610,CUST-009643,2025-02-19,USB-C Hub,Electronics,1,46.72,46.72,Shipped
ORD-0009611,CUST-007856,2026-02-04,Backpack,Lifestyle,5,60.63,303.15,Shipped
ORD-0009612,CUST-006155,2022-10-30,Standing Desk,Furniture,3,363.26,1089.78,Processing
ORD-0009613,CUST-000149,2026-06-11,Laptop Stand,Office,5,40.98,204.9,Completed
ORD-0009614,CUST-009761,2025-06-09,Mechanical Keyboard,Electronics,6,98.09,588.54,Returned
ORD-0009615,CUST-006966,2025-07-12,Webcam,Electronics,6,70.63,423.78,Completed
ORD-0009616,CUST-000364,2026-04-01,Laptop Stand,Office,2,47.63,95.26,Completed
ORD-0009617,CUST-006669,2024-08-22,Webcam,Electronics,6,68.9,413.4,Processing
ORD-0009618,CUST-008613,2026-07-12,Noise-Canceling Headphones,Electronics,4,171.15,684.6,Cancelled
ORD-0009619,CUST-007196,2025-10-20,Standing Desk,Furniture,2,363.78,727.56,Completed
ORD-0009620,CUST-006695,2026-01-07,Ergonomic Chair,Furniture,5,255.86,1279.3,Completed
ORD-0009621,CUST-001624,2026-08-03,Notebook Set,Stationery,2,12.39,24.78,Processing
ORD-0009622,CUST-008946,2026-09-03,USB-C Hub,Electronics,1,47.92,47.92,Completed
ORD-0009623,CUST-004409,2025-07-31,Laptop Stand,Office,5,45.64,228.2,Returned
ORD-0009624,CUST-002122,2026-02-24,Mechanical Keyboard,Electronics,4,89.57,358.28,Processing
ORD-0009625,CUST-009392,2020-08-23,Webcam,Electronics,6,79.47,476.82,Completed
ORD-0009626,CUST-007663,2024-11-01,Water Bottle,Lifestyle,5,19.77,98.85,Returned
ORD-0009627,CUST-003168,2026-02-23,USB-C Hub,Electronics,2,44.23,88.46,Processing
ORD-0009628,CUST-000812,2026-09-02,Ergonomic Chair,Furniture,6,255.98,1535.88,Completed
ORD-0009629,CUST-009911,2026-02-17,USB-C Hub,Electronics,1,46.48,46.48,Completed
ORD-0009630,CUST-003921,2025-09-01,Laptop Stand,Office,5,45.58,227.9,Completed
ORD-0009631,CUST-006245,2024-07-22,Wireless Mouse,Electronics,6,30.2,181.2,Completed
ORD-0009632,CUST-003788,2024-11-23,Water Bottle,Lifestyle,1,18.18,18.18,Processing
ORD-0009633,CUST-007259,2021-02-28,Water Bottle,Lifestyle,4,17.94,71.76,Completed
ORD-0009634,CUST-005371,2025-01-31,Webcam,Electronics,1,70.28,70.28,Cancelled
ORD-0009635,CUST-007260,2025-10-21,Notebook Set,Stationery,4,11.54,46.16,Completed
ORD-0009636,CUST-006725,2024-04-09,Ergonomic Chair,Furniture,3,232.76,698.28,Shipped
ORD-0009637,CUST-001353,2025-01-09,Laptop Stand,Office,5,48.31,241.55,Completed
ORD-0009638,CUST-002505,2026-07-14,Water Bottle,Lifestyle,4,19.19,76.76,Cancelled
ORD-0009639,CUST-006446,2023-04-11,Standing Desk,Furniture,2,369.05,738.1,Shipped
ORD-0009640,CUST-005870,2026-04-24,Standing Desk,Furniture,3,426.15,1278.45,Processing
ORD-0009641,CUST-002772,2021-08-17,Webcam,Electronics,2,67.11,134.22,Processing
ORD-0009642,CUST-001144,2022-09-05,Noise-Canceling Headphones,Electronics,3,172.94,518.82,Returned
ORD-0009643,CUST-009527,2026-02-02,Noise-Canceling Headphones,Electronics,3,183.32,549.96,Completed
ORD-0009644,CUST-002078,2026-07-11,Water Bottle,Lifestyle,3,19.94,59.82,Processing
ORD-0009645,CUST-000705,2024-01-01,Webcam,Electronics,2,67.83,135.66,Cancelled
ORD-0009646,CUST-003038,2026-06-06,Standing Desk,Furniture,4,408.8,1635.2,Completed
ORD-0009647,CUST-009739,2026-09-04,Noise-Canceling Headphones,Electronics,6,197.09,1182.54,Completed
ORD-0009648,CUST-002988,2024-02-11,Notebook Set,Stationery,2,12.05,24.1,Shipped
ORD-0009649,CUST-004029,2026-08-31,Noise-Canceling Headphones,Electronics,2,162.35,324.7,Processing
ORD-0009650,CUST-004597,2025-06-13,Mechanical Keyboard,Electronics,5,80.75,403.75,Completed
ORD-0009651,CUST-002961,2026-08-19,Ergonomic Chair,Furniture,4,253.33,1013.32,Completed
ORD-0009652,CUST-003312,2025-04-07,Webcam,Electronics,1,69.69,69.69,Shipped
ORD-0009653,CUST-005504,2025-08-07,Wireless Mouse,Electronics,6,31.85,191.1,Shipped
ORD-0009654,CUST-003750,2024-05-28,Desk Organizer,Office,4,23.33,93.32,Returned
ORD-0009655,CUST-005978,2021-09-09,Backpack,Lifestyle,3,63.16,189.48,Completed
ORD-0009656,CUST-003251,2024-05-28,Standing Desk,Furniture,5,423.3,2116.5,Completed
ORD-0009657,CUST-009099,2026-05-18,Mechanical Keyboard,Electronics,4,83.79,335.16,Shipped
ORD-0009658,CUST-004922,2022-04-03,Ergonomic Chair,Furniture,4,232.66,930.64,Completed
ORD-0009659,CUST-007870,2022-06-25,Laptop Stand,Office,4,46.65,186.6,Shipped
ORD-0009660,CUST-005041,2026-04-16,Mechanical Keyboard,Electronics,5,92.48,462.4,Cancelled
ORD-0009661,CUST-000443,2024-12-13,Desk Organizer,Office,5,24.69,123.45,Returned
ORD-0009662,CUST-002140,2024-08-26,Laptop Stand,Office,6,41.14,246.84,Shipped
ORD-0009663,CUST-004519,2024-12-08,Noise-Canceling Headphones,Electronics,6,193.43,1160.58,Completed
ORD-0009664,CUST-007624,2025-11-08,Wireless Mouse,Electronics,6,28.05,168.3,Completed
ORD-0009665,CUST-000396,2023-02-24,USB-C Hub,Electronics,2,47.44,94.88,Shipped
ORD-0009666,CUST-000266,2026-08-16,Noise-Canceling Headphones,Electronics,1,168.71,168.71,Completed
ORD-0009667,CUST-006250,2024-06-13,Notebook Set,Stationery,1,13.58,13.58,Completed
ORD-0009668,CUST-009431,2026-09-06,Mechanical Keyboard,Electronics,5,88.5,442.5,Completed
ORD-0009669,CUST-001750,2022-05-10,Mechanical Keyboard,Electronics,5,93.64,468.2,Completed
ORD-0009670,CUST-004350,2021-01-03,Backpack,Lifestyle,1,62.42,62.42,Returned
ORD-0009671,CUST-008592,2026-09-05,Water Bottle,Lifestyle,6,18.56,111.36,Cancelled
ORD-0009672,CUST-009312,2025-10-05,Ergonomic Chair,Furniture,6,229.98,1379.88,Shipped
ORD-0009673,CUST-009055,2026-06-15,Desk Organizer,Office,6,24.42,146.52,Completed
ORD-0009674,CUST-007109,2023-08-27,Backpack,Lifestyle,2,65.36,130.72,Returned
ORD-0009675,CUST-006163,2024-04-13,Water Bottle,Lifestyle,2,19.42,38.84,Shipped
ORD-0009676,CUST-005569,2026-06-15,Notebook Set,Stationery,5,11.5,57.5,Returned
ORD-0009677,CUST-001563,2025-02-09,USB-C Hub,Electronics,4,46.78,187.12,Cancelled
ORD-0009678,CUST-004537,2026-05-15,USB-C Hub,Electronics,6,53.39,320.34,Completed
ORD-0009679,CUST-009683,2023-12-29,Wireless Mouse,Electronics,6,32.79,196.74,Completed
ORD-0009680,CUST-003131,2023-11-20,Noise-Canceling Headphones,Electronics,2,180.78,361.56,Completed
ORD-0009681,CUST-009307,2026-05-26,Noise-Canceling Headphones,Electronics,3,170.74,512.22,Processing
ORD-0009682,CUST-009633,2026-09-07,Noise-Canceling Headphones,Electronics,1,197.96,197.96,Completed
ORD-0009683,CUST-006111,2026-04-03,Standing Desk,Furniture,5,421.6,2108,Shipped
ORD-0009684,CUST-008842,2024-06-22,Webcam,Electronics,3,80.07,240.21,Returned
ORD-0009685,CUST-002299,2023-09-27,Ergonomic Chair,Furniture,5,269.06,1345.3,Shipped
ORD-0009686,CUST-004254,2024-01-25,Standing Desk,Furniture,3,383.73,1151.19,Returned
ORD-0009687,CUST-001903,2025-09-19,USB-C Hub,Electronics,2,44.82,89.64,Returned
ORD-0009688,CUST-004883,2022-07-31,Standing Desk,Furniture,4,385.49,1541.96,Completed
ORD-0009689,CUST-002853,2025-08-10,Desk Organizer,Office,1,23.64,23.64,Completed
ORD-0009690,CUST-009101,2021-01-15,Backpack,Lifestyle,2,53.89,107.78,Returned
ORD-0009691,CUST-009407,2026-08-20,USB-C Hub,Electronics,4,50.27,201.08,Shipped
ORD-0009692,CUST-000311,2026-07-07,Water Bottle,Lifestyle,4,19.82,79.28,Cancelled
ORD-0009693,CUST-001036,2025-03-01,Notebook Set,Stationery,3,13.14,39.42,Returned
ORD-0009694,CUST-001819,2025-08-19,Mechanical Keyboard,Electronics,4,86.48,345.92,Cancelled
ORD-0009695,CUST-006365,2025-09-27,Laptop Stand,Office,4,44.46,177.84,Returned
ORD-0009696,CUST-000731,2024-12-07,Ergonomic Chair,Furniture,4,247.85,991.4,Cancelled
ORD-0009697,CUST-003241,2026-06-05,Standing Desk,Furniture,3,434.64,1303.92,Completed
ORD-0009698,CUST-003232,2025-07-14,Mechanical Keyboard,Electronics,2,85.03,170.06,Cancelled
ORD-0009699,CUST-008557,2026-07-14,Mechanical Keyboard,Electronics,4,88.52,354.08,Shipped
ORD-0009700,CUST-006085,2023-04-07,Backpack,Lifestyle,5,65.04,325.2,Returned
ORD-0009701,CUST-003886,2025-06-01,Webcam,Electronics,6,70.94,425.64,Completed
ORD-0009702,CUST-001694,2024-09-12,Notebook Set,Stationery,4,12.33,49.32,Shipped
ORD-0009703,CUST-005558,2026-09-01,Wireless Mouse,Electronics,4,30.2,120.8,Cancelled
ORD-0009704,CUST-006574,2023-02-02,Water Bottle,Lifestyle,3,20.21,60.63,Returned
ORD-0009705,CUST-000239,2026-05-14,Noise-Canceling Headphones,Electronics,5,172.11,860.55,Returned
ORD-0009706,CUST-005574,2024-05-30,Standing Desk,Furniture,4,368.73,1474.92,Completed
ORD-0009707,CUST-009630,2023-10-30,Backpack,Lifestyle,4,64.91,259.64,Completed
ORD-0009708,CUST-006697,2025-05-26,Noise-Canceling Headphones,Electronics,2,164.58,329.16,Completed
ORD-0009709,CUST-000367,2023-03-10,Wireless Mouse,Electronics,2,31.51,63.02,Completed
ORD-0009710,CUST-003858,2021-01-03,Desk Organizer,Office,2,24.01,48.02,Returned
ORD-0009711,CUST-007726,2025-03-09,Desk Organizer,Office,5,26.71,133.55,Cancelled
ORD-0009712,CUST-007423,2026-09-01,Notebook Set,Stationery,3,11.69,35.07,Completed
ORD-0009713,CUST-004210,2024-09-06,Laptop Stand,Office,5,48.41,242.05,Shipped
ORD-0009714,CUST-004881,2025-10-08,Ergonomic Chair,Furniture,3,240.01,720.03,Cancelled
ORD-0009715,CUST-006634,2022-08-18,Water Bottle,Lifestyle,5,19.96,99.8,Completed
ORD-0009716,CUST-006480,2023-01-01,Desk Organizer,Office,4,23.5,94,Completed
ORD-0009717,CUST-007781,2024-03-16,Wireless Mouse,Electronics,1,30.44,30.44,Completed
ORD-0009718,CUST-003182,2023-12-26,Standing Desk,Furniture,6,382.13,2292.78,Processing
ORD-0009719,CUST-001236,2026-06-04,Standing Desk,Furniture,4,430.04,1720.16,Completed
ORD-0009720,CUST-006775,2026-07-14,Mechanical Keyboard,Electronics,1,94.73,94.73,Completed
ORD-0009721,CUST-000489,2023-03-29,Laptop Stand,Office,2,41.72,83.44,Processing
ORD-0009722,CUST-004486,2024-02-14,Ergonomic Chair,Furniture,6,258.35,1550.1,Cancelled
ORD-0009723,CUST-005894,2022-07-27,Wireless Mouse,Electronics,6,31.53,189.18,Completed
ORD-0009724,CUST-002939,2026-08-18,Laptop Stand,Office,1,46.44,46.44,Completed
ORD-0009725,CUST-005589,2025-10-06,Laptop Stand,Office,4,43.52,174.08,Completed
ORD-0009726,CUST-008806,2026-03-04,Webcam,Electronics,3,72.56,217.68,Returned
ORD-0009727,CUST-008961,2024-12-15,Backpack,Lifestyle,5,60.42,302.1,Returned
ORD-0009728,CUST-005990,2025-06-01,Standing Desk,Furniture,3,375.95,1127.85,Cancelled
ORD-0009729,CUST-003755,2025-10-31,Notebook Set,Stationery,1,13.25,13.25,Processing
ORD-0009730,CUST-001678,2023-10-23,Backpack,Lifestyle,4,55.51,222.04,Completed
ORD-0009731,CUST-000420,2025-05-27,Desk Organizer,Office,2,25.05,50.1,Processing
ORD-0009732,CUST-006129,2025-01-23,Standing Desk,Furniture,5,432.3,2161.5,Processing
ORD-0009733,CUST-009783,2022-10-06,Wireless Mouse,Electronics,2,27.71,55.42,Completed
ORD-0009734,CUST-003512,2026-01-30,Notebook Set,Stationery,4,13.28,53.12,Cancelled
ORD-0009735,CUST-002647,2025-02-23,Standing Desk,Furniture,3,415.63,1246.89,Returned
ORD-0009736,CUST-003661,2026-06-25,Desk Organizer,Office,5,23.43,117.15,Returned
ORD-0009737,CUST-002410,2025-10-18,Webcam,Electronics,1,79.8,79.8,Cancelled
ORD-0009738,CUST-007076,2024-12-13,Laptop Stand,Office,1,46.99,46.99,Processing
ORD-0009739,CUST-004291,2025-01-24,Standing Desk,Furniture,1,371.9,371.9,Shipped
ORD-0009740,CUST-008030,2026-07-12,Ergonomic Chair,Furniture,3,245.55,736.65,Completed
ORD-0009741,CUST-007266,2021-10-23,Noise-Canceling Headphones,Electronics,5,194.27,971.35,Shipped
ORD-0009742,CUST-003100,2024-07-01,Standing Desk,Furniture,3,412.63,1237.89,Shipped
ORD-0009743,CUST-007295,2022-03-11,Water Bottle,Lifestyle,3,20.42,61.26,Completed
ORD-0009744,CUST-004995,2025-04-26,Wireless Mouse,Electronics,3,30.34,91.02,Shipped
ORD-0009745,CUST-002949,2025-02-09,Water Bottle,Lifestyle,1,17.91,17.91,Completed
ORD-0009746,CUST-004004,2024-08-18,Wireless Mouse,Electronics,5,28.93,144.65,Cancelled
ORD-0009747,CUST-007023,2025-07-13,Water Bottle,Lifestyle,3,20.37,61.11,Completed
ORD-0009748,CUST-001917,2024-10-17,Noise-Canceling Headphones,Electronics,1,168.14,168.14,Shipped
ORD-0009749,CUST-000222,2026-06-04,Water Bottle,Lifestyle,6,17.13,102.78,Returned
ORD-0009750,CUST-005760,2026-02-13,Laptop Stand,Office,1,42.33,42.33,Shipped
ORD-0009751,CUST-005531,2026-05-04,USB-C Hub,Electronics,2,44.28,88.56,Shipped
ORD-0009752,CUST-001184,2024-08-21,Notebook Set,Stationery,3,11.86,35.58,Shipped
ORD-0009753,CUST-004340,2023-10-30,Standing Desk,Furniture,3,416.94,1250.82,Processing
ORD-0009754,CUST-007865,2024-08-05,Laptop Stand,Office,3,47.76,143.28,Returned
ORD-0009755,CUST-007946,2026-04-14,Ergonomic Chair,Furniture,1,236.1,236.1,Shipped
ORD-0009756,CUST-001744,2024-08-28,Desk Organizer,Office,1,25.1,25.1,Processing
ORD-0009757,CUST-000496,2023-06-02,Laptop Stand,Office,2,45.83,91.66,Processing
ORD-0009758,CUST-001452,2026-03-11,Wireless Mouse,Electronics,3,30.65,91.95,Completed
ORD-0009759,CUST-001984,2025-08-02,Wireless Mouse,Electronics,5,32.08,160.4,Completed
ORD-0009760,CUST-008782,2024-09-15,Desk Organizer,Office,2,25.24,50.48,Shipped
ORD-0009761,CUST-002396,2026-08-04,Mechanical Keyboard,Electronics,4,89.33,357.32,Returned
ORD-0009762,CUST-005519,2025-05-04,Webcam,Electronics,3,80.02,240.06,Returned
ORD-0009763,CUST-000581,2023-04-06,Water Bottle,Lifestyle,5,18.28,91.4,Completed
ORD-0009764,CUST-001508,2025-07-23,Noise-Canceling Headphones,Electronics,6,188.2,1129.2,Completed
ORD-0009765,CUST-003962,2026-04-01,Mechanical Keyboard,Electronics,3,81,243,Completed
ORD-0009766,CUST-001280,2025-12-13,Webcam,Electronics,3,73.84,221.52,Cancelled
ORD-0009767,CUST-007660,2025-07-17,Backpack,Lifestyle,4,57.09,228.36,Processing
ORD-0009768,CUST-009079,2025-07-25,Standing Desk,Furniture,2,366.03,732.06,Completed
ORD-0009769,CUST-004150,2025-10-24,Laptop Stand,Office,1,40.77,40.77,Completed
ORD-0009770,CUST-004654,2022-06-09,Water Bottle,Lifestyle,3,17.47,52.41,Processing
ORD-0009771,CUST-007013,2025-06-13,Ergonomic Chair,Furniture,2,225.49,450.98,Shipped
ORD-0009772,CUST-004636,2021-04-30,Backpack,Lifestyle,3,63.38,190.14,Cancelled
ORD-0009773,CUST-004905,2026-07-30,USB-C Hub,Electronics,1,47.31,47.31,Completed
ORD-0009774,CUST-006862,2026-07-24,Notebook Set,Stationery,4,13.28,53.12,Returned
ORD-0009775,CUST-004317,2024-12-12,Mechanical Keyboard,Electronics,4,97.53,390.12,Completed
ORD-0009776,CUST-007477,2022-04-15,Water Bottle,Lifestyle,6,20.3,121.8,Returned
ORD-0009777,CUST-002232,2026-06-27,Mechanical Keyboard,Electronics,1,94.26,94.26,Completed
ORD-0009778,CUST-003164,2026-06-13,Laptop Stand,Office,2,45.93,91.86,Processing
ORD-0009779,CUST-002266,2025-10-17,Mechanical Keyboard,Electronics,4,93.32,373.28,Completed
ORD-0009780,CUST-003349,2023-10-14,Ergonomic Chair,Furniture,4,253.36,1013.44,Cancelled
ORD-0009781,CUST-000394,2026-01-15,Notebook Set,Stationery,1,13.13,13.13,Shipped
ORD-0009782,CUST-009711,2025-06-06,Laptop Stand,Office,4,43.37,173.48,Completed
ORD-0009783,CUST-008839,2023-06-23,Water Bottle,Lifestyle,6,18.9,113.4,Shipped
ORD-0009784,CUST-002863,2026-03-16,Ergonomic Chair,Furniture,6,254.57,1527.42,Shipped
ORD-0009785,CUST-009241,2026-01-12,Water Bottle,Lifestyle,1,18.68,18.68,Completed
ORD-0009786,CUST-008525,2025-09-02,Laptop Stand,Office,3,43.3,129.9,Cancelled
ORD-0009787,CUST-008679,2025-04-17,Mechanical Keyboard,Electronics,2,89.56,179.12,Completed
ORD-0009788,CUST-008043,2026-07-31,Backpack,Lifestyle,4,64.91,259.64,Cancelled
ORD-0009789,CUST-004654,2023-02-23,Laptop Stand,Office,2,46.5,93,Completed
ORD-0009790,CUST-000606,2024-10-09,Wireless Mouse,Electronics,5,30.14,150.7,Completed
ORD-0009791,CUST-007612,2026-02-02,Backpack,Lifestyle,6,54.56,327.36,Shipped
ORD-0009792,CUST-006987,2024-06-26,Backpack,Lifestyle,5,57.35,286.75,Completed
ORD-0009793,CUST-002123,2024-12-24,Mechanical Keyboard,Electronics,3,89.32,267.96,Shipped
ORD-0009794,CUST-007165,2023-07-11,Water Bottle,Lifestyle,6,19.75,118.5,Cancelled
ORD-0009795,CUST-000280,2024-09-15,Webcam,Electronics,3,78.11,234.33,Completed
ORD-0009796,CUST-006665,2026-05-27,Noise-Canceling Headphones,Electronics,2,164.74,329.48,Completed
ORD-0009797,CUST-003444,2026-04-27,Laptop Stand,Office,3,41.07,123.21,Shipped
ORD-0009798,CUST-008971,2026-07-15,USB-C Hub,Electronics,5,49.63,248.15,Completed
ORD-0009799,CUST-000901,2022-06-20,Notebook Set,Stationery,5,13.88,69.4,Cancelled
ORD-0009800,CUST-003834,2026-08-17,Mechanical Keyboard,Electronics,4,81.83,327.32,Cancelled
ORD-0009801,CUST-006544,2026-05-30,Water Bottle,Lifestyle,3,19.66,58.98,Cancelled
ORD-0009802,CUST-003843,2026-08-05,Backpack,Lifestyle,5,62.77,313.85,Shipped
ORD-0009803,CUST-007161,2023-05-13,Backpack,Lifestyle,3,60.72,182.16,Completed
ORD-0009804,CUST-004084,2024-06-18,USB-C Hub,Electronics,3,46.54,139.62,Returned
ORD-0009805,CUST-008432,2024-12-29,USB-C Hub,Electronics,4,53.13,212.52,Completed
ORD-0009806,CUST-002245,2025-05-10,Noise-Canceling Headphones,Electronics,6,187.31,1123.86,Completed
ORD-0009807,CUST-007221,2023-08-11,USB-C Hub,Electronics,2,50.16,100.32,Shipped
ORD-0009808,CUST-009001,2026-01-10,Backpack,Lifestyle,1,54.59,54.59,Completed
ORD-0009809,CUST-001267,2024-07-03,Water Bottle,Lifestyle,3,18.29,54.87,Shipped
ORD-0009810,CUST-001024,2024-08-20,Noise-Canceling Headphones,Electronics,4,163.04,652.16,Returned
ORD-0009811,CUST-009855,2026-09-05,Standing Desk,Furniture,2,372.32,744.64,Completed
ORD-0009812,CUST-001467,2024-12-04,Wireless Mouse,Electronics,4,32.09,128.36,Cancelled
ORD-0009813,CUST-001567,2024-08-23,Notebook Set,Stationery,6,11.92,71.52,Completed
ORD-0009814,CUST-005261,2026-07-09,Notebook Set,Stationery,3,11.84,35.52,Completed
ORD-0009815,CUST-007714,2025-09-20,Standing Desk,Furniture,6,401.33,2407.98,Completed
ORD-0009816,CUST-009071,2024-07-21,USB-C Hub,Electronics,1,50.37,50.37,Cancelled
ORD-0009817,CUST-002525,2025-08-02,Backpack,Lifestyle,1,63.24,63.24,Processing
ORD-0009818,CUST-008252,2022-11-02,Water Bottle,Lifestyle,2,18.47,36.94,Returned
ORD-0009819,CUST-003708,2022-10-19,Wireless Mouse,Electronics,2,28.28,56.56,Completed
ORD-0009820,CUST-005656,2024-11-30,Backpack,Lifestyle,2,56.86,113.72,Returned
ORD-0009821,CUST-009460,2025-09-04,Notebook Set,Stationery,6,11.64,69.84,Cancelled
ORD-0009822,CUST-009618,2026-02-28,Desk Organizer,Office,5,26.77,133.85,Completed
ORD-0009823,CUST-000524,2025-01-02,Water Bottle,Lifestyle,2,18.47,36.94,Processing
ORD-0009824,CUST-000988,2024-04-05,Webcam,Electronics,3,81.22,243.66,Shipped
ORD-0009825,CUST-008395,2025-02-12,Ergonomic Chair,Furniture,5,228.95,1144.75,Completed
ORD-0009826,CUST-001528,2026-06-16,USB-C Hub,Electronics,6,44.32,265.92,Shipped
ORD-0009827,CUST-003256,2026-01-05,Desk Organizer,Office,2,24.46,48.92,Completed
ORD-0009828,CUST-008543,2024-06-30,Noise-Canceling Headphones,Electronics,4,194.07,776.28,Cancelled
ORD-0009829,CUST-007751,2026-01-20,Water Bottle,Lifestyle,6,19.22,115.32,Cancelled
ORD-0009830,CUST-003060,2025-03-20,Laptop Stand,Office,4,41.05,164.2,Shipped
ORD-0009831,CUST-005173,2026-01-16,Wireless Mouse,Electronics,2,30.17,60.34,Shipped
ORD-0009832,CUST-001432,2025-10-06,Notebook Set,Stationery,1,12.29,12.29,Cancelled
ORD-0009833,CUST-003176,2026-05-29,Mechanical Keyboard,Electronics,1,81.21,81.21,Completed
ORD-0009834,CUST-002681,2025-12-24,Standing Desk,Furniture,1,402.46,402.46,Completed
ORD-0009835,CUST-006600,2023-11-27,Standing Desk,Furniture,5,373.48,1867.4,Completed
ORD-0009836,CUST-006441,2024-03-31,Desk Organizer,Office,1,26.66,26.66,Returned
ORD-0009837,CUST-005491,2022-01-19,Mechanical Keyboard,Electronics,3,94.87,284.61,Completed
ORD-0009838,CUST-008848,2026-06-02,USB-C Hub,Electronics,6,45.11,270.66,Shipped
ORD-0009839,CUST-006934,2026-03-27,Standing Desk,Furniture,5,406.07,2030.35,Completed
ORD-0009840,CUST-006198,2025-08-23,Backpack,Lifestyle,2,61.73,123.46,Shipped
ORD-0009841,CUST-001765,2024-04-16,Mechanical Keyboard,Electronics,1,96.56,96.56,Shipped
ORD-0009842,CUST-008745,2022-12-05,Backpack,Lifestyle,5,61.69,308.45,Completed
ORD-0009843,CUST-009779,2024-12-13,Laptop Stand,Office,5,43.4,217,Completed
ORD-0009844,CUST-009465,2024-05-04,Water Bottle,Lifestyle,4,19.03,76.12,Cancelled
ORD-0009845,CUST-009514,2026-08-30,Wireless Mouse,Electronics,6,30.14,180.84,Completed
ORD-0009846,CUST-005133,2025-04-11,Desk Organizer,Office,4,24.11,96.44,Shipped
ORD-0009847,CUST-001208,2024-01-18,Backpack,Lifestyle,4,61.76,247.04,Returned
ORD-0009848,CUST-009561,2026-07-07,Standing Desk,Furniture,5,434.35,2171.75,Returned
ORD-0009849,CUST-004026,2026-02-13,Water Bottle,Lifestyle,3,19.96,59.88,Completed
ORD-0009850,CUST-001335,2026-07-12,Backpack,Lifestyle,2,57.86,115.72,Completed
ORD-0009851,CUST-001148,2023-10-02,USB-C Hub,Electronics,5,46.99,234.95,Processing
ORD-0009852,CUST-000901,2022-06-20,Mechanical Keyboard,Electronics,4,88.79,355.16,Returned
ORD-0009853,CUST-008810,2025-09-19,Desk Organizer,Office,6,24.62,147.72,Returned
ORD-0009854,CUST-004337,2026-04-08,Backpack,Lifestyle,2,65.42,130.84,Completed
ORD-0009855,CUST-007896,2026-06-02,Desk Organizer,Office,2,22.11,44.22,Cancelled
ORD-0009856,CUST-003663,2022-09-29,Noise-Canceling Headphones,Electronics,3,186.47,559.41,Returned
ORD-0009857,CUST-009170,2022-03-13,Water Bottle,Lifestyle,2,20.77,41.54,Completed
ORD-0009858,CUST-006022,2026-08-04,Webcam,Electronics,3,75.44,226.32,Returned
ORD-0009859,CUST-005751,2026-04-23,Standing Desk,Furniture,5,374.34,1871.7,Completed
ORD-0009860,CUST-006585,2026-06-14,Ergonomic Chair,Furniture,1,241.58,241.58,Completed
ORD-0009861,CUST-008905,2023-09-03,USB-C Hub,Electronics,2,44.75,89.5,Cancelled
ORD-0009862,CUST-002523,2025-10-21,Mechanical Keyboard,Electronics,2,87.24,174.48,Cancelled
ORD-0009863,CUST-005778,2025-06-25,Noise-Canceling Headphones,Electronics,6,169.32,1015.92,Returned
ORD-0009864,CUST-007879,2025-11-27,Laptop Stand,Office,1,41.96,41.96,Completed
ORD-0009865,CUST-000130,2025-04-16,Mechanical Keyboard,Electronics,1,90.98,90.98,Returned
ORD-0009866,CUST-001705,2026-02-24,Ergonomic Chair,Furniture,2,246.1,492.2,Shipped
ORD-0009867,CUST-009695,2026-01-24,Backpack,Lifestyle,5,57.2,286,Processing
ORD-0009868,CUST-004278,2025-02-20,Webcam,Electronics,1,72.4,72.4,Processing
ORD-0009869,CUST-006231,2025-11-26,Notebook Set,Stationery,4,12.34,49.36,Shipped
ORD-0009870,CUST-008770,2025-07-15,Wireless Mouse,Electronics,4,30.59,122.36,Shipped
ORD-0009871,CUST-006884,2025-06-26,Wireless Mouse,Electronics,5,31.85,159.25,Returned
ORD-0009872,CUST-008197,2025-08-12,Backpack,Lifestyle,6,57,342,Completed
ORD-0009873,CUST-007934,2024-03-16,Noise-Canceling Headphones,Electronics,2,190.21,380.42,Shipped
ORD-0009874,CUST-009989,2026-09-01,Wireless Mouse,Electronics,4,32.53,130.12,Returned
ORD-0009875,CUST-004529,2026-04-05,Noise-Canceling Headphones,Electronics,6,182.07,1092.42,Completed
ORD-0009876,CUST-003037,2024-11-27,Ergonomic Chair,Furniture,5,242.86,1214.3,Completed
ORD-0009877,CUST-002505,2025-01-28,Standing Desk,Furniture,5,429.86,2149.3,Completed
ORD-0009878,CUST-004554,2026-08-07,Ergonomic Chair,Furniture,3,232.41,697.23,Cancelled
ORD-0009879,CUST-000874,2023-07-11,USB-C Hub,Electronics,3,51.18,153.54,Returned
ORD-0009880,CUST-006591,2024-06-12,Desk Organizer,Office,2,24.41,48.82,Completed
ORD-0009881,CUST-006078,2022-01-14,Mechanical Keyboard,Electronics,3,86.54,259.62,Cancelled
ORD-0009882,CUST-004560,2024-12-30,Notebook Set,Stationery,6,13.98,83.88,Cancelled
ORD-0009883,CUST-001614,2024-03-04,Mechanical Keyboard,Electronics,2,96.96,193.92,Cancelled
ORD-0009884,CUST-002596,2022-06-17,Water Bottle,Lifestyle,4,19.43,77.72,Cancelled
ORD-0009885,CUST-009101,2024-02-09,Webcam,Electronics,1,67.32,67.32,Completed
ORD-0009886,CUST-003113,2025-04-25,Webcam,Electronics,5,80.58,402.9,Completed
ORD-0009887,CUST-009406,2025-08-02,Noise-Canceling Headphones,Electronics,3,183.89,551.67,Cancelled
ORD-0009888,CUST-000395,2026-08-21,Standing Desk,Furniture,4,412.36,1649.44,Processing
ORD-0009889,CUST-004909,2023-05-08,Ergonomic Chair,Furniture,4,224.53,898.12,Processing
ORD-0009890,CUST-000557,2025-06-14,USB-C Hub,Electronics,3,48.04,144.12,Completed
ORD-0009891,CUST-006503,2026-04-05,Wireless Mouse,Electronics,4,32.12,128.48,Processing
ORD-0009892,CUST-002735,2025-05-18,Laptop Stand,Office,2,48.41,96.82,Shipped
ORD-0009893,CUST-001427,2026-08-13,Noise-Canceling Headphones,Electronics,4,176.16,704.64,Shipped
ORD-0009894,CUST-008832,2026-01-21,USB-C Hub,Electronics,1,45.29,45.29,Completed
ORD-0009895,CUST-000518,2025-07-23,Notebook Set,Stationery,1,12.37,12.37,Cancelled
ORD-0009896,CUST-001681,2022-09-07,Backpack,Lifestyle,5,55.92,279.6,Completed
ORD-0009897,CUST-005990,2026-07-26,Standing Desk,Furniture,1,361.57,361.57,Returned
ORD-0009898,CUST-003952,2025-11-10,Backpack,Lifestyle,5,62.58,312.9,Cancelled
ORD-0009899,CUST-003311,2022-02-14,USB-C Hub,Electronics,2,51.73,103.46,Shipped
ORD-0009900,CUST-002660,2024-07-24,Desk Organizer,Office,3,23.74,71.22,Completed
ORD-0009901,CUST-003297,2026-03-13,Water Bottle,Lifestyle,5,17.7,88.5,Returned
ORD-0009902,CUST-006612,2026-08-05,Backpack,Lifestyle,5,55.21,276.05,Cancelled
ORD-0009903,CUST-002999,2024-10-18,Wireless Mouse,Electronics,1,29.91,29.91,Completed
ORD-0009904,CUST-006632,2023-12-08,Standing Desk,Furniture,5,422.36,2111.8,Completed
ORD-0009905,CUST-006482,2025-09-24,Webcam,Electronics,3,74.2,222.6,Returned
ORD-0009906,CUST-000919,2026-04-02,Notebook Set,Stationery,4,12.37,49.48,Completed
ORD-0009907,CUST-009094,2024-11-19,Wireless Mouse,Electronics,2,29.78,59.56,Shipped
ORD-0009908,CUST-000376,2024-10-09,Noise-Canceling Headphones,Electronics,4,179.94,719.76,Cancelled
ORD-0009909,CUST-001313,2022-12-30,Water Bottle,Lifestyle,3,19.73,59.19,Completed
ORD-0009910,CUST-001246,2023-06-12,Backpack,Lifestyle,4,61.12,244.48,Completed
ORD-0009911,CUST-000765,2024-06-28,Water Bottle,Lifestyle,3,19.54,58.62,Cancelled
ORD-0009912,CUST-004916,2026-04-14,Notebook Set,Stationery,6,12.66,75.96,Completed
ORD-0009913,CUST-003516,2024-11-12,USB-C Hub,Electronics,3,52.87,158.61,Completed
ORD-0009914,CUST-007214,2025-09-07,Water Bottle,Lifestyle,1,17.59,17.59,Completed
ORD-0009915,CUST-008222,2026-06-09,Ergonomic Chair,Furniture,5,249.01,1245.05,Processing
ORD-0009916,CUST-002059,2023-02-02,Standing Desk,Furniture,1,368.22,368.22,Cancelled
ORD-0009917,CUST-009229,2023-04-04,Desk Organizer,Office,3,26.4,79.2,Returned
ORD-0009918,CUST-006795,2021-12-11,Standing Desk,Furniture,6,389.01,2334.06,Completed
ORD-0009919,CUST-007233,2024-10-21,Water Bottle,Lifestyle,1,20.8,20.8,Returned
ORD-0009920,CUST-009064,2025-11-23,Ergonomic Chair,Furniture,5,247.66,1238.3,Completed
ORD-0009921,CUST-008570,2025-11-01,Backpack,Lifestyle,2,57.99,115.98,Completed
ORD-0009922,CUST-007547,2023-06-04,Backpack,Lifestyle,4,61.41,245.64,Processing
ORD-0009923,CUST-006754,2026-06-30,Backpack,Lifestyle,6,62.11,372.66,Cancelled
ORD-0009924,CUST-001436,2025-08-18,Ergonomic Chair,Furniture,5,232.6,1163,Cancelled
ORD-0009925,CUST-002338,2025-06-01,Wireless Mouse,Electronics,5,30.63,153.15,Completed
ORD-0009926,CUST-005964,2025-02-12,Notebook Set,Stationery,5,11.96,59.8,Completed
ORD-0009927,CUST-009698,2025-07-21,Webcam,Electronics,6,75.65,453.9,Cancelled
ORD-0009928,CUST-003843,2025-10-16,Mechanical Keyboard,Electronics,3,85.03,255.09,Cancelled
ORD-0009929,CUST-001840,2024-05-08,Webcam,Electronics,3,71.79,215.37,Processing
ORD-0009930,CUST-004959,2026-05-20,Noise-Canceling Headphones,Electronics,4,163.14,652.56,Shipped
ORD-0009931,CUST-006814,2025-12-19,Laptop Stand,Office,2,46.22,92.44,Completed
ORD-0009932,CUST-009158,2022-11-13,Laptop Stand,Office,3,47.56,142.68,Shipped
ORD-0009933,CUST-001837,2026-06-30,Webcam,Electronics,2,68.7,137.4,Processing
ORD-0009934,CUST-009473,2026-06-06,Backpack,Lifestyle,5,64.45,322.25,Completed
ORD-0009935,CUST-003707,2026-01-17,Noise-Canceling Headphones,Electronics,5,164.47,822.35,Processing
ORD-0009936,CUST-005631,2025-04-03,Standing Desk,Furniture,6,386.54,2319.24,Shipped
ORD-0009937,CUST-006620,2023-12-27,Wireless Mouse,Electronics,2,32.17,64.34,Shipped
ORD-0009938,CUST-000196,2025-11-14,Wireless Mouse,Electronics,1,31.85,31.85,Completed
ORD-0009939,CUST-000966,2026-04-05,Mechanical Keyboard,Electronics,2,96.78,193.56,Completed
ORD-0009940,CUST-002175,2026-03-17,Water Bottle,Lifestyle,6,17.78,106.68,Completed
ORD-0009941,CUST-009208,2025-07-05,Laptop Stand,Office,2,46.2,92.4,Processing
ORD-0009942,CUST-005435,2026-08-23,Laptop Stand,Office,6,43.47,260.82,Completed
ORD-0009943,CUST-007433,2026-05-30,Wireless Mouse,Electronics,5,31.29,156.45,Processing
ORD-0009944,CUST-001792,2023-01-07,Noise-Canceling Headphones,Electronics,1,174.73,174.73,Completed
ORD-0009945,CUST-003674,2024-05-03,Laptop Stand,Office,3,40.7,122.1,Shipped
ORD-0009946,CUST-001084,2025-07-14,USB-C Hub,Electronics,2,53.65,107.3,Processing
ORD-0009947,CUST-006587,2026-05-01,Backpack,Lifestyle,3,62.07,186.21,Shipped
ORD-0009948,CUST-003109,2025-12-19,Standing Desk,Furniture,6,404.46,2426.76,Completed
ORD-0009949,CUST-000591,2025-03-13,Notebook Set,Stationery,1,12.85,12.85,Completed
ORD-0009950,CUST-008734,2025-05-17,Standing Desk,Furniture,5,367.69,1838.45,Completed
ORD-0009951,CUST-006053,2026-05-24,Backpack,Lifestyle,1,55.91,55.91,Cancelled
ORD-0009952,CUST-000051,2026-03-17,Webcam,Electronics,1,79.46,79.46,Processing
ORD-0009953,CUST-005611,2026-03-31,Desk Organizer,Office,1,24.34,24.34,Completed
ORD-0009954,CUST-001903,2023-08-13,Wireless Mouse,Electronics,4,32.09,128.36,Completed
ORD-0009955,CUST-000244,2024-09-13,Ergonomic Chair,Furniture,6,237.37,1424.22,Completed
ORD-0009956,CUST-009632,2025-07-13,USB-C Hub,Electronics,3,45.45,136.35,Processing
ORD-0009957,CUST-001160,2025-10-14,Webcam,Electronics,2,66.82,133.64,Cancelled
ORD-0009958,CUST-000392,2024-01-29,Water Bottle,Lifestyle,3,19.79,59.37,Shipped
ORD-0009959,CUST-006118,2026-06-16,Laptop Stand,Office,5,48.32,241.6,Completed
ORD-0009960,CUST-007871,2021-11-05,Ergonomic Chair,Furniture,6,244.25,1465.5,Completed
ORD-0009961,CUST-001263,2026-07-11,Water Bottle,Lifestyle,2,19.97,39.94,Shipped
ORD-0009962,CUST-002764,2025-03-29,Standing Desk,Furniture,1,363.07,363.07,Completed
ORD-0009963,CUST-002069,2024-09-11,Webcam,Electronics,2,69.42,138.84,Processing
ORD-0009964,CUST-003840,2026-07-20,Wireless Mouse,Electronics,4,32.81,131.24,Shipped
ORD-0009965,CUST-009496,2026-08-29,Ergonomic Chair,Furniture,3,244.21,732.63,Cancelled
ORD-0009966,CUST-006951,2024-09-03,Desk Organizer,Office,2,23.88,47.76,Cancelled
ORD-0009967,CUST-009934,2026-05-29,Backpack,Lifestyle,1,56.64,56.64,Cancelled
ORD-0009968,CUST-001826,2025-08-08,Wireless Mouse,Electronics,5,29.03,145.15,Returned
ORD-0009969,CUST-000055,2026-08-22,Notebook Set,Stationery,5,13.68,68.4,Returned
ORD-0009970,CUST-008984,2025-11-04,Webcam,Electronics,1,72.66,72.66,Processing
ORD-0009971,CUST-000134,2022-12-11,Noise-Canceling Headphones,Electronics,1,197.71,197.71,Processing
ORD-0009972,CUST-001628,2024-12-05,Laptop Stand,Office,6,49.24,295.44,Completed
ORD-0009973,CUST-001962,2024-10-17,Desk Organizer,Office,5,25.25,126.25,Shipped
ORD-0009974,CUST-009846,2024-05-22,Laptop Stand,Office,4,40.66,162.64,Processing
ORD-0009975,CUST-009932,2022-11-16,Ergonomic Chair,Furniture,5,246.82,1234.1,Cancelled
ORD-0009976,CUST-006974,2023-04-10,Noise-Canceling Headphones,Electronics,6,192.88,1157.28,Shipped
ORD-0009977,CUST-006384,2023-09-15,Webcam,Electronics,3,75.14,225.42,Shipped
ORD-0009978,CUST-000458,2025-02-08,Standing Desk,Furniture,3,432.99,1298.97,Completed
ORD-0009979,CUST-004823,2025-12-12,Backpack,Lifestyle,5,59.32,296.6,Returned
ORD-0009980,CUST-002064,2026-08-21,Desk Organizer,Office,3,26.19,78.57,Completed
ORD-0009981,CUST-007083,2022-08-16,Water Bottle,Lifestyle,6,19.96,119.76,Completed
ORD-0009982,CUST-004778,2022-09-15,Laptop Stand,Office,1,42.36,42.36,Shipped
ORD-0009983,CUST-003045,2021-02-03,Wireless Mouse,Electronics,1,30.58,30.58,Returned
ORD-0009984,CUST-006237,2026-09-01,Standing Desk,Furniture,6,429.17,2575.02,Completed
ORD-0009985,CUST-003993,2022-12-28,Mechanical Keyboard,Electronics,1,97.48,97.48,Completed
ORD-0009986,CUST-001037,2025-01-09,Webcam,Electronics,1,76.89,76.89,Processing
ORD-0009987,CUST-003213,2026-06-27,Backpack,Lifestyle,6,56.29,337.74,Returned
ORD-0009988,CUST-006765,2026-07-31,Ergonomic Chair,Furniture,5,272.16,1360.8,Completed
ORD-0009989,CUST-009915,2024-12-01,Ergonomic Chair,Furniture,5,233.13,1165.65,Processing
ORD-0009990,CUST-001092,2025-08-22,Mechanical Keyboard,Electronics,2,81.7,163.4,Completed
ORD-0009991,CUST-005083,2026-05-19,Standing Desk,Furniture,1,381.6,381.6,Completed
ORD-0009992,CUST-009772,2025-11-03,Desk Organizer,Office,3,26.94,80.82,Shipped
ORD-0009993,CUST-000344,2026-06-12,Water Bottle,Lifestyle,4,19.84,79.36,Cancelled
ORD-0009994,CUST-007904,2026-06-12,Ergonomic Chair,Furniture,5,266.44,1332.2,Shipped
ORD-0009995,CUST-003441,2026-06-29,Ergonomic Chair,Furniture,4,272.53,1090.12,Cancelled
ORD-0009996,CUST-009273,2026-08-29,Webcam,Electronics,4,72.13,288.52,Completed
ORD-0009997,CUST-006420,2025-04-01,Laptop Stand,Office,6,43.35,260.1,Shipped
ORD-0009998,CUST-001148,2024-09-27,Water Bottle,Lifestyle,5,17.87,89.35,Completed
ORD-0009999,CUST-005110,2024-12-30,Water Bottle,Lifestyle,4,17.13,68.52,Shipped
ORD-0010000,CUST-004348,2026-03-30,Notebook Set,Stationery,5,12.57,62.85,Returned